surface,item_type,id,title,original_source_meaning,base_meaning_rewrite,observable_current_activation,pressure_point,best_move,reader_facing_summary,voice_notes,source_file
You,transits/natal,jupiter_ascendant_conjunction,Transiting Jupiter Conjunction Natal Ascendant,voiceNeutral: true,"A current movement of growth, belief, opportunity, and expansion contacts the natal pattern of self-presentation, body, identity, and first response through a fusion aspect.","This may temporarily bring self-presentation, body, identity, and first response into focus through events, conversations, moods, decisions, or timing connected to growth, belief, opportunity, and expansion.",Acting from the intensity before identifying the separate parts.,Test the opportunity against reality before expanding it.,"Something connected to self-presentation, body, identity, and first response may be easier to notice now because growth, belief, opportunity, and expansion is pressing on it. Treat this as timing, not fate.","Current sky to natal chart: timing signal, not fate. Explain what part of their chart is being temporarily activated.",packages/astro-knowledge/data/transits/natal/jupiter_ascendant_conjunction.json
You,transits/natal,jupiter_ascendant_opposition,Transiting Jupiter Opposition Natal Ascendant,voiceNeutral: true,"A current movement of growth, belief, opportunity, and expansion contacts the natal pattern of self-presentation, body, identity, and first response through a polarity aspect.","This may temporarily bring self-presentation, body, identity, and first response into focus through events, conversations, moods, decisions, or timing connected to growth, belief, opportunity, and expansion.",Turning tension into a standoff instead of a clearer understanding.,Test the opportunity against reality before expanding it.,"Something connected to self-presentation, body, identity, and first response may be easier to notice now because growth, belief, opportunity, and expansion is pressing on it. Treat this as timing, not fate.","Current sky to natal chart: timing signal, not fate. Explain what part of their chart is being temporarily activated.",packages/astro-knowledge/data/transits/natal/jupiter_ascendant_opposition.json
You,transits/natal,jupiter_ascendant_sextile,Transiting Jupiter Sextile Natal Ascendant,voiceNeutral: true,"A current movement of growth, belief, opportunity, and expansion contacts the natal pattern of self-presentation, body, identity, and first response through a opening aspect.","This may temporarily bring self-presentation, body, identity, and first response into focus through events, conversations, moods, decisions, or timing connected to growth, belief, opportunity, and expansion.",Coasting on the good idea without turning it into anything concrete.,Test the opportunity against reality before expanding it.,"Something connected to self-presentation, body, identity, and first response may be easier to notice now because growth, belief, opportunity, and expansion is pressing on it. Treat this as timing, not fate.","Current sky to natal chart: timing signal, not fate. Explain what part of their chart is being temporarily activated.",packages/astro-knowledge/data/transits/natal/jupiter_ascendant_sextile.json
You,transits/natal,jupiter_ascendant_square,Transiting Jupiter Square Natal Ascendant,voiceNeutral: true,"A current movement of growth, belief, opportunity, and expansion contacts the natal pattern of self-presentation, body, identity, and first response through a friction aspect.","This may temporarily bring self-presentation, body, identity, and first response into focus through events, conversations, moods, decisions, or timing connected to growth, belief, opportunity, and expansion.",Forcing a decision just to end the discomfort.,Test the opportunity against reality before expanding it.,"Something connected to self-presentation, body, identity, and first response may be easier to notice now because growth, belief, opportunity, and expansion is pressing on it. Treat this as timing, not fate.","Current sky to natal chart: timing signal, not fate. Explain what part of their chart is being temporarily activated.",packages/astro-knowledge/data/transits/natal/jupiter_ascendant_square.json
You,transits/natal,jupiter_ascendant_trine,Transiting Jupiter Trine Natal Ascendant,voiceNeutral: true,"A current movement of growth, belief, opportunity, and expansion contacts the natal pattern of self-presentation, body, identity, and first response through a flow aspect.","This may temporarily bring self-presentation, body, identity, and first response into focus through events, conversations, moods, decisions, or timing connected to growth, belief, opportunity, and expansion.",Letting the ease pass unused because nothing feels urgent.,Test the opportunity against reality before expanding it.,"Something connected to self-presentation, body, identity, and first response may be easier to notice now because growth, belief, opportunity, and expansion is pressing on it. Treat this as timing, not fate.","Current sky to natal chart: timing signal, not fate. Explain what part of their chart is being temporarily activated.",packages/astro-knowledge/data/transits/natal/jupiter_ascendant_trine.json
You,transits/natal,jupiter_jupiter_conjunction,Transiting Jupiter Conjunction Natal Jupiter,voiceNeutral: true,"A current movement of growth, belief, opportunity, and expansion contacts the natal pattern of growth, belief, opportunity, and expansion through a fusion aspect.","This may temporarily bring growth, belief, opportunity, and expansion into focus through events, conversations, moods, decisions, or timing connected to growth, belief, opportunity, and expansion.",Acting from the intensity before identifying the separate parts.,Test the opportunity against reality before expanding it.,"Something connected to growth, belief, opportunity, and expansion may be easier to notice now because growth, belief, opportunity, and expansion is pressing on it. Treat this as timing, not fate.","Current sky to natal chart: timing signal, not fate. Explain what part of their chart is being temporarily activated.",packages/astro-knowledge/data/transits/natal/jupiter_jupiter_conjunction.json
You,transits/natal,jupiter_jupiter_opposition,Transiting Jupiter Opposition Natal Jupiter,voiceNeutral: true,"A current movement of growth, belief, opportunity, and expansion contacts the natal pattern of growth, belief, opportunity, and expansion through a polarity aspect.","This may temporarily bring growth, belief, opportunity, and expansion into focus through events, conversations, moods, decisions, or timing connected to growth, belief, opportunity, and expansion.",Turning tension into a standoff instead of a clearer understanding.,Test the opportunity against reality before expanding it.,"Something connected to growth, belief, opportunity, and expansion may be easier to notice now because growth, belief, opportunity, and expansion is pressing on it. Treat this as timing, not fate.","Current sky to natal chart: timing signal, not fate. Explain what part of their chart is being temporarily activated.",packages/astro-knowledge/data/transits/natal/jupiter_jupiter_opposition.json
You,transits/natal,jupiter_jupiter_sextile,Transiting Jupiter Sextile Natal Jupiter,voiceNeutral: true,"A current movement of growth, belief, opportunity, and expansion contacts the natal pattern of growth, belief, opportunity, and expansion through a opening aspect.","This may temporarily bring growth, belief, opportunity, and expansion into focus through events, conversations, moods, decisions, or timing connected to growth, belief, opportunity, and expansion.",Coasting on the good idea without turning it into anything concrete.,Test the opportunity against reality before expanding it.,"Something connected to growth, belief, opportunity, and expansion may be easier to notice now because growth, belief, opportunity, and expansion is pressing on it. Treat this as timing, not fate.","Current sky to natal chart: timing signal, not fate. Explain what part of their chart is being temporarily activated.",packages/astro-knowledge/data/transits/natal/jupiter_jupiter_sextile.json
You,transits/natal,jupiter_jupiter_square,Transiting Jupiter Square Natal Jupiter,voiceNeutral: true,"A current movement of growth, belief, opportunity, and expansion contacts the natal pattern of growth, belief, opportunity, and expansion through a friction aspect.","This may temporarily bring growth, belief, opportunity, and expansion into focus through events, conversations, moods, decisions, or timing connected to growth, belief, opportunity, and expansion.",Forcing a decision just to end the discomfort.,Test the opportunity against reality before expanding it.,"Something connected to growth, belief, opportunity, and expansion may be easier to notice now because growth, belief, opportunity, and expansion is pressing on it. Treat this as timing, not fate.","Current sky to natal chart: timing signal, not fate. Explain what part of their chart is being temporarily activated.",packages/astro-knowledge/data/transits/natal/jupiter_jupiter_square.json
You,transits/natal,jupiter_jupiter_trine,Transiting Jupiter Trine Natal Jupiter,voiceNeutral: true,"A current movement of growth, belief, opportunity, and expansion contacts the natal pattern of growth, belief, opportunity, and expansion through a flow aspect.","This may temporarily bring growth, belief, opportunity, and expansion into focus through events, conversations, moods, decisions, or timing connected to growth, belief, opportunity, and expansion.",Letting the ease pass unused because nothing feels urgent.,Test the opportunity against reality before expanding it.,"Something connected to growth, belief, opportunity, and expansion may be easier to notice now because growth, belief, opportunity, and expansion is pressing on it. Treat this as timing, not fate.","Current sky to natal chart: timing signal, not fate. Explain what part of their chart is being temporarily activated.",packages/astro-knowledge/data/transits/natal/jupiter_jupiter_trine.json
You,transits/natal,jupiter_mars_conjunction,Transiting Jupiter Conjunction Natal Mars,voiceNeutral: true,"A current movement of growth, belief, opportunity, and expansion contacts the natal pattern of action, heat, courage, friction, and desire through a fusion aspect.","This may temporarily bring action, heat, courage, friction, and desire into focus through events, conversations, moods, decisions, or timing connected to growth, belief, opportunity, and expansion.",Acting from the intensity before identifying the separate parts.,Test the opportunity against reality before expanding it.,"Something connected to action, heat, courage, friction, and desire may be easier to notice now because growth, belief, opportunity, and expansion is pressing on it. Treat this as timing, not fate.","Current sky to natal chart: timing signal, not fate. Explain what part of their chart is being temporarily activated.",packages/astro-knowledge/data/transits/natal/jupiter_mars_conjunction.json
You,transits/natal,jupiter_mars_opposition,Transiting Jupiter Opposition Natal Mars,voiceNeutral: true,"A current movement of growth, belief, opportunity, and expansion contacts the natal pattern of action, heat, courage, friction, and desire through a polarity aspect.","This may temporarily bring action, heat, courage, friction, and desire into focus through events, conversations, moods, decisions, or timing connected to growth, belief, opportunity, and expansion.",Turning tension into a standoff instead of a clearer understanding.,Test the opportunity against reality before expanding it.,"Something connected to action, heat, courage, friction, and desire may be easier to notice now because growth, belief, opportunity, and expansion is pressing on it. Treat this as timing, not fate.","Current sky to natal chart: timing signal, not fate. Explain what part of their chart is being temporarily activated.",packages/astro-knowledge/data/transits/natal/jupiter_mars_opposition.json
You,transits/natal,jupiter_mars_sextile,Transiting Jupiter Sextile Natal Mars,voiceNeutral: true,"A current movement of growth, belief, opportunity, and expansion contacts the natal pattern of action, heat, courage, friction, and desire through a opening aspect.","This may temporarily bring action, heat, courage, friction, and desire into focus through events, conversations, moods, decisions, or timing connected to growth, belief, opportunity, and expansion.",Coasting on the good idea without turning it into anything concrete.,Test the opportunity against reality before expanding it.,"Something connected to action, heat, courage, friction, and desire may be easier to notice now because growth, belief, opportunity, and expansion is pressing on it. Treat this as timing, not fate.","Current sky to natal chart: timing signal, not fate. Explain what part of their chart is being temporarily activated.",packages/astro-knowledge/data/transits/natal/jupiter_mars_sextile.json
You,transits/natal,jupiter_mars_square,Transiting Jupiter Square Natal Mars,voiceNeutral: true,"A current movement of growth, belief, opportunity, and expansion contacts the natal pattern of action, heat, courage, friction, and desire through a friction aspect.","This may temporarily bring action, heat, courage, friction, and desire into focus through events, conversations, moods, decisions, or timing connected to growth, belief, opportunity, and expansion.",Forcing a decision just to end the discomfort.,Test the opportunity against reality before expanding it.,"Something connected to action, heat, courage, friction, and desire may be easier to notice now because growth, belief, opportunity, and expansion is pressing on it. Treat this as timing, not fate.","Current sky to natal chart: timing signal, not fate. Explain what part of their chart is being temporarily activated.",packages/astro-knowledge/data/transits/natal/jupiter_mars_square.json
You,transits/natal,jupiter_mars_trine,Transiting Jupiter Trine Natal Mars,voiceNeutral: true,"A current movement of growth, belief, opportunity, and expansion contacts the natal pattern of action, heat, courage, friction, and desire through a flow aspect.","This may temporarily bring action, heat, courage, friction, and desire into focus through events, conversations, moods, decisions, or timing connected to growth, belief, opportunity, and expansion.",Letting the ease pass unused because nothing feels urgent.,Test the opportunity against reality before expanding it.,"Something connected to action, heat, courage, friction, and desire may be easier to notice now because growth, belief, opportunity, and expansion is pressing on it. Treat this as timing, not fate.","Current sky to natal chart: timing signal, not fate. Explain what part of their chart is being temporarily activated.",packages/astro-knowledge/data/transits/natal/jupiter_mars_trine.json
You,transits/natal,jupiter_mercury_conjunction,Transiting Jupiter Conjunction Natal Mercury,voiceNeutral: true,"A current movement of growth, belief, opportunity, and expansion contacts the natal pattern of language, information, decisions, and nervous energy through a fusion aspect.","This may temporarily bring language, information, decisions, and nervous energy into focus through events, conversations, moods, decisions, or timing connected to growth, belief, opportunity, and expansion.",Acting from the intensity before identifying the separate parts.,Test the opportunity against reality before expanding it.,"Something connected to language, information, decisions, and nervous energy may be easier to notice now because growth, belief, opportunity, and expansion is pressing on it. Treat this as timing, not fate.","Current sky to natal chart: timing signal, not fate. Explain what part of their chart is being temporarily activated.",packages/astro-knowledge/data/transits/natal/jupiter_mercury_conjunction.json
You,transits/natal,jupiter_mercury_opposition,Transiting Jupiter Opposition Natal Mercury,voiceNeutral: true,"A current movement of growth, belief, opportunity, and expansion contacts the natal pattern of language, information, decisions, and nervous energy through a polarity aspect.","This may temporarily bring language, information, decisions, and nervous energy into focus through events, conversations, moods, decisions, or timing connected to growth, belief, opportunity, and expansion.",Turning tension into a standoff instead of a clearer understanding.,Test the opportunity against reality before expanding it.,"Something connected to language, information, decisions, and nervous energy may be easier to notice now because growth, belief, opportunity, and expansion is pressing on it. Treat this as timing, not fate.","Current sky to natal chart: timing signal, not fate. Explain what part of their chart is being temporarily activated.",packages/astro-knowledge/data/transits/natal/jupiter_mercury_opposition.json
You,transits/natal,jupiter_mercury_sextile,Transiting Jupiter Sextile Natal Mercury,voiceNeutral: true,"A current movement of growth, belief, opportunity, and expansion contacts the natal pattern of language, information, decisions, and nervous energy through a opening aspect.","This may temporarily bring language, information, decisions, and nervous energy into focus through events, conversations, moods, decisions, or timing connected to growth, belief, opportunity, and expansion.",Coasting on the good idea without turning it into anything concrete.,Test the opportunity against reality before expanding it.,"Something connected to language, information, decisions, and nervous energy may be easier to notice now because growth, belief, opportunity, and expansion is pressing on it. Treat this as timing, not fate.","Current sky to natal chart: timing signal, not fate. Explain what part of their chart is being temporarily activated.",packages/astro-knowledge/data/transits/natal/jupiter_mercury_sextile.json
You,transits/natal,jupiter_mercury_square,Transiting Jupiter Square Natal Mercury,voiceNeutral: true,"A current movement of growth, belief, opportunity, and expansion contacts the natal pattern of language, information, decisions, and nervous energy through a friction aspect.","This may temporarily bring language, information, decisions, and nervous energy into focus through events, conversations, moods, decisions, or timing connected to growth, belief, opportunity, and expansion.",Forcing a decision just to end the discomfort.,Test the opportunity against reality before expanding it.,"Something connected to language, information, decisions, and nervous energy may be easier to notice now because growth, belief, opportunity, and expansion is pressing on it. Treat this as timing, not fate.","Current sky to natal chart: timing signal, not fate. Explain what part of their chart is being temporarily activated.",packages/astro-knowledge/data/transits/natal/jupiter_mercury_square.json
You,transits/natal,jupiter_mercury_trine,Transiting Jupiter Trine Natal Mercury,voiceNeutral: true,"A current movement of growth, belief, opportunity, and expansion contacts the natal pattern of language, information, decisions, and nervous energy through a flow aspect.","This may temporarily bring language, information, decisions, and nervous energy into focus through events, conversations, moods, decisions, or timing connected to growth, belief, opportunity, and expansion.",Letting the ease pass unused because nothing feels urgent.,Test the opportunity against reality before expanding it.,"Something connected to language, information, decisions, and nervous energy may be easier to notice now because growth, belief, opportunity, and expansion is pressing on it. Treat this as timing, not fate.","Current sky to natal chart: timing signal, not fate. Explain what part of their chart is being temporarily activated.",packages/astro-knowledge/data/transits/natal/jupiter_mercury_trine.json
You,transits/natal,jupiter_moon_conjunction,Transiting Jupiter Conjunction Natal Moon,voiceNeutral: true,"A current movement of growth, belief, opportunity, and expansion contacts the natal pattern of emotion, instinct, needs, and daily rhythm through a fusion aspect.","This may temporarily bring emotion, instinct, needs, and daily rhythm into focus through events, conversations, moods, decisions, or timing connected to growth, belief, opportunity, and expansion.",Acting from the intensity before identifying the separate parts.,Test the opportunity against reality before expanding it.,"Something connected to emotion, instinct, needs, and daily rhythm may be easier to notice now because growth, belief, opportunity, and expansion is pressing on it. Treat this as timing, not fate.","Current sky to natal chart: timing signal, not fate. Explain what part of their chart is being temporarily activated.",packages/astro-knowledge/data/transits/natal/jupiter_moon_conjunction.json
You,transits/natal,jupiter_moon_opposition,Transiting Jupiter Opposition Natal Moon,voiceNeutral: true,"A current movement of growth, belief, opportunity, and expansion contacts the natal pattern of emotion, instinct, needs, and daily rhythm through a polarity aspect.","This may temporarily bring emotion, instinct, needs, and daily rhythm into focus through events, conversations, moods, decisions, or timing connected to growth, belief, opportunity, and expansion.",Turning tension into a standoff instead of a clearer understanding.,Test the opportunity against reality before expanding it.,"Something connected to emotion, instinct, needs, and daily rhythm may be easier to notice now because growth, belief, opportunity, and expansion is pressing on it. Treat this as timing, not fate.","Current sky to natal chart: timing signal, not fate. Explain what part of their chart is being temporarily activated.",packages/astro-knowledge/data/transits/natal/jupiter_moon_opposition.json
You,transits/natal,jupiter_moon_sextile,Transiting Jupiter Sextile Natal Moon,voiceNeutral: true,"A current movement of growth, belief, opportunity, and expansion contacts the natal pattern of emotion, instinct, needs, and daily rhythm through a opening aspect.","This may temporarily bring emotion, instinct, needs, and daily rhythm into focus through events, conversations, moods, decisions, or timing connected to growth, belief, opportunity, and expansion.",Coasting on the good idea without turning it into anything concrete.,Test the opportunity against reality before expanding it.,"Something connected to emotion, instinct, needs, and daily rhythm may be easier to notice now because growth, belief, opportunity, and expansion is pressing on it. Treat this as timing, not fate.","Current sky to natal chart: timing signal, not fate. Explain what part of their chart is being temporarily activated.",packages/astro-knowledge/data/transits/natal/jupiter_moon_sextile.json
You,transits/natal,jupiter_moon_square,Transiting Jupiter Square Natal Moon,voiceNeutral: true,"A current movement of growth, belief, opportunity, and expansion contacts the natal pattern of emotion, instinct, needs, and daily rhythm through a friction aspect.","This may temporarily bring emotion, instinct, needs, and daily rhythm into focus through events, conversations, moods, decisions, or timing connected to growth, belief, opportunity, and expansion.",Forcing a decision just to end the discomfort.,Test the opportunity against reality before expanding it.,"Something connected to emotion, instinct, needs, and daily rhythm may be easier to notice now because growth, belief, opportunity, and expansion is pressing on it. Treat this as timing, not fate.","Current sky to natal chart: timing signal, not fate. Explain what part of their chart is being temporarily activated.",packages/astro-knowledge/data/transits/natal/jupiter_moon_square.json
You,transits/natal,jupiter_moon_trine,Transiting Jupiter Trine Natal Moon,voiceNeutral: true,"A current movement of growth, belief, opportunity, and expansion contacts the natal pattern of emotion, instinct, needs, and daily rhythm through a flow aspect.","This may temporarily bring emotion, instinct, needs, and daily rhythm into focus through events, conversations, moods, decisions, or timing connected to growth, belief, opportunity, and expansion.",Letting the ease pass unused because nothing feels urgent.,Test the opportunity against reality before expanding it.,"Something connected to emotion, instinct, needs, and daily rhythm may be easier to notice now because growth, belief, opportunity, and expansion is pressing on it. Treat this as timing, not fate.","Current sky to natal chart: timing signal, not fate. Explain what part of their chart is being temporarily activated.",packages/astro-knowledge/data/transits/natal/jupiter_moon_trine.json
You,transits/natal,jupiter_neptune_conjunction,Transiting Jupiter Conjunction Natal Neptune,voiceNeutral: true,"A current movement of growth, belief, opportunity, and expansion contacts the natal pattern of imagination, longing, vision, sensitivity, and uncertainty through a fusion aspect.","This may temporarily bring imagination, longing, vision, sensitivity, and uncertainty into focus through events, conversations, moods, decisions, or timing connected to growth, belief, opportunity, and expansion.",Acting from the intensity before identifying the separate parts.,Test the opportunity against reality before expanding it.,"Something connected to imagination, longing, vision, sensitivity, and uncertainty may be easier to notice now because growth, belief, opportunity, and expansion is pressing on it. Treat this as timing, not fate.","Current sky to natal chart: timing signal, not fate. Explain what part of their chart is being temporarily activated.",packages/astro-knowledge/data/transits/natal/jupiter_neptune_conjunction.json
You,transits/natal,jupiter_neptune_opposition,Transiting Jupiter Opposition Natal Neptune,voiceNeutral: true,"A current movement of growth, belief, opportunity, and expansion contacts the natal pattern of imagination, longing, vision, sensitivity, and uncertainty through a polarity aspect.","This may temporarily bring imagination, longing, vision, sensitivity, and uncertainty into focus through events, conversations, moods, decisions, or timing connected to growth, belief, opportunity, and expansion.",Turning tension into a standoff instead of a clearer understanding.,Test the opportunity against reality before expanding it.,"Something connected to imagination, longing, vision, sensitivity, and uncertainty may be easier to notice now because growth, belief, opportunity, and expansion is pressing on it. Treat this as timing, not fate.","Current sky to natal chart: timing signal, not fate. Explain what part of their chart is being temporarily activated.",packages/astro-knowledge/data/transits/natal/jupiter_neptune_opposition.json
You,transits/natal,jupiter_neptune_sextile,Transiting Jupiter Sextile Natal Neptune,voiceNeutral: true,"A current movement of growth, belief, opportunity, and expansion contacts the natal pattern of imagination, longing, vision, sensitivity, and uncertainty through a opening aspect.","This may temporarily bring imagination, longing, vision, sensitivity, and uncertainty into focus through events, conversations, moods, decisions, or timing connected to growth, belief, opportunity, and expansion.",Coasting on the good idea without turning it into anything concrete.,Test the opportunity against reality before expanding it.,"Something connected to imagination, longing, vision, sensitivity, and uncertainty may be easier to notice now because growth, belief, opportunity, and expansion is pressing on it. Treat this as timing, not fate.","Current sky to natal chart: timing signal, not fate. Explain what part of their chart is being temporarily activated.",packages/astro-knowledge/data/transits/natal/jupiter_neptune_sextile.json
You,transits/natal,jupiter_neptune_square,Transiting Jupiter Square Natal Neptune,voiceNeutral: true,"A current movement of growth, belief, opportunity, and expansion contacts the natal pattern of imagination, longing, vision, sensitivity, and uncertainty through a friction aspect.","This may temporarily bring imagination, longing, vision, sensitivity, and uncertainty into focus through events, conversations, moods, decisions, or timing connected to growth, belief, opportunity, and expansion.",Forcing a decision just to end the discomfort.,Test the opportunity against reality before expanding it.,"Something connected to imagination, longing, vision, sensitivity, and uncertainty may be easier to notice now because growth, belief, opportunity, and expansion is pressing on it. Treat this as timing, not fate.","Current sky to natal chart: timing signal, not fate. Explain what part of their chart is being temporarily activated.",packages/astro-knowledge/data/transits/natal/jupiter_neptune_square.json
You,transits/natal,jupiter_neptune_trine,Transiting Jupiter Trine Natal Neptune,voiceNeutral: true,"A current movement of growth, belief, opportunity, and expansion contacts the natal pattern of imagination, longing, vision, sensitivity, and uncertainty through a flow aspect.","This may temporarily bring imagination, longing, vision, sensitivity, and uncertainty into focus through events, conversations, moods, decisions, or timing connected to growth, belief, opportunity, and expansion.",Letting the ease pass unused because nothing feels urgent.,Test the opportunity against reality before expanding it.,"Something connected to imagination, longing, vision, sensitivity, and uncertainty may be easier to notice now because growth, belief, opportunity, and expansion is pressing on it. Treat this as timing, not fate.","Current sky to natal chart: timing signal, not fate. Explain what part of their chart is being temporarily activated.",packages/astro-knowledge/data/transits/natal/jupiter_neptune_trine.json
You,transits/natal,jupiter_pluto_conjunction,Transiting Jupiter Conjunction Natal Pluto,voiceNeutral: true,"A current movement of growth, belief, opportunity, and expansion contacts the natal pattern of depth, power, pressure, release, and transformation through a fusion aspect.","This may temporarily bring depth, power, pressure, release, and transformation into focus through events, conversations, moods, decisions, or timing connected to growth, belief, opportunity, and expansion.",Acting from the intensity before identifying the separate parts.,Test the opportunity against reality before expanding it.,"Something connected to depth, power, pressure, release, and transformation may be easier to notice now because growth, belief, opportunity, and expansion is pressing on it. Treat this as timing, not fate.","Current sky to natal chart: timing signal, not fate. Explain what part of their chart is being temporarily activated.",packages/astro-knowledge/data/transits/natal/jupiter_pluto_conjunction.json
You,transits/natal,jupiter_pluto_opposition,Transiting Jupiter Opposition Natal Pluto,voiceNeutral: true,"A current movement of growth, belief, opportunity, and expansion contacts the natal pattern of depth, power, pressure, release, and transformation through a polarity aspect.","This may temporarily bring depth, power, pressure, release, and transformation into focus through events, conversations, moods, decisions, or timing connected to growth, belief, opportunity, and expansion.",Turning tension into a standoff instead of a clearer understanding.,Test the opportunity against reality before expanding it.,"Something connected to depth, power, pressure, release, and transformation may be easier to notice now because growth, belief, opportunity, and expansion is pressing on it. Treat this as timing, not fate.","Current sky to natal chart: timing signal, not fate. Explain what part of their chart is being temporarily activated.",packages/astro-knowledge/data/transits/natal/jupiter_pluto_opposition.json
You,transits/natal,jupiter_pluto_sextile,Transiting Jupiter Sextile Natal Pluto,voiceNeutral: true,"A current movement of growth, belief, opportunity, and expansion contacts the natal pattern of depth, power, pressure, release, and transformation through a opening aspect.","This may temporarily bring depth, power, pressure, release, and transformation into focus through events, conversations, moods, decisions, or timing connected to growth, belief, opportunity, and expansion.",Coasting on the good idea without turning it into anything concrete.,Test the opportunity against reality before expanding it.,"Something connected to depth, power, pressure, release, and transformation may be easier to notice now because growth, belief, opportunity, and expansion is pressing on it. Treat this as timing, not fate.","Current sky to natal chart: timing signal, not fate. Explain what part of their chart is being temporarily activated.",packages/astro-knowledge/data/transits/natal/jupiter_pluto_sextile.json
You,transits/natal,jupiter_pluto_square,Transiting Jupiter Square Natal Pluto,voiceNeutral: true,"A current movement of growth, belief, opportunity, and expansion contacts the natal pattern of depth, power, pressure, release, and transformation through a friction aspect.","This may temporarily bring depth, power, pressure, release, and transformation into focus through events, conversations, moods, decisions, or timing connected to growth, belief, opportunity, and expansion.",Forcing a decision just to end the discomfort.,Test the opportunity against reality before expanding it.,"Something connected to depth, power, pressure, release, and transformation may be easier to notice now because growth, belief, opportunity, and expansion is pressing on it. Treat this as timing, not fate.","Current sky to natal chart: timing signal, not fate. Explain what part of their chart is being temporarily activated.",packages/astro-knowledge/data/transits/natal/jupiter_pluto_square.json
You,transits/natal,jupiter_pluto_trine,Transiting Jupiter Trine Natal Pluto,voiceNeutral: true,"A current movement of growth, belief, opportunity, and expansion contacts the natal pattern of depth, power, pressure, release, and transformation through a flow aspect.","This may temporarily bring depth, power, pressure, release, and transformation into focus through events, conversations, moods, decisions, or timing connected to growth, belief, opportunity, and expansion.",Letting the ease pass unused because nothing feels urgent.,Test the opportunity against reality before expanding it.,"Something connected to depth, power, pressure, release, and transformation may be easier to notice now because growth, belief, opportunity, and expansion is pressing on it. Treat this as timing, not fate.","Current sky to natal chart: timing signal, not fate. Explain what part of their chart is being temporarily activated.",packages/astro-knowledge/data/transits/natal/jupiter_pluto_trine.json
You,transits/natal,jupiter_saturn_conjunction,Transiting Jupiter Conjunction Natal Saturn,voiceNeutral: true,"A current movement of growth, belief, opportunity, and expansion contacts the natal pattern of structure, limits, responsibility, time, and consequence through a fusion aspect.","This may temporarily bring structure, limits, responsibility, time, and consequence into focus through events, conversations, moods, decisions, or timing connected to growth, belief, opportunity, and expansion.",Acting from the intensity before identifying the separate parts.,Test the opportunity against reality before expanding it.,"Something connected to structure, limits, responsibility, time, and consequence may be easier to notice now because growth, belief, opportunity, and expansion is pressing on it. Treat this as timing, not fate.","Current sky to natal chart: timing signal, not fate. Explain what part of their chart is being temporarily activated.",packages/astro-knowledge/data/transits/natal/jupiter_saturn_conjunction.json
You,transits/natal,jupiter_saturn_opposition,Transiting Jupiter Opposition Natal Saturn,voiceNeutral: true,"A current movement of growth, belief, opportunity, and expansion contacts the natal pattern of structure, limits, responsibility, time, and consequence through a polarity aspect.","This may temporarily bring structure, limits, responsibility, time, and consequence into focus through events, conversations, moods, decisions, or timing connected to growth, belief, opportunity, and expansion.",Turning tension into a standoff instead of a clearer understanding.,Test the opportunity against reality before expanding it.,"Something connected to structure, limits, responsibility, time, and consequence may be easier to notice now because growth, belief, opportunity, and expansion is pressing on it. Treat this as timing, not fate.","Current sky to natal chart: timing signal, not fate. Explain what part of their chart is being temporarily activated.",packages/astro-knowledge/data/transits/natal/jupiter_saturn_opposition.json
You,transits/natal,jupiter_saturn_sextile,Transiting Jupiter Sextile Natal Saturn,voiceNeutral: true,"A current movement of growth, belief, opportunity, and expansion contacts the natal pattern of structure, limits, responsibility, time, and consequence through a opening aspect.","This may temporarily bring structure, limits, responsibility, time, and consequence into focus through events, conversations, moods, decisions, or timing connected to growth, belief, opportunity, and expansion.",Coasting on the good idea without turning it into anything concrete.,Test the opportunity against reality before expanding it.,"Something connected to structure, limits, responsibility, time, and consequence may be easier to notice now because growth, belief, opportunity, and expansion is pressing on it. Treat this as timing, not fate.","Current sky to natal chart: timing signal, not fate. Explain what part of their chart is being temporarily activated.",packages/astro-knowledge/data/transits/natal/jupiter_saturn_sextile.json
You,transits/natal,jupiter_saturn_square,Transiting Jupiter Square Natal Saturn,voiceNeutral: true,"A current movement of growth, belief, opportunity, and expansion contacts the natal pattern of structure, limits, responsibility, time, and consequence through a friction aspect.","This may temporarily bring structure, limits, responsibility, time, and consequence into focus through events, conversations, moods, decisions, or timing connected to growth, belief, opportunity, and expansion.",Forcing a decision just to end the discomfort.,Test the opportunity against reality before expanding it.,"Something connected to structure, limits, responsibility, time, and consequence may be easier to notice now because growth, belief, opportunity, and expansion is pressing on it. Treat this as timing, not fate.","Current sky to natal chart: timing signal, not fate. Explain what part of their chart is being temporarily activated.",packages/astro-knowledge/data/transits/natal/jupiter_saturn_square.json
You,transits/natal,jupiter_saturn_trine,Transiting Jupiter Trine Natal Saturn,voiceNeutral: true,"A current movement of growth, belief, opportunity, and expansion contacts the natal pattern of structure, limits, responsibility, time, and consequence through a flow aspect.","This may temporarily bring structure, limits, responsibility, time, and consequence into focus through events, conversations, moods, decisions, or timing connected to growth, belief, opportunity, and expansion.",Letting the ease pass unused because nothing feels urgent.,Test the opportunity against reality before expanding it.,"Something connected to structure, limits, responsibility, time, and consequence may be easier to notice now because growth, belief, opportunity, and expansion is pressing on it. Treat this as timing, not fate.","Current sky to natal chart: timing signal, not fate. Explain what part of their chart is being temporarily activated.",packages/astro-knowledge/data/transits/natal/jupiter_saturn_trine.json
You,transits/natal,jupiter_sun_conjunction,Transiting Jupiter Conjunction Natal Sun,voiceNeutral: true,"A current movement of growth, belief, opportunity, and expansion contacts the natal pattern of attention, vitality, visibility, and confidence through a fusion aspect.","This may temporarily bring attention, vitality, visibility, and confidence into focus through events, conversations, moods, decisions, or timing connected to growth, belief, opportunity, and expansion.",Acting from the intensity before identifying the separate parts.,Test the opportunity against reality before expanding it.,"Something connected to attention, vitality, visibility, and confidence may be easier to notice now because growth, belief, opportunity, and expansion is pressing on it. Treat this as timing, not fate.","Current sky to natal chart: timing signal, not fate. Explain what part of their chart is being temporarily activated.",packages/astro-knowledge/data/transits/natal/jupiter_sun_conjunction.json
You,transits/natal,jupiter_sun_opposition,Transiting Jupiter Opposition Natal Sun,voiceNeutral: true,"A current movement of growth, belief, opportunity, and expansion contacts the natal pattern of attention, vitality, visibility, and confidence through a polarity aspect.","This may temporarily bring attention, vitality, visibility, and confidence into focus through events, conversations, moods, decisions, or timing connected to growth, belief, opportunity, and expansion.",Turning tension into a standoff instead of a clearer understanding.,Test the opportunity against reality before expanding it.,"Something connected to attention, vitality, visibility, and confidence may be easier to notice now because growth, belief, opportunity, and expansion is pressing on it. Treat this as timing, not fate.","Current sky to natal chart: timing signal, not fate. Explain what part of their chart is being temporarily activated.",packages/astro-knowledge/data/transits/natal/jupiter_sun_opposition.json
You,transits/natal,jupiter_sun_sextile,Transiting Jupiter Sextile Natal Sun,voiceNeutral: true,"A current movement of growth, belief, opportunity, and expansion contacts the natal pattern of attention, vitality, visibility, and confidence through a opening aspect.","This may temporarily bring attention, vitality, visibility, and confidence into focus through events, conversations, moods, decisions, or timing connected to growth, belief, opportunity, and expansion.",Coasting on the good idea without turning it into anything concrete.,Test the opportunity against reality before expanding it.,"Something connected to attention, vitality, visibility, and confidence may be easier to notice now because growth, belief, opportunity, and expansion is pressing on it. Treat this as timing, not fate.","Current sky to natal chart: timing signal, not fate. Explain what part of their chart is being temporarily activated.",packages/astro-knowledge/data/transits/natal/jupiter_sun_sextile.json
You,transits/natal,jupiter_sun_square,Transiting Jupiter Square Natal Sun,voiceNeutral: true,"A current movement of growth, belief, opportunity, and expansion contacts the natal pattern of attention, vitality, visibility, and confidence through a friction aspect.","This may temporarily bring attention, vitality, visibility, and confidence into focus through events, conversations, moods, decisions, or timing connected to growth, belief, opportunity, and expansion.",Forcing a decision just to end the discomfort.,Test the opportunity against reality before expanding it.,"Something connected to attention, vitality, visibility, and confidence may be easier to notice now because growth, belief, opportunity, and expansion is pressing on it. Treat this as timing, not fate.","Current sky to natal chart: timing signal, not fate. Explain what part of their chart is being temporarily activated.",packages/astro-knowledge/data/transits/natal/jupiter_sun_square.json
You,transits/natal,jupiter_sun_trine,Transiting Jupiter Trine Natal Sun,voiceNeutral: true,"A current movement of growth, belief, opportunity, and expansion contacts the natal pattern of attention, vitality, visibility, and confidence through a flow aspect.","This may temporarily bring attention, vitality, visibility, and confidence into focus through events, conversations, moods, decisions, or timing connected to growth, belief, opportunity, and expansion.",Letting the ease pass unused because nothing feels urgent.,Test the opportunity against reality before expanding it.,"Something connected to attention, vitality, visibility, and confidence may be easier to notice now because growth, belief, opportunity, and expansion is pressing on it. Treat this as timing, not fate.","Current sky to natal chart: timing signal, not fate. Explain what part of their chart is being temporarily activated.",packages/astro-knowledge/data/transits/natal/jupiter_sun_trine.json
You,transits/natal,jupiter_uranus_conjunction,Transiting Jupiter Conjunction Natal Uranus,voiceNeutral: true,"A current movement of growth, belief, opportunity, and expansion contacts the natal pattern of change, disruption, freedom, and originality through a fusion aspect.","This may temporarily bring change, disruption, freedom, and originality into focus through events, conversations, moods, decisions, or timing connected to growth, belief, opportunity, and expansion.",Acting from the intensity before identifying the separate parts.,Test the opportunity against reality before expanding it.,"Something connected to change, disruption, freedom, and originality may be easier to notice now because growth, belief, opportunity, and expansion is pressing on it. Treat this as timing, not fate.","Current sky to natal chart: timing signal, not fate. Explain what part of their chart is being temporarily activated.",packages/astro-knowledge/data/transits/natal/jupiter_uranus_conjunction.json
You,transits/natal,jupiter_uranus_opposition,Transiting Jupiter Opposition Natal Uranus,voiceNeutral: true,"A current movement of growth, belief, opportunity, and expansion contacts the natal pattern of change, disruption, freedom, and originality through a polarity aspect.","This may temporarily bring change, disruption, freedom, and originality into focus through events, conversations, moods, decisions, or timing connected to growth, belief, opportunity, and expansion.",Turning tension into a standoff instead of a clearer understanding.,Test the opportunity against reality before expanding it.,"Something connected to change, disruption, freedom, and originality may be easier to notice now because growth, belief, opportunity, and expansion is pressing on it. Treat this as timing, not fate.","Current sky to natal chart: timing signal, not fate. Explain what part of their chart is being temporarily activated.",packages/astro-knowledge/data/transits/natal/jupiter_uranus_opposition.json
You,transits/natal,jupiter_uranus_sextile,Transiting Jupiter Sextile Natal Uranus,voiceNeutral: true,"A current movement of growth, belief, opportunity, and expansion contacts the natal pattern of change, disruption, freedom, and originality through a opening aspect.","This may temporarily bring change, disruption, freedom, and originality into focus through events, conversations, moods, decisions, or timing connected to growth, belief, opportunity, and expansion.",Coasting on the good idea without turning it into anything concrete.,Test the opportunity against reality before expanding it.,"Something connected to change, disruption, freedom, and originality may be easier to notice now because growth, belief, opportunity, and expansion is pressing on it. Treat this as timing, not fate.","Current sky to natal chart: timing signal, not fate. Explain what part of their chart is being temporarily activated.",packages/astro-knowledge/data/transits/natal/jupiter_uranus_sextile.json
You,transits/natal,jupiter_uranus_square,Transiting Jupiter Square Natal Uranus,voiceNeutral: true,"A current movement of growth, belief, opportunity, and expansion contacts the natal pattern of change, disruption, freedom, and originality through a friction aspect.","This may temporarily bring change, disruption, freedom, and originality into focus through events, conversations, moods, decisions, or timing connected to growth, belief, opportunity, and expansion.",Forcing a decision just to end the discomfort.,Test the opportunity against reality before expanding it.,"Something connected to change, disruption, freedom, and originality may be easier to notice now because growth, belief, opportunity, and expansion is pressing on it. Treat this as timing, not fate.","Current sky to natal chart: timing signal, not fate. Explain what part of their chart is being temporarily activated.",packages/astro-knowledge/data/transits/natal/jupiter_uranus_square.json
You,transits/natal,jupiter_uranus_trine,Transiting Jupiter Trine Natal Uranus,voiceNeutral: true,"A current movement of growth, belief, opportunity, and expansion contacts the natal pattern of change, disruption, freedom, and originality through a flow aspect.","This may temporarily bring change, disruption, freedom, and originality into focus through events, conversations, moods, decisions, or timing connected to growth, belief, opportunity, and expansion.",Letting the ease pass unused because nothing feels urgent.,Test the opportunity against reality before expanding it.,"Something connected to change, disruption, freedom, and originality may be easier to notice now because growth, belief, opportunity, and expansion is pressing on it. Treat this as timing, not fate.","Current sky to natal chart: timing signal, not fate. Explain what part of their chart is being temporarily activated.",packages/astro-knowledge/data/transits/natal/jupiter_uranus_trine.json
You,transits/natal,jupiter_venus_conjunction,Transiting Jupiter Conjunction Natal Venus,voiceNeutral: true,"A current movement of growth, belief, opportunity, and expansion contacts the natal pattern of connection, value, pleasure, attraction, and ease through a fusion aspect.","This may temporarily bring connection, value, pleasure, attraction, and ease into focus through events, conversations, moods, decisions, or timing connected to growth, belief, opportunity, and expansion.",Acting from the intensity before identifying the separate parts.,Test the opportunity against reality before expanding it.,"Something connected to connection, value, pleasure, attraction, and ease may be easier to notice now because growth, belief, opportunity, and expansion is pressing on it. Treat this as timing, not fate.","Current sky to natal chart: timing signal, not fate. Explain what part of their chart is being temporarily activated.",packages/astro-knowledge/data/transits/natal/jupiter_venus_conjunction.json
You,transits/natal,jupiter_venus_opposition,Transiting Jupiter Opposition Natal Venus,voiceNeutral: true,"A current movement of growth, belief, opportunity, and expansion contacts the natal pattern of connection, value, pleasure, attraction, and ease through a polarity aspect.","This may temporarily bring connection, value, pleasure, attraction, and ease into focus through events, conversations, moods, decisions, or timing connected to growth, belief, opportunity, and expansion.",Turning tension into a standoff instead of a clearer understanding.,Test the opportunity against reality before expanding it.,"Something connected to connection, value, pleasure, attraction, and ease may be easier to notice now because growth, belief, opportunity, and expansion is pressing on it. Treat this as timing, not fate.","Current sky to natal chart: timing signal, not fate. Explain what part of their chart is being temporarily activated.",packages/astro-knowledge/data/transits/natal/jupiter_venus_opposition.json
You,transits/natal,jupiter_venus_sextile,Transiting Jupiter Sextile Natal Venus,voiceNeutral: true,"A current movement of growth, belief, opportunity, and expansion contacts the natal pattern of connection, value, pleasure, attraction, and ease through a opening aspect.","This may temporarily bring connection, value, pleasure, attraction, and ease into focus through events, conversations, moods, decisions, or timing connected to growth, belief, opportunity, and expansion.",Coasting on the good idea without turning it into anything concrete.,Test the opportunity against reality before expanding it.,"Something connected to connection, value, pleasure, attraction, and ease may be easier to notice now because growth, belief, opportunity, and expansion is pressing on it. Treat this as timing, not fate.","Current sky to natal chart: timing signal, not fate. Explain what part of their chart is being temporarily activated.",packages/astro-knowledge/data/transits/natal/jupiter_venus_sextile.json
You,transits/natal,jupiter_venus_square,Transiting Jupiter Square Natal Venus,voiceNeutral: true,"A current movement of growth, belief, opportunity, and expansion contacts the natal pattern of connection, value, pleasure, attraction, and ease through a friction aspect.","This may temporarily bring connection, value, pleasure, attraction, and ease into focus through events, conversations, moods, decisions, or timing connected to growth, belief, opportunity, and expansion.",Forcing a decision just to end the discomfort.,Test the opportunity against reality before expanding it.,"Something connected to connection, value, pleasure, attraction, and ease may be easier to notice now because growth, belief, opportunity, and expansion is pressing on it. Treat this as timing, not fate.","Current sky to natal chart: timing signal, not fate. Explain what part of their chart is being temporarily activated.",packages/astro-knowledge/data/transits/natal/jupiter_venus_square.json
You,transits/natal,jupiter_venus_trine,Transiting Jupiter Trine Natal Venus,voiceNeutral: true,"A current movement of growth, belief, opportunity, and expansion contacts the natal pattern of connection, value, pleasure, attraction, and ease through a flow aspect.","This may temporarily bring connection, value, pleasure, attraction, and ease into focus through events, conversations, moods, decisions, or timing connected to growth, belief, opportunity, and expansion.",Letting the ease pass unused because nothing feels urgent.,Test the opportunity against reality before expanding it.,"Something connected to connection, value, pleasure, attraction, and ease may be easier to notice now because growth, belief, opportunity, and expansion is pressing on it. Treat this as timing, not fate.","Current sky to natal chart: timing signal, not fate. Explain what part of their chart is being temporarily activated.",packages/astro-knowledge/data/transits/natal/jupiter_venus_trine.json
You,transits/natal,mars_ascendant_conjunction,Transiting Mars Conjunction Natal Ascendant,voiceNeutral: true,"A current movement of action, heat, courage, friction, and desire contacts the natal pattern of self-presentation, body, identity, and first response through a fusion aspect.","This may temporarily bring self-presentation, body, identity, and first response into focus through events, conversations, moods, decisions, or timing connected to action, heat, courage, friction, and desire.",Acting from the intensity before identifying the separate parts.,Choose one action instead of forcing the whole outcome.,"Something connected to self-presentation, body, identity, and first response may be easier to notice now because action, heat, courage, friction, and desire is pressing on it. Treat this as timing, not fate.","Current sky to natal chart: timing signal, not fate. Explain what part of their chart is being temporarily activated.",packages/astro-knowledge/data/transits/natal/mars_ascendant_conjunction.json
You,transits/natal,mars_ascendant_opposition,Transiting Mars Opposition Natal Ascendant,voiceNeutral: true,"A current movement of action, heat, courage, friction, and desire contacts the natal pattern of self-presentation, body, identity, and first response through a polarity aspect.","This may temporarily bring self-presentation, body, identity, and first response into focus through events, conversations, moods, decisions, or timing connected to action, heat, courage, friction, and desire.",Turning tension into a standoff instead of a clearer understanding.,Choose one action instead of forcing the whole outcome.,"Something connected to self-presentation, body, identity, and first response may be easier to notice now because action, heat, courage, friction, and desire is pressing on it. Treat this as timing, not fate.","Current sky to natal chart: timing signal, not fate. Explain what part of their chart is being temporarily activated.",packages/astro-knowledge/data/transits/natal/mars_ascendant_opposition.json
You,transits/natal,mars_ascendant_sextile,Transiting Mars Sextile Natal Ascendant,voiceNeutral: true,"A current movement of action, heat, courage, friction, and desire contacts the natal pattern of self-presentation, body, identity, and first response through a opening aspect.","This may temporarily bring self-presentation, body, identity, and first response into focus through events, conversations, moods, decisions, or timing connected to action, heat, courage, friction, and desire.",Coasting on the good idea without turning it into anything concrete.,Choose one action instead of forcing the whole outcome.,"Something connected to self-presentation, body, identity, and first response may be easier to notice now because action, heat, courage, friction, and desire is pressing on it. Treat this as timing, not fate.","Current sky to natal chart: timing signal, not fate. Explain what part of their chart is being temporarily activated.",packages/astro-knowledge/data/transits/natal/mars_ascendant_sextile.json
You,transits/natal,mars_ascendant_square,Transiting Mars Square Natal Ascendant,voiceNeutral: true,"A current movement of action, heat, courage, friction, and desire contacts the natal pattern of self-presentation, body, identity, and first response through a friction aspect.","This may temporarily bring self-presentation, body, identity, and first response into focus through events, conversations, moods, decisions, or timing connected to action, heat, courage, friction, and desire.",Forcing a decision just to end the discomfort.,Choose one action instead of forcing the whole outcome.,"Something connected to self-presentation, body, identity, and first response may be easier to notice now because action, heat, courage, friction, and desire is pressing on it. Treat this as timing, not fate.","Current sky to natal chart: timing signal, not fate. Explain what part of their chart is being temporarily activated.",packages/astro-knowledge/data/transits/natal/mars_ascendant_square.json
You,transits/natal,mars_ascendant_trine,Transiting Mars Trine Natal Ascendant,voiceNeutral: true,"A current movement of action, heat, courage, friction, and desire contacts the natal pattern of self-presentation, body, identity, and first response through a flow aspect.","This may temporarily bring self-presentation, body, identity, and first response into focus through events, conversations, moods, decisions, or timing connected to action, heat, courage, friction, and desire.",Letting the ease pass unused because nothing feels urgent.,Choose one action instead of forcing the whole outcome.,"Something connected to self-presentation, body, identity, and first response may be easier to notice now because action, heat, courage, friction, and desire is pressing on it. Treat this as timing, not fate.","Current sky to natal chart: timing signal, not fate. Explain what part of their chart is being temporarily activated.",packages/astro-knowledge/data/transits/natal/mars_ascendant_trine.json
You,transits/natal,mars_jupiter_conjunction,Transiting Mars Conjunction Natal Jupiter,voiceNeutral: true,"A current movement of action, heat, courage, friction, and desire contacts the natal pattern of growth, belief, opportunity, and expansion through a fusion aspect.","This may temporarily bring growth, belief, opportunity, and expansion into focus through events, conversations, moods, decisions, or timing connected to action, heat, courage, friction, and desire.",Acting from the intensity before identifying the separate parts.,Choose one action instead of forcing the whole outcome.,"Something connected to growth, belief, opportunity, and expansion may be easier to notice now because action, heat, courage, friction, and desire is pressing on it. Treat this as timing, not fate.","Current sky to natal chart: timing signal, not fate. Explain what part of their chart is being temporarily activated.",packages/astro-knowledge/data/transits/natal/mars_jupiter_conjunction.json
You,transits/natal,mars_jupiter_opposition,Transiting Mars Opposition Natal Jupiter,voiceNeutral: true,"A current movement of action, heat, courage, friction, and desire contacts the natal pattern of growth, belief, opportunity, and expansion through a polarity aspect.","This may temporarily bring growth, belief, opportunity, and expansion into focus through events, conversations, moods, decisions, or timing connected to action, heat, courage, friction, and desire.",Turning tension into a standoff instead of a clearer understanding.,Choose one action instead of forcing the whole outcome.,"Something connected to growth, belief, opportunity, and expansion may be easier to notice now because action, heat, courage, friction, and desire is pressing on it. Treat this as timing, not fate.","Current sky to natal chart: timing signal, not fate. Explain what part of their chart is being temporarily activated.",packages/astro-knowledge/data/transits/natal/mars_jupiter_opposition.json
You,transits/natal,mars_jupiter_sextile,Transiting Mars Sextile Natal Jupiter,voiceNeutral: true,"A current movement of action, heat, courage, friction, and desire contacts the natal pattern of growth, belief, opportunity, and expansion through a opening aspect.","This may temporarily bring growth, belief, opportunity, and expansion into focus through events, conversations, moods, decisions, or timing connected to action, heat, courage, friction, and desire.",Coasting on the good idea without turning it into anything concrete.,Choose one action instead of forcing the whole outcome.,"Something connected to growth, belief, opportunity, and expansion may be easier to notice now because action, heat, courage, friction, and desire is pressing on it. Treat this as timing, not fate.","Current sky to natal chart: timing signal, not fate. Explain what part of their chart is being temporarily activated.",packages/astro-knowledge/data/transits/natal/mars_jupiter_sextile.json
You,transits/natal,mars_jupiter_square,Transiting Mars Square Natal Jupiter,voiceNeutral: true,"A current movement of action, heat, courage, friction, and desire contacts the natal pattern of growth, belief, opportunity, and expansion through a friction aspect.","This may temporarily bring growth, belief, opportunity, and expansion into focus through events, conversations, moods, decisions, or timing connected to action, heat, courage, friction, and desire.",Forcing a decision just to end the discomfort.,Choose one action instead of forcing the whole outcome.,"Something connected to growth, belief, opportunity, and expansion may be easier to notice now because action, heat, courage, friction, and desire is pressing on it. Treat this as timing, not fate.","Current sky to natal chart: timing signal, not fate. Explain what part of their chart is being temporarily activated.",packages/astro-knowledge/data/transits/natal/mars_jupiter_square.json
You,transits/natal,mars_jupiter_trine,Transiting Mars Trine Natal Jupiter,voiceNeutral: true,"A current movement of action, heat, courage, friction, and desire contacts the natal pattern of growth, belief, opportunity, and expansion through a flow aspect.","This may temporarily bring growth, belief, opportunity, and expansion into focus through events, conversations, moods, decisions, or timing connected to action, heat, courage, friction, and desire.",Letting the ease pass unused because nothing feels urgent.,Choose one action instead of forcing the whole outcome.,"Something connected to growth, belief, opportunity, and expansion may be easier to notice now because action, heat, courage, friction, and desire is pressing on it. Treat this as timing, not fate.","Current sky to natal chart: timing signal, not fate. Explain what part of their chart is being temporarily activated.",packages/astro-knowledge/data/transits/natal/mars_jupiter_trine.json
You,transits/natal,mars_mars_conjunction,Transiting Mars Conjunction Natal Mars,voiceNeutral: true,"A current movement of action, heat, courage, friction, and desire contacts the natal pattern of action, heat, courage, friction, and desire through a fusion aspect.","This may temporarily bring action, heat, courage, friction, and desire into focus through events, conversations, moods, decisions, or timing connected to action, heat, courage, friction, and desire.",Acting from the intensity before identifying the separate parts.,Choose one action instead of forcing the whole outcome.,"Something connected to action, heat, courage, friction, and desire may be easier to notice now because action, heat, courage, friction, and desire is pressing on it. Treat this as timing, not fate.","Current sky to natal chart: timing signal, not fate. Explain what part of their chart is being temporarily activated.",packages/astro-knowledge/data/transits/natal/mars_mars_conjunction.json
You,transits/natal,mars_mars_opposition,Transiting Mars Opposition Natal Mars,voiceNeutral: true,"A current movement of action, heat, courage, friction, and desire contacts the natal pattern of action, heat, courage, friction, and desire through a polarity aspect.","This may temporarily bring action, heat, courage, friction, and desire into focus through events, conversations, moods, decisions, or timing connected to action, heat, courage, friction, and desire.",Turning tension into a standoff instead of a clearer understanding.,Choose one action instead of forcing the whole outcome.,"Something connected to action, heat, courage, friction, and desire may be easier to notice now because action, heat, courage, friction, and desire is pressing on it. Treat this as timing, not fate.","Current sky to natal chart: timing signal, not fate. Explain what part of their chart is being temporarily activated.",packages/astro-knowledge/data/transits/natal/mars_mars_opposition.json
You,transits/natal,mars_mars_sextile,Transiting Mars Sextile Natal Mars,voiceNeutral: true,"A current movement of action, heat, courage, friction, and desire contacts the natal pattern of action, heat, courage, friction, and desire through a opening aspect.","This may temporarily bring action, heat, courage, friction, and desire into focus through events, conversations, moods, decisions, or timing connected to action, heat, courage, friction, and desire.",Coasting on the good idea without turning it into anything concrete.,Choose one action instead of forcing the whole outcome.,"Something connected to action, heat, courage, friction, and desire may be easier to notice now because action, heat, courage, friction, and desire is pressing on it. Treat this as timing, not fate.","Current sky to natal chart: timing signal, not fate. Explain what part of their chart is being temporarily activated.",packages/astro-knowledge/data/transits/natal/mars_mars_sextile.json
You,transits/natal,mars_mars_square,Transiting Mars Square Natal Mars,voiceNeutral: true,"A current movement of action, heat, courage, friction, and desire contacts the natal pattern of action, heat, courage, friction, and desire through a friction aspect.","This may temporarily bring action, heat, courage, friction, and desire into focus through events, conversations, moods, decisions, or timing connected to action, heat, courage, friction, and desire.",Forcing a decision just to end the discomfort.,Choose one action instead of forcing the whole outcome.,"Something connected to action, heat, courage, friction, and desire may be easier to notice now because action, heat, courage, friction, and desire is pressing on it. Treat this as timing, not fate.","Current sky to natal chart: timing signal, not fate. Explain what part of their chart is being temporarily activated.",packages/astro-knowledge/data/transits/natal/mars_mars_square.json
You,transits/natal,mars_mars_trine,Transiting Mars Trine Natal Mars,voiceNeutral: true,"A current movement of action, heat, courage, friction, and desire contacts the natal pattern of action, heat, courage, friction, and desire through a flow aspect.","This may temporarily bring action, heat, courage, friction, and desire into focus through events, conversations, moods, decisions, or timing connected to action, heat, courage, friction, and desire.",Letting the ease pass unused because nothing feels urgent.,Choose one action instead of forcing the whole outcome.,"Something connected to action, heat, courage, friction, and desire may be easier to notice now because action, heat, courage, friction, and desire is pressing on it. Treat this as timing, not fate.","Current sky to natal chart: timing signal, not fate. Explain what part of their chart is being temporarily activated.",packages/astro-knowledge/data/transits/natal/mars_mars_trine.json
You,transits/natal,mars_mercury_conjunction,Transiting Mars Conjunction Natal Mercury,voiceNeutral: true,"A current movement of action, heat, courage, friction, and desire contacts the natal pattern of language, information, decisions, and nervous energy through a fusion aspect.","This may temporarily bring language, information, decisions, and nervous energy into focus through events, conversations, moods, decisions, or timing connected to action, heat, courage, friction, and desire.",Acting from the intensity before identifying the separate parts.,Choose one action instead of forcing the whole outcome.,"Something connected to language, information, decisions, and nervous energy may be easier to notice now because action, heat, courage, friction, and desire is pressing on it. Treat this as timing, not fate.","Current sky to natal chart: timing signal, not fate. Explain what part of their chart is being temporarily activated.",packages/astro-knowledge/data/transits/natal/mars_mercury_conjunction.json
You,transits/natal,mars_mercury_opposition,Transiting Mars Opposition Natal Mercury,voiceNeutral: true,"A current movement of action, heat, courage, friction, and desire contacts the natal pattern of language, information, decisions, and nervous energy through a polarity aspect.","This may temporarily bring language, information, decisions, and nervous energy into focus through events, conversations, moods, decisions, or timing connected to action, heat, courage, friction, and desire.",Turning tension into a standoff instead of a clearer understanding.,Choose one action instead of forcing the whole outcome.,"Something connected to language, information, decisions, and nervous energy may be easier to notice now because action, heat, courage, friction, and desire is pressing on it. Treat this as timing, not fate.","Current sky to natal chart: timing signal, not fate. Explain what part of their chart is being temporarily activated.",packages/astro-knowledge/data/transits/natal/mars_mercury_opposition.json
You,transits/natal,mars_mercury_sextile,Transiting Mars Sextile Natal Mercury,voiceNeutral: true,"A current movement of action, heat, courage, friction, and desire contacts the natal pattern of language, information, decisions, and nervous energy through a opening aspect.","This may temporarily bring language, information, decisions, and nervous energy into focus through events, conversations, moods, decisions, or timing connected to action, heat, courage, friction, and desire.",Coasting on the good idea without turning it into anything concrete.,Choose one action instead of forcing the whole outcome.,"Something connected to language, information, decisions, and nervous energy may be easier to notice now because action, heat, courage, friction, and desire is pressing on it. Treat this as timing, not fate.","Current sky to natal chart: timing signal, not fate. Explain what part of their chart is being temporarily activated.",packages/astro-knowledge/data/transits/natal/mars_mercury_sextile.json
You,transits/natal,mars_mercury_square,Transiting Mars Square Natal Mercury,voiceNeutral: true,"A current movement of action, heat, courage, friction, and desire contacts the natal pattern of language, information, decisions, and nervous energy through a friction aspect.","This may temporarily bring language, information, decisions, and nervous energy into focus through events, conversations, moods, decisions, or timing connected to action, heat, courage, friction, and desire.",Forcing a decision just to end the discomfort.,Choose one action instead of forcing the whole outcome.,"Something connected to language, information, decisions, and nervous energy may be easier to notice now because action, heat, courage, friction, and desire is pressing on it. Treat this as timing, not fate.","Current sky to natal chart: timing signal, not fate. Explain what part of their chart is being temporarily activated.",packages/astro-knowledge/data/transits/natal/mars_mercury_square.json
You,transits/natal,mars_mercury_trine,Transiting Mars Trine Natal Mercury,voiceNeutral: true,"A current movement of action, heat, courage, friction, and desire contacts the natal pattern of language, information, decisions, and nervous energy through a flow aspect.","This may temporarily bring language, information, decisions, and nervous energy into focus through events, conversations, moods, decisions, or timing connected to action, heat, courage, friction, and desire.",Letting the ease pass unused because nothing feels urgent.,Choose one action instead of forcing the whole outcome.,"Something connected to language, information, decisions, and nervous energy may be easier to notice now because action, heat, courage, friction, and desire is pressing on it. Treat this as timing, not fate.","Current sky to natal chart: timing signal, not fate. Explain what part of their chart is being temporarily activated.",packages/astro-knowledge/data/transits/natal/mars_mercury_trine.json
You,transits/natal,mars_moon_conjunction,Transiting Mars Conjunction Natal Moon,voiceNeutral: true,"A current movement of action, heat, courage, friction, and desire contacts the natal pattern of emotion, instinct, needs, and daily rhythm through a fusion aspect.","This may temporarily bring emotion, instinct, needs, and daily rhythm into focus through events, conversations, moods, decisions, or timing connected to action, heat, courage, friction, and desire.",Acting from the intensity before identifying the separate parts.,Choose one action instead of forcing the whole outcome.,"Something connected to emotion, instinct, needs, and daily rhythm may be easier to notice now because action, heat, courage, friction, and desire is pressing on it. Treat this as timing, not fate.","Current sky to natal chart: timing signal, not fate. Explain what part of their chart is being temporarily activated.",packages/astro-knowledge/data/transits/natal/mars_moon_conjunction.json
You,transits/natal,mars_moon_opposition,Transiting Mars Opposition Natal Moon,voiceNeutral: true,"A current movement of action, heat, courage, friction, and desire contacts the natal pattern of emotion, instinct, needs, and daily rhythm through a polarity aspect.","This may temporarily bring emotion, instinct, needs, and daily rhythm into focus through events, conversations, moods, decisions, or timing connected to action, heat, courage, friction, and desire.",Turning tension into a standoff instead of a clearer understanding.,Choose one action instead of forcing the whole outcome.,"Something connected to emotion, instinct, needs, and daily rhythm may be easier to notice now because action, heat, courage, friction, and desire is pressing on it. Treat this as timing, not fate.","Current sky to natal chart: timing signal, not fate. Explain what part of their chart is being temporarily activated.",packages/astro-knowledge/data/transits/natal/mars_moon_opposition.json
You,transits/natal,mars_moon_sextile,Transiting Mars Sextile Natal Moon,voiceNeutral: true,"A current movement of action, heat, courage, friction, and desire contacts the natal pattern of emotion, instinct, needs, and daily rhythm through a opening aspect.","This may temporarily bring emotion, instinct, needs, and daily rhythm into focus through events, conversations, moods, decisions, or timing connected to action, heat, courage, friction, and desire.",Coasting on the good idea without turning it into anything concrete.,Choose one action instead of forcing the whole outcome.,"Something connected to emotion, instinct, needs, and daily rhythm may be easier to notice now because action, heat, courage, friction, and desire is pressing on it. Treat this as timing, not fate.","Current sky to natal chart: timing signal, not fate. Explain what part of their chart is being temporarily activated.",packages/astro-knowledge/data/transits/natal/mars_moon_sextile.json
You,transits/natal,mars_moon_square,Transiting Mars Square Natal Moon,voiceNeutral: true,"A current movement of action, heat, courage, friction, and desire contacts the natal pattern of emotion, instinct, needs, and daily rhythm through a friction aspect.","This may temporarily bring emotion, instinct, needs, and daily rhythm into focus through events, conversations, moods, decisions, or timing connected to action, heat, courage, friction, and desire.",Forcing a decision just to end the discomfort.,Choose one action instead of forcing the whole outcome.,"Something connected to emotion, instinct, needs, and daily rhythm may be easier to notice now because action, heat, courage, friction, and desire is pressing on it. Treat this as timing, not fate.","Current sky to natal chart: timing signal, not fate. Explain what part of their chart is being temporarily activated.",packages/astro-knowledge/data/transits/natal/mars_moon_square.json
You,transits/natal,mars_moon_trine,Transiting Mars Trine Natal Moon,voiceNeutral: true,"A current movement of action, heat, courage, friction, and desire contacts the natal pattern of emotion, instinct, needs, and daily rhythm through a flow aspect.","This may temporarily bring emotion, instinct, needs, and daily rhythm into focus through events, conversations, moods, decisions, or timing connected to action, heat, courage, friction, and desire.",Letting the ease pass unused because nothing feels urgent.,Choose one action instead of forcing the whole outcome.,"Something connected to emotion, instinct, needs, and daily rhythm may be easier to notice now because action, heat, courage, friction, and desire is pressing on it. Treat this as timing, not fate.","Current sky to natal chart: timing signal, not fate. Explain what part of their chart is being temporarily activated.",packages/astro-knowledge/data/transits/natal/mars_moon_trine.json
You,transits/natal,mars_neptune_conjunction,Transiting Mars Conjunction Natal Neptune,voiceNeutral: true,"A current movement of action, heat, courage, friction, and desire contacts the natal pattern of imagination, longing, vision, sensitivity, and uncertainty through a fusion aspect.","This may temporarily bring imagination, longing, vision, sensitivity, and uncertainty into focus through events, conversations, moods, decisions, or timing connected to action, heat, courage, friction, and desire.",Acting from the intensity before identifying the separate parts.,Choose one action instead of forcing the whole outcome.,"Something connected to imagination, longing, vision, sensitivity, and uncertainty may be easier to notice now because action, heat, courage, friction, and desire is pressing on it. Treat this as timing, not fate.","Current sky to natal chart: timing signal, not fate. Explain what part of their chart is being temporarily activated.",packages/astro-knowledge/data/transits/natal/mars_neptune_conjunction.json
You,transits/natal,mars_neptune_opposition,Transiting Mars Opposition Natal Neptune,voiceNeutral: true,"A current movement of action, heat, courage, friction, and desire contacts the natal pattern of imagination, longing, vision, sensitivity, and uncertainty through a polarity aspect.","This may temporarily bring imagination, longing, vision, sensitivity, and uncertainty into focus through events, conversations, moods, decisions, or timing connected to action, heat, courage, friction, and desire.",Turning tension into a standoff instead of a clearer understanding.,Choose one action instead of forcing the whole outcome.,"Something connected to imagination, longing, vision, sensitivity, and uncertainty may be easier to notice now because action, heat, courage, friction, and desire is pressing on it. Treat this as timing, not fate.","Current sky to natal chart: timing signal, not fate. Explain what part of their chart is being temporarily activated.",packages/astro-knowledge/data/transits/natal/mars_neptune_opposition.json
You,transits/natal,mars_neptune_sextile,Transiting Mars Sextile Natal Neptune,voiceNeutral: true,"A current movement of action, heat, courage, friction, and desire contacts the natal pattern of imagination, longing, vision, sensitivity, and uncertainty through a opening aspect.","This may temporarily bring imagination, longing, vision, sensitivity, and uncertainty into focus through events, conversations, moods, decisions, or timing connected to action, heat, courage, friction, and desire.",Coasting on the good idea without turning it into anything concrete.,Choose one action instead of forcing the whole outcome.,"Something connected to imagination, longing, vision, sensitivity, and uncertainty may be easier to notice now because action, heat, courage, friction, and desire is pressing on it. Treat this as timing, not fate.","Current sky to natal chart: timing signal, not fate. Explain what part of their chart is being temporarily activated.",packages/astro-knowledge/data/transits/natal/mars_neptune_sextile.json
You,transits/natal,mars_neptune_square,Transiting Mars Square Natal Neptune,voiceNeutral: true,"A current movement of action, heat, courage, friction, and desire contacts the natal pattern of imagination, longing, vision, sensitivity, and uncertainty through a friction aspect.","This may temporarily bring imagination, longing, vision, sensitivity, and uncertainty into focus through events, conversations, moods, decisions, or timing connected to action, heat, courage, friction, and desire.",Forcing a decision just to end the discomfort.,Choose one action instead of forcing the whole outcome.,"Something connected to imagination, longing, vision, sensitivity, and uncertainty may be easier to notice now because action, heat, courage, friction, and desire is pressing on it. Treat this as timing, not fate.","Current sky to natal chart: timing signal, not fate. Explain what part of their chart is being temporarily activated.",packages/astro-knowledge/data/transits/natal/mars_neptune_square.json
You,transits/natal,mars_neptune_trine,Transiting Mars Trine Natal Neptune,voiceNeutral: true,"A current movement of action, heat, courage, friction, and desire contacts the natal pattern of imagination, longing, vision, sensitivity, and uncertainty through a flow aspect.","This may temporarily bring imagination, longing, vision, sensitivity, and uncertainty into focus through events, conversations, moods, decisions, or timing connected to action, heat, courage, friction, and desire.",Letting the ease pass unused because nothing feels urgent.,Choose one action instead of forcing the whole outcome.,"Something connected to imagination, longing, vision, sensitivity, and uncertainty may be easier to notice now because action, heat, courage, friction, and desire is pressing on it. Treat this as timing, not fate.","Current sky to natal chart: timing signal, not fate. Explain what part of their chart is being temporarily activated.",packages/astro-knowledge/data/transits/natal/mars_neptune_trine.json
You,transits/natal,mars_pluto_conjunction,Transiting Mars Conjunction Natal Pluto,voiceNeutral: true,"A current movement of action, heat, courage, friction, and desire contacts the natal pattern of depth, power, pressure, release, and transformation through a fusion aspect.","This may temporarily bring depth, power, pressure, release, and transformation into focus through events, conversations, moods, decisions, or timing connected to action, heat, courage, friction, and desire.",Acting from the intensity before identifying the separate parts.,Choose one action instead of forcing the whole outcome.,"Something connected to depth, power, pressure, release, and transformation may be easier to notice now because action, heat, courage, friction, and desire is pressing on it. Treat this as timing, not fate.","Current sky to natal chart: timing signal, not fate. Explain what part of their chart is being temporarily activated.",packages/astro-knowledge/data/transits/natal/mars_pluto_conjunction.json
You,transits/natal,mars_pluto_opposition,Transiting Mars Opposition Natal Pluto,voiceNeutral: true,"A current movement of action, heat, courage, friction, and desire contacts the natal pattern of depth, power, pressure, release, and transformation through a polarity aspect.","This may temporarily bring depth, power, pressure, release, and transformation into focus through events, conversations, moods, decisions, or timing connected to action, heat, courage, friction, and desire.",Turning tension into a standoff instead of a clearer understanding.,Choose one action instead of forcing the whole outcome.,"Something connected to depth, power, pressure, release, and transformation may be easier to notice now because action, heat, courage, friction, and desire is pressing on it. Treat this as timing, not fate.","Current sky to natal chart: timing signal, not fate. Explain what part of their chart is being temporarily activated.",packages/astro-knowledge/data/transits/natal/mars_pluto_opposition.json
You,transits/natal,mars_pluto_sextile,Transiting Mars Sextile Natal Pluto,voiceNeutral: true,"A current movement of action, heat, courage, friction, and desire contacts the natal pattern of depth, power, pressure, release, and transformation through a opening aspect.","This may temporarily bring depth, power, pressure, release, and transformation into focus through events, conversations, moods, decisions, or timing connected to action, heat, courage, friction, and desire.",Coasting on the good idea without turning it into anything concrete.,Choose one action instead of forcing the whole outcome.,"Something connected to depth, power, pressure, release, and transformation may be easier to notice now because action, heat, courage, friction, and desire is pressing on it. Treat this as timing, not fate.","Current sky to natal chart: timing signal, not fate. Explain what part of their chart is being temporarily activated.",packages/astro-knowledge/data/transits/natal/mars_pluto_sextile.json
You,transits/natal,mars_pluto_square,Transiting Mars Square Natal Pluto,voiceNeutral: true,"A current movement of action, heat, courage, friction, and desire contacts the natal pattern of depth, power, pressure, release, and transformation through a friction aspect.","This may temporarily bring depth, power, pressure, release, and transformation into focus through events, conversations, moods, decisions, or timing connected to action, heat, courage, friction, and desire.",Forcing a decision just to end the discomfort.,Choose one action instead of forcing the whole outcome.,"Something connected to depth, power, pressure, release, and transformation may be easier to notice now because action, heat, courage, friction, and desire is pressing on it. Treat this as timing, not fate.","Current sky to natal chart: timing signal, not fate. Explain what part of their chart is being temporarily activated.",packages/astro-knowledge/data/transits/natal/mars_pluto_square.json
You,transits/natal,mars_pluto_trine,Transiting Mars Trine Natal Pluto,voiceNeutral: true,"A current movement of action, heat, courage, friction, and desire contacts the natal pattern of depth, power, pressure, release, and transformation through a flow aspect.","This may temporarily bring depth, power, pressure, release, and transformation into focus through events, conversations, moods, decisions, or timing connected to action, heat, courage, friction, and desire.",Letting the ease pass unused because nothing feels urgent.,Choose one action instead of forcing the whole outcome.,"Something connected to depth, power, pressure, release, and transformation may be easier to notice now because action, heat, courage, friction, and desire is pressing on it. Treat this as timing, not fate.","Current sky to natal chart: timing signal, not fate. Explain what part of their chart is being temporarily activated.",packages/astro-knowledge/data/transits/natal/mars_pluto_trine.json
You,transits/natal,mars_saturn_conjunction,Transiting Mars Conjunction Natal Saturn,voiceNeutral: true,"A current movement of action, heat, courage, friction, and desire contacts the natal pattern of structure, limits, responsibility, time, and consequence through a fusion aspect.","This may temporarily bring structure, limits, responsibility, time, and consequence into focus through events, conversations, moods, decisions, or timing connected to action, heat, courage, friction, and desire.",Acting from the intensity before identifying the separate parts.,Choose one action instead of forcing the whole outcome.,"Something connected to structure, limits, responsibility, time, and consequence may be easier to notice now because action, heat, courage, friction, and desire is pressing on it. Treat this as timing, not fate.","Current sky to natal chart: timing signal, not fate. Explain what part of their chart is being temporarily activated.",packages/astro-knowledge/data/transits/natal/mars_saturn_conjunction.json
You,transits/natal,mars_saturn_opposition,Transiting Mars Opposition Natal Saturn,voiceNeutral: true,"A current movement of action, heat, courage, friction, and desire contacts the natal pattern of structure, limits, responsibility, time, and consequence through a polarity aspect.","This may temporarily bring structure, limits, responsibility, time, and consequence into focus through events, conversations, moods, decisions, or timing connected to action, heat, courage, friction, and desire.",Turning tension into a standoff instead of a clearer understanding.,Choose one action instead of forcing the whole outcome.,"Something connected to structure, limits, responsibility, time, and consequence may be easier to notice now because action, heat, courage, friction, and desire is pressing on it. Treat this as timing, not fate.","Current sky to natal chart: timing signal, not fate. Explain what part of their chart is being temporarily activated.",packages/astro-knowledge/data/transits/natal/mars_saturn_opposition.json
You,transits/natal,mars_saturn_sextile,Transiting Mars Sextile Natal Saturn,voiceNeutral: true,"A current movement of action, heat, courage, friction, and desire contacts the natal pattern of structure, limits, responsibility, time, and consequence through a opening aspect.","This may temporarily bring structure, limits, responsibility, time, and consequence into focus through events, conversations, moods, decisions, or timing connected to action, heat, courage, friction, and desire.",Coasting on the good idea without turning it into anything concrete.,Choose one action instead of forcing the whole outcome.,"Something connected to structure, limits, responsibility, time, and consequence may be easier to notice now because action, heat, courage, friction, and desire is pressing on it. Treat this as timing, not fate.","Current sky to natal chart: timing signal, not fate. Explain what part of their chart is being temporarily activated.",packages/astro-knowledge/data/transits/natal/mars_saturn_sextile.json
You,transits/natal,mars_saturn_square,Transiting Mars Square Natal Saturn,voiceNeutral: true,"A current movement of action, heat, courage, friction, and desire contacts the natal pattern of structure, limits, responsibility, time, and consequence through a friction aspect.","This may temporarily bring structure, limits, responsibility, time, and consequence into focus through events, conversations, moods, decisions, or timing connected to action, heat, courage, friction, and desire.",Forcing a decision just to end the discomfort.,Choose one action instead of forcing the whole outcome.,"Something connected to structure, limits, responsibility, time, and consequence may be easier to notice now because action, heat, courage, friction, and desire is pressing on it. Treat this as timing, not fate.","Current sky to natal chart: timing signal, not fate. Explain what part of their chart is being temporarily activated.",packages/astro-knowledge/data/transits/natal/mars_saturn_square.json
You,transits/natal,mars_saturn_trine,Transiting Mars Trine Natal Saturn,voiceNeutral: true,"A current movement of action, heat, courage, friction, and desire contacts the natal pattern of structure, limits, responsibility, time, and consequence through a flow aspect.","This may temporarily bring structure, limits, responsibility, time, and consequence into focus through events, conversations, moods, decisions, or timing connected to action, heat, courage, friction, and desire.",Letting the ease pass unused because nothing feels urgent.,Choose one action instead of forcing the whole outcome.,"Something connected to structure, limits, responsibility, time, and consequence may be easier to notice now because action, heat, courage, friction, and desire is pressing on it. Treat this as timing, not fate.","Current sky to natal chart: timing signal, not fate. Explain what part of their chart is being temporarily activated.",packages/astro-knowledge/data/transits/natal/mars_saturn_trine.json
You,transits/natal,mars_sun_conjunction,Transiting Mars Conjunction Natal Sun,voiceNeutral: true,"A current movement of action, heat, courage, friction, and desire contacts the natal pattern of attention, vitality, visibility, and confidence through a fusion aspect.","This may temporarily bring attention, vitality, visibility, and confidence into focus through events, conversations, moods, decisions, or timing connected to action, heat, courage, friction, and desire.",Acting from the intensity before identifying the separate parts.,Choose one action instead of forcing the whole outcome.,"Something connected to attention, vitality, visibility, and confidence may be easier to notice now because action, heat, courage, friction, and desire is pressing on it. Treat this as timing, not fate.","Current sky to natal chart: timing signal, not fate. Explain what part of their chart is being temporarily activated.",packages/astro-knowledge/data/transits/natal/mars_sun_conjunction.json
You,transits/natal,mars_sun_opposition,Transiting Mars Opposition Natal Sun,voiceNeutral: true,"A current movement of action, heat, courage, friction, and desire contacts the natal pattern of attention, vitality, visibility, and confidence through a polarity aspect.","This may temporarily bring attention, vitality, visibility, and confidence into focus through events, conversations, moods, decisions, or timing connected to action, heat, courage, friction, and desire.",Turning tension into a standoff instead of a clearer understanding.,Choose one action instead of forcing the whole outcome.,"Something connected to attention, vitality, visibility, and confidence may be easier to notice now because action, heat, courage, friction, and desire is pressing on it. Treat this as timing, not fate.","Current sky to natal chart: timing signal, not fate. Explain what part of their chart is being temporarily activated.",packages/astro-knowledge/data/transits/natal/mars_sun_opposition.json
You,transits/natal,mars_sun_sextile,Transiting Mars Sextile Natal Sun,voiceNeutral: true,"A current movement of action, heat, courage, friction, and desire contacts the natal pattern of attention, vitality, visibility, and confidence through a opening aspect.","This may temporarily bring attention, vitality, visibility, and confidence into focus through events, conversations, moods, decisions, or timing connected to action, heat, courage, friction, and desire.",Coasting on the good idea without turning it into anything concrete.,Choose one action instead of forcing the whole outcome.,"Something connected to attention, vitality, visibility, and confidence may be easier to notice now because action, heat, courage, friction, and desire is pressing on it. Treat this as timing, not fate.","Current sky to natal chart: timing signal, not fate. Explain what part of their chart is being temporarily activated.",packages/astro-knowledge/data/transits/natal/mars_sun_sextile.json
You,transits/natal,mars_sun_square,Transiting Mars Square Natal Sun,voiceNeutral: true,"A current movement of action, heat, courage, friction, and desire contacts the natal pattern of attention, vitality, visibility, and confidence through a friction aspect.","This may temporarily bring attention, vitality, visibility, and confidence into focus through events, conversations, moods, decisions, or timing connected to action, heat, courage, friction, and desire.",Forcing a decision just to end the discomfort.,Choose one action instead of forcing the whole outcome.,"Something connected to attention, vitality, visibility, and confidence may be easier to notice now because action, heat, courage, friction, and desire is pressing on it. Treat this as timing, not fate.","Current sky to natal chart: timing signal, not fate. Explain what part of their chart is being temporarily activated.",packages/astro-knowledge/data/transits/natal/mars_sun_square.json
You,transits/natal,mars_sun_trine,Transiting Mars Trine Natal Sun,voiceNeutral: true,"A current movement of action, heat, courage, friction, and desire contacts the natal pattern of attention, vitality, visibility, and confidence through a flow aspect.","This may temporarily bring attention, vitality, visibility, and confidence into focus through events, conversations, moods, decisions, or timing connected to action, heat, courage, friction, and desire.",Letting the ease pass unused because nothing feels urgent.,Choose one action instead of forcing the whole outcome.,"Something connected to attention, vitality, visibility, and confidence may be easier to notice now because action, heat, courage, friction, and desire is pressing on it. Treat this as timing, not fate.","Current sky to natal chart: timing signal, not fate. Explain what part of their chart is being temporarily activated.",packages/astro-knowledge/data/transits/natal/mars_sun_trine.json
You,transits/natal,mars_uranus_conjunction,Transiting Mars Conjunction Natal Uranus,voiceNeutral: true,"A current movement of action, heat, courage, friction, and desire contacts the natal pattern of change, disruption, freedom, and originality through a fusion aspect.","This may temporarily bring change, disruption, freedom, and originality into focus through events, conversations, moods, decisions, or timing connected to action, heat, courage, friction, and desire.",Acting from the intensity before identifying the separate parts.,Choose one action instead of forcing the whole outcome.,"Something connected to change, disruption, freedom, and originality may be easier to notice now because action, heat, courage, friction, and desire is pressing on it. Treat this as timing, not fate.","Current sky to natal chart: timing signal, not fate. Explain what part of their chart is being temporarily activated.",packages/astro-knowledge/data/transits/natal/mars_uranus_conjunction.json
You,transits/natal,mars_uranus_opposition,Transiting Mars Opposition Natal Uranus,voiceNeutral: true,"A current movement of action, heat, courage, friction, and desire contacts the natal pattern of change, disruption, freedom, and originality through a polarity aspect.","This may temporarily bring change, disruption, freedom, and originality into focus through events, conversations, moods, decisions, or timing connected to action, heat, courage, friction, and desire.",Turning tension into a standoff instead of a clearer understanding.,Choose one action instead of forcing the whole outcome.,"Something connected to change, disruption, freedom, and originality may be easier to notice now because action, heat, courage, friction, and desire is pressing on it. Treat this as timing, not fate.","Current sky to natal chart: timing signal, not fate. Explain what part of their chart is being temporarily activated.",packages/astro-knowledge/data/transits/natal/mars_uranus_opposition.json
You,transits/natal,mars_uranus_sextile,Transiting Mars Sextile Natal Uranus,voiceNeutral: true,"A current movement of action, heat, courage, friction, and desire contacts the natal pattern of change, disruption, freedom, and originality through a opening aspect.","This may temporarily bring change, disruption, freedom, and originality into focus through events, conversations, moods, decisions, or timing connected to action, heat, courage, friction, and desire.",Coasting on the good idea without turning it into anything concrete.,Choose one action instead of forcing the whole outcome.,"Something connected to change, disruption, freedom, and originality may be easier to notice now because action, heat, courage, friction, and desire is pressing on it. Treat this as timing, not fate.","Current sky to natal chart: timing signal, not fate. Explain what part of their chart is being temporarily activated.",packages/astro-knowledge/data/transits/natal/mars_uranus_sextile.json
You,transits/natal,mars_uranus_square,Transiting Mars Square Natal Uranus,voiceNeutral: true,"A current movement of action, heat, courage, friction, and desire contacts the natal pattern of change, disruption, freedom, and originality through a friction aspect.","This may temporarily bring change, disruption, freedom, and originality into focus through events, conversations, moods, decisions, or timing connected to action, heat, courage, friction, and desire.",Forcing a decision just to end the discomfort.,Choose one action instead of forcing the whole outcome.,"Something connected to change, disruption, freedom, and originality may be easier to notice now because action, heat, courage, friction, and desire is pressing on it. Treat this as timing, not fate.","Current sky to natal chart: timing signal, not fate. Explain what part of their chart is being temporarily activated.",packages/astro-knowledge/data/transits/natal/mars_uranus_square.json
You,transits/natal,mars_uranus_trine,Transiting Mars Trine Natal Uranus,voiceNeutral: true,"A current movement of action, heat, courage, friction, and desire contacts the natal pattern of change, disruption, freedom, and originality through a flow aspect.","This may temporarily bring change, disruption, freedom, and originality into focus through events, conversations, moods, decisions, or timing connected to action, heat, courage, friction, and desire.",Letting the ease pass unused because nothing feels urgent.,Choose one action instead of forcing the whole outcome.,"Something connected to change, disruption, freedom, and originality may be easier to notice now because action, heat, courage, friction, and desire is pressing on it. Treat this as timing, not fate.","Current sky to natal chart: timing signal, not fate. Explain what part of their chart is being temporarily activated.",packages/astro-knowledge/data/transits/natal/mars_uranus_trine.json
You,transits/natal,mars_venus_conjunction,Transiting Mars Conjunction Natal Venus,voiceNeutral: true,"A current movement of action, heat, courage, friction, and desire contacts the natal pattern of connection, value, pleasure, attraction, and ease through a fusion aspect.","This may temporarily bring connection, value, pleasure, attraction, and ease into focus through events, conversations, moods, decisions, or timing connected to action, heat, courage, friction, and desire.",Acting from the intensity before identifying the separate parts.,Choose one action instead of forcing the whole outcome.,"Something connected to connection, value, pleasure, attraction, and ease may be easier to notice now because action, heat, courage, friction, and desire is pressing on it. Treat this as timing, not fate.","Current sky to natal chart: timing signal, not fate. Explain what part of their chart is being temporarily activated.",packages/astro-knowledge/data/transits/natal/mars_venus_conjunction.json
You,transits/natal,mars_venus_opposition,Transiting Mars Opposition Natal Venus,voiceNeutral: true,"A current movement of action, heat, courage, friction, and desire contacts the natal pattern of connection, value, pleasure, attraction, and ease through a polarity aspect.","This may temporarily bring connection, value, pleasure, attraction, and ease into focus through events, conversations, moods, decisions, or timing connected to action, heat, courage, friction, and desire.",Turning tension into a standoff instead of a clearer understanding.,Choose one action instead of forcing the whole outcome.,"Something connected to connection, value, pleasure, attraction, and ease may be easier to notice now because action, heat, courage, friction, and desire is pressing on it. Treat this as timing, not fate.","Current sky to natal chart: timing signal, not fate. Explain what part of their chart is being temporarily activated.",packages/astro-knowledge/data/transits/natal/mars_venus_opposition.json
You,transits/natal,mars_venus_sextile,Transiting Mars Sextile Natal Venus,voiceNeutral: true,"A current movement of action, heat, courage, friction, and desire contacts the natal pattern of connection, value, pleasure, attraction, and ease through a opening aspect.","This may temporarily bring connection, value, pleasure, attraction, and ease into focus through events, conversations, moods, decisions, or timing connected to action, heat, courage, friction, and desire.",Coasting on the good idea without turning it into anything concrete.,Choose one action instead of forcing the whole outcome.,"Something connected to connection, value, pleasure, attraction, and ease may be easier to notice now because action, heat, courage, friction, and desire is pressing on it. Treat this as timing, not fate.","Current sky to natal chart: timing signal, not fate. Explain what part of their chart is being temporarily activated.",packages/astro-knowledge/data/transits/natal/mars_venus_sextile.json
You,transits/natal,mars_venus_square,Transiting Mars Square Natal Venus,voiceNeutral: true,"A current movement of action, heat, courage, friction, and desire contacts the natal pattern of connection, value, pleasure, attraction, and ease through a friction aspect.","This may temporarily bring connection, value, pleasure, attraction, and ease into focus through events, conversations, moods, decisions, or timing connected to action, heat, courage, friction, and desire.",Forcing a decision just to end the discomfort.,Choose one action instead of forcing the whole outcome.,"Something connected to connection, value, pleasure, attraction, and ease may be easier to notice now because action, heat, courage, friction, and desire is pressing on it. Treat this as timing, not fate.","Current sky to natal chart: timing signal, not fate. Explain what part of their chart is being temporarily activated.",packages/astro-knowledge/data/transits/natal/mars_venus_square.json
You,transits/natal,mars_venus_trine,Transiting Mars Trine Natal Venus,voiceNeutral: true,"A current movement of action, heat, courage, friction, and desire contacts the natal pattern of connection, value, pleasure, attraction, and ease through a flow aspect.","This may temporarily bring connection, value, pleasure, attraction, and ease into focus through events, conversations, moods, decisions, or timing connected to action, heat, courage, friction, and desire.",Letting the ease pass unused because nothing feels urgent.,Choose one action instead of forcing the whole outcome.,"Something connected to connection, value, pleasure, attraction, and ease may be easier to notice now because action, heat, courage, friction, and desire is pressing on it. Treat this as timing, not fate.","Current sky to natal chart: timing signal, not fate. Explain what part of their chart is being temporarily activated.",packages/astro-knowledge/data/transits/natal/mars_venus_trine.json
You,transits/natal,mercury_ascendant_conjunction,Transiting Mercury Conjunction Natal Ascendant,voiceNeutral: true,"A current movement of language, information, decisions, and nervous energy contacts the natal pattern of self-presentation, body, identity, and first response through a fusion aspect.","This may temporarily bring self-presentation, body, identity, and first response into focus through events, conversations, moods, decisions, or timing connected to language, information, decisions, and nervous energy.",Acting from the intensity before identifying the separate parts.,Clarify the facts before committing.,"Something connected to self-presentation, body, identity, and first response may be easier to notice now because language, information, decisions, and nervous energy is pressing on it. Treat this as timing, not fate.","Current sky to natal chart: timing signal, not fate. Explain what part of their chart is being temporarily activated.",packages/astro-knowledge/data/transits/natal/mercury_ascendant_conjunction.json
You,transits/natal,mercury_ascendant_opposition,Transiting Mercury Opposition Natal Ascendant,voiceNeutral: true,"A current movement of language, information, decisions, and nervous energy contacts the natal pattern of self-presentation, body, identity, and first response through a polarity aspect.","This may temporarily bring self-presentation, body, identity, and first response into focus through events, conversations, moods, decisions, or timing connected to language, information, decisions, and nervous energy.",Turning tension into a standoff instead of a clearer understanding.,Clarify the facts before committing.,"Something connected to self-presentation, body, identity, and first response may be easier to notice now because language, information, decisions, and nervous energy is pressing on it. Treat this as timing, not fate.","Current sky to natal chart: timing signal, not fate. Explain what part of their chart is being temporarily activated.",packages/astro-knowledge/data/transits/natal/mercury_ascendant_opposition.json
You,transits/natal,mercury_ascendant_sextile,Transiting Mercury Sextile Natal Ascendant,voiceNeutral: true,"A current movement of language, information, decisions, and nervous energy contacts the natal pattern of self-presentation, body, identity, and first response through a opening aspect.","This may temporarily bring self-presentation, body, identity, and first response into focus through events, conversations, moods, decisions, or timing connected to language, information, decisions, and nervous energy.",Coasting on the good idea without turning it into anything concrete.,Clarify the facts before committing.,"Something connected to self-presentation, body, identity, and first response may be easier to notice now because language, information, decisions, and nervous energy is pressing on it. Treat this as timing, not fate.","Current sky to natal chart: timing signal, not fate. Explain what part of their chart is being temporarily activated.",packages/astro-knowledge/data/transits/natal/mercury_ascendant_sextile.json
You,transits/natal,mercury_ascendant_square,Transiting Mercury Square Natal Ascendant,voiceNeutral: true,"A current movement of language, information, decisions, and nervous energy contacts the natal pattern of self-presentation, body, identity, and first response through a friction aspect.","This may temporarily bring self-presentation, body, identity, and first response into focus through events, conversations, moods, decisions, or timing connected to language, information, decisions, and nervous energy.",Forcing a decision just to end the discomfort.,Clarify the facts before committing.,"Something connected to self-presentation, body, identity, and first response may be easier to notice now because language, information, decisions, and nervous energy is pressing on it. Treat this as timing, not fate.","Current sky to natal chart: timing signal, not fate. Explain what part of their chart is being temporarily activated.",packages/astro-knowledge/data/transits/natal/mercury_ascendant_square.json
You,transits/natal,mercury_ascendant_trine,Transiting Mercury Trine Natal Ascendant,voiceNeutral: true,"A current movement of language, information, decisions, and nervous energy contacts the natal pattern of self-presentation, body, identity, and first response through a flow aspect.","This may temporarily bring self-presentation, body, identity, and first response into focus through events, conversations, moods, decisions, or timing connected to language, information, decisions, and nervous energy.",Letting the ease pass unused because nothing feels urgent.,Clarify the facts before committing.,"Something connected to self-presentation, body, identity, and first response may be easier to notice now because language, information, decisions, and nervous energy is pressing on it. Treat this as timing, not fate.","Current sky to natal chart: timing signal, not fate. Explain what part of their chart is being temporarily activated.",packages/astro-knowledge/data/transits/natal/mercury_ascendant_trine.json
You,transits/natal,mercury_jupiter_conjunction,Transiting Mercury Conjunction Natal Jupiter,voiceNeutral: true,"A current movement of language, information, decisions, and nervous energy contacts the natal pattern of growth, belief, opportunity, and expansion through a fusion aspect.","This may temporarily bring growth, belief, opportunity, and expansion into focus through events, conversations, moods, decisions, or timing connected to language, information, decisions, and nervous energy.",Acting from the intensity before identifying the separate parts.,Clarify the facts before committing.,"Something connected to growth, belief, opportunity, and expansion may be easier to notice now because language, information, decisions, and nervous energy is pressing on it. Treat this as timing, not fate.","Current sky to natal chart: timing signal, not fate. Explain what part of their chart is being temporarily activated.",packages/astro-knowledge/data/transits/natal/mercury_jupiter_conjunction.json
You,transits/natal,mercury_jupiter_opposition,Transiting Mercury Opposition Natal Jupiter,voiceNeutral: true,"A current movement of language, information, decisions, and nervous energy contacts the natal pattern of growth, belief, opportunity, and expansion through a polarity aspect.","This may temporarily bring growth, belief, opportunity, and expansion into focus through events, conversations, moods, decisions, or timing connected to language, information, decisions, and nervous energy.",Turning tension into a standoff instead of a clearer understanding.,Clarify the facts before committing.,"Something connected to growth, belief, opportunity, and expansion may be easier to notice now because language, information, decisions, and nervous energy is pressing on it. Treat this as timing, not fate.","Current sky to natal chart: timing signal, not fate. Explain what part of their chart is being temporarily activated.",packages/astro-knowledge/data/transits/natal/mercury_jupiter_opposition.json
You,transits/natal,mercury_jupiter_sextile,Transiting Mercury Sextile Natal Jupiter,voiceNeutral: true,"A current movement of language, information, decisions, and nervous energy contacts the natal pattern of growth, belief, opportunity, and expansion through a opening aspect.","This may temporarily bring growth, belief, opportunity, and expansion into focus through events, conversations, moods, decisions, or timing connected to language, information, decisions, and nervous energy.",Coasting on the good idea without turning it into anything concrete.,Clarify the facts before committing.,"Something connected to growth, belief, opportunity, and expansion may be easier to notice now because language, information, decisions, and nervous energy is pressing on it. Treat this as timing, not fate.","Current sky to natal chart: timing signal, not fate. Explain what part of their chart is being temporarily activated.",packages/astro-knowledge/data/transits/natal/mercury_jupiter_sextile.json
You,transits/natal,mercury_jupiter_square,Transiting Mercury Square Natal Jupiter,voiceNeutral: true,"A current movement of language, information, decisions, and nervous energy contacts the natal pattern of growth, belief, opportunity, and expansion through a friction aspect.","This may temporarily bring growth, belief, opportunity, and expansion into focus through events, conversations, moods, decisions, or timing connected to language, information, decisions, and nervous energy.",Forcing a decision just to end the discomfort.,Clarify the facts before committing.,"Something connected to growth, belief, opportunity, and expansion may be easier to notice now because language, information, decisions, and nervous energy is pressing on it. Treat this as timing, not fate.","Current sky to natal chart: timing signal, not fate. Explain what part of their chart is being temporarily activated.",packages/astro-knowledge/data/transits/natal/mercury_jupiter_square.json
You,transits/natal,mercury_jupiter_trine,Transiting Mercury Trine Natal Jupiter,voiceNeutral: true,"A current movement of language, information, decisions, and nervous energy contacts the natal pattern of growth, belief, opportunity, and expansion through a flow aspect.","This may temporarily bring growth, belief, opportunity, and expansion into focus through events, conversations, moods, decisions, or timing connected to language, information, decisions, and nervous energy.",Letting the ease pass unused because nothing feels urgent.,Clarify the facts before committing.,"Something connected to growth, belief, opportunity, and expansion may be easier to notice now because language, information, decisions, and nervous energy is pressing on it. Treat this as timing, not fate.","Current sky to natal chart: timing signal, not fate. Explain what part of their chart is being temporarily activated.",packages/astro-knowledge/data/transits/natal/mercury_jupiter_trine.json
You,transits/natal,mercury_mars_conjunction,Transiting Mercury Conjunction Natal Mars,voiceNeutral: true,"A current movement of language, information, decisions, and nervous energy contacts the natal pattern of action, heat, courage, friction, and desire through a fusion aspect.","This may temporarily bring action, heat, courage, friction, and desire into focus through events, conversations, moods, decisions, or timing connected to language, information, decisions, and nervous energy.",Acting from the intensity before identifying the separate parts.,Clarify the facts before committing.,"Something connected to action, heat, courage, friction, and desire may be easier to notice now because language, information, decisions, and nervous energy is pressing on it. Treat this as timing, not fate.","Current sky to natal chart: timing signal, not fate. Explain what part of their chart is being temporarily activated.",packages/astro-knowledge/data/transits/natal/mercury_mars_conjunction.json
You,transits/natal,mercury_mars_opposition,Transiting Mercury Opposition Natal Mars,voiceNeutral: true,"A current movement of language, information, decisions, and nervous energy contacts the natal pattern of action, heat, courage, friction, and desire through a polarity aspect.","This may temporarily bring action, heat, courage, friction, and desire into focus through events, conversations, moods, decisions, or timing connected to language, information, decisions, and nervous energy.",Turning tension into a standoff instead of a clearer understanding.,Clarify the facts before committing.,"Something connected to action, heat, courage, friction, and desire may be easier to notice now because language, information, decisions, and nervous energy is pressing on it. Treat this as timing, not fate.","Current sky to natal chart: timing signal, not fate. Explain what part of their chart is being temporarily activated.",packages/astro-knowledge/data/transits/natal/mercury_mars_opposition.json
You,transits/natal,mercury_mars_sextile,Transiting Mercury Sextile Natal Mars,voiceNeutral: true,"A current movement of language, information, decisions, and nervous energy contacts the natal pattern of action, heat, courage, friction, and desire through a opening aspect.","This may temporarily bring action, heat, courage, friction, and desire into focus through events, conversations, moods, decisions, or timing connected to language, information, decisions, and nervous energy.",Coasting on the good idea without turning it into anything concrete.,Clarify the facts before committing.,"Something connected to action, heat, courage, friction, and desire may be easier to notice now because language, information, decisions, and nervous energy is pressing on it. Treat this as timing, not fate.","Current sky to natal chart: timing signal, not fate. Explain what part of their chart is being temporarily activated.",packages/astro-knowledge/data/transits/natal/mercury_mars_sextile.json
You,transits/natal,mercury_mars_square,Transiting Mercury Square Natal Mars,voiceNeutral: true,"A current movement of language, information, decisions, and nervous energy contacts the natal pattern of action, heat, courage, friction, and desire through a friction aspect.","This may temporarily bring action, heat, courage, friction, and desire into focus through events, conversations, moods, decisions, or timing connected to language, information, decisions, and nervous energy.",Forcing a decision just to end the discomfort.,Clarify the facts before committing.,"Something connected to action, heat, courage, friction, and desire may be easier to notice now because language, information, decisions, and nervous energy is pressing on it. Treat this as timing, not fate.","Current sky to natal chart: timing signal, not fate. Explain what part of their chart is being temporarily activated.",packages/astro-knowledge/data/transits/natal/mercury_mars_square.json
You,transits/natal,mercury_mars_trine,Transiting Mercury Trine Natal Mars,voiceNeutral: true,"A current movement of language, information, decisions, and nervous energy contacts the natal pattern of action, heat, courage, friction, and desire through a flow aspect.","This may temporarily bring action, heat, courage, friction, and desire into focus through events, conversations, moods, decisions, or timing connected to language, information, decisions, and nervous energy.",Letting the ease pass unused because nothing feels urgent.,Clarify the facts before committing.,"Something connected to action, heat, courage, friction, and desire may be easier to notice now because language, information, decisions, and nervous energy is pressing on it. Treat this as timing, not fate.","Current sky to natal chart: timing signal, not fate. Explain what part of their chart is being temporarily activated.",packages/astro-knowledge/data/transits/natal/mercury_mars_trine.json
You,transits/natal,mercury_mercury_conjunction,Transiting Mercury Conjunction Natal Mercury,voiceNeutral: true,"A current movement of language, information, decisions, and nervous energy contacts the natal pattern of language, information, decisions, and nervous energy through a fusion aspect.","This may temporarily bring language, information, decisions, and nervous energy into focus through events, conversations, moods, decisions, or timing connected to language, information, decisions, and nervous energy.",Acting from the intensity before identifying the separate parts.,Clarify the facts before committing.,"Something connected to language, information, decisions, and nervous energy may be easier to notice now because language, information, decisions, and nervous energy is pressing on it. Treat this as timing, not fate.","Current sky to natal chart: timing signal, not fate. Explain what part of their chart is being temporarily activated.",packages/astro-knowledge/data/transits/natal/mercury_mercury_conjunction.json
You,transits/natal,mercury_mercury_opposition,Transiting Mercury Opposition Natal Mercury,voiceNeutral: true,"A current movement of language, information, decisions, and nervous energy contacts the natal pattern of language, information, decisions, and nervous energy through a polarity aspect.","This may temporarily bring language, information, decisions, and nervous energy into focus through events, conversations, moods, decisions, or timing connected to language, information, decisions, and nervous energy.",Turning tension into a standoff instead of a clearer understanding.,Clarify the facts before committing.,"Something connected to language, information, decisions, and nervous energy may be easier to notice now because language, information, decisions, and nervous energy is pressing on it. Treat this as timing, not fate.","Current sky to natal chart: timing signal, not fate. Explain what part of their chart is being temporarily activated.",packages/astro-knowledge/data/transits/natal/mercury_mercury_opposition.json
You,transits/natal,mercury_mercury_sextile,Transiting Mercury Sextile Natal Mercury,voiceNeutral: true,"A current movement of language, information, decisions, and nervous energy contacts the natal pattern of language, information, decisions, and nervous energy through a opening aspect.","This may temporarily bring language, information, decisions, and nervous energy into focus through events, conversations, moods, decisions, or timing connected to language, information, decisions, and nervous energy.",Coasting on the good idea without turning it into anything concrete.,Clarify the facts before committing.,"Something connected to language, information, decisions, and nervous energy may be easier to notice now because language, information, decisions, and nervous energy is pressing on it. Treat this as timing, not fate.","Current sky to natal chart: timing signal, not fate. Explain what part of their chart is being temporarily activated.",packages/astro-knowledge/data/transits/natal/mercury_mercury_sextile.json
You,transits/natal,mercury_mercury_square,Transiting Mercury Square Natal Mercury,voiceNeutral: true,"A current movement of language, information, decisions, and nervous energy contacts the natal pattern of language, information, decisions, and nervous energy through a friction aspect.","This may temporarily bring language, information, decisions, and nervous energy into focus through events, conversations, moods, decisions, or timing connected to language, information, decisions, and nervous energy.",Forcing a decision just to end the discomfort.,Clarify the facts before committing.,"Something connected to language, information, decisions, and nervous energy may be easier to notice now because language, information, decisions, and nervous energy is pressing on it. Treat this as timing, not fate.","Current sky to natal chart: timing signal, not fate. Explain what part of their chart is being temporarily activated.",packages/astro-knowledge/data/transits/natal/mercury_mercury_square.json
You,transits/natal,mercury_mercury_trine,Transiting Mercury Trine Natal Mercury,voiceNeutral: true,"A current movement of language, information, decisions, and nervous energy contacts the natal pattern of language, information, decisions, and nervous energy through a flow aspect.","This may temporarily bring language, information, decisions, and nervous energy into focus through events, conversations, moods, decisions, or timing connected to language, information, decisions, and nervous energy.",Letting the ease pass unused because nothing feels urgent.,Clarify the facts before committing.,"Something connected to language, information, decisions, and nervous energy may be easier to notice now because language, information, decisions, and nervous energy is pressing on it. Treat this as timing, not fate.","Current sky to natal chart: timing signal, not fate. Explain what part of their chart is being temporarily activated.",packages/astro-knowledge/data/transits/natal/mercury_mercury_trine.json
You,transits/natal,mercury_moon_conjunction,Transiting Mercury Conjunction Natal Moon,voiceNeutral: true,"A current movement of language, information, decisions, and nervous energy contacts the natal pattern of emotion, instinct, needs, and daily rhythm through a fusion aspect.","This may temporarily bring emotion, instinct, needs, and daily rhythm into focus through events, conversations, moods, decisions, or timing connected to language, information, decisions, and nervous energy.",Acting from the intensity before identifying the separate parts.,Clarify the facts before committing.,"Something connected to emotion, instinct, needs, and daily rhythm may be easier to notice now because language, information, decisions, and nervous energy is pressing on it. Treat this as timing, not fate.","Current sky to natal chart: timing signal, not fate. Explain what part of their chart is being temporarily activated.",packages/astro-knowledge/data/transits/natal/mercury_moon_conjunction.json
You,transits/natal,mercury_moon_opposition,Transiting Mercury Opposition Natal Moon,voiceNeutral: true,"A current movement of language, information, decisions, and nervous energy contacts the natal pattern of emotion, instinct, needs, and daily rhythm through a polarity aspect.","This may temporarily bring emotion, instinct, needs, and daily rhythm into focus through events, conversations, moods, decisions, or timing connected to language, information, decisions, and nervous energy.",Turning tension into a standoff instead of a clearer understanding.,Clarify the facts before committing.,"Something connected to emotion, instinct, needs, and daily rhythm may be easier to notice now because language, information, decisions, and nervous energy is pressing on it. Treat this as timing, not fate.","Current sky to natal chart: timing signal, not fate. Explain what part of their chart is being temporarily activated.",packages/astro-knowledge/data/transits/natal/mercury_moon_opposition.json
You,transits/natal,mercury_moon_sextile,Transiting Mercury Sextile Natal Moon,voiceNeutral: true,"A current movement of language, information, decisions, and nervous energy contacts the natal pattern of emotion, instinct, needs, and daily rhythm through a opening aspect.","This may temporarily bring emotion, instinct, needs, and daily rhythm into focus through events, conversations, moods, decisions, or timing connected to language, information, decisions, and nervous energy.",Coasting on the good idea without turning it into anything concrete.,Clarify the facts before committing.,"Something connected to emotion, instinct, needs, and daily rhythm may be easier to notice now because language, information, decisions, and nervous energy is pressing on it. Treat this as timing, not fate.","Current sky to natal chart: timing signal, not fate. Explain what part of their chart is being temporarily activated.",packages/astro-knowledge/data/transits/natal/mercury_moon_sextile.json
You,transits/natal,mercury_moon_square,Transiting Mercury Square Natal Moon,voiceNeutral: true,"A current movement of language, information, decisions, and nervous energy contacts the natal pattern of emotion, instinct, needs, and daily rhythm through a friction aspect.","This may temporarily bring emotion, instinct, needs, and daily rhythm into focus through events, conversations, moods, decisions, or timing connected to language, information, decisions, and nervous energy.",Forcing a decision just to end the discomfort.,Clarify the facts before committing.,"Something connected to emotion, instinct, needs, and daily rhythm may be easier to notice now because language, information, decisions, and nervous energy is pressing on it. Treat this as timing, not fate.","Current sky to natal chart: timing signal, not fate. Explain what part of their chart is being temporarily activated.",packages/astro-knowledge/data/transits/natal/mercury_moon_square.json
You,transits/natal,mercury_moon_trine,Transiting Mercury Trine Natal Moon,voiceNeutral: true,"A current movement of language, information, decisions, and nervous energy contacts the natal pattern of emotion, instinct, needs, and daily rhythm through a flow aspect.","This may temporarily bring emotion, instinct, needs, and daily rhythm into focus through events, conversations, moods, decisions, or timing connected to language, information, decisions, and nervous energy.",Letting the ease pass unused because nothing feels urgent.,Clarify the facts before committing.,"Something connected to emotion, instinct, needs, and daily rhythm may be easier to notice now because language, information, decisions, and nervous energy is pressing on it. Treat this as timing, not fate.","Current sky to natal chart: timing signal, not fate. Explain what part of their chart is being temporarily activated.",packages/astro-knowledge/data/transits/natal/mercury_moon_trine.json
You,transits/natal,mercury_neptune_conjunction,Transiting Mercury Conjunction Natal Neptune,voiceNeutral: true,"A current movement of language, information, decisions, and nervous energy contacts the natal pattern of imagination, longing, vision, sensitivity, and uncertainty through a fusion aspect.","This may temporarily bring imagination, longing, vision, sensitivity, and uncertainty into focus through events, conversations, moods, decisions, or timing connected to language, information, decisions, and nervous energy.",Acting from the intensity before identifying the separate parts.,Clarify the facts before committing.,"Something connected to imagination, longing, vision, sensitivity, and uncertainty may be easier to notice now because language, information, decisions, and nervous energy is pressing on it. Treat this as timing, not fate.","Current sky to natal chart: timing signal, not fate. Explain what part of their chart is being temporarily activated.",packages/astro-knowledge/data/transits/natal/mercury_neptune_conjunction.json
You,transits/natal,mercury_neptune_opposition,Transiting Mercury Opposition Natal Neptune,voiceNeutral: true,"A current movement of language, information, decisions, and nervous energy contacts the natal pattern of imagination, longing, vision, sensitivity, and uncertainty through a polarity aspect.","This may temporarily bring imagination, longing, vision, sensitivity, and uncertainty into focus through events, conversations, moods, decisions, or timing connected to language, information, decisions, and nervous energy.",Turning tension into a standoff instead of a clearer understanding.,Clarify the facts before committing.,"Something connected to imagination, longing, vision, sensitivity, and uncertainty may be easier to notice now because language, information, decisions, and nervous energy is pressing on it. Treat this as timing, not fate.","Current sky to natal chart: timing signal, not fate. Explain what part of their chart is being temporarily activated.",packages/astro-knowledge/data/transits/natal/mercury_neptune_opposition.json
You,transits/natal,mercury_neptune_sextile,Transiting Mercury Sextile Natal Neptune,voiceNeutral: true,"A current movement of language, information, decisions, and nervous energy contacts the natal pattern of imagination, longing, vision, sensitivity, and uncertainty through a opening aspect.","This may temporarily bring imagination, longing, vision, sensitivity, and uncertainty into focus through events, conversations, moods, decisions, or timing connected to language, information, decisions, and nervous energy.",Coasting on the good idea without turning it into anything concrete.,Clarify the facts before committing.,"Something connected to imagination, longing, vision, sensitivity, and uncertainty may be easier to notice now because language, information, decisions, and nervous energy is pressing on it. Treat this as timing, not fate.","Current sky to natal chart: timing signal, not fate. Explain what part of their chart is being temporarily activated.",packages/astro-knowledge/data/transits/natal/mercury_neptune_sextile.json
You,transits/natal,mercury_neptune_square,Transiting Mercury Square Natal Neptune,voiceNeutral: true,"A current movement of language, information, decisions, and nervous energy contacts the natal pattern of imagination, longing, vision, sensitivity, and uncertainty through a friction aspect.","This may temporarily bring imagination, longing, vision, sensitivity, and uncertainty into focus through events, conversations, moods, decisions, or timing connected to language, information, decisions, and nervous energy.",Forcing a decision just to end the discomfort.,Clarify the facts before committing.,"Something connected to imagination, longing, vision, sensitivity, and uncertainty may be easier to notice now because language, information, decisions, and nervous energy is pressing on it. Treat this as timing, not fate.","Current sky to natal chart: timing signal, not fate. Explain what part of their chart is being temporarily activated.",packages/astro-knowledge/data/transits/natal/mercury_neptune_square.json
You,transits/natal,mercury_neptune_trine,Transiting Mercury Trine Natal Neptune,voiceNeutral: true,"A current movement of language, information, decisions, and nervous energy contacts the natal pattern of imagination, longing, vision, sensitivity, and uncertainty through a flow aspect.","This may temporarily bring imagination, longing, vision, sensitivity, and uncertainty into focus through events, conversations, moods, decisions, or timing connected to language, information, decisions, and nervous energy.",Letting the ease pass unused because nothing feels urgent.,Clarify the facts before committing.,"Something connected to imagination, longing, vision, sensitivity, and uncertainty may be easier to notice now because language, information, decisions, and nervous energy is pressing on it. Treat this as timing, not fate.","Current sky to natal chart: timing signal, not fate. Explain what part of their chart is being temporarily activated.",packages/astro-knowledge/data/transits/natal/mercury_neptune_trine.json
You,transits/natal,mercury_pluto_conjunction,Transiting Mercury Conjunction Natal Pluto,voiceNeutral: true,"A current movement of language, information, decisions, and nervous energy contacts the natal pattern of depth, power, pressure, release, and transformation through a fusion aspect.","This may temporarily bring depth, power, pressure, release, and transformation into focus through events, conversations, moods, decisions, or timing connected to language, information, decisions, and nervous energy.",Acting from the intensity before identifying the separate parts.,Clarify the facts before committing.,"Something connected to depth, power, pressure, release, and transformation may be easier to notice now because language, information, decisions, and nervous energy is pressing on it. Treat this as timing, not fate.","Current sky to natal chart: timing signal, not fate. Explain what part of their chart is being temporarily activated.",packages/astro-knowledge/data/transits/natal/mercury_pluto_conjunction.json
You,transits/natal,mercury_pluto_opposition,Transiting Mercury Opposition Natal Pluto,voiceNeutral: true,"A current movement of language, information, decisions, and nervous energy contacts the natal pattern of depth, power, pressure, release, and transformation through a polarity aspect.","This may temporarily bring depth, power, pressure, release, and transformation into focus through events, conversations, moods, decisions, or timing connected to language, information, decisions, and nervous energy.",Turning tension into a standoff instead of a clearer understanding.,Clarify the facts before committing.,"Something connected to depth, power, pressure, release, and transformation may be easier to notice now because language, information, decisions, and nervous energy is pressing on it. Treat this as timing, not fate.","Current sky to natal chart: timing signal, not fate. Explain what part of their chart is being temporarily activated.",packages/astro-knowledge/data/transits/natal/mercury_pluto_opposition.json
You,transits/natal,mercury_pluto_sextile,Transiting Mercury Sextile Natal Pluto,voiceNeutral: true,"A current movement of language, information, decisions, and nervous energy contacts the natal pattern of depth, power, pressure, release, and transformation through a opening aspect.","This may temporarily bring depth, power, pressure, release, and transformation into focus through events, conversations, moods, decisions, or timing connected to language, information, decisions, and nervous energy.",Coasting on the good idea without turning it into anything concrete.,Clarify the facts before committing.,"Something connected to depth, power, pressure, release, and transformation may be easier to notice now because language, information, decisions, and nervous energy is pressing on it. Treat this as timing, not fate.","Current sky to natal chart: timing signal, not fate. Explain what part of their chart is being temporarily activated.",packages/astro-knowledge/data/transits/natal/mercury_pluto_sextile.json
You,transits/natal,mercury_pluto_square,Transiting Mercury Square Natal Pluto,voiceNeutral: true,"A current movement of language, information, decisions, and nervous energy contacts the natal pattern of depth, power, pressure, release, and transformation through a friction aspect.","This may temporarily bring depth, power, pressure, release, and transformation into focus through events, conversations, moods, decisions, or timing connected to language, information, decisions, and nervous energy.",Forcing a decision just to end the discomfort.,Clarify the facts before committing.,"Something connected to depth, power, pressure, release, and transformation may be easier to notice now because language, information, decisions, and nervous energy is pressing on it. Treat this as timing, not fate.","Current sky to natal chart: timing signal, not fate. Explain what part of their chart is being temporarily activated.",packages/astro-knowledge/data/transits/natal/mercury_pluto_square.json
You,transits/natal,mercury_pluto_trine,Transiting Mercury Trine Natal Pluto,voiceNeutral: true,"A current movement of language, information, decisions, and nervous energy contacts the natal pattern of depth, power, pressure, release, and transformation through a flow aspect.","This may temporarily bring depth, power, pressure, release, and transformation into focus through events, conversations, moods, decisions, or timing connected to language, information, decisions, and nervous energy.",Letting the ease pass unused because nothing feels urgent.,Clarify the facts before committing.,"Something connected to depth, power, pressure, release, and transformation may be easier to notice now because language, information, decisions, and nervous energy is pressing on it. Treat this as timing, not fate.","Current sky to natal chart: timing signal, not fate. Explain what part of their chart is being temporarily activated.",packages/astro-knowledge/data/transits/natal/mercury_pluto_trine.json
You,transits/natal,mercury_saturn_conjunction,Transiting Mercury Conjunction Natal Saturn,voiceNeutral: true,"A current movement of language, information, decisions, and nervous energy contacts the natal pattern of structure, limits, responsibility, time, and consequence through a fusion aspect.","This may temporarily bring structure, limits, responsibility, time, and consequence into focus through events, conversations, moods, decisions, or timing connected to language, information, decisions, and nervous energy.",Acting from the intensity before identifying the separate parts.,Clarify the facts before committing.,"Something connected to structure, limits, responsibility, time, and consequence may be easier to notice now because language, information, decisions, and nervous energy is pressing on it. Treat this as timing, not fate.","Current sky to natal chart: timing signal, not fate. Explain what part of their chart is being temporarily activated.",packages/astro-knowledge/data/transits/natal/mercury_saturn_conjunction.json
You,transits/natal,mercury_saturn_opposition,Transiting Mercury Opposition Natal Saturn,voiceNeutral: true,"A current movement of language, information, decisions, and nervous energy contacts the natal pattern of structure, limits, responsibility, time, and consequence through a polarity aspect.","This may temporarily bring structure, limits, responsibility, time, and consequence into focus through events, conversations, moods, decisions, or timing connected to language, information, decisions, and nervous energy.",Turning tension into a standoff instead of a clearer understanding.,Clarify the facts before committing.,"Something connected to structure, limits, responsibility, time, and consequence may be easier to notice now because language, information, decisions, and nervous energy is pressing on it. Treat this as timing, not fate.","Current sky to natal chart: timing signal, not fate. Explain what part of their chart is being temporarily activated.",packages/astro-knowledge/data/transits/natal/mercury_saturn_opposition.json
You,transits/natal,mercury_saturn_sextile,Transiting Mercury Sextile Natal Saturn,voiceNeutral: true,"A current movement of language, information, decisions, and nervous energy contacts the natal pattern of structure, limits, responsibility, time, and consequence through a opening aspect.","This may temporarily bring structure, limits, responsibility, time, and consequence into focus through events, conversations, moods, decisions, or timing connected to language, information, decisions, and nervous energy.",Coasting on the good idea without turning it into anything concrete.,Clarify the facts before committing.,"Something connected to structure, limits, responsibility, time, and consequence may be easier to notice now because language, information, decisions, and nervous energy is pressing on it. Treat this as timing, not fate.","Current sky to natal chart: timing signal, not fate. Explain what part of their chart is being temporarily activated.",packages/astro-knowledge/data/transits/natal/mercury_saturn_sextile.json
You,transits/natal,mercury_saturn_square,Transiting Mercury Square Natal Saturn,voiceNeutral: true,"A current movement of language, information, decisions, and nervous energy contacts the natal pattern of structure, limits, responsibility, time, and consequence through a friction aspect.","This may temporarily bring structure, limits, responsibility, time, and consequence into focus through events, conversations, moods, decisions, or timing connected to language, information, decisions, and nervous energy.",Forcing a decision just to end the discomfort.,Clarify the facts before committing.,"Something connected to structure, limits, responsibility, time, and consequence may be easier to notice now because language, information, decisions, and nervous energy is pressing on it. Treat this as timing, not fate.","Current sky to natal chart: timing signal, not fate. Explain what part of their chart is being temporarily activated.",packages/astro-knowledge/data/transits/natal/mercury_saturn_square.json
You,transits/natal,mercury_saturn_trine,Transiting Mercury Trine Natal Saturn,voiceNeutral: true,"A current movement of language, information, decisions, and nervous energy contacts the natal pattern of structure, limits, responsibility, time, and consequence through a flow aspect.","This may temporarily bring structure, limits, responsibility, time, and consequence into focus through events, conversations, moods, decisions, or timing connected to language, information, decisions, and nervous energy.",Letting the ease pass unused because nothing feels urgent.,Clarify the facts before committing.,"Something connected to structure, limits, responsibility, time, and consequence may be easier to notice now because language, information, decisions, and nervous energy is pressing on it. Treat this as timing, not fate.","Current sky to natal chart: timing signal, not fate. Explain what part of their chart is being temporarily activated.",packages/astro-knowledge/data/transits/natal/mercury_saturn_trine.json
You,transits/natal,mercury_sun_conjunction,Transiting Mercury Conjunction Natal Sun,voiceNeutral: true,"A current movement of language, information, decisions, and nervous energy contacts the natal pattern of attention, vitality, visibility, and confidence through a fusion aspect.","This may temporarily bring attention, vitality, visibility, and confidence into focus through events, conversations, moods, decisions, or timing connected to language, information, decisions, and nervous energy.",Acting from the intensity before identifying the separate parts.,Clarify the facts before committing.,"Something connected to attention, vitality, visibility, and confidence may be easier to notice now because language, information, decisions, and nervous energy is pressing on it. Treat this as timing, not fate.","Current sky to natal chart: timing signal, not fate. Explain what part of their chart is being temporarily activated.",packages/astro-knowledge/data/transits/natal/mercury_sun_conjunction.json
You,transits/natal,mercury_sun_opposition,Transiting Mercury Opposition Natal Sun,voiceNeutral: true,"A current movement of language, information, decisions, and nervous energy contacts the natal pattern of attention, vitality, visibility, and confidence through a polarity aspect.","This may temporarily bring attention, vitality, visibility, and confidence into focus through events, conversations, moods, decisions, or timing connected to language, information, decisions, and nervous energy.",Turning tension into a standoff instead of a clearer understanding.,Clarify the facts before committing.,"Something connected to attention, vitality, visibility, and confidence may be easier to notice now because language, information, decisions, and nervous energy is pressing on it. Treat this as timing, not fate.","Current sky to natal chart: timing signal, not fate. Explain what part of their chart is being temporarily activated.",packages/astro-knowledge/data/transits/natal/mercury_sun_opposition.json
You,transits/natal,mercury_sun_sextile,Transiting Mercury Sextile Natal Sun,voiceNeutral: true,"A current movement of language, information, decisions, and nervous energy contacts the natal pattern of attention, vitality, visibility, and confidence through a opening aspect.","This may temporarily bring attention, vitality, visibility, and confidence into focus through events, conversations, moods, decisions, or timing connected to language, information, decisions, and nervous energy.",Coasting on the good idea without turning it into anything concrete.,Clarify the facts before committing.,"Something connected to attention, vitality, visibility, and confidence may be easier to notice now because language, information, decisions, and nervous energy is pressing on it. Treat this as timing, not fate.","Current sky to natal chart: timing signal, not fate. Explain what part of their chart is being temporarily activated.",packages/astro-knowledge/data/transits/natal/mercury_sun_sextile.json
You,transits/natal,mercury_sun_square,Transiting Mercury Square Natal Sun,voiceNeutral: true,"A current movement of language, information, decisions, and nervous energy contacts the natal pattern of attention, vitality, visibility, and confidence through a friction aspect.","This may temporarily bring attention, vitality, visibility, and confidence into focus through events, conversations, moods, decisions, or timing connected to language, information, decisions, and nervous energy.",Forcing a decision just to end the discomfort.,Clarify the facts before committing.,"Something connected to attention, vitality, visibility, and confidence may be easier to notice now because language, information, decisions, and nervous energy is pressing on it. Treat this as timing, not fate.","Current sky to natal chart: timing signal, not fate. Explain what part of their chart is being temporarily activated.",packages/astro-knowledge/data/transits/natal/mercury_sun_square.json
You,transits/natal,mercury_sun_trine,Transiting Mercury Trine Natal Sun,voiceNeutral: true,"A current movement of language, information, decisions, and nervous energy contacts the natal pattern of attention, vitality, visibility, and confidence through a flow aspect.","This may temporarily bring attention, vitality, visibility, and confidence into focus through events, conversations, moods, decisions, or timing connected to language, information, decisions, and nervous energy.",Letting the ease pass unused because nothing feels urgent.,Clarify the facts before committing.,"Something connected to attention, vitality, visibility, and confidence may be easier to notice now because language, information, decisions, and nervous energy is pressing on it. Treat this as timing, not fate.","Current sky to natal chart: timing signal, not fate. Explain what part of their chart is being temporarily activated.",packages/astro-knowledge/data/transits/natal/mercury_sun_trine.json
You,transits/natal,mercury_uranus_conjunction,Transiting Mercury Conjunction Natal Uranus,voiceNeutral: true,"A current movement of language, information, decisions, and nervous energy contacts the natal pattern of change, disruption, freedom, and originality through a fusion aspect.","This may temporarily bring change, disruption, freedom, and originality into focus through events, conversations, moods, decisions, or timing connected to language, information, decisions, and nervous energy.",Acting from the intensity before identifying the separate parts.,Clarify the facts before committing.,"Something connected to change, disruption, freedom, and originality may be easier to notice now because language, information, decisions, and nervous energy is pressing on it. Treat this as timing, not fate.","Current sky to natal chart: timing signal, not fate. Explain what part of their chart is being temporarily activated.",packages/astro-knowledge/data/transits/natal/mercury_uranus_conjunction.json
You,transits/natal,mercury_uranus_opposition,Transiting Mercury Opposition Natal Uranus,voiceNeutral: true,"A current movement of language, information, decisions, and nervous energy contacts the natal pattern of change, disruption, freedom, and originality through a polarity aspect.","This may temporarily bring change, disruption, freedom, and originality into focus through events, conversations, moods, decisions, or timing connected to language, information, decisions, and nervous energy.",Turning tension into a standoff instead of a clearer understanding.,Clarify the facts before committing.,"Something connected to change, disruption, freedom, and originality may be easier to notice now because language, information, decisions, and nervous energy is pressing on it. Treat this as timing, not fate.","Current sky to natal chart: timing signal, not fate. Explain what part of their chart is being temporarily activated.",packages/astro-knowledge/data/transits/natal/mercury_uranus_opposition.json
You,transits/natal,mercury_uranus_sextile,Transiting Mercury Sextile Natal Uranus,voiceNeutral: true,"A current movement of language, information, decisions, and nervous energy contacts the natal pattern of change, disruption, freedom, and originality through a opening aspect.","This may temporarily bring change, disruption, freedom, and originality into focus through events, conversations, moods, decisions, or timing connected to language, information, decisions, and nervous energy.",Coasting on the good idea without turning it into anything concrete.,Clarify the facts before committing.,"Something connected to change, disruption, freedom, and originality may be easier to notice now because language, information, decisions, and nervous energy is pressing on it. Treat this as timing, not fate.","Current sky to natal chart: timing signal, not fate. Explain what part of their chart is being temporarily activated.",packages/astro-knowledge/data/transits/natal/mercury_uranus_sextile.json
You,transits/natal,mercury_uranus_square,Transiting Mercury Square Natal Uranus,voiceNeutral: true,"A current movement of language, information, decisions, and nervous energy contacts the natal pattern of change, disruption, freedom, and originality through a friction aspect.","This may temporarily bring change, disruption, freedom, and originality into focus through events, conversations, moods, decisions, or timing connected to language, information, decisions, and nervous energy.",Forcing a decision just to end the discomfort.,Clarify the facts before committing.,"Something connected to change, disruption, freedom, and originality may be easier to notice now because language, information, decisions, and nervous energy is pressing on it. Treat this as timing, not fate.","Current sky to natal chart: timing signal, not fate. Explain what part of their chart is being temporarily activated.",packages/astro-knowledge/data/transits/natal/mercury_uranus_square.json
You,transits/natal,mercury_uranus_trine,Transiting Mercury Trine Natal Uranus,voiceNeutral: true,"A current movement of language, information, decisions, and nervous energy contacts the natal pattern of change, disruption, freedom, and originality through a flow aspect.","This may temporarily bring change, disruption, freedom, and originality into focus through events, conversations, moods, decisions, or timing connected to language, information, decisions, and nervous energy.",Letting the ease pass unused because nothing feels urgent.,Clarify the facts before committing.,"Something connected to change, disruption, freedom, and originality may be easier to notice now because language, information, decisions, and nervous energy is pressing on it. Treat this as timing, not fate.","Current sky to natal chart: timing signal, not fate. Explain what part of their chart is being temporarily activated.",packages/astro-knowledge/data/transits/natal/mercury_uranus_trine.json
You,transits/natal,mercury_venus_conjunction,Transiting Mercury Conjunction Natal Venus,voiceNeutral: true,"A current movement of language, information, decisions, and nervous energy contacts the natal pattern of connection, value, pleasure, attraction, and ease through a fusion aspect.","This may temporarily bring connection, value, pleasure, attraction, and ease into focus through events, conversations, moods, decisions, or timing connected to language, information, decisions, and nervous energy.",Acting from the intensity before identifying the separate parts.,Clarify the facts before committing.,"Something connected to connection, value, pleasure, attraction, and ease may be easier to notice now because language, information, decisions, and nervous energy is pressing on it. Treat this as timing, not fate.","Current sky to natal chart: timing signal, not fate. Explain what part of their chart is being temporarily activated.",packages/astro-knowledge/data/transits/natal/mercury_venus_conjunction.json
You,transits/natal,mercury_venus_opposition,Transiting Mercury Opposition Natal Venus,voiceNeutral: true,"A current movement of language, information, decisions, and nervous energy contacts the natal pattern of connection, value, pleasure, attraction, and ease through a polarity aspect.","This may temporarily bring connection, value, pleasure, attraction, and ease into focus through events, conversations, moods, decisions, or timing connected to language, information, decisions, and nervous energy.",Turning tension into a standoff instead of a clearer understanding.,Clarify the facts before committing.,"Something connected to connection, value, pleasure, attraction, and ease may be easier to notice now because language, information, decisions, and nervous energy is pressing on it. Treat this as timing, not fate.","Current sky to natal chart: timing signal, not fate. Explain what part of their chart is being temporarily activated.",packages/astro-knowledge/data/transits/natal/mercury_venus_opposition.json
You,transits/natal,mercury_venus_sextile,Transiting Mercury Sextile Natal Venus,voiceNeutral: true,"A current movement of language, information, decisions, and nervous energy contacts the natal pattern of connection, value, pleasure, attraction, and ease through a opening aspect.","This may temporarily bring connection, value, pleasure, attraction, and ease into focus through events, conversations, moods, decisions, or timing connected to language, information, decisions, and nervous energy.",Coasting on the good idea without turning it into anything concrete.,Clarify the facts before committing.,"Something connected to connection, value, pleasure, attraction, and ease may be easier to notice now because language, information, decisions, and nervous energy is pressing on it. Treat this as timing, not fate.","Current sky to natal chart: timing signal, not fate. Explain what part of their chart is being temporarily activated.",packages/astro-knowledge/data/transits/natal/mercury_venus_sextile.json
You,transits/natal,mercury_venus_square,Transiting Mercury Square Natal Venus,voiceNeutral: true,"A current movement of language, information, decisions, and nervous energy contacts the natal pattern of connection, value, pleasure, attraction, and ease through a friction aspect.","This may temporarily bring connection, value, pleasure, attraction, and ease into focus through events, conversations, moods, decisions, or timing connected to language, information, decisions, and nervous energy.",Forcing a decision just to end the discomfort.,Clarify the facts before committing.,"Something connected to connection, value, pleasure, attraction, and ease may be easier to notice now because language, information, decisions, and nervous energy is pressing on it. Treat this as timing, not fate.","Current sky to natal chart: timing signal, not fate. Explain what part of their chart is being temporarily activated.",packages/astro-knowledge/data/transits/natal/mercury_venus_square.json
You,transits/natal,mercury_venus_trine,Transiting Mercury Trine Natal Venus,voiceNeutral: true,"A current movement of language, information, decisions, and nervous energy contacts the natal pattern of connection, value, pleasure, attraction, and ease through a flow aspect.","This may temporarily bring connection, value, pleasure, attraction, and ease into focus through events, conversations, moods, decisions, or timing connected to language, information, decisions, and nervous energy.",Letting the ease pass unused because nothing feels urgent.,Clarify the facts before committing.,"Something connected to connection, value, pleasure, attraction, and ease may be easier to notice now because language, information, decisions, and nervous energy is pressing on it. Treat this as timing, not fate.","Current sky to natal chart: timing signal, not fate. Explain what part of their chart is being temporarily activated.",packages/astro-knowledge/data/transits/natal/mercury_venus_trine.json
You,transits/natal,moon_ascendant_conjunction,Transiting Moon Conjunction Natal Ascendant,voiceNeutral: true,"A current movement of emotion, instinct, needs, and daily rhythm contacts the natal pattern of self-presentation, body, identity, and first response through a fusion aspect.","This may temporarily bring self-presentation, body, identity, and first response into focus through events, conversations, moods, decisions, or timing connected to emotion, instinct, needs, and daily rhythm.",Acting from the intensity before identifying the separate parts.,Name the feeling before responding to it.,"Something connected to self-presentation, body, identity, and first response may be easier to notice now because emotion, instinct, needs, and daily rhythm is pressing on it. Treat this as timing, not fate.","Current sky to natal chart: timing signal, not fate. Explain what part of their chart is being temporarily activated.",packages/astro-knowledge/data/transits/natal/moon_ascendant_conjunction.json
You,transits/natal,moon_ascendant_opposition,Transiting Moon Opposition Natal Ascendant,voiceNeutral: true,"A current movement of emotion, instinct, needs, and daily rhythm contacts the natal pattern of self-presentation, body, identity, and first response through a polarity aspect.","This may temporarily bring self-presentation, body, identity, and first response into focus through events, conversations, moods, decisions, or timing connected to emotion, instinct, needs, and daily rhythm.",Turning tension into a standoff instead of a clearer understanding.,Name the feeling before responding to it.,"Something connected to self-presentation, body, identity, and first response may be easier to notice now because emotion, instinct, needs, and daily rhythm is pressing on it. Treat this as timing, not fate.","Current sky to natal chart: timing signal, not fate. Explain what part of their chart is being temporarily activated.",packages/astro-knowledge/data/transits/natal/moon_ascendant_opposition.json
You,transits/natal,moon_ascendant_sextile,Transiting Moon Sextile Natal Ascendant,voiceNeutral: true,"A current movement of emotion, instinct, needs, and daily rhythm contacts the natal pattern of self-presentation, body, identity, and first response through a opening aspect.","This may temporarily bring self-presentation, body, identity, and first response into focus through events, conversations, moods, decisions, or timing connected to emotion, instinct, needs, and daily rhythm.",Coasting on the good idea without turning it into anything concrete.,Name the feeling before responding to it.,"Something connected to self-presentation, body, identity, and first response may be easier to notice now because emotion, instinct, needs, and daily rhythm is pressing on it. Treat this as timing, not fate.","Current sky to natal chart: timing signal, not fate. Explain what part of their chart is being temporarily activated.",packages/astro-knowledge/data/transits/natal/moon_ascendant_sextile.json
You,transits/natal,moon_ascendant_square,Transiting Moon Square Natal Ascendant,voiceNeutral: true,"A current movement of emotion, instinct, needs, and daily rhythm contacts the natal pattern of self-presentation, body, identity, and first response through a friction aspect.","This may temporarily bring self-presentation, body, identity, and first response into focus through events, conversations, moods, decisions, or timing connected to emotion, instinct, needs, and daily rhythm.",Forcing a decision just to end the discomfort.,Name the feeling before responding to it.,"Something connected to self-presentation, body, identity, and first response may be easier to notice now because emotion, instinct, needs, and daily rhythm is pressing on it. Treat this as timing, not fate.","Current sky to natal chart: timing signal, not fate. Explain what part of their chart is being temporarily activated.",packages/astro-knowledge/data/transits/natal/moon_ascendant_square.json
You,transits/natal,moon_ascendant_trine,Transiting Moon Trine Natal Ascendant,voiceNeutral: true,"A current movement of emotion, instinct, needs, and daily rhythm contacts the natal pattern of self-presentation, body, identity, and first response through a flow aspect.","This may temporarily bring self-presentation, body, identity, and first response into focus through events, conversations, moods, decisions, or timing connected to emotion, instinct, needs, and daily rhythm.",Letting the ease pass unused because nothing feels urgent.,Name the feeling before responding to it.,"Something connected to self-presentation, body, identity, and first response may be easier to notice now because emotion, instinct, needs, and daily rhythm is pressing on it. Treat this as timing, not fate.","Current sky to natal chart: timing signal, not fate. Explain what part of their chart is being temporarily activated.",packages/astro-knowledge/data/transits/natal/moon_ascendant_trine.json
You,transits/natal,moon_jupiter_conjunction,Transiting Moon Conjunction Natal Jupiter,voiceNeutral: true,"A current movement of emotion, instinct, needs, and daily rhythm contacts the natal pattern of growth, belief, opportunity, and expansion through a fusion aspect.","This may temporarily bring growth, belief, opportunity, and expansion into focus through events, conversations, moods, decisions, or timing connected to emotion, instinct, needs, and daily rhythm.",Acting from the intensity before identifying the separate parts.,Name the feeling before responding to it.,"Something connected to growth, belief, opportunity, and expansion may be easier to notice now because emotion, instinct, needs, and daily rhythm is pressing on it. Treat this as timing, not fate.","Current sky to natal chart: timing signal, not fate. Explain what part of their chart is being temporarily activated.",packages/astro-knowledge/data/transits/natal/moon_jupiter_conjunction.json
You,transits/natal,moon_jupiter_opposition,Transiting Moon Opposition Natal Jupiter,voiceNeutral: true,"A current movement of emotion, instinct, needs, and daily rhythm contacts the natal pattern of growth, belief, opportunity, and expansion through a polarity aspect.","This may temporarily bring growth, belief, opportunity, and expansion into focus through events, conversations, moods, decisions, or timing connected to emotion, instinct, needs, and daily rhythm.",Turning tension into a standoff instead of a clearer understanding.,Name the feeling before responding to it.,"Something connected to growth, belief, opportunity, and expansion may be easier to notice now because emotion, instinct, needs, and daily rhythm is pressing on it. Treat this as timing, not fate.","Current sky to natal chart: timing signal, not fate. Explain what part of their chart is being temporarily activated.",packages/astro-knowledge/data/transits/natal/moon_jupiter_opposition.json
You,transits/natal,moon_jupiter_sextile,Transiting Moon Sextile Natal Jupiter,voiceNeutral: true,"A current movement of emotion, instinct, needs, and daily rhythm contacts the natal pattern of growth, belief, opportunity, and expansion through a opening aspect.","This may temporarily bring growth, belief, opportunity, and expansion into focus through events, conversations, moods, decisions, or timing connected to emotion, instinct, needs, and daily rhythm.",Coasting on the good idea without turning it into anything concrete.,Name the feeling before responding to it.,"Something connected to growth, belief, opportunity, and expansion may be easier to notice now because emotion, instinct, needs, and daily rhythm is pressing on it. Treat this as timing, not fate.","Current sky to natal chart: timing signal, not fate. Explain what part of their chart is being temporarily activated.",packages/astro-knowledge/data/transits/natal/moon_jupiter_sextile.json
You,transits/natal,moon_jupiter_square,Transiting Moon Square Natal Jupiter,voiceNeutral: true,"A current movement of emotion, instinct, needs, and daily rhythm contacts the natal pattern of growth, belief, opportunity, and expansion through a friction aspect.","This may temporarily bring growth, belief, opportunity, and expansion into focus through events, conversations, moods, decisions, or timing connected to emotion, instinct, needs, and daily rhythm.",Forcing a decision just to end the discomfort.,Name the feeling before responding to it.,"Something connected to growth, belief, opportunity, and expansion may be easier to notice now because emotion, instinct, needs, and daily rhythm is pressing on it. Treat this as timing, not fate.","Current sky to natal chart: timing signal, not fate. Explain what part of their chart is being temporarily activated.",packages/astro-knowledge/data/transits/natal/moon_jupiter_square.json
You,transits/natal,moon_jupiter_trine,Transiting Moon Trine Natal Jupiter,voiceNeutral: true,"A current movement of emotion, instinct, needs, and daily rhythm contacts the natal pattern of growth, belief, opportunity, and expansion through a flow aspect.","This may temporarily bring growth, belief, opportunity, and expansion into focus through events, conversations, moods, decisions, or timing connected to emotion, instinct, needs, and daily rhythm.",Letting the ease pass unused because nothing feels urgent.,Name the feeling before responding to it.,"Something connected to growth, belief, opportunity, and expansion may be easier to notice now because emotion, instinct, needs, and daily rhythm is pressing on it. Treat this as timing, not fate.","Current sky to natal chart: timing signal, not fate. Explain what part of their chart is being temporarily activated.",packages/astro-knowledge/data/transits/natal/moon_jupiter_trine.json
You,transits/natal,moon_mars_conjunction,Transiting Moon Conjunction Natal Mars,voiceNeutral: true,"A current movement of emotion, instinct, needs, and daily rhythm contacts the natal pattern of action, heat, courage, friction, and desire through a fusion aspect.","This may temporarily bring action, heat, courage, friction, and desire into focus through events, conversations, moods, decisions, or timing connected to emotion, instinct, needs, and daily rhythm.",Acting from the intensity before identifying the separate parts.,Name the feeling before responding to it.,"Something connected to action, heat, courage, friction, and desire may be easier to notice now because emotion, instinct, needs, and daily rhythm is pressing on it. Treat this as timing, not fate.","Current sky to natal chart: timing signal, not fate. Explain what part of their chart is being temporarily activated.",packages/astro-knowledge/data/transits/natal/moon_mars_conjunction.json
You,transits/natal,moon_mars_opposition,Transiting Moon Opposition Natal Mars,voiceNeutral: true,"A current movement of emotion, instinct, needs, and daily rhythm contacts the natal pattern of action, heat, courage, friction, and desire through a polarity aspect.","This may temporarily bring action, heat, courage, friction, and desire into focus through events, conversations, moods, decisions, or timing connected to emotion, instinct, needs, and daily rhythm.",Turning tension into a standoff instead of a clearer understanding.,Name the feeling before responding to it.,"Something connected to action, heat, courage, friction, and desire may be easier to notice now because emotion, instinct, needs, and daily rhythm is pressing on it. Treat this as timing, not fate.","Current sky to natal chart: timing signal, not fate. Explain what part of their chart is being temporarily activated.",packages/astro-knowledge/data/transits/natal/moon_mars_opposition.json
You,transits/natal,moon_mars_sextile,Transiting Moon Sextile Natal Mars,voiceNeutral: true,"A current movement of emotion, instinct, needs, and daily rhythm contacts the natal pattern of action, heat, courage, friction, and desire through a opening aspect.","This may temporarily bring action, heat, courage, friction, and desire into focus through events, conversations, moods, decisions, or timing connected to emotion, instinct, needs, and daily rhythm.",Coasting on the good idea without turning it into anything concrete.,Name the feeling before responding to it.,"Something connected to action, heat, courage, friction, and desire may be easier to notice now because emotion, instinct, needs, and daily rhythm is pressing on it. Treat this as timing, not fate.","Current sky to natal chart: timing signal, not fate. Explain what part of their chart is being temporarily activated.",packages/astro-knowledge/data/transits/natal/moon_mars_sextile.json
You,transits/natal,moon_mars_square,Transiting Moon Square Natal Mars,voiceNeutral: true,"A current movement of emotion, instinct, needs, and daily rhythm contacts the natal pattern of action, heat, courage, friction, and desire through a friction aspect.","This may temporarily bring action, heat, courage, friction, and desire into focus through events, conversations, moods, decisions, or timing connected to emotion, instinct, needs, and daily rhythm.",Forcing a decision just to end the discomfort.,Name the feeling before responding to it.,"Something connected to action, heat, courage, friction, and desire may be easier to notice now because emotion, instinct, needs, and daily rhythm is pressing on it. Treat this as timing, not fate.","Current sky to natal chart: timing signal, not fate. Explain what part of their chart is being temporarily activated.",packages/astro-knowledge/data/transits/natal/moon_mars_square.json
You,transits/natal,moon_mars_trine,Transiting Moon Trine Natal Mars,voiceNeutral: true,"A current movement of emotion, instinct, needs, and daily rhythm contacts the natal pattern of action, heat, courage, friction, and desire through a flow aspect.","This may temporarily bring action, heat, courage, friction, and desire into focus through events, conversations, moods, decisions, or timing connected to emotion, instinct, needs, and daily rhythm.",Letting the ease pass unused because nothing feels urgent.,Name the feeling before responding to it.,"Something connected to action, heat, courage, friction, and desire may be easier to notice now because emotion, instinct, needs, and daily rhythm is pressing on it. Treat this as timing, not fate.","Current sky to natal chart: timing signal, not fate. Explain what part of their chart is being temporarily activated.",packages/astro-knowledge/data/transits/natal/moon_mars_trine.json
You,transits/natal,moon_mercury_conjunction,Transiting Moon Conjunction Natal Mercury,voiceNeutral: true,"A current movement of emotion, instinct, needs, and daily rhythm contacts the natal pattern of language, information, decisions, and nervous energy through a fusion aspect.","This may temporarily bring language, information, decisions, and nervous energy into focus through events, conversations, moods, decisions, or timing connected to emotion, instinct, needs, and daily rhythm.",Acting from the intensity before identifying the separate parts.,Name the feeling before responding to it.,"Something connected to language, information, decisions, and nervous energy may be easier to notice now because emotion, instinct, needs, and daily rhythm is pressing on it. Treat this as timing, not fate.","Current sky to natal chart: timing signal, not fate. Explain what part of their chart is being temporarily activated.",packages/astro-knowledge/data/transits/natal/moon_mercury_conjunction.json
You,transits/natal,moon_mercury_opposition,Transiting Moon Opposition Natal Mercury,voiceNeutral: true,"A current movement of emotion, instinct, needs, and daily rhythm contacts the natal pattern of language, information, decisions, and nervous energy through a polarity aspect.","This may temporarily bring language, information, decisions, and nervous energy into focus through events, conversations, moods, decisions, or timing connected to emotion, instinct, needs, and daily rhythm.",Turning tension into a standoff instead of a clearer understanding.,Name the feeling before responding to it.,"Something connected to language, information, decisions, and nervous energy may be easier to notice now because emotion, instinct, needs, and daily rhythm is pressing on it. Treat this as timing, not fate.","Current sky to natal chart: timing signal, not fate. Explain what part of their chart is being temporarily activated.",packages/astro-knowledge/data/transits/natal/moon_mercury_opposition.json
You,transits/natal,moon_mercury_sextile,Transiting Moon Sextile Natal Mercury,voiceNeutral: true,"A current movement of emotion, instinct, needs, and daily rhythm contacts the natal pattern of language, information, decisions, and nervous energy through a opening aspect.","This may temporarily bring language, information, decisions, and nervous energy into focus through events, conversations, moods, decisions, or timing connected to emotion, instinct, needs, and daily rhythm.",Coasting on the good idea without turning it into anything concrete.,Name the feeling before responding to it.,"Something connected to language, information, decisions, and nervous energy may be easier to notice now because emotion, instinct, needs, and daily rhythm is pressing on it. Treat this as timing, not fate.","Current sky to natal chart: timing signal, not fate. Explain what part of their chart is being temporarily activated.",packages/astro-knowledge/data/transits/natal/moon_mercury_sextile.json
You,transits/natal,moon_mercury_square,Transiting Moon Square Natal Mercury,voiceNeutral: true,"A current movement of emotion, instinct, needs, and daily rhythm contacts the natal pattern of language, information, decisions, and nervous energy through a friction aspect.","This may temporarily bring language, information, decisions, and nervous energy into focus through events, conversations, moods, decisions, or timing connected to emotion, instinct, needs, and daily rhythm.",Forcing a decision just to end the discomfort.,Name the feeling before responding to it.,"Something connected to language, information, decisions, and nervous energy may be easier to notice now because emotion, instinct, needs, and daily rhythm is pressing on it. Treat this as timing, not fate.","Current sky to natal chart: timing signal, not fate. Explain what part of their chart is being temporarily activated.",packages/astro-knowledge/data/transits/natal/moon_mercury_square.json
You,transits/natal,moon_mercury_trine,Transiting Moon Trine Natal Mercury,voiceNeutral: true,"A current movement of emotion, instinct, needs, and daily rhythm contacts the natal pattern of language, information, decisions, and nervous energy through a flow aspect.","This may temporarily bring language, information, decisions, and nervous energy into focus through events, conversations, moods, decisions, or timing connected to emotion, instinct, needs, and daily rhythm.",Letting the ease pass unused because nothing feels urgent.,Name the feeling before responding to it.,"Something connected to language, information, decisions, and nervous energy may be easier to notice now because emotion, instinct, needs, and daily rhythm is pressing on it. Treat this as timing, not fate.","Current sky to natal chart: timing signal, not fate. Explain what part of their chart is being temporarily activated.",packages/astro-knowledge/data/transits/natal/moon_mercury_trine.json
You,transits/natal,moon_moon_conjunction,Transiting Moon Conjunction Natal Moon,voiceNeutral: true,"A current movement of emotion, instinct, needs, and daily rhythm contacts the natal pattern of emotion, instinct, needs, and daily rhythm through a fusion aspect.","This may temporarily bring emotion, instinct, needs, and daily rhythm into focus through events, conversations, moods, decisions, or timing connected to emotion, instinct, needs, and daily rhythm.",Acting from the intensity before identifying the separate parts.,Name the feeling before responding to it.,"Something connected to emotion, instinct, needs, and daily rhythm may be easier to notice now because emotion, instinct, needs, and daily rhythm is pressing on it. Treat this as timing, not fate.","Current sky to natal chart: timing signal, not fate. Explain what part of their chart is being temporarily activated.",packages/astro-knowledge/data/transits/natal/moon_moon_conjunction.json
You,transits/natal,moon_moon_opposition,Transiting Moon Opposition Natal Moon,voiceNeutral: true,"A current movement of emotion, instinct, needs, and daily rhythm contacts the natal pattern of emotion, instinct, needs, and daily rhythm through a polarity aspect.","This may temporarily bring emotion, instinct, needs, and daily rhythm into focus through events, conversations, moods, decisions, or timing connected to emotion, instinct, needs, and daily rhythm.",Turning tension into a standoff instead of a clearer understanding.,Name the feeling before responding to it.,"Something connected to emotion, instinct, needs, and daily rhythm may be easier to notice now because emotion, instinct, needs, and daily rhythm is pressing on it. Treat this as timing, not fate.","Current sky to natal chart: timing signal, not fate. Explain what part of their chart is being temporarily activated.",packages/astro-knowledge/data/transits/natal/moon_moon_opposition.json
You,transits/natal,moon_moon_sextile,Transiting Moon Sextile Natal Moon,voiceNeutral: true,"A current movement of emotion, instinct, needs, and daily rhythm contacts the natal pattern of emotion, instinct, needs, and daily rhythm through a opening aspect.","This may temporarily bring emotion, instinct, needs, and daily rhythm into focus through events, conversations, moods, decisions, or timing connected to emotion, instinct, needs, and daily rhythm.",Coasting on the good idea without turning it into anything concrete.,Name the feeling before responding to it.,"Something connected to emotion, instinct, needs, and daily rhythm may be easier to notice now because emotion, instinct, needs, and daily rhythm is pressing on it. Treat this as timing, not fate.","Current sky to natal chart: timing signal, not fate. Explain what part of their chart is being temporarily activated.",packages/astro-knowledge/data/transits/natal/moon_moon_sextile.json
You,transits/natal,moon_moon_square,Transiting Moon Square Natal Moon,voiceNeutral: true,"A current movement of emotion, instinct, needs, and daily rhythm contacts the natal pattern of emotion, instinct, needs, and daily rhythm through a friction aspect.","This may temporarily bring emotion, instinct, needs, and daily rhythm into focus through events, conversations, moods, decisions, or timing connected to emotion, instinct, needs, and daily rhythm.",Forcing a decision just to end the discomfort.,Name the feeling before responding to it.,"Something connected to emotion, instinct, needs, and daily rhythm may be easier to notice now because emotion, instinct, needs, and daily rhythm is pressing on it. Treat this as timing, not fate.","Current sky to natal chart: timing signal, not fate. Explain what part of their chart is being temporarily activated.",packages/astro-knowledge/data/transits/natal/moon_moon_square.json
You,transits/natal,moon_moon_trine,Transiting Moon Trine Natal Moon,voiceNeutral: true,"A current movement of emotion, instinct, needs, and daily rhythm contacts the natal pattern of emotion, instinct, needs, and daily rhythm through a flow aspect.","This may temporarily bring emotion, instinct, needs, and daily rhythm into focus through events, conversations, moods, decisions, or timing connected to emotion, instinct, needs, and daily rhythm.",Letting the ease pass unused because nothing feels urgent.,Name the feeling before responding to it.,"Something connected to emotion, instinct, needs, and daily rhythm may be easier to notice now because emotion, instinct, needs, and daily rhythm is pressing on it. Treat this as timing, not fate.","Current sky to natal chart: timing signal, not fate. Explain what part of their chart is being temporarily activated.",packages/astro-knowledge/data/transits/natal/moon_moon_trine.json
You,transits/natal,moon_neptune_conjunction,Transiting Moon Conjunction Natal Neptune,voiceNeutral: true,"A current movement of emotion, instinct, needs, and daily rhythm contacts the natal pattern of imagination, longing, vision, sensitivity, and uncertainty through a fusion aspect.","This may temporarily bring imagination, longing, vision, sensitivity, and uncertainty into focus through events, conversations, moods, decisions, or timing connected to emotion, instinct, needs, and daily rhythm.",Acting from the intensity before identifying the separate parts.,Name the feeling before responding to it.,"Something connected to imagination, longing, vision, sensitivity, and uncertainty may be easier to notice now because emotion, instinct, needs, and daily rhythm is pressing on it. Treat this as timing, not fate.","Current sky to natal chart: timing signal, not fate. Explain what part of their chart is being temporarily activated.",packages/astro-knowledge/data/transits/natal/moon_neptune_conjunction.json
You,transits/natal,moon_neptune_opposition,Transiting Moon Opposition Natal Neptune,voiceNeutral: true,"A current movement of emotion, instinct, needs, and daily rhythm contacts the natal pattern of imagination, longing, vision, sensitivity, and uncertainty through a polarity aspect.","This may temporarily bring imagination, longing, vision, sensitivity, and uncertainty into focus through events, conversations, moods, decisions, or timing connected to emotion, instinct, needs, and daily rhythm.",Turning tension into a standoff instead of a clearer understanding.,Name the feeling before responding to it.,"Something connected to imagination, longing, vision, sensitivity, and uncertainty may be easier to notice now because emotion, instinct, needs, and daily rhythm is pressing on it. Treat this as timing, not fate.","Current sky to natal chart: timing signal, not fate. Explain what part of their chart is being temporarily activated.",packages/astro-knowledge/data/transits/natal/moon_neptune_opposition.json
You,transits/natal,moon_neptune_sextile,Transiting Moon Sextile Natal Neptune,voiceNeutral: true,"A current movement of emotion, instinct, needs, and daily rhythm contacts the natal pattern of imagination, longing, vision, sensitivity, and uncertainty through a opening aspect.","This may temporarily bring imagination, longing, vision, sensitivity, and uncertainty into focus through events, conversations, moods, decisions, or timing connected to emotion, instinct, needs, and daily rhythm.",Coasting on the good idea without turning it into anything concrete.,Name the feeling before responding to it.,"Something connected to imagination, longing, vision, sensitivity, and uncertainty may be easier to notice now because emotion, instinct, needs, and daily rhythm is pressing on it. Treat this as timing, not fate.","Current sky to natal chart: timing signal, not fate. Explain what part of their chart is being temporarily activated.",packages/astro-knowledge/data/transits/natal/moon_neptune_sextile.json
You,transits/natal,moon_neptune_square,Transiting Moon Square Natal Neptune,voiceNeutral: true,"A current movement of emotion, instinct, needs, and daily rhythm contacts the natal pattern of imagination, longing, vision, sensitivity, and uncertainty through a friction aspect.","This may temporarily bring imagination, longing, vision, sensitivity, and uncertainty into focus through events, conversations, moods, decisions, or timing connected to emotion, instinct, needs, and daily rhythm.",Forcing a decision just to end the discomfort.,Name the feeling before responding to it.,"Something connected to imagination, longing, vision, sensitivity, and uncertainty may be easier to notice now because emotion, instinct, needs, and daily rhythm is pressing on it. Treat this as timing, not fate.","Current sky to natal chart: timing signal, not fate. Explain what part of their chart is being temporarily activated.",packages/astro-knowledge/data/transits/natal/moon_neptune_square.json
You,transits/natal,moon_neptune_trine,Transiting Moon Trine Natal Neptune,voiceNeutral: true,"A current movement of emotion, instinct, needs, and daily rhythm contacts the natal pattern of imagination, longing, vision, sensitivity, and uncertainty through a flow aspect.","This may temporarily bring imagination, longing, vision, sensitivity, and uncertainty into focus through events, conversations, moods, decisions, or timing connected to emotion, instinct, needs, and daily rhythm.",Letting the ease pass unused because nothing feels urgent.,Name the feeling before responding to it.,"Something connected to imagination, longing, vision, sensitivity, and uncertainty may be easier to notice now because emotion, instinct, needs, and daily rhythm is pressing on it. Treat this as timing, not fate.","Current sky to natal chart: timing signal, not fate. Explain what part of their chart is being temporarily activated.",packages/astro-knowledge/data/transits/natal/moon_neptune_trine.json
You,transits/natal,moon_pluto_conjunction,Transiting Moon Conjunction Natal Pluto,voiceNeutral: true,"A current movement of emotion, instinct, needs, and daily rhythm contacts the natal pattern of depth, power, pressure, release, and transformation through a fusion aspect.","This may temporarily bring depth, power, pressure, release, and transformation into focus through events, conversations, moods, decisions, or timing connected to emotion, instinct, needs, and daily rhythm.",Acting from the intensity before identifying the separate parts.,Name the feeling before responding to it.,"Something connected to depth, power, pressure, release, and transformation may be easier to notice now because emotion, instinct, needs, and daily rhythm is pressing on it. Treat this as timing, not fate.","Current sky to natal chart: timing signal, not fate. Explain what part of their chart is being temporarily activated.",packages/astro-knowledge/data/transits/natal/moon_pluto_conjunction.json
You,transits/natal,moon_pluto_opposition,Transiting Moon Opposition Natal Pluto,voiceNeutral: true,"A current movement of emotion, instinct, needs, and daily rhythm contacts the natal pattern of depth, power, pressure, release, and transformation through a polarity aspect.","This may temporarily bring depth, power, pressure, release, and transformation into focus through events, conversations, moods, decisions, or timing connected to emotion, instinct, needs, and daily rhythm.",Turning tension into a standoff instead of a clearer understanding.,Name the feeling before responding to it.,"Something connected to depth, power, pressure, release, and transformation may be easier to notice now because emotion, instinct, needs, and daily rhythm is pressing on it. Treat this as timing, not fate.","Current sky to natal chart: timing signal, not fate. Explain what part of their chart is being temporarily activated.",packages/astro-knowledge/data/transits/natal/moon_pluto_opposition.json
You,transits/natal,moon_pluto_sextile,Transiting Moon Sextile Natal Pluto,voiceNeutral: true,"A current movement of emotion, instinct, needs, and daily rhythm contacts the natal pattern of depth, power, pressure, release, and transformation through a opening aspect.","This may temporarily bring depth, power, pressure, release, and transformation into focus through events, conversations, moods, decisions, or timing connected to emotion, instinct, needs, and daily rhythm.",Coasting on the good idea without turning it into anything concrete.,Name the feeling before responding to it.,"Something connected to depth, power, pressure, release, and transformation may be easier to notice now because emotion, instinct, needs, and daily rhythm is pressing on it. Treat this as timing, not fate.","Current sky to natal chart: timing signal, not fate. Explain what part of their chart is being temporarily activated.",packages/astro-knowledge/data/transits/natal/moon_pluto_sextile.json
You,transits/natal,moon_pluto_square,Transiting Moon Square Natal Pluto,voiceNeutral: true,"A current movement of emotion, instinct, needs, and daily rhythm contacts the natal pattern of depth, power, pressure, release, and transformation through a friction aspect.","This may temporarily bring depth, power, pressure, release, and transformation into focus through events, conversations, moods, decisions, or timing connected to emotion, instinct, needs, and daily rhythm.",Forcing a decision just to end the discomfort.,Name the feeling before responding to it.,"Something connected to depth, power, pressure, release, and transformation may be easier to notice now because emotion, instinct, needs, and daily rhythm is pressing on it. Treat this as timing, not fate.","Current sky to natal chart: timing signal, not fate. Explain what part of their chart is being temporarily activated.",packages/astro-knowledge/data/transits/natal/moon_pluto_square.json
You,transits/natal,moon_pluto_trine,Transiting Moon Trine Natal Pluto,voiceNeutral: true,"A current movement of emotion, instinct, needs, and daily rhythm contacts the natal pattern of depth, power, pressure, release, and transformation through a flow aspect.","This may temporarily bring depth, power, pressure, release, and transformation into focus through events, conversations, moods, decisions, or timing connected to emotion, instinct, needs, and daily rhythm.",Letting the ease pass unused because nothing feels urgent.,Name the feeling before responding to it.,"Something connected to depth, power, pressure, release, and transformation may be easier to notice now because emotion, instinct, needs, and daily rhythm is pressing on it. Treat this as timing, not fate.","Current sky to natal chart: timing signal, not fate. Explain what part of their chart is being temporarily activated.",packages/astro-knowledge/data/transits/natal/moon_pluto_trine.json
You,transits/natal,moon_saturn_conjunction,Transiting Moon Conjunction Natal Saturn,voiceNeutral: true,"A current movement of emotion, instinct, needs, and daily rhythm contacts the natal pattern of structure, limits, responsibility, time, and consequence through a fusion aspect.","This may temporarily bring structure, limits, responsibility, time, and consequence into focus through events, conversations, moods, decisions, or timing connected to emotion, instinct, needs, and daily rhythm.",Acting from the intensity before identifying the separate parts.,Name the feeling before responding to it.,"Something connected to structure, limits, responsibility, time, and consequence may be easier to notice now because emotion, instinct, needs, and daily rhythm is pressing on it. Treat this as timing, not fate.","Current sky to natal chart: timing signal, not fate. Explain what part of their chart is being temporarily activated.",packages/astro-knowledge/data/transits/natal/moon_saturn_conjunction.json
You,transits/natal,moon_saturn_opposition,Transiting Moon Opposition Natal Saturn,voiceNeutral: true,"A current movement of emotion, instinct, needs, and daily rhythm contacts the natal pattern of structure, limits, responsibility, time, and consequence through a polarity aspect.","This may temporarily bring structure, limits, responsibility, time, and consequence into focus through events, conversations, moods, decisions, or timing connected to emotion, instinct, needs, and daily rhythm.",Turning tension into a standoff instead of a clearer understanding.,Name the feeling before responding to it.,"Something connected to structure, limits, responsibility, time, and consequence may be easier to notice now because emotion, instinct, needs, and daily rhythm is pressing on it. Treat this as timing, not fate.","Current sky to natal chart: timing signal, not fate. Explain what part of their chart is being temporarily activated.",packages/astro-knowledge/data/transits/natal/moon_saturn_opposition.json
You,transits/natal,moon_saturn_sextile,Transiting Moon Sextile Natal Saturn,voiceNeutral: true,"A current movement of emotion, instinct, needs, and daily rhythm contacts the natal pattern of structure, limits, responsibility, time, and consequence through a opening aspect.","This may temporarily bring structure, limits, responsibility, time, and consequence into focus through events, conversations, moods, decisions, or timing connected to emotion, instinct, needs, and daily rhythm.",Coasting on the good idea without turning it into anything concrete.,Name the feeling before responding to it.,"Something connected to structure, limits, responsibility, time, and consequence may be easier to notice now because emotion, instinct, needs, and daily rhythm is pressing on it. Treat this as timing, not fate.","Current sky to natal chart: timing signal, not fate. Explain what part of their chart is being temporarily activated.",packages/astro-knowledge/data/transits/natal/moon_saturn_sextile.json
You,transits/natal,moon_saturn_square,Transiting Moon Square Natal Saturn,voiceNeutral: true,"A current movement of emotion, instinct, needs, and daily rhythm contacts the natal pattern of structure, limits, responsibility, time, and consequence through a friction aspect.","This may temporarily bring structure, limits, responsibility, time, and consequence into focus through events, conversations, moods, decisions, or timing connected to emotion, instinct, needs, and daily rhythm.",Forcing a decision just to end the discomfort.,Name the feeling before responding to it.,"Something connected to structure, limits, responsibility, time, and consequence may be easier to notice now because emotion, instinct, needs, and daily rhythm is pressing on it. Treat this as timing, not fate.","Current sky to natal chart: timing signal, not fate. Explain what part of their chart is being temporarily activated.",packages/astro-knowledge/data/transits/natal/moon_saturn_square.json
You,transits/natal,moon_saturn_trine,Transiting Moon Trine Natal Saturn,voiceNeutral: true,"A current movement of emotion, instinct, needs, and daily rhythm contacts the natal pattern of structure, limits, responsibility, time, and consequence through a flow aspect.","This may temporarily bring structure, limits, responsibility, time, and consequence into focus through events, conversations, moods, decisions, or timing connected to emotion, instinct, needs, and daily rhythm.",Letting the ease pass unused because nothing feels urgent.,Name the feeling before responding to it.,"Something connected to structure, limits, responsibility, time, and consequence may be easier to notice now because emotion, instinct, needs, and daily rhythm is pressing on it. Treat this as timing, not fate.","Current sky to natal chart: timing signal, not fate. Explain what part of their chart is being temporarily activated.",packages/astro-knowledge/data/transits/natal/moon_saturn_trine.json
You,transits/natal,moon_sun_conjunction,Transiting Moon Conjunction Natal Sun,voiceNeutral: true,"A current movement of emotion, instinct, needs, and daily rhythm contacts the natal pattern of attention, vitality, visibility, and confidence through a fusion aspect.","This may temporarily bring attention, vitality, visibility, and confidence into focus through events, conversations, moods, decisions, or timing connected to emotion, instinct, needs, and daily rhythm.",Acting from the intensity before identifying the separate parts.,Name the feeling before responding to it.,"Something connected to attention, vitality, visibility, and confidence may be easier to notice now because emotion, instinct, needs, and daily rhythm is pressing on it. Treat this as timing, not fate.","Current sky to natal chart: timing signal, not fate. Explain what part of their chart is being temporarily activated.",packages/astro-knowledge/data/transits/natal/moon_sun_conjunction.json
You,transits/natal,moon_sun_opposition,Transiting Moon Opposition Natal Sun,voiceNeutral: true,"A current movement of emotion, instinct, needs, and daily rhythm contacts the natal pattern of attention, vitality, visibility, and confidence through a polarity aspect.","This may temporarily bring attention, vitality, visibility, and confidence into focus through events, conversations, moods, decisions, or timing connected to emotion, instinct, needs, and daily rhythm.",Turning tension into a standoff instead of a clearer understanding.,Name the feeling before responding to it.,"Something connected to attention, vitality, visibility, and confidence may be easier to notice now because emotion, instinct, needs, and daily rhythm is pressing on it. Treat this as timing, not fate.","Current sky to natal chart: timing signal, not fate. Explain what part of their chart is being temporarily activated.",packages/astro-knowledge/data/transits/natal/moon_sun_opposition.json
You,transits/natal,moon_sun_sextile,Transiting Moon Sextile Natal Sun,voiceNeutral: true,"A current movement of emotion, instinct, needs, and daily rhythm contacts the natal pattern of attention, vitality, visibility, and confidence through a opening aspect.","This may temporarily bring attention, vitality, visibility, and confidence into focus through events, conversations, moods, decisions, or timing connected to emotion, instinct, needs, and daily rhythm.",Coasting on the good idea without turning it into anything concrete.,Name the feeling before responding to it.,"Something connected to attention, vitality, visibility, and confidence may be easier to notice now because emotion, instinct, needs, and daily rhythm is pressing on it. Treat this as timing, not fate.","Current sky to natal chart: timing signal, not fate. Explain what part of their chart is being temporarily activated.",packages/astro-knowledge/data/transits/natal/moon_sun_sextile.json
You,transits/natal,moon_sun_square,Transiting Moon Square Natal Sun,voiceNeutral: true,"A current movement of emotion, instinct, needs, and daily rhythm contacts the natal pattern of attention, vitality, visibility, and confidence through a friction aspect.","This may temporarily bring attention, vitality, visibility, and confidence into focus through events, conversations, moods, decisions, or timing connected to emotion, instinct, needs, and daily rhythm.",Forcing a decision just to end the discomfort.,Name the feeling before responding to it.,"Something connected to attention, vitality, visibility, and confidence may be easier to notice now because emotion, instinct, needs, and daily rhythm is pressing on it. Treat this as timing, not fate.","Current sky to natal chart: timing signal, not fate. Explain what part of their chart is being temporarily activated.",packages/astro-knowledge/data/transits/natal/moon_sun_square.json
You,transits/natal,moon_sun_trine,Transiting Moon Trine Natal Sun,voiceNeutral: true,"A current movement of emotion, instinct, needs, and daily rhythm contacts the natal pattern of attention, vitality, visibility, and confidence through a flow aspect.","This may temporarily bring attention, vitality, visibility, and confidence into focus through events, conversations, moods, decisions, or timing connected to emotion, instinct, needs, and daily rhythm.",Letting the ease pass unused because nothing feels urgent.,Name the feeling before responding to it.,"Something connected to attention, vitality, visibility, and confidence may be easier to notice now because emotion, instinct, needs, and daily rhythm is pressing on it. Treat this as timing, not fate.","Current sky to natal chart: timing signal, not fate. Explain what part of their chart is being temporarily activated.",packages/astro-knowledge/data/transits/natal/moon_sun_trine.json
You,transits/natal,moon_uranus_conjunction,Transiting Moon Conjunction Natal Uranus,voiceNeutral: true,"A current movement of emotion, instinct, needs, and daily rhythm contacts the natal pattern of change, disruption, freedom, and originality through a fusion aspect.","This may temporarily bring change, disruption, freedom, and originality into focus through events, conversations, moods, decisions, or timing connected to emotion, instinct, needs, and daily rhythm.",Acting from the intensity before identifying the separate parts.,Name the feeling before responding to it.,"Something connected to change, disruption, freedom, and originality may be easier to notice now because emotion, instinct, needs, and daily rhythm is pressing on it. Treat this as timing, not fate.","Current sky to natal chart: timing signal, not fate. Explain what part of their chart is being temporarily activated.",packages/astro-knowledge/data/transits/natal/moon_uranus_conjunction.json
You,transits/natal,moon_uranus_opposition,Transiting Moon Opposition Natal Uranus,voiceNeutral: true,"A current movement of emotion, instinct, needs, and daily rhythm contacts the natal pattern of change, disruption, freedom, and originality through a polarity aspect.","This may temporarily bring change, disruption, freedom, and originality into focus through events, conversations, moods, decisions, or timing connected to emotion, instinct, needs, and daily rhythm.",Turning tension into a standoff instead of a clearer understanding.,Name the feeling before responding to it.,"Something connected to change, disruption, freedom, and originality may be easier to notice now because emotion, instinct, needs, and daily rhythm is pressing on it. Treat this as timing, not fate.","Current sky to natal chart: timing signal, not fate. Explain what part of their chart is being temporarily activated.",packages/astro-knowledge/data/transits/natal/moon_uranus_opposition.json
You,transits/natal,moon_uranus_sextile,Transiting Moon Sextile Natal Uranus,voiceNeutral: true,"A current movement of emotion, instinct, needs, and daily rhythm contacts the natal pattern of change, disruption, freedom, and originality through a opening aspect.","This may temporarily bring change, disruption, freedom, and originality into focus through events, conversations, moods, decisions, or timing connected to emotion, instinct, needs, and daily rhythm.",Coasting on the good idea without turning it into anything concrete.,Name the feeling before responding to it.,"Something connected to change, disruption, freedom, and originality may be easier to notice now because emotion, instinct, needs, and daily rhythm is pressing on it. Treat this as timing, not fate.","Current sky to natal chart: timing signal, not fate. Explain what part of their chart is being temporarily activated.",packages/astro-knowledge/data/transits/natal/moon_uranus_sextile.json
You,transits/natal,moon_uranus_square,Transiting Moon Square Natal Uranus,voiceNeutral: true,"A current movement of emotion, instinct, needs, and daily rhythm contacts the natal pattern of change, disruption, freedom, and originality through a friction aspect.","This may temporarily bring change, disruption, freedom, and originality into focus through events, conversations, moods, decisions, or timing connected to emotion, instinct, needs, and daily rhythm.",Forcing a decision just to end the discomfort.,Name the feeling before responding to it.,"Something connected to change, disruption, freedom, and originality may be easier to notice now because emotion, instinct, needs, and daily rhythm is pressing on it. Treat this as timing, not fate.","Current sky to natal chart: timing signal, not fate. Explain what part of their chart is being temporarily activated.",packages/astro-knowledge/data/transits/natal/moon_uranus_square.json
You,transits/natal,moon_uranus_trine,Transiting Moon Trine Natal Uranus,voiceNeutral: true,"A current movement of emotion, instinct, needs, and daily rhythm contacts the natal pattern of change, disruption, freedom, and originality through a flow aspect.","This may temporarily bring change, disruption, freedom, and originality into focus through events, conversations, moods, decisions, or timing connected to emotion, instinct, needs, and daily rhythm.",Letting the ease pass unused because nothing feels urgent.,Name the feeling before responding to it.,"Something connected to change, disruption, freedom, and originality may be easier to notice now because emotion, instinct, needs, and daily rhythm is pressing on it. Treat this as timing, not fate.","Current sky to natal chart: timing signal, not fate. Explain what part of their chart is being temporarily activated.",packages/astro-knowledge/data/transits/natal/moon_uranus_trine.json
You,transits/natal,moon_venus_conjunction,Transiting Moon Conjunction Natal Venus,voiceNeutral: true,"A current movement of emotion, instinct, needs, and daily rhythm contacts the natal pattern of connection, value, pleasure, attraction, and ease through a fusion aspect.","This may temporarily bring connection, value, pleasure, attraction, and ease into focus through events, conversations, moods, decisions, or timing connected to emotion, instinct, needs, and daily rhythm.",Acting from the intensity before identifying the separate parts.,Name the feeling before responding to it.,"Something connected to connection, value, pleasure, attraction, and ease may be easier to notice now because emotion, instinct, needs, and daily rhythm is pressing on it. Treat this as timing, not fate.","Current sky to natal chart: timing signal, not fate. Explain what part of their chart is being temporarily activated.",packages/astro-knowledge/data/transits/natal/moon_venus_conjunction.json
You,transits/natal,moon_venus_opposition,Transiting Moon Opposition Natal Venus,voiceNeutral: true,"A current movement of emotion, instinct, needs, and daily rhythm contacts the natal pattern of connection, value, pleasure, attraction, and ease through a polarity aspect.","This may temporarily bring connection, value, pleasure, attraction, and ease into focus through events, conversations, moods, decisions, or timing connected to emotion, instinct, needs, and daily rhythm.",Turning tension into a standoff instead of a clearer understanding.,Name the feeling before responding to it.,"Something connected to connection, value, pleasure, attraction, and ease may be easier to notice now because emotion, instinct, needs, and daily rhythm is pressing on it. Treat this as timing, not fate.","Current sky to natal chart: timing signal, not fate. Explain what part of their chart is being temporarily activated.",packages/astro-knowledge/data/transits/natal/moon_venus_opposition.json
You,transits/natal,moon_venus_sextile,Transiting Moon Sextile Natal Venus,voiceNeutral: true,"A current movement of emotion, instinct, needs, and daily rhythm contacts the natal pattern of connection, value, pleasure, attraction, and ease through a opening aspect.","This may temporarily bring connection, value, pleasure, attraction, and ease into focus through events, conversations, moods, decisions, or timing connected to emotion, instinct, needs, and daily rhythm.",Coasting on the good idea without turning it into anything concrete.,Name the feeling before responding to it.,"Something connected to connection, value, pleasure, attraction, and ease may be easier to notice now because emotion, instinct, needs, and daily rhythm is pressing on it. Treat this as timing, not fate.","Current sky to natal chart: timing signal, not fate. Explain what part of their chart is being temporarily activated.",packages/astro-knowledge/data/transits/natal/moon_venus_sextile.json
You,transits/natal,moon_venus_square,Transiting Moon Square Natal Venus,voiceNeutral: true,"A current movement of emotion, instinct, needs, and daily rhythm contacts the natal pattern of connection, value, pleasure, attraction, and ease through a friction aspect.","This may temporarily bring connection, value, pleasure, attraction, and ease into focus through events, conversations, moods, decisions, or timing connected to emotion, instinct, needs, and daily rhythm.",Forcing a decision just to end the discomfort.,Name the feeling before responding to it.,"Something connected to connection, value, pleasure, attraction, and ease may be easier to notice now because emotion, instinct, needs, and daily rhythm is pressing on it. Treat this as timing, not fate.","Current sky to natal chart: timing signal, not fate. Explain what part of their chart is being temporarily activated.",packages/astro-knowledge/data/transits/natal/moon_venus_square.json
You,transits/natal,moon_venus_trine,Transiting Moon Trine Natal Venus,voiceNeutral: true,"A current movement of emotion, instinct, needs, and daily rhythm contacts the natal pattern of connection, value, pleasure, attraction, and ease through a flow aspect.","This may temporarily bring connection, value, pleasure, attraction, and ease into focus through events, conversations, moods, decisions, or timing connected to emotion, instinct, needs, and daily rhythm.",Letting the ease pass unused because nothing feels urgent.,Name the feeling before responding to it.,"Something connected to connection, value, pleasure, attraction, and ease may be easier to notice now because emotion, instinct, needs, and daily rhythm is pressing on it. Treat this as timing, not fate.","Current sky to natal chart: timing signal, not fate. Explain what part of their chart is being temporarily activated.",packages/astro-knowledge/data/transits/natal/moon_venus_trine.json
You,transits/natal,neptune_ascendant_conjunction,Transiting Neptune Conjunction Natal Ascendant,voiceNeutral: true,"A current movement of imagination, longing, vision, sensitivity, and uncertainty contacts the natal pattern of self-presentation, body, identity, and first response through a fusion aspect.","This may temporarily bring self-presentation, body, identity, and first response into focus through events, conversations, moods, decisions, or timing connected to imagination, longing, vision, sensitivity, and uncertainty.",Acting from the intensity before identifying the separate parts.,Write the insight down before it becomes vague again.,"Something connected to self-presentation, body, identity, and first response may be easier to notice now because imagination, longing, vision, sensitivity, and uncertainty is pressing on it. Treat this as timing, not fate.","Current sky to natal chart: timing signal, not fate. Explain what part of their chart is being temporarily activated.",packages/astro-knowledge/data/transits/natal/neptune_ascendant_conjunction.json
You,transits/natal,neptune_ascendant_opposition,Transiting Neptune Opposition Natal Ascendant,voiceNeutral: true,"A current movement of imagination, longing, vision, sensitivity, and uncertainty contacts the natal pattern of self-presentation, body, identity, and first response through a polarity aspect.","This may temporarily bring self-presentation, body, identity, and first response into focus through events, conversations, moods, decisions, or timing connected to imagination, longing, vision, sensitivity, and uncertainty.",Turning tension into a standoff instead of a clearer understanding.,Write the insight down before it becomes vague again.,"Something connected to self-presentation, body, identity, and first response may be easier to notice now because imagination, longing, vision, sensitivity, and uncertainty is pressing on it. Treat this as timing, not fate.","Current sky to natal chart: timing signal, not fate. Explain what part of their chart is being temporarily activated.",packages/astro-knowledge/data/transits/natal/neptune_ascendant_opposition.json
You,transits/natal,neptune_ascendant_sextile,Transiting Neptune Sextile Natal Ascendant,voiceNeutral: true,"A current movement of imagination, longing, vision, sensitivity, and uncertainty contacts the natal pattern of self-presentation, body, identity, and first response through a opening aspect.","This may temporarily bring self-presentation, body, identity, and first response into focus through events, conversations, moods, decisions, or timing connected to imagination, longing, vision, sensitivity, and uncertainty.",Coasting on the good idea without turning it into anything concrete.,Write the insight down before it becomes vague again.,"Something connected to self-presentation, body, identity, and first response may be easier to notice now because imagination, longing, vision, sensitivity, and uncertainty is pressing on it. Treat this as timing, not fate.","Current sky to natal chart: timing signal, not fate. Explain what part of their chart is being temporarily activated.",packages/astro-knowledge/data/transits/natal/neptune_ascendant_sextile.json
You,transits/natal,neptune_ascendant_square,Transiting Neptune Square Natal Ascendant,voiceNeutral: true,"A current movement of imagination, longing, vision, sensitivity, and uncertainty contacts the natal pattern of self-presentation, body, identity, and first response through a friction aspect.","This may temporarily bring self-presentation, body, identity, and first response into focus through events, conversations, moods, decisions, or timing connected to imagination, longing, vision, sensitivity, and uncertainty.",Forcing a decision just to end the discomfort.,Write the insight down before it becomes vague again.,"Something connected to self-presentation, body, identity, and first response may be easier to notice now because imagination, longing, vision, sensitivity, and uncertainty is pressing on it. Treat this as timing, not fate.","Current sky to natal chart: timing signal, not fate. Explain what part of their chart is being temporarily activated.",packages/astro-knowledge/data/transits/natal/neptune_ascendant_square.json
You,transits/natal,neptune_ascendant_trine,Transiting Neptune Trine Natal Ascendant,voiceNeutral: true,"A current movement of imagination, longing, vision, sensitivity, and uncertainty contacts the natal pattern of self-presentation, body, identity, and first response through a flow aspect.","This may temporarily bring self-presentation, body, identity, and first response into focus through events, conversations, moods, decisions, or timing connected to imagination, longing, vision, sensitivity, and uncertainty.",Letting the ease pass unused because nothing feels urgent.,Write the insight down before it becomes vague again.,"Something connected to self-presentation, body, identity, and first response may be easier to notice now because imagination, longing, vision, sensitivity, and uncertainty is pressing on it. Treat this as timing, not fate.","Current sky to natal chart: timing signal, not fate. Explain what part of their chart is being temporarily activated.",packages/astro-knowledge/data/transits/natal/neptune_ascendant_trine.json
You,transits/natal,neptune_jupiter_conjunction,Transiting Neptune Conjunction Natal Jupiter,voiceNeutral: true,"A current movement of imagination, longing, vision, sensitivity, and uncertainty contacts the natal pattern of growth, belief, opportunity, and expansion through a fusion aspect.","This may temporarily bring growth, belief, opportunity, and expansion into focus through events, conversations, moods, decisions, or timing connected to imagination, longing, vision, sensitivity, and uncertainty.",Acting from the intensity before identifying the separate parts.,Write the insight down before it becomes vague again.,"Something connected to growth, belief, opportunity, and expansion may be easier to notice now because imagination, longing, vision, sensitivity, and uncertainty is pressing on it. Treat this as timing, not fate.","Current sky to natal chart: timing signal, not fate. Explain what part of their chart is being temporarily activated.",packages/astro-knowledge/data/transits/natal/neptune_jupiter_conjunction.json
You,transits/natal,neptune_jupiter_opposition,Transiting Neptune Opposition Natal Jupiter,voiceNeutral: true,"A current movement of imagination, longing, vision, sensitivity, and uncertainty contacts the natal pattern of growth, belief, opportunity, and expansion through a polarity aspect.","This may temporarily bring growth, belief, opportunity, and expansion into focus through events, conversations, moods, decisions, or timing connected to imagination, longing, vision, sensitivity, and uncertainty.",Turning tension into a standoff instead of a clearer understanding.,Write the insight down before it becomes vague again.,"Something connected to growth, belief, opportunity, and expansion may be easier to notice now because imagination, longing, vision, sensitivity, and uncertainty is pressing on it. Treat this as timing, not fate.","Current sky to natal chart: timing signal, not fate. Explain what part of their chart is being temporarily activated.",packages/astro-knowledge/data/transits/natal/neptune_jupiter_opposition.json
You,transits/natal,neptune_jupiter_sextile,Transiting Neptune Sextile Natal Jupiter,voiceNeutral: true,"A current movement of imagination, longing, vision, sensitivity, and uncertainty contacts the natal pattern of growth, belief, opportunity, and expansion through a opening aspect.","This may temporarily bring growth, belief, opportunity, and expansion into focus through events, conversations, moods, decisions, or timing connected to imagination, longing, vision, sensitivity, and uncertainty.",Coasting on the good idea without turning it into anything concrete.,Write the insight down before it becomes vague again.,"Something connected to growth, belief, opportunity, and expansion may be easier to notice now because imagination, longing, vision, sensitivity, and uncertainty is pressing on it. Treat this as timing, not fate.","Current sky to natal chart: timing signal, not fate. Explain what part of their chart is being temporarily activated.",packages/astro-knowledge/data/transits/natal/neptune_jupiter_sextile.json
You,transits/natal,neptune_jupiter_square,Transiting Neptune Square Natal Jupiter,voiceNeutral: true,"A current movement of imagination, longing, vision, sensitivity, and uncertainty contacts the natal pattern of growth, belief, opportunity, and expansion through a friction aspect.","This may temporarily bring growth, belief, opportunity, and expansion into focus through events, conversations, moods, decisions, or timing connected to imagination, longing, vision, sensitivity, and uncertainty.",Forcing a decision just to end the discomfort.,Write the insight down before it becomes vague again.,"Something connected to growth, belief, opportunity, and expansion may be easier to notice now because imagination, longing, vision, sensitivity, and uncertainty is pressing on it. Treat this as timing, not fate.","Current sky to natal chart: timing signal, not fate. Explain what part of their chart is being temporarily activated.",packages/astro-knowledge/data/transits/natal/neptune_jupiter_square.json
You,transits/natal,neptune_jupiter_trine,Transiting Neptune Trine Natal Jupiter,voiceNeutral: true,"A current movement of imagination, longing, vision, sensitivity, and uncertainty contacts the natal pattern of growth, belief, opportunity, and expansion through a flow aspect.","This may temporarily bring growth, belief, opportunity, and expansion into focus through events, conversations, moods, decisions, or timing connected to imagination, longing, vision, sensitivity, and uncertainty.",Letting the ease pass unused because nothing feels urgent.,Write the insight down before it becomes vague again.,"Something connected to growth, belief, opportunity, and expansion may be easier to notice now because imagination, longing, vision, sensitivity, and uncertainty is pressing on it. Treat this as timing, not fate.","Current sky to natal chart: timing signal, not fate. Explain what part of their chart is being temporarily activated.",packages/astro-knowledge/data/transits/natal/neptune_jupiter_trine.json
You,transits/natal,neptune_mars_conjunction,Transiting Neptune Conjunction Natal Mars,voiceNeutral: true,"A current movement of imagination, longing, vision, sensitivity, and uncertainty contacts the natal pattern of action, heat, courage, friction, and desire through a fusion aspect.","This may temporarily bring action, heat, courage, friction, and desire into focus through events, conversations, moods, decisions, or timing connected to imagination, longing, vision, sensitivity, and uncertainty.",Acting from the intensity before identifying the separate parts.,Write the insight down before it becomes vague again.,"Something connected to action, heat, courage, friction, and desire may be easier to notice now because imagination, longing, vision, sensitivity, and uncertainty is pressing on it. Treat this as timing, not fate.","Current sky to natal chart: timing signal, not fate. Explain what part of their chart is being temporarily activated.",packages/astro-knowledge/data/transits/natal/neptune_mars_conjunction.json
You,transits/natal,neptune_mars_opposition,Transiting Neptune Opposition Natal Mars,voiceNeutral: true,"A current movement of imagination, longing, vision, sensitivity, and uncertainty contacts the natal pattern of action, heat, courage, friction, and desire through a polarity aspect.","This may temporarily bring action, heat, courage, friction, and desire into focus through events, conversations, moods, decisions, or timing connected to imagination, longing, vision, sensitivity, and uncertainty.",Turning tension into a standoff instead of a clearer understanding.,Write the insight down before it becomes vague again.,"Something connected to action, heat, courage, friction, and desire may be easier to notice now because imagination, longing, vision, sensitivity, and uncertainty is pressing on it. Treat this as timing, not fate.","Current sky to natal chart: timing signal, not fate. Explain what part of their chart is being temporarily activated.",packages/astro-knowledge/data/transits/natal/neptune_mars_opposition.json
You,transits/natal,neptune_mars_sextile,Transiting Neptune Sextile Natal Mars,voiceNeutral: true,"A current movement of imagination, longing, vision, sensitivity, and uncertainty contacts the natal pattern of action, heat, courage, friction, and desire through a opening aspect.","This may temporarily bring action, heat, courage, friction, and desire into focus through events, conversations, moods, decisions, or timing connected to imagination, longing, vision, sensitivity, and uncertainty.",Coasting on the good idea without turning it into anything concrete.,Write the insight down before it becomes vague again.,"Something connected to action, heat, courage, friction, and desire may be easier to notice now because imagination, longing, vision, sensitivity, and uncertainty is pressing on it. Treat this as timing, not fate.","Current sky to natal chart: timing signal, not fate. Explain what part of their chart is being temporarily activated.",packages/astro-knowledge/data/transits/natal/neptune_mars_sextile.json
You,transits/natal,neptune_mars_square,Transiting Neptune Square Natal Mars,voiceNeutral: true,"A current movement of imagination, longing, vision, sensitivity, and uncertainty contacts the natal pattern of action, heat, courage, friction, and desire through a friction aspect.","This may temporarily bring action, heat, courage, friction, and desire into focus through events, conversations, moods, decisions, or timing connected to imagination, longing, vision, sensitivity, and uncertainty.",Forcing a decision just to end the discomfort.,Write the insight down before it becomes vague again.,"Something connected to action, heat, courage, friction, and desire may be easier to notice now because imagination, longing, vision, sensitivity, and uncertainty is pressing on it. Treat this as timing, not fate.","Current sky to natal chart: timing signal, not fate. Explain what part of their chart is being temporarily activated.",packages/astro-knowledge/data/transits/natal/neptune_mars_square.json
You,transits/natal,neptune_mars_trine,Transiting Neptune Trine Natal Mars,voiceNeutral: true,"A current movement of imagination, longing, vision, sensitivity, and uncertainty contacts the natal pattern of action, heat, courage, friction, and desire through a flow aspect.","This may temporarily bring action, heat, courage, friction, and desire into focus through events, conversations, moods, decisions, or timing connected to imagination, longing, vision, sensitivity, and uncertainty.",Letting the ease pass unused because nothing feels urgent.,Write the insight down before it becomes vague again.,"Something connected to action, heat, courage, friction, and desire may be easier to notice now because imagination, longing, vision, sensitivity, and uncertainty is pressing on it. Treat this as timing, not fate.","Current sky to natal chart: timing signal, not fate. Explain what part of their chart is being temporarily activated.",packages/astro-knowledge/data/transits/natal/neptune_mars_trine.json
You,transits/natal,neptune_mercury_conjunction,Transiting Neptune Conjunction Natal Mercury,voiceNeutral: true,"A current movement of imagination, longing, vision, sensitivity, and uncertainty contacts the natal pattern of language, information, decisions, and nervous energy through a fusion aspect.","This may temporarily bring language, information, decisions, and nervous energy into focus through events, conversations, moods, decisions, or timing connected to imagination, longing, vision, sensitivity, and uncertainty.",Acting from the intensity before identifying the separate parts.,Write the insight down before it becomes vague again.,"Something connected to language, information, decisions, and nervous energy may be easier to notice now because imagination, longing, vision, sensitivity, and uncertainty is pressing on it. Treat this as timing, not fate.","Current sky to natal chart: timing signal, not fate. Explain what part of their chart is being temporarily activated.",packages/astro-knowledge/data/transits/natal/neptune_mercury_conjunction.json
You,transits/natal,neptune_mercury_opposition,Transiting Neptune Opposition Natal Mercury,voiceNeutral: true,"A current movement of imagination, longing, vision, sensitivity, and uncertainty contacts the natal pattern of language, information, decisions, and nervous energy through a polarity aspect.","This may temporarily bring language, information, decisions, and nervous energy into focus through events, conversations, moods, decisions, or timing connected to imagination, longing, vision, sensitivity, and uncertainty.",Turning tension into a standoff instead of a clearer understanding.,Write the insight down before it becomes vague again.,"Something connected to language, information, decisions, and nervous energy may be easier to notice now because imagination, longing, vision, sensitivity, and uncertainty is pressing on it. Treat this as timing, not fate.","Current sky to natal chart: timing signal, not fate. Explain what part of their chart is being temporarily activated.",packages/astro-knowledge/data/transits/natal/neptune_mercury_opposition.json
You,transits/natal,neptune_mercury_sextile,Transiting Neptune Sextile Natal Mercury,voiceNeutral: true,"A current movement of imagination, longing, vision, sensitivity, and uncertainty contacts the natal pattern of language, information, decisions, and nervous energy through a opening aspect.","This may temporarily bring language, information, decisions, and nervous energy into focus through events, conversations, moods, decisions, or timing connected to imagination, longing, vision, sensitivity, and uncertainty.",Coasting on the good idea without turning it into anything concrete.,Write the insight down before it becomes vague again.,"Something connected to language, information, decisions, and nervous energy may be easier to notice now because imagination, longing, vision, sensitivity, and uncertainty is pressing on it. Treat this as timing, not fate.","Current sky to natal chart: timing signal, not fate. Explain what part of their chart is being temporarily activated.",packages/astro-knowledge/data/transits/natal/neptune_mercury_sextile.json
You,transits/natal,neptune_mercury_square,Transiting Neptune Square Natal Mercury,voiceNeutral: true,"A current movement of imagination, longing, vision, sensitivity, and uncertainty contacts the natal pattern of language, information, decisions, and nervous energy through a friction aspect.","This may temporarily bring language, information, decisions, and nervous energy into focus through events, conversations, moods, decisions, or timing connected to imagination, longing, vision, sensitivity, and uncertainty.",Forcing a decision just to end the discomfort.,Write the insight down before it becomes vague again.,"Something connected to language, information, decisions, and nervous energy may be easier to notice now because imagination, longing, vision, sensitivity, and uncertainty is pressing on it. Treat this as timing, not fate.","Current sky to natal chart: timing signal, not fate. Explain what part of their chart is being temporarily activated.",packages/astro-knowledge/data/transits/natal/neptune_mercury_square.json
You,transits/natal,neptune_mercury_trine,Transiting Neptune Trine Natal Mercury,voiceNeutral: true,"A current movement of imagination, longing, vision, sensitivity, and uncertainty contacts the natal pattern of language, information, decisions, and nervous energy through a flow aspect.","This may temporarily bring language, information, decisions, and nervous energy into focus through events, conversations, moods, decisions, or timing connected to imagination, longing, vision, sensitivity, and uncertainty.",Letting the ease pass unused because nothing feels urgent.,Write the insight down before it becomes vague again.,"Something connected to language, information, decisions, and nervous energy may be easier to notice now because imagination, longing, vision, sensitivity, and uncertainty is pressing on it. Treat this as timing, not fate.","Current sky to natal chart: timing signal, not fate. Explain what part of their chart is being temporarily activated.",packages/astro-knowledge/data/transits/natal/neptune_mercury_trine.json
You,transits/natal,neptune_moon_conjunction,Transiting Neptune Conjunction Natal Moon,voiceNeutral: true,"A current movement of imagination, longing, vision, sensitivity, and uncertainty contacts the natal pattern of emotion, instinct, needs, and daily rhythm through a fusion aspect.","This may temporarily bring emotion, instinct, needs, and daily rhythm into focus through events, conversations, moods, decisions, or timing connected to imagination, longing, vision, sensitivity, and uncertainty.",Acting from the intensity before identifying the separate parts.,Write the insight down before it becomes vague again.,"Something connected to emotion, instinct, needs, and daily rhythm may be easier to notice now because imagination, longing, vision, sensitivity, and uncertainty is pressing on it. Treat this as timing, not fate.","Current sky to natal chart: timing signal, not fate. Explain what part of their chart is being temporarily activated.",packages/astro-knowledge/data/transits/natal/neptune_moon_conjunction.json
You,transits/natal,neptune_moon_opposition,Transiting Neptune Opposition Natal Moon,voiceNeutral: true,"A current movement of imagination, longing, vision, sensitivity, and uncertainty contacts the natal pattern of emotion, instinct, needs, and daily rhythm through a polarity aspect.","This may temporarily bring emotion, instinct, needs, and daily rhythm into focus through events, conversations, moods, decisions, or timing connected to imagination, longing, vision, sensitivity, and uncertainty.",Turning tension into a standoff instead of a clearer understanding.,Write the insight down before it becomes vague again.,"Something connected to emotion, instinct, needs, and daily rhythm may be easier to notice now because imagination, longing, vision, sensitivity, and uncertainty is pressing on it. Treat this as timing, not fate.","Current sky to natal chart: timing signal, not fate. Explain what part of their chart is being temporarily activated.",packages/astro-knowledge/data/transits/natal/neptune_moon_opposition.json
You,transits/natal,neptune_moon_sextile,Transiting Neptune Sextile Natal Moon,voiceNeutral: true,"A current movement of imagination, longing, vision, sensitivity, and uncertainty contacts the natal pattern of emotion, instinct, needs, and daily rhythm through a opening aspect.","This may temporarily bring emotion, instinct, needs, and daily rhythm into focus through events, conversations, moods, decisions, or timing connected to imagination, longing, vision, sensitivity, and uncertainty.",Coasting on the good idea without turning it into anything concrete.,Write the insight down before it becomes vague again.,"Something connected to emotion, instinct, needs, and daily rhythm may be easier to notice now because imagination, longing, vision, sensitivity, and uncertainty is pressing on it. Treat this as timing, not fate.","Current sky to natal chart: timing signal, not fate. Explain what part of their chart is being temporarily activated.",packages/astro-knowledge/data/transits/natal/neptune_moon_sextile.json
You,transits/natal,neptune_moon_square,Transiting Neptune Square Natal Moon,voiceNeutral: true,"A current movement of imagination, longing, vision, sensitivity, and uncertainty contacts the natal pattern of emotion, instinct, needs, and daily rhythm through a friction aspect.","This may temporarily bring emotion, instinct, needs, and daily rhythm into focus through events, conversations, moods, decisions, or timing connected to imagination, longing, vision, sensitivity, and uncertainty.",Forcing a decision just to end the discomfort.,Write the insight down before it becomes vague again.,"Something connected to emotion, instinct, needs, and daily rhythm may be easier to notice now because imagination, longing, vision, sensitivity, and uncertainty is pressing on it. Treat this as timing, not fate.","Current sky to natal chart: timing signal, not fate. Explain what part of their chart is being temporarily activated.",packages/astro-knowledge/data/transits/natal/neptune_moon_square.json
You,transits/natal,neptune_moon_trine,Transiting Neptune Trine Natal Moon,voiceNeutral: true,"A current movement of imagination, longing, vision, sensitivity, and uncertainty contacts the natal pattern of emotion, instinct, needs, and daily rhythm through a flow aspect.","This may temporarily bring emotion, instinct, needs, and daily rhythm into focus through events, conversations, moods, decisions, or timing connected to imagination, longing, vision, sensitivity, and uncertainty.",Letting the ease pass unused because nothing feels urgent.,Write the insight down before it becomes vague again.,"Something connected to emotion, instinct, needs, and daily rhythm may be easier to notice now because imagination, longing, vision, sensitivity, and uncertainty is pressing on it. Treat this as timing, not fate.","Current sky to natal chart: timing signal, not fate. Explain what part of their chart is being temporarily activated.",packages/astro-knowledge/data/transits/natal/neptune_moon_trine.json
You,transits/natal,neptune_neptune_conjunction,Transiting Neptune Conjunction Natal Neptune,voiceNeutral: true,"A current movement of imagination, longing, vision, sensitivity, and uncertainty contacts the natal pattern of imagination, longing, vision, sensitivity, and uncertainty through a fusion aspect.","This may temporarily bring imagination, longing, vision, sensitivity, and uncertainty into focus through events, conversations, moods, decisions, or timing connected to imagination, longing, vision, sensitivity, and uncertainty.",Acting from the intensity before identifying the separate parts.,Write the insight down before it becomes vague again.,"Something connected to imagination, longing, vision, sensitivity, and uncertainty may be easier to notice now because imagination, longing, vision, sensitivity, and uncertainty is pressing on it. Treat this as timing, not fate.","Current sky to natal chart: timing signal, not fate. Explain what part of their chart is being temporarily activated.",packages/astro-knowledge/data/transits/natal/neptune_neptune_conjunction.json
You,transits/natal,neptune_neptune_opposition,Transiting Neptune Opposition Natal Neptune,voiceNeutral: true,"A current movement of imagination, longing, vision, sensitivity, and uncertainty contacts the natal pattern of imagination, longing, vision, sensitivity, and uncertainty through a polarity aspect.","This may temporarily bring imagination, longing, vision, sensitivity, and uncertainty into focus through events, conversations, moods, decisions, or timing connected to imagination, longing, vision, sensitivity, and uncertainty.",Turning tension into a standoff instead of a clearer understanding.,Write the insight down before it becomes vague again.,"Something connected to imagination, longing, vision, sensitivity, and uncertainty may be easier to notice now because imagination, longing, vision, sensitivity, and uncertainty is pressing on it. Treat this as timing, not fate.","Current sky to natal chart: timing signal, not fate. Explain what part of their chart is being temporarily activated.",packages/astro-knowledge/data/transits/natal/neptune_neptune_opposition.json
You,transits/natal,neptune_neptune_sextile,Transiting Neptune Sextile Natal Neptune,voiceNeutral: true,"A current movement of imagination, longing, vision, sensitivity, and uncertainty contacts the natal pattern of imagination, longing, vision, sensitivity, and uncertainty through a opening aspect.","This may temporarily bring imagination, longing, vision, sensitivity, and uncertainty into focus through events, conversations, moods, decisions, or timing connected to imagination, longing, vision, sensitivity, and uncertainty.",Coasting on the good idea without turning it into anything concrete.,Write the insight down before it becomes vague again.,"Something connected to imagination, longing, vision, sensitivity, and uncertainty may be easier to notice now because imagination, longing, vision, sensitivity, and uncertainty is pressing on it. Treat this as timing, not fate.","Current sky to natal chart: timing signal, not fate. Explain what part of their chart is being temporarily activated.",packages/astro-knowledge/data/transits/natal/neptune_neptune_sextile.json
You,transits/natal,neptune_neptune_square,Transiting Neptune Square Natal Neptune,voiceNeutral: true,"A current movement of imagination, longing, vision, sensitivity, and uncertainty contacts the natal pattern of imagination, longing, vision, sensitivity, and uncertainty through a friction aspect.","This may temporarily bring imagination, longing, vision, sensitivity, and uncertainty into focus through events, conversations, moods, decisions, or timing connected to imagination, longing, vision, sensitivity, and uncertainty.",Forcing a decision just to end the discomfort.,Write the insight down before it becomes vague again.,"Something connected to imagination, longing, vision, sensitivity, and uncertainty may be easier to notice now because imagination, longing, vision, sensitivity, and uncertainty is pressing on it. Treat this as timing, not fate.","Current sky to natal chart: timing signal, not fate. Explain what part of their chart is being temporarily activated.",packages/astro-knowledge/data/transits/natal/neptune_neptune_square.json
You,transits/natal,neptune_neptune_trine,Transiting Neptune Trine Natal Neptune,voiceNeutral: true,"A current movement of imagination, longing, vision, sensitivity, and uncertainty contacts the natal pattern of imagination, longing, vision, sensitivity, and uncertainty through a flow aspect.","This may temporarily bring imagination, longing, vision, sensitivity, and uncertainty into focus through events, conversations, moods, decisions, or timing connected to imagination, longing, vision, sensitivity, and uncertainty.",Letting the ease pass unused because nothing feels urgent.,Write the insight down before it becomes vague again.,"Something connected to imagination, longing, vision, sensitivity, and uncertainty may be easier to notice now because imagination, longing, vision, sensitivity, and uncertainty is pressing on it. Treat this as timing, not fate.","Current sky to natal chart: timing signal, not fate. Explain what part of their chart is being temporarily activated.",packages/astro-knowledge/data/transits/natal/neptune_neptune_trine.json
You,transits/natal,neptune_pluto_conjunction,Transiting Neptune Conjunction Natal Pluto,voiceNeutral: true,"A current movement of imagination, longing, vision, sensitivity, and uncertainty contacts the natal pattern of depth, power, pressure, release, and transformation through a fusion aspect.","This may temporarily bring depth, power, pressure, release, and transformation into focus through events, conversations, moods, decisions, or timing connected to imagination, longing, vision, sensitivity, and uncertainty.",Acting from the intensity before identifying the separate parts.,Write the insight down before it becomes vague again.,"Something connected to depth, power, pressure, release, and transformation may be easier to notice now because imagination, longing, vision, sensitivity, and uncertainty is pressing on it. Treat this as timing, not fate.","Current sky to natal chart: timing signal, not fate. Explain what part of their chart is being temporarily activated.",packages/astro-knowledge/data/transits/natal/neptune_pluto_conjunction.json
You,transits/natal,neptune_pluto_opposition,Transiting Neptune Opposition Natal Pluto,voiceNeutral: true,"A current movement of imagination, longing, vision, sensitivity, and uncertainty contacts the natal pattern of depth, power, pressure, release, and transformation through a polarity aspect.","This may temporarily bring depth, power, pressure, release, and transformation into focus through events, conversations, moods, decisions, or timing connected to imagination, longing, vision, sensitivity, and uncertainty.",Turning tension into a standoff instead of a clearer understanding.,Write the insight down before it becomes vague again.,"Something connected to depth, power, pressure, release, and transformation may be easier to notice now because imagination, longing, vision, sensitivity, and uncertainty is pressing on it. Treat this as timing, not fate.","Current sky to natal chart: timing signal, not fate. Explain what part of their chart is being temporarily activated.",packages/astro-knowledge/data/transits/natal/neptune_pluto_opposition.json
You,transits/natal,neptune_pluto_sextile,Transiting Neptune Sextile Natal Pluto,voiceNeutral: true,"A current movement of imagination, longing, vision, sensitivity, and uncertainty contacts the natal pattern of depth, power, pressure, release, and transformation through a opening aspect.","This may temporarily bring depth, power, pressure, release, and transformation into focus through events, conversations, moods, decisions, or timing connected to imagination, longing, vision, sensitivity, and uncertainty.",Coasting on the good idea without turning it into anything concrete.,Write the insight down before it becomes vague again.,"Something connected to depth, power, pressure, release, and transformation may be easier to notice now because imagination, longing, vision, sensitivity, and uncertainty is pressing on it. Treat this as timing, not fate.","Current sky to natal chart: timing signal, not fate. Explain what part of their chart is being temporarily activated.",packages/astro-knowledge/data/transits/natal/neptune_pluto_sextile.json
You,transits/natal,neptune_pluto_square,Transiting Neptune Square Natal Pluto,voiceNeutral: true,"A current movement of imagination, longing, vision, sensitivity, and uncertainty contacts the natal pattern of depth, power, pressure, release, and transformation through a friction aspect.","This may temporarily bring depth, power, pressure, release, and transformation into focus through events, conversations, moods, decisions, or timing connected to imagination, longing, vision, sensitivity, and uncertainty.",Forcing a decision just to end the discomfort.,Write the insight down before it becomes vague again.,"Something connected to depth, power, pressure, release, and transformation may be easier to notice now because imagination, longing, vision, sensitivity, and uncertainty is pressing on it. Treat this as timing, not fate.","Current sky to natal chart: timing signal, not fate. Explain what part of their chart is being temporarily activated.",packages/astro-knowledge/data/transits/natal/neptune_pluto_square.json
You,transits/natal,neptune_pluto_trine,Transiting Neptune Trine Natal Pluto,voiceNeutral: true,"A current movement of imagination, longing, vision, sensitivity, and uncertainty contacts the natal pattern of depth, power, pressure, release, and transformation through a flow aspect.","This may temporarily bring depth, power, pressure, release, and transformation into focus through events, conversations, moods, decisions, or timing connected to imagination, longing, vision, sensitivity, and uncertainty.",Letting the ease pass unused because nothing feels urgent.,Write the insight down before it becomes vague again.,"Something connected to depth, power, pressure, release, and transformation may be easier to notice now because imagination, longing, vision, sensitivity, and uncertainty is pressing on it. Treat this as timing, not fate.","Current sky to natal chart: timing signal, not fate. Explain what part of their chart is being temporarily activated.",packages/astro-knowledge/data/transits/natal/neptune_pluto_trine.json
You,transits/natal,neptune_saturn_conjunction,Transiting Neptune Conjunction Natal Saturn,voiceNeutral: true,"A current movement of imagination, longing, vision, sensitivity, and uncertainty contacts the natal pattern of structure, limits, responsibility, time, and consequence through a fusion aspect.","This may temporarily bring structure, limits, responsibility, time, and consequence into focus through events, conversations, moods, decisions, or timing connected to imagination, longing, vision, sensitivity, and uncertainty.",Acting from the intensity before identifying the separate parts.,Write the insight down before it becomes vague again.,"Something connected to structure, limits, responsibility, time, and consequence may be easier to notice now because imagination, longing, vision, sensitivity, and uncertainty is pressing on it. Treat this as timing, not fate.","Current sky to natal chart: timing signal, not fate. Explain what part of their chart is being temporarily activated.",packages/astro-knowledge/data/transits/natal/neptune_saturn_conjunction.json
You,transits/natal,neptune_saturn_opposition,Transiting Neptune Opposition Natal Saturn,voiceNeutral: true,"A current movement of imagination, longing, vision, sensitivity, and uncertainty contacts the natal pattern of structure, limits, responsibility, time, and consequence through a polarity aspect.","This may temporarily bring structure, limits, responsibility, time, and consequence into focus through events, conversations, moods, decisions, or timing connected to imagination, longing, vision, sensitivity, and uncertainty.",Turning tension into a standoff instead of a clearer understanding.,Write the insight down before it becomes vague again.,"Something connected to structure, limits, responsibility, time, and consequence may be easier to notice now because imagination, longing, vision, sensitivity, and uncertainty is pressing on it. Treat this as timing, not fate.","Current sky to natal chart: timing signal, not fate. Explain what part of their chart is being temporarily activated.",packages/astro-knowledge/data/transits/natal/neptune_saturn_opposition.json
You,transits/natal,neptune_saturn_sextile,Transiting Neptune Sextile Natal Saturn,voiceNeutral: true,"A current movement of imagination, longing, vision, sensitivity, and uncertainty contacts the natal pattern of structure, limits, responsibility, time, and consequence through a opening aspect.","This may temporarily bring structure, limits, responsibility, time, and consequence into focus through events, conversations, moods, decisions, or timing connected to imagination, longing, vision, sensitivity, and uncertainty.",Coasting on the good idea without turning it into anything concrete.,Write the insight down before it becomes vague again.,"Something connected to structure, limits, responsibility, time, and consequence may be easier to notice now because imagination, longing, vision, sensitivity, and uncertainty is pressing on it. Treat this as timing, not fate.","Current sky to natal chart: timing signal, not fate. Explain what part of their chart is being temporarily activated.",packages/astro-knowledge/data/transits/natal/neptune_saturn_sextile.json
You,transits/natal,neptune_saturn_square,Transiting Neptune Square Natal Saturn,voiceNeutral: true,"A current movement of imagination, longing, vision, sensitivity, and uncertainty contacts the natal pattern of structure, limits, responsibility, time, and consequence through a friction aspect.","This may temporarily bring structure, limits, responsibility, time, and consequence into focus through events, conversations, moods, decisions, or timing connected to imagination, longing, vision, sensitivity, and uncertainty.",Forcing a decision just to end the discomfort.,Write the insight down before it becomes vague again.,"Something connected to structure, limits, responsibility, time, and consequence may be easier to notice now because imagination, longing, vision, sensitivity, and uncertainty is pressing on it. Treat this as timing, not fate.","Current sky to natal chart: timing signal, not fate. Explain what part of their chart is being temporarily activated.",packages/astro-knowledge/data/transits/natal/neptune_saturn_square.json
You,transits/natal,neptune_saturn_trine,Transiting Neptune Trine Natal Saturn,voiceNeutral: true,"A current movement of imagination, longing, vision, sensitivity, and uncertainty contacts the natal pattern of structure, limits, responsibility, time, and consequence through a flow aspect.","This may temporarily bring structure, limits, responsibility, time, and consequence into focus through events, conversations, moods, decisions, or timing connected to imagination, longing, vision, sensitivity, and uncertainty.",Letting the ease pass unused because nothing feels urgent.,Write the insight down before it becomes vague again.,"Something connected to structure, limits, responsibility, time, and consequence may be easier to notice now because imagination, longing, vision, sensitivity, and uncertainty is pressing on it. Treat this as timing, not fate.","Current sky to natal chart: timing signal, not fate. Explain what part of their chart is being temporarily activated.",packages/astro-knowledge/data/transits/natal/neptune_saturn_trine.json
You,transits/natal,neptune_sun_conjunction,Transiting Neptune Conjunction Natal Sun,voiceNeutral: true,"A current movement of imagination, longing, vision, sensitivity, and uncertainty contacts the natal pattern of attention, vitality, visibility, and confidence through a fusion aspect.","This may temporarily bring attention, vitality, visibility, and confidence into focus through events, conversations, moods, decisions, or timing connected to imagination, longing, vision, sensitivity, and uncertainty.",Acting from the intensity before identifying the separate parts.,Write the insight down before it becomes vague again.,"Something connected to attention, vitality, visibility, and confidence may be easier to notice now because imagination, longing, vision, sensitivity, and uncertainty is pressing on it. Treat this as timing, not fate.","Current sky to natal chart: timing signal, not fate. Explain what part of their chart is being temporarily activated.",packages/astro-knowledge/data/transits/natal/neptune_sun_conjunction.json
You,transits/natal,neptune_sun_opposition,Transiting Neptune Opposition Natal Sun,voiceNeutral: true,"A current movement of imagination, longing, vision, sensitivity, and uncertainty contacts the natal pattern of attention, vitality, visibility, and confidence through a polarity aspect.","This may temporarily bring attention, vitality, visibility, and confidence into focus through events, conversations, moods, decisions, or timing connected to imagination, longing, vision, sensitivity, and uncertainty.",Turning tension into a standoff instead of a clearer understanding.,Write the insight down before it becomes vague again.,"Something connected to attention, vitality, visibility, and confidence may be easier to notice now because imagination, longing, vision, sensitivity, and uncertainty is pressing on it. Treat this as timing, not fate.","Current sky to natal chart: timing signal, not fate. Explain what part of their chart is being temporarily activated.",packages/astro-knowledge/data/transits/natal/neptune_sun_opposition.json
You,transits/natal,neptune_sun_sextile,Transiting Neptune Sextile Natal Sun,voiceNeutral: true,"A current movement of imagination, longing, vision, sensitivity, and uncertainty contacts the natal pattern of attention, vitality, visibility, and confidence through a opening aspect.","This may temporarily bring attention, vitality, visibility, and confidence into focus through events, conversations, moods, decisions, or timing connected to imagination, longing, vision, sensitivity, and uncertainty.",Coasting on the good idea without turning it into anything concrete.,Write the insight down before it becomes vague again.,"Something connected to attention, vitality, visibility, and confidence may be easier to notice now because imagination, longing, vision, sensitivity, and uncertainty is pressing on it. Treat this as timing, not fate.","Current sky to natal chart: timing signal, not fate. Explain what part of their chart is being temporarily activated.",packages/astro-knowledge/data/transits/natal/neptune_sun_sextile.json
You,transits/natal,neptune_sun_square,Transiting Neptune Square Natal Sun,voiceNeutral: true,"A current movement of imagination, longing, vision, sensitivity, and uncertainty contacts the natal pattern of attention, vitality, visibility, and confidence through a friction aspect.","This may temporarily bring attention, vitality, visibility, and confidence into focus through events, conversations, moods, decisions, or timing connected to imagination, longing, vision, sensitivity, and uncertainty.",Forcing a decision just to end the discomfort.,Write the insight down before it becomes vague again.,"Something connected to attention, vitality, visibility, and confidence may be easier to notice now because imagination, longing, vision, sensitivity, and uncertainty is pressing on it. Treat this as timing, not fate.","Current sky to natal chart: timing signal, not fate. Explain what part of their chart is being temporarily activated.",packages/astro-knowledge/data/transits/natal/neptune_sun_square.json
You,transits/natal,neptune_sun_trine,Transiting Neptune Trine Natal Sun,voiceNeutral: true,"A current movement of imagination, longing, vision, sensitivity, and uncertainty contacts the natal pattern of attention, vitality, visibility, and confidence through a flow aspect.","This may temporarily bring attention, vitality, visibility, and confidence into focus through events, conversations, moods, decisions, or timing connected to imagination, longing, vision, sensitivity, and uncertainty.",Letting the ease pass unused because nothing feels urgent.,Write the insight down before it becomes vague again.,"Something connected to attention, vitality, visibility, and confidence may be easier to notice now because imagination, longing, vision, sensitivity, and uncertainty is pressing on it. Treat this as timing, not fate.","Current sky to natal chart: timing signal, not fate. Explain what part of their chart is being temporarily activated.",packages/astro-knowledge/data/transits/natal/neptune_sun_trine.json
You,transits/natal,neptune_uranus_conjunction,Transiting Neptune Conjunction Natal Uranus,voiceNeutral: true,"A current movement of imagination, longing, vision, sensitivity, and uncertainty contacts the natal pattern of change, disruption, freedom, and originality through a fusion aspect.","This may temporarily bring change, disruption, freedom, and originality into focus through events, conversations, moods, decisions, or timing connected to imagination, longing, vision, sensitivity, and uncertainty.",Acting from the intensity before identifying the separate parts.,Write the insight down before it becomes vague again.,"Something connected to change, disruption, freedom, and originality may be easier to notice now because imagination, longing, vision, sensitivity, and uncertainty is pressing on it. Treat this as timing, not fate.","Current sky to natal chart: timing signal, not fate. Explain what part of their chart is being temporarily activated.",packages/astro-knowledge/data/transits/natal/neptune_uranus_conjunction.json
You,transits/natal,neptune_uranus_opposition,Transiting Neptune Opposition Natal Uranus,voiceNeutral: true,"A current movement of imagination, longing, vision, sensitivity, and uncertainty contacts the natal pattern of change, disruption, freedom, and originality through a polarity aspect.","This may temporarily bring change, disruption, freedom, and originality into focus through events, conversations, moods, decisions, or timing connected to imagination, longing, vision, sensitivity, and uncertainty.",Turning tension into a standoff instead of a clearer understanding.,Write the insight down before it becomes vague again.,"Something connected to change, disruption, freedom, and originality may be easier to notice now because imagination, longing, vision, sensitivity, and uncertainty is pressing on it. Treat this as timing, not fate.","Current sky to natal chart: timing signal, not fate. Explain what part of their chart is being temporarily activated.",packages/astro-knowledge/data/transits/natal/neptune_uranus_opposition.json
You,transits/natal,neptune_uranus_sextile,Transiting Neptune Sextile Natal Uranus,voiceNeutral: true,"A current movement of imagination, longing, vision, sensitivity, and uncertainty contacts the natal pattern of change, disruption, freedom, and originality through a opening aspect.","This may temporarily bring change, disruption, freedom, and originality into focus through events, conversations, moods, decisions, or timing connected to imagination, longing, vision, sensitivity, and uncertainty.",Coasting on the good idea without turning it into anything concrete.,Write the insight down before it becomes vague again.,"Something connected to change, disruption, freedom, and originality may be easier to notice now because imagination, longing, vision, sensitivity, and uncertainty is pressing on it. Treat this as timing, not fate.","Current sky to natal chart: timing signal, not fate. Explain what part of their chart is being temporarily activated.",packages/astro-knowledge/data/transits/natal/neptune_uranus_sextile.json
You,transits/natal,neptune_uranus_square,Transiting Neptune Square Natal Uranus,voiceNeutral: true,"A current movement of imagination, longing, vision, sensitivity, and uncertainty contacts the natal pattern of change, disruption, freedom, and originality through a friction aspect.","This may temporarily bring change, disruption, freedom, and originality into focus through events, conversations, moods, decisions, or timing connected to imagination, longing, vision, sensitivity, and uncertainty.",Forcing a decision just to end the discomfort.,Write the insight down before it becomes vague again.,"Something connected to change, disruption, freedom, and originality may be easier to notice now because imagination, longing, vision, sensitivity, and uncertainty is pressing on it. Treat this as timing, not fate.","Current sky to natal chart: timing signal, not fate. Explain what part of their chart is being temporarily activated.",packages/astro-knowledge/data/transits/natal/neptune_uranus_square.json
You,transits/natal,neptune_uranus_trine,Transiting Neptune Trine Natal Uranus,voiceNeutral: true,"A current movement of imagination, longing, vision, sensitivity, and uncertainty contacts the natal pattern of change, disruption, freedom, and originality through a flow aspect.","This may temporarily bring change, disruption, freedom, and originality into focus through events, conversations, moods, decisions, or timing connected to imagination, longing, vision, sensitivity, and uncertainty.",Letting the ease pass unused because nothing feels urgent.,Write the insight down before it becomes vague again.,"Something connected to change, disruption, freedom, and originality may be easier to notice now because imagination, longing, vision, sensitivity, and uncertainty is pressing on it. Treat this as timing, not fate.","Current sky to natal chart: timing signal, not fate. Explain what part of their chart is being temporarily activated.",packages/astro-knowledge/data/transits/natal/neptune_uranus_trine.json
You,transits/natal,neptune_venus_conjunction,Transiting Neptune Conjunction Natal Venus,voiceNeutral: true,"A current movement of imagination, longing, vision, sensitivity, and uncertainty contacts the natal pattern of connection, value, pleasure, attraction, and ease through a fusion aspect.","This may temporarily bring connection, value, pleasure, attraction, and ease into focus through events, conversations, moods, decisions, or timing connected to imagination, longing, vision, sensitivity, and uncertainty.",Acting from the intensity before identifying the separate parts.,Write the insight down before it becomes vague again.,"Something connected to connection, value, pleasure, attraction, and ease may be easier to notice now because imagination, longing, vision, sensitivity, and uncertainty is pressing on it. Treat this as timing, not fate.","Current sky to natal chart: timing signal, not fate. Explain what part of their chart is being temporarily activated.",packages/astro-knowledge/data/transits/natal/neptune_venus_conjunction.json
You,transits/natal,neptune_venus_opposition,Transiting Neptune Opposition Natal Venus,voiceNeutral: true,"A current movement of imagination, longing, vision, sensitivity, and uncertainty contacts the natal pattern of connection, value, pleasure, attraction, and ease through a polarity aspect.","This may temporarily bring connection, value, pleasure, attraction, and ease into focus through events, conversations, moods, decisions, or timing connected to imagination, longing, vision, sensitivity, and uncertainty.",Turning tension into a standoff instead of a clearer understanding.,Write the insight down before it becomes vague again.,"Something connected to connection, value, pleasure, attraction, and ease may be easier to notice now because imagination, longing, vision, sensitivity, and uncertainty is pressing on it. Treat this as timing, not fate.","Current sky to natal chart: timing signal, not fate. Explain what part of their chart is being temporarily activated.",packages/astro-knowledge/data/transits/natal/neptune_venus_opposition.json
You,transits/natal,neptune_venus_sextile,Transiting Neptune Sextile Natal Venus,voiceNeutral: true,"A current movement of imagination, longing, vision, sensitivity, and uncertainty contacts the natal pattern of connection, value, pleasure, attraction, and ease through a opening aspect.","This may temporarily bring connection, value, pleasure, attraction, and ease into focus through events, conversations, moods, decisions, or timing connected to imagination, longing, vision, sensitivity, and uncertainty.",Coasting on the good idea without turning it into anything concrete.,Write the insight down before it becomes vague again.,"Something connected to connection, value, pleasure, attraction, and ease may be easier to notice now because imagination, longing, vision, sensitivity, and uncertainty is pressing on it. Treat this as timing, not fate.","Current sky to natal chart: timing signal, not fate. Explain what part of their chart is being temporarily activated.",packages/astro-knowledge/data/transits/natal/neptune_venus_sextile.json
You,transits/natal,neptune_venus_square,Transiting Neptune Square Natal Venus,voiceNeutral: true,"A current movement of imagination, longing, vision, sensitivity, and uncertainty contacts the natal pattern of connection, value, pleasure, attraction, and ease through a friction aspect.","This may temporarily bring connection, value, pleasure, attraction, and ease into focus through events, conversations, moods, decisions, or timing connected to imagination, longing, vision, sensitivity, and uncertainty.",Forcing a decision just to end the discomfort.,Write the insight down before it becomes vague again.,"Something connected to connection, value, pleasure, attraction, and ease may be easier to notice now because imagination, longing, vision, sensitivity, and uncertainty is pressing on it. Treat this as timing, not fate.","Current sky to natal chart: timing signal, not fate. Explain what part of their chart is being temporarily activated.",packages/astro-knowledge/data/transits/natal/neptune_venus_square.json
You,transits/natal,neptune_venus_trine,Transiting Neptune Trine Natal Venus,voiceNeutral: true,"A current movement of imagination, longing, vision, sensitivity, and uncertainty contacts the natal pattern of connection, value, pleasure, attraction, and ease through a flow aspect.","This may temporarily bring connection, value, pleasure, attraction, and ease into focus through events, conversations, moods, decisions, or timing connected to imagination, longing, vision, sensitivity, and uncertainty.",Letting the ease pass unused because nothing feels urgent.,Write the insight down before it becomes vague again.,"Something connected to connection, value, pleasure, attraction, and ease may be easier to notice now because imagination, longing, vision, sensitivity, and uncertainty is pressing on it. Treat this as timing, not fate.","Current sky to natal chart: timing signal, not fate. Explain what part of their chart is being temporarily activated.",packages/astro-knowledge/data/transits/natal/neptune_venus_trine.json
You,transits/natal,pluto_ascendant_conjunction,Transiting Pluto Conjunction Natal Ascendant,voiceNeutral: true,"A current movement of depth, power, pressure, release, and transformation contacts the natal pattern of self-presentation, body, identity, and first response through a fusion aspect.","This may temporarily bring self-presentation, body, identity, and first response into focus through events, conversations, moods, decisions, or timing connected to depth, power, pressure, release, and transformation.",Acting from the intensity before identifying the separate parts.,Name what has become too intense to ignore.,"Something connected to self-presentation, body, identity, and first response may be easier to notice now because depth, power, pressure, release, and transformation is pressing on it. Treat this as timing, not fate.","Current sky to natal chart: timing signal, not fate. Explain what part of their chart is being temporarily activated.",packages/astro-knowledge/data/transits/natal/pluto_ascendant_conjunction.json
You,transits/natal,pluto_ascendant_opposition,Transiting Pluto Opposition Natal Ascendant,voiceNeutral: true,"A current movement of depth, power, pressure, release, and transformation contacts the natal pattern of self-presentation, body, identity, and first response through a polarity aspect.","This may temporarily bring self-presentation, body, identity, and first response into focus through events, conversations, moods, decisions, or timing connected to depth, power, pressure, release, and transformation.",Turning tension into a standoff instead of a clearer understanding.,Name what has become too intense to ignore.,"Something connected to self-presentation, body, identity, and first response may be easier to notice now because depth, power, pressure, release, and transformation is pressing on it. Treat this as timing, not fate.","Current sky to natal chart: timing signal, not fate. Explain what part of their chart is being temporarily activated.",packages/astro-knowledge/data/transits/natal/pluto_ascendant_opposition.json
You,transits/natal,pluto_ascendant_sextile,Transiting Pluto Sextile Natal Ascendant,voiceNeutral: true,"A current movement of depth, power, pressure, release, and transformation contacts the natal pattern of self-presentation, body, identity, and first response through a opening aspect.","This may temporarily bring self-presentation, body, identity, and first response into focus through events, conversations, moods, decisions, or timing connected to depth, power, pressure, release, and transformation.",Coasting on the good idea without turning it into anything concrete.,Name what has become too intense to ignore.,"Something connected to self-presentation, body, identity, and first response may be easier to notice now because depth, power, pressure, release, and transformation is pressing on it. Treat this as timing, not fate.","Current sky to natal chart: timing signal, not fate. Explain what part of their chart is being temporarily activated.",packages/astro-knowledge/data/transits/natal/pluto_ascendant_sextile.json
You,transits/natal,pluto_ascendant_square,Transiting Pluto Square Natal Ascendant,voiceNeutral: true,"A current movement of depth, power, pressure, release, and transformation contacts the natal pattern of self-presentation, body, identity, and first response through a friction aspect.","This may temporarily bring self-presentation, body, identity, and first response into focus through events, conversations, moods, decisions, or timing connected to depth, power, pressure, release, and transformation.",Forcing a decision just to end the discomfort.,Name what has become too intense to ignore.,"Something connected to self-presentation, body, identity, and first response may be easier to notice now because depth, power, pressure, release, and transformation is pressing on it. Treat this as timing, not fate.","Current sky to natal chart: timing signal, not fate. Explain what part of their chart is being temporarily activated.",packages/astro-knowledge/data/transits/natal/pluto_ascendant_square.json
You,transits/natal,pluto_ascendant_trine,Transiting Pluto Trine Natal Ascendant,voiceNeutral: true,"A current movement of depth, power, pressure, release, and transformation contacts the natal pattern of self-presentation, body, identity, and first response through a flow aspect.","This may temporarily bring self-presentation, body, identity, and first response into focus through events, conversations, moods, decisions, or timing connected to depth, power, pressure, release, and transformation.",Letting the ease pass unused because nothing feels urgent.,Name what has become too intense to ignore.,"Something connected to self-presentation, body, identity, and first response may be easier to notice now because depth, power, pressure, release, and transformation is pressing on it. Treat this as timing, not fate.","Current sky to natal chart: timing signal, not fate. Explain what part of their chart is being temporarily activated.",packages/astro-knowledge/data/transits/natal/pluto_ascendant_trine.json
You,transits/natal,pluto_jupiter_conjunction,Transiting Pluto Conjunction Natal Jupiter,voiceNeutral: true,"A current movement of depth, power, pressure, release, and transformation contacts the natal pattern of growth, belief, opportunity, and expansion through a fusion aspect.","This may temporarily bring growth, belief, opportunity, and expansion into focus through events, conversations, moods, decisions, or timing connected to depth, power, pressure, release, and transformation.",Acting from the intensity before identifying the separate parts.,Name what has become too intense to ignore.,"Something connected to growth, belief, opportunity, and expansion may be easier to notice now because depth, power, pressure, release, and transformation is pressing on it. Treat this as timing, not fate.","Current sky to natal chart: timing signal, not fate. Explain what part of their chart is being temporarily activated.",packages/astro-knowledge/data/transits/natal/pluto_jupiter_conjunction.json
You,transits/natal,pluto_jupiter_opposition,Transiting Pluto Opposition Natal Jupiter,voiceNeutral: true,"A current movement of depth, power, pressure, release, and transformation contacts the natal pattern of growth, belief, opportunity, and expansion through a polarity aspect.","This may temporarily bring growth, belief, opportunity, and expansion into focus through events, conversations, moods, decisions, or timing connected to depth, power, pressure, release, and transformation.",Turning tension into a standoff instead of a clearer understanding.,Name what has become too intense to ignore.,"Something connected to growth, belief, opportunity, and expansion may be easier to notice now because depth, power, pressure, release, and transformation is pressing on it. Treat this as timing, not fate.","Current sky to natal chart: timing signal, not fate. Explain what part of their chart is being temporarily activated.",packages/astro-knowledge/data/transits/natal/pluto_jupiter_opposition.json
You,transits/natal,pluto_jupiter_sextile,Transiting Pluto Sextile Natal Jupiter,voiceNeutral: true,"A current movement of depth, power, pressure, release, and transformation contacts the natal pattern of growth, belief, opportunity, and expansion through a opening aspect.","This may temporarily bring growth, belief, opportunity, and expansion into focus through events, conversations, moods, decisions, or timing connected to depth, power, pressure, release, and transformation.",Coasting on the good idea without turning it into anything concrete.,Name what has become too intense to ignore.,"Something connected to growth, belief, opportunity, and expansion may be easier to notice now because depth, power, pressure, release, and transformation is pressing on it. Treat this as timing, not fate.","Current sky to natal chart: timing signal, not fate. Explain what part of their chart is being temporarily activated.",packages/astro-knowledge/data/transits/natal/pluto_jupiter_sextile.json
You,transits/natal,pluto_jupiter_square,Transiting Pluto Square Natal Jupiter,voiceNeutral: true,"A current movement of depth, power, pressure, release, and transformation contacts the natal pattern of growth, belief, opportunity, and expansion through a friction aspect.","This may temporarily bring growth, belief, opportunity, and expansion into focus through events, conversations, moods, decisions, or timing connected to depth, power, pressure, release, and transformation.",Forcing a decision just to end the discomfort.,Name what has become too intense to ignore.,"Something connected to growth, belief, opportunity, and expansion may be easier to notice now because depth, power, pressure, release, and transformation is pressing on it. Treat this as timing, not fate.","Current sky to natal chart: timing signal, not fate. Explain what part of their chart is being temporarily activated.",packages/astro-knowledge/data/transits/natal/pluto_jupiter_square.json
You,transits/natal,pluto_jupiter_trine,Transiting Pluto Trine Natal Jupiter,voiceNeutral: true,"A current movement of depth, power, pressure, release, and transformation contacts the natal pattern of growth, belief, opportunity, and expansion through a flow aspect.","This may temporarily bring growth, belief, opportunity, and expansion into focus through events, conversations, moods, decisions, or timing connected to depth, power, pressure, release, and transformation.",Letting the ease pass unused because nothing feels urgent.,Name what has become too intense to ignore.,"Something connected to growth, belief, opportunity, and expansion may be easier to notice now because depth, power, pressure, release, and transformation is pressing on it. Treat this as timing, not fate.","Current sky to natal chart: timing signal, not fate. Explain what part of their chart is being temporarily activated.",packages/astro-knowledge/data/transits/natal/pluto_jupiter_trine.json
You,transits/natal,pluto_mars_conjunction,Transiting Pluto Conjunction Natal Mars,voiceNeutral: true,"A current movement of depth, power, pressure, release, and transformation contacts the natal pattern of action, heat, courage, friction, and desire through a fusion aspect.","This may temporarily bring action, heat, courage, friction, and desire into focus through events, conversations, moods, decisions, or timing connected to depth, power, pressure, release, and transformation.",Acting from the intensity before identifying the separate parts.,Name what has become too intense to ignore.,"Something connected to action, heat, courage, friction, and desire may be easier to notice now because depth, power, pressure, release, and transformation is pressing on it. Treat this as timing, not fate.","Current sky to natal chart: timing signal, not fate. Explain what part of their chart is being temporarily activated.",packages/astro-knowledge/data/transits/natal/pluto_mars_conjunction.json
You,transits/natal,pluto_mars_opposition,Transiting Pluto Opposition Natal Mars,voiceNeutral: true,"A current movement of depth, power, pressure, release, and transformation contacts the natal pattern of action, heat, courage, friction, and desire through a polarity aspect.","This may temporarily bring action, heat, courage, friction, and desire into focus through events, conversations, moods, decisions, or timing connected to depth, power, pressure, release, and transformation.",Turning tension into a standoff instead of a clearer understanding.,Name what has become too intense to ignore.,"Something connected to action, heat, courage, friction, and desire may be easier to notice now because depth, power, pressure, release, and transformation is pressing on it. Treat this as timing, not fate.","Current sky to natal chart: timing signal, not fate. Explain what part of their chart is being temporarily activated.",packages/astro-knowledge/data/transits/natal/pluto_mars_opposition.json
You,transits/natal,pluto_mars_sextile,Transiting Pluto Sextile Natal Mars,voiceNeutral: true,"A current movement of depth, power, pressure, release, and transformation contacts the natal pattern of action, heat, courage, friction, and desire through a opening aspect.","This may temporarily bring action, heat, courage, friction, and desire into focus through events, conversations, moods, decisions, or timing connected to depth, power, pressure, release, and transformation.",Coasting on the good idea without turning it into anything concrete.,Name what has become too intense to ignore.,"Something connected to action, heat, courage, friction, and desire may be easier to notice now because depth, power, pressure, release, and transformation is pressing on it. Treat this as timing, not fate.","Current sky to natal chart: timing signal, not fate. Explain what part of their chart is being temporarily activated.",packages/astro-knowledge/data/transits/natal/pluto_mars_sextile.json
You,transits/natal,pluto_mars_square,Transiting Pluto Square Natal Mars,voiceNeutral: true,"A current movement of depth, power, pressure, release, and transformation contacts the natal pattern of action, heat, courage, friction, and desire through a friction aspect.","This may temporarily bring action, heat, courage, friction, and desire into focus through events, conversations, moods, decisions, or timing connected to depth, power, pressure, release, and transformation.",Forcing a decision just to end the discomfort.,Name what has become too intense to ignore.,"Something connected to action, heat, courage, friction, and desire may be easier to notice now because depth, power, pressure, release, and transformation is pressing on it. Treat this as timing, not fate.","Current sky to natal chart: timing signal, not fate. Explain what part of their chart is being temporarily activated.",packages/astro-knowledge/data/transits/natal/pluto_mars_square.json
You,transits/natal,pluto_mars_trine,Transiting Pluto Trine Natal Mars,voiceNeutral: true,"A current movement of depth, power, pressure, release, and transformation contacts the natal pattern of action, heat, courage, friction, and desire through a flow aspect.","This may temporarily bring action, heat, courage, friction, and desire into focus through events, conversations, moods, decisions, or timing connected to depth, power, pressure, release, and transformation.",Letting the ease pass unused because nothing feels urgent.,Name what has become too intense to ignore.,"Something connected to action, heat, courage, friction, and desire may be easier to notice now because depth, power, pressure, release, and transformation is pressing on it. Treat this as timing, not fate.","Current sky to natal chart: timing signal, not fate. Explain what part of their chart is being temporarily activated.",packages/astro-knowledge/data/transits/natal/pluto_mars_trine.json
You,transits/natal,pluto_mercury_conjunction,Transiting Pluto Conjunction Natal Mercury,voiceNeutral: true,"A current movement of depth, power, pressure, release, and transformation contacts the natal pattern of language, information, decisions, and nervous energy through a fusion aspect.","This may temporarily bring language, information, decisions, and nervous energy into focus through events, conversations, moods, decisions, or timing connected to depth, power, pressure, release, and transformation.",Acting from the intensity before identifying the separate parts.,Name what has become too intense to ignore.,"Something connected to language, information, decisions, and nervous energy may be easier to notice now because depth, power, pressure, release, and transformation is pressing on it. Treat this as timing, not fate.","Current sky to natal chart: timing signal, not fate. Explain what part of their chart is being temporarily activated.",packages/astro-knowledge/data/transits/natal/pluto_mercury_conjunction.json
You,transits/natal,pluto_mercury_opposition,Transiting Pluto Opposition Natal Mercury,voiceNeutral: true,"A current movement of depth, power, pressure, release, and transformation contacts the natal pattern of language, information, decisions, and nervous energy through a polarity aspect.","This may temporarily bring language, information, decisions, and nervous energy into focus through events, conversations, moods, decisions, or timing connected to depth, power, pressure, release, and transformation.",Turning tension into a standoff instead of a clearer understanding.,Name what has become too intense to ignore.,"Something connected to language, information, decisions, and nervous energy may be easier to notice now because depth, power, pressure, release, and transformation is pressing on it. Treat this as timing, not fate.","Current sky to natal chart: timing signal, not fate. Explain what part of their chart is being temporarily activated.",packages/astro-knowledge/data/transits/natal/pluto_mercury_opposition.json
You,transits/natal,pluto_mercury_sextile,Transiting Pluto Sextile Natal Mercury,voiceNeutral: true,"A current movement of depth, power, pressure, release, and transformation contacts the natal pattern of language, information, decisions, and nervous energy through a opening aspect.","This may temporarily bring language, information, decisions, and nervous energy into focus through events, conversations, moods, decisions, or timing connected to depth, power, pressure, release, and transformation.",Coasting on the good idea without turning it into anything concrete.,Name what has become too intense to ignore.,"Something connected to language, information, decisions, and nervous energy may be easier to notice now because depth, power, pressure, release, and transformation is pressing on it. Treat this as timing, not fate.","Current sky to natal chart: timing signal, not fate. Explain what part of their chart is being temporarily activated.",packages/astro-knowledge/data/transits/natal/pluto_mercury_sextile.json
You,transits/natal,pluto_mercury_square,Transiting Pluto Square Natal Mercury,voiceNeutral: true,"A current movement of depth, power, pressure, release, and transformation contacts the natal pattern of language, information, decisions, and nervous energy through a friction aspect.","This may temporarily bring language, information, decisions, and nervous energy into focus through events, conversations, moods, decisions, or timing connected to depth, power, pressure, release, and transformation.",Forcing a decision just to end the discomfort.,Name what has become too intense to ignore.,"Something connected to language, information, decisions, and nervous energy may be easier to notice now because depth, power, pressure, release, and transformation is pressing on it. Treat this as timing, not fate.","Current sky to natal chart: timing signal, not fate. Explain what part of their chart is being temporarily activated.",packages/astro-knowledge/data/transits/natal/pluto_mercury_square.json
You,transits/natal,pluto_mercury_trine,Transiting Pluto Trine Natal Mercury,voiceNeutral: true,"A current movement of depth, power, pressure, release, and transformation contacts the natal pattern of language, information, decisions, and nervous energy through a flow aspect.","This may temporarily bring language, information, decisions, and nervous energy into focus through events, conversations, moods, decisions, or timing connected to depth, power, pressure, release, and transformation.",Letting the ease pass unused because nothing feels urgent.,Name what has become too intense to ignore.,"Something connected to language, information, decisions, and nervous energy may be easier to notice now because depth, power, pressure, release, and transformation is pressing on it. Treat this as timing, not fate.","Current sky to natal chart: timing signal, not fate. Explain what part of their chart is being temporarily activated.",packages/astro-knowledge/data/transits/natal/pluto_mercury_trine.json
You,transits/natal,pluto_moon_conjunction,Transiting Pluto Conjunction Natal Moon,voiceNeutral: true,"A current movement of depth, power, pressure, release, and transformation contacts the natal pattern of emotion, instinct, needs, and daily rhythm through a fusion aspect.","This may temporarily bring emotion, instinct, needs, and daily rhythm into focus through events, conversations, moods, decisions, or timing connected to depth, power, pressure, release, and transformation.",Acting from the intensity before identifying the separate parts.,Name what has become too intense to ignore.,"Something connected to emotion, instinct, needs, and daily rhythm may be easier to notice now because depth, power, pressure, release, and transformation is pressing on it. Treat this as timing, not fate.","Current sky to natal chart: timing signal, not fate. Explain what part of their chart is being temporarily activated.",packages/astro-knowledge/data/transits/natal/pluto_moon_conjunction.json
You,transits/natal,pluto_moon_opposition,Transiting Pluto Opposition Natal Moon,voiceNeutral: true,"A current movement of depth, power, pressure, release, and transformation contacts the natal pattern of emotion, instinct, needs, and daily rhythm through a polarity aspect.","This may temporarily bring emotion, instinct, needs, and daily rhythm into focus through events, conversations, moods, decisions, or timing connected to depth, power, pressure, release, and transformation.",Turning tension into a standoff instead of a clearer understanding.,Name what has become too intense to ignore.,"Something connected to emotion, instinct, needs, and daily rhythm may be easier to notice now because depth, power, pressure, release, and transformation is pressing on it. Treat this as timing, not fate.","Current sky to natal chart: timing signal, not fate. Explain what part of their chart is being temporarily activated.",packages/astro-knowledge/data/transits/natal/pluto_moon_opposition.json
You,transits/natal,pluto_moon_sextile,Transiting Pluto Sextile Natal Moon,voiceNeutral: true,"A current movement of depth, power, pressure, release, and transformation contacts the natal pattern of emotion, instinct, needs, and daily rhythm through a opening aspect.","This may temporarily bring emotion, instinct, needs, and daily rhythm into focus through events, conversations, moods, decisions, or timing connected to depth, power, pressure, release, and transformation.",Coasting on the good idea without turning it into anything concrete.,Name what has become too intense to ignore.,"Something connected to emotion, instinct, needs, and daily rhythm may be easier to notice now because depth, power, pressure, release, and transformation is pressing on it. Treat this as timing, not fate.","Current sky to natal chart: timing signal, not fate. Explain what part of their chart is being temporarily activated.",packages/astro-knowledge/data/transits/natal/pluto_moon_sextile.json
You,transits/natal,pluto_moon_square,Transiting Pluto Square Natal Moon,voiceNeutral: true,"A current movement of depth, power, pressure, release, and transformation contacts the natal pattern of emotion, instinct, needs, and daily rhythm through a friction aspect.","This may temporarily bring emotion, instinct, needs, and daily rhythm into focus through events, conversations, moods, decisions, or timing connected to depth, power, pressure, release, and transformation.",Forcing a decision just to end the discomfort.,Name what has become too intense to ignore.,"Something connected to emotion, instinct, needs, and daily rhythm may be easier to notice now because depth, power, pressure, release, and transformation is pressing on it. Treat this as timing, not fate.","Current sky to natal chart: timing signal, not fate. Explain what part of their chart is being temporarily activated.",packages/astro-knowledge/data/transits/natal/pluto_moon_square.json
You,transits/natal,pluto_moon_trine,Transiting Pluto Trine Natal Moon,voiceNeutral: true,"A current movement of depth, power, pressure, release, and transformation contacts the natal pattern of emotion, instinct, needs, and daily rhythm through a flow aspect.","This may temporarily bring emotion, instinct, needs, and daily rhythm into focus through events, conversations, moods, decisions, or timing connected to depth, power, pressure, release, and transformation.",Letting the ease pass unused because nothing feels urgent.,Name what has become too intense to ignore.,"Something connected to emotion, instinct, needs, and daily rhythm may be easier to notice now because depth, power, pressure, release, and transformation is pressing on it. Treat this as timing, not fate.","Current sky to natal chart: timing signal, not fate. Explain what part of their chart is being temporarily activated.",packages/astro-knowledge/data/transits/natal/pluto_moon_trine.json
You,transits/natal,pluto_neptune_conjunction,Transiting Pluto Conjunction Natal Neptune,voiceNeutral: true,"A current movement of depth, power, pressure, release, and transformation contacts the natal pattern of imagination, longing, vision, sensitivity, and uncertainty through a fusion aspect.","This may temporarily bring imagination, longing, vision, sensitivity, and uncertainty into focus through events, conversations, moods, decisions, or timing connected to depth, power, pressure, release, and transformation.",Acting from the intensity before identifying the separate parts.,Name what has become too intense to ignore.,"Something connected to imagination, longing, vision, sensitivity, and uncertainty may be easier to notice now because depth, power, pressure, release, and transformation is pressing on it. Treat this as timing, not fate.","Current sky to natal chart: timing signal, not fate. Explain what part of their chart is being temporarily activated.",packages/astro-knowledge/data/transits/natal/pluto_neptune_conjunction.json
You,transits/natal,pluto_neptune_opposition,Transiting Pluto Opposition Natal Neptune,voiceNeutral: true,"A current movement of depth, power, pressure, release, and transformation contacts the natal pattern of imagination, longing, vision, sensitivity, and uncertainty through a polarity aspect.","This may temporarily bring imagination, longing, vision, sensitivity, and uncertainty into focus through events, conversations, moods, decisions, or timing connected to depth, power, pressure, release, and transformation.",Turning tension into a standoff instead of a clearer understanding.,Name what has become too intense to ignore.,"Something connected to imagination, longing, vision, sensitivity, and uncertainty may be easier to notice now because depth, power, pressure, release, and transformation is pressing on it. Treat this as timing, not fate.","Current sky to natal chart: timing signal, not fate. Explain what part of their chart is being temporarily activated.",packages/astro-knowledge/data/transits/natal/pluto_neptune_opposition.json
You,transits/natal,pluto_neptune_sextile,Transiting Pluto Sextile Natal Neptune,voiceNeutral: true,"A current movement of depth, power, pressure, release, and transformation contacts the natal pattern of imagination, longing, vision, sensitivity, and uncertainty through a opening aspect.","This may temporarily bring imagination, longing, vision, sensitivity, and uncertainty into focus through events, conversations, moods, decisions, or timing connected to depth, power, pressure, release, and transformation.",Coasting on the good idea without turning it into anything concrete.,Name what has become too intense to ignore.,"Something connected to imagination, longing, vision, sensitivity, and uncertainty may be easier to notice now because depth, power, pressure, release, and transformation is pressing on it. Treat this as timing, not fate.","Current sky to natal chart: timing signal, not fate. Explain what part of their chart is being temporarily activated.",packages/astro-knowledge/data/transits/natal/pluto_neptune_sextile.json
You,transits/natal,pluto_neptune_square,Transiting Pluto Square Natal Neptune,voiceNeutral: true,"A current movement of depth, power, pressure, release, and transformation contacts the natal pattern of imagination, longing, vision, sensitivity, and uncertainty through a friction aspect.","This may temporarily bring imagination, longing, vision, sensitivity, and uncertainty into focus through events, conversations, moods, decisions, or timing connected to depth, power, pressure, release, and transformation.",Forcing a decision just to end the discomfort.,Name what has become too intense to ignore.,"Something connected to imagination, longing, vision, sensitivity, and uncertainty may be easier to notice now because depth, power, pressure, release, and transformation is pressing on it. Treat this as timing, not fate.","Current sky to natal chart: timing signal, not fate. Explain what part of their chart is being temporarily activated.",packages/astro-knowledge/data/transits/natal/pluto_neptune_square.json
You,transits/natal,pluto_neptune_trine,Transiting Pluto Trine Natal Neptune,voiceNeutral: true,"A current movement of depth, power, pressure, release, and transformation contacts the natal pattern of imagination, longing, vision, sensitivity, and uncertainty through a flow aspect.","This may temporarily bring imagination, longing, vision, sensitivity, and uncertainty into focus through events, conversations, moods, decisions, or timing connected to depth, power, pressure, release, and transformation.",Letting the ease pass unused because nothing feels urgent.,Name what has become too intense to ignore.,"Something connected to imagination, longing, vision, sensitivity, and uncertainty may be easier to notice now because depth, power, pressure, release, and transformation is pressing on it. Treat this as timing, not fate.","Current sky to natal chart: timing signal, not fate. Explain what part of their chart is being temporarily activated.",packages/astro-knowledge/data/transits/natal/pluto_neptune_trine.json
You,transits/natal,pluto_pluto_conjunction,Transiting Pluto Conjunction Natal Pluto,voiceNeutral: true,"A current movement of depth, power, pressure, release, and transformation contacts the natal pattern of depth, power, pressure, release, and transformation through a fusion aspect.","This may temporarily bring depth, power, pressure, release, and transformation into focus through events, conversations, moods, decisions, or timing connected to depth, power, pressure, release, and transformation.",Acting from the intensity before identifying the separate parts.,Name what has become too intense to ignore.,"Something connected to depth, power, pressure, release, and transformation may be easier to notice now because depth, power, pressure, release, and transformation is pressing on it. Treat this as timing, not fate.","Current sky to natal chart: timing signal, not fate. Explain what part of their chart is being temporarily activated.",packages/astro-knowledge/data/transits/natal/pluto_pluto_conjunction.json
You,transits/natal,pluto_pluto_opposition,Transiting Pluto Opposition Natal Pluto,voiceNeutral: true,"A current movement of depth, power, pressure, release, and transformation contacts the natal pattern of depth, power, pressure, release, and transformation through a polarity aspect.","This may temporarily bring depth, power, pressure, release, and transformation into focus through events, conversations, moods, decisions, or timing connected to depth, power, pressure, release, and transformation.",Turning tension into a standoff instead of a clearer understanding.,Name what has become too intense to ignore.,"Something connected to depth, power, pressure, release, and transformation may be easier to notice now because depth, power, pressure, release, and transformation is pressing on it. Treat this as timing, not fate.","Current sky to natal chart: timing signal, not fate. Explain what part of their chart is being temporarily activated.",packages/astro-knowledge/data/transits/natal/pluto_pluto_opposition.json
You,transits/natal,pluto_pluto_sextile,Transiting Pluto Sextile Natal Pluto,voiceNeutral: true,"A current movement of depth, power, pressure, release, and transformation contacts the natal pattern of depth, power, pressure, release, and transformation through a opening aspect.","This may temporarily bring depth, power, pressure, release, and transformation into focus through events, conversations, moods, decisions, or timing connected to depth, power, pressure, release, and transformation.",Coasting on the good idea without turning it into anything concrete.,Name what has become too intense to ignore.,"Something connected to depth, power, pressure, release, and transformation may be easier to notice now because depth, power, pressure, release, and transformation is pressing on it. Treat this as timing, not fate.","Current sky to natal chart: timing signal, not fate. Explain what part of their chart is being temporarily activated.",packages/astro-knowledge/data/transits/natal/pluto_pluto_sextile.json
You,transits/natal,pluto_pluto_square,Transiting Pluto Square Natal Pluto,voiceNeutral: true,"A current movement of depth, power, pressure, release, and transformation contacts the natal pattern of depth, power, pressure, release, and transformation through a friction aspect.","This may temporarily bring depth, power, pressure, release, and transformation into focus through events, conversations, moods, decisions, or timing connected to depth, power, pressure, release, and transformation.",Forcing a decision just to end the discomfort.,Name what has become too intense to ignore.,"Something connected to depth, power, pressure, release, and transformation may be easier to notice now because depth, power, pressure, release, and transformation is pressing on it. Treat this as timing, not fate.","Current sky to natal chart: timing signal, not fate. Explain what part of their chart is being temporarily activated.",packages/astro-knowledge/data/transits/natal/pluto_pluto_square.json
You,transits/natal,pluto_pluto_trine,Transiting Pluto Trine Natal Pluto,voiceNeutral: true,"A current movement of depth, power, pressure, release, and transformation contacts the natal pattern of depth, power, pressure, release, and transformation through a flow aspect.","This may temporarily bring depth, power, pressure, release, and transformation into focus through events, conversations, moods, decisions, or timing connected to depth, power, pressure, release, and transformation.",Letting the ease pass unused because nothing feels urgent.,Name what has become too intense to ignore.,"Something connected to depth, power, pressure, release, and transformation may be easier to notice now because depth, power, pressure, release, and transformation is pressing on it. Treat this as timing, not fate.","Current sky to natal chart: timing signal, not fate. Explain what part of their chart is being temporarily activated.",packages/astro-knowledge/data/transits/natal/pluto_pluto_trine.json
You,transits/natal,pluto_saturn_conjunction,Transiting Pluto Conjunction Natal Saturn,voiceNeutral: true,"A current movement of depth, power, pressure, release, and transformation contacts the natal pattern of structure, limits, responsibility, time, and consequence through a fusion aspect.","This may temporarily bring structure, limits, responsibility, time, and consequence into focus through events, conversations, moods, decisions, or timing connected to depth, power, pressure, release, and transformation.",Acting from the intensity before identifying the separate parts.,Name what has become too intense to ignore.,"Something connected to structure, limits, responsibility, time, and consequence may be easier to notice now because depth, power, pressure, release, and transformation is pressing on it. Treat this as timing, not fate.","Current sky to natal chart: timing signal, not fate. Explain what part of their chart is being temporarily activated.",packages/astro-knowledge/data/transits/natal/pluto_saturn_conjunction.json
You,transits/natal,pluto_saturn_opposition,Transiting Pluto Opposition Natal Saturn,voiceNeutral: true,"A current movement of depth, power, pressure, release, and transformation contacts the natal pattern of structure, limits, responsibility, time, and consequence through a polarity aspect.","This may temporarily bring structure, limits, responsibility, time, and consequence into focus through events, conversations, moods, decisions, or timing connected to depth, power, pressure, release, and transformation.",Turning tension into a standoff instead of a clearer understanding.,Name what has become too intense to ignore.,"Something connected to structure, limits, responsibility, time, and consequence may be easier to notice now because depth, power, pressure, release, and transformation is pressing on it. Treat this as timing, not fate.","Current sky to natal chart: timing signal, not fate. Explain what part of their chart is being temporarily activated.",packages/astro-knowledge/data/transits/natal/pluto_saturn_opposition.json
You,transits/natal,pluto_saturn_sextile,Transiting Pluto Sextile Natal Saturn,voiceNeutral: true,"A current movement of depth, power, pressure, release, and transformation contacts the natal pattern of structure, limits, responsibility, time, and consequence through a opening aspect.","This may temporarily bring structure, limits, responsibility, time, and consequence into focus through events, conversations, moods, decisions, or timing connected to depth, power, pressure, release, and transformation.",Coasting on the good idea without turning it into anything concrete.,Name what has become too intense to ignore.,"Something connected to structure, limits, responsibility, time, and consequence may be easier to notice now because depth, power, pressure, release, and transformation is pressing on it. Treat this as timing, not fate.","Current sky to natal chart: timing signal, not fate. Explain what part of their chart is being temporarily activated.",packages/astro-knowledge/data/transits/natal/pluto_saturn_sextile.json
You,transits/natal,pluto_saturn_square,Transiting Pluto Square Natal Saturn,voiceNeutral: true,"A current movement of depth, power, pressure, release, and transformation contacts the natal pattern of structure, limits, responsibility, time, and consequence through a friction aspect.","This may temporarily bring structure, limits, responsibility, time, and consequence into focus through events, conversations, moods, decisions, or timing connected to depth, power, pressure, release, and transformation.",Forcing a decision just to end the discomfort.,Name what has become too intense to ignore.,"Something connected to structure, limits, responsibility, time, and consequence may be easier to notice now because depth, power, pressure, release, and transformation is pressing on it. Treat this as timing, not fate.","Current sky to natal chart: timing signal, not fate. Explain what part of their chart is being temporarily activated.",packages/astro-knowledge/data/transits/natal/pluto_saturn_square.json
You,transits/natal,pluto_saturn_trine,Transiting Pluto Trine Natal Saturn,voiceNeutral: true,"A current movement of depth, power, pressure, release, and transformation contacts the natal pattern of structure, limits, responsibility, time, and consequence through a flow aspect.","This may temporarily bring structure, limits, responsibility, time, and consequence into focus through events, conversations, moods, decisions, or timing connected to depth, power, pressure, release, and transformation.",Letting the ease pass unused because nothing feels urgent.,Name what has become too intense to ignore.,"Something connected to structure, limits, responsibility, time, and consequence may be easier to notice now because depth, power, pressure, release, and transformation is pressing on it. Treat this as timing, not fate.","Current sky to natal chart: timing signal, not fate. Explain what part of their chart is being temporarily activated.",packages/astro-knowledge/data/transits/natal/pluto_saturn_trine.json
You,transits/natal,pluto_sun_conjunction,Transiting Pluto Conjunction Natal Sun,voiceNeutral: true,"A current movement of depth, power, pressure, release, and transformation contacts the natal pattern of attention, vitality, visibility, and confidence through a fusion aspect.","This may temporarily bring attention, vitality, visibility, and confidence into focus through events, conversations, moods, decisions, or timing connected to depth, power, pressure, release, and transformation.",Acting from the intensity before identifying the separate parts.,Name what has become too intense to ignore.,"Something connected to attention, vitality, visibility, and confidence may be easier to notice now because depth, power, pressure, release, and transformation is pressing on it. Treat this as timing, not fate.","Current sky to natal chart: timing signal, not fate. Explain what part of their chart is being temporarily activated.",packages/astro-knowledge/data/transits/natal/pluto_sun_conjunction.json
You,transits/natal,pluto_sun_opposition,Transiting Pluto Opposition Natal Sun,voiceNeutral: true,"A current movement of depth, power, pressure, release, and transformation contacts the natal pattern of attention, vitality, visibility, and confidence through a polarity aspect.","This may temporarily bring attention, vitality, visibility, and confidence into focus through events, conversations, moods, decisions, or timing connected to depth, power, pressure, release, and transformation.",Turning tension into a standoff instead of a clearer understanding.,Name what has become too intense to ignore.,"Something connected to attention, vitality, visibility, and confidence may be easier to notice now because depth, power, pressure, release, and transformation is pressing on it. Treat this as timing, not fate.","Current sky to natal chart: timing signal, not fate. Explain what part of their chart is being temporarily activated.",packages/astro-knowledge/data/transits/natal/pluto_sun_opposition.json
You,transits/natal,pluto_sun_sextile,Transiting Pluto Sextile Natal Sun,voiceNeutral: true,"A current movement of depth, power, pressure, release, and transformation contacts the natal pattern of attention, vitality, visibility, and confidence through a opening aspect.","This may temporarily bring attention, vitality, visibility, and confidence into focus through events, conversations, moods, decisions, or timing connected to depth, power, pressure, release, and transformation.",Coasting on the good idea without turning it into anything concrete.,Name what has become too intense to ignore.,"Something connected to attention, vitality, visibility, and confidence may be easier to notice now because depth, power, pressure, release, and transformation is pressing on it. Treat this as timing, not fate.","Current sky to natal chart: timing signal, not fate. Explain what part of their chart is being temporarily activated.",packages/astro-knowledge/data/transits/natal/pluto_sun_sextile.json
You,transits/natal,pluto_sun_square,Transiting Pluto Square Natal Sun,voiceNeutral: true,"A current movement of depth, power, pressure, release, and transformation contacts the natal pattern of attention, vitality, visibility, and confidence through a friction aspect.","This may temporarily bring attention, vitality, visibility, and confidence into focus through events, conversations, moods, decisions, or timing connected to depth, power, pressure, release, and transformation.",Forcing a decision just to end the discomfort.,Name what has become too intense to ignore.,"Something connected to attention, vitality, visibility, and confidence may be easier to notice now because depth, power, pressure, release, and transformation is pressing on it. Treat this as timing, not fate.","Current sky to natal chart: timing signal, not fate. Explain what part of their chart is being temporarily activated.",packages/astro-knowledge/data/transits/natal/pluto_sun_square.json
You,transits/natal,pluto_sun_trine,Transiting Pluto Trine Natal Sun,voiceNeutral: true,"A current movement of depth, power, pressure, release, and transformation contacts the natal pattern of attention, vitality, visibility, and confidence through a flow aspect.","This may temporarily bring attention, vitality, visibility, and confidence into focus through events, conversations, moods, decisions, or timing connected to depth, power, pressure, release, and transformation.",Letting the ease pass unused because nothing feels urgent.,Name what has become too intense to ignore.,"Something connected to attention, vitality, visibility, and confidence may be easier to notice now because depth, power, pressure, release, and transformation is pressing on it. Treat this as timing, not fate.","Current sky to natal chart: timing signal, not fate. Explain what part of their chart is being temporarily activated.",packages/astro-knowledge/data/transits/natal/pluto_sun_trine.json
You,transits/natal,pluto_uranus_conjunction,Transiting Pluto Conjunction Natal Uranus,voiceNeutral: true,"A current movement of depth, power, pressure, release, and transformation contacts the natal pattern of change, disruption, freedom, and originality through a fusion aspect.","This may temporarily bring change, disruption, freedom, and originality into focus through events, conversations, moods, decisions, or timing connected to depth, power, pressure, release, and transformation.",Acting from the intensity before identifying the separate parts.,Name what has become too intense to ignore.,"Something connected to change, disruption, freedom, and originality may be easier to notice now because depth, power, pressure, release, and transformation is pressing on it. Treat this as timing, not fate.","Current sky to natal chart: timing signal, not fate. Explain what part of their chart is being temporarily activated.",packages/astro-knowledge/data/transits/natal/pluto_uranus_conjunction.json
You,transits/natal,pluto_uranus_opposition,Transiting Pluto Opposition Natal Uranus,voiceNeutral: true,"A current movement of depth, power, pressure, release, and transformation contacts the natal pattern of change, disruption, freedom, and originality through a polarity aspect.","This may temporarily bring change, disruption, freedom, and originality into focus through events, conversations, moods, decisions, or timing connected to depth, power, pressure, release, and transformation.",Turning tension into a standoff instead of a clearer understanding.,Name what has become too intense to ignore.,"Something connected to change, disruption, freedom, and originality may be easier to notice now because depth, power, pressure, release, and transformation is pressing on it. Treat this as timing, not fate.","Current sky to natal chart: timing signal, not fate. Explain what part of their chart is being temporarily activated.",packages/astro-knowledge/data/transits/natal/pluto_uranus_opposition.json
You,transits/natal,pluto_uranus_sextile,Transiting Pluto Sextile Natal Uranus,voiceNeutral: true,"A current movement of depth, power, pressure, release, and transformation contacts the natal pattern of change, disruption, freedom, and originality through a opening aspect.","This may temporarily bring change, disruption, freedom, and originality into focus through events, conversations, moods, decisions, or timing connected to depth, power, pressure, release, and transformation.",Coasting on the good idea without turning it into anything concrete.,Name what has become too intense to ignore.,"Something connected to change, disruption, freedom, and originality may be easier to notice now because depth, power, pressure, release, and transformation is pressing on it. Treat this as timing, not fate.","Current sky to natal chart: timing signal, not fate. Explain what part of their chart is being temporarily activated.",packages/astro-knowledge/data/transits/natal/pluto_uranus_sextile.json
You,transits/natal,pluto_uranus_square,Transiting Pluto Square Natal Uranus,voiceNeutral: true,"A current movement of depth, power, pressure, release, and transformation contacts the natal pattern of change, disruption, freedom, and originality through a friction aspect.","This may temporarily bring change, disruption, freedom, and originality into focus through events, conversations, moods, decisions, or timing connected to depth, power, pressure, release, and transformation.",Forcing a decision just to end the discomfort.,Name what has become too intense to ignore.,"Something connected to change, disruption, freedom, and originality may be easier to notice now because depth, power, pressure, release, and transformation is pressing on it. Treat this as timing, not fate.","Current sky to natal chart: timing signal, not fate. Explain what part of their chart is being temporarily activated.",packages/astro-knowledge/data/transits/natal/pluto_uranus_square.json
You,transits/natal,pluto_uranus_trine,Transiting Pluto Trine Natal Uranus,voiceNeutral: true,"A current movement of depth, power, pressure, release, and transformation contacts the natal pattern of change, disruption, freedom, and originality through a flow aspect.","This may temporarily bring change, disruption, freedom, and originality into focus through events, conversations, moods, decisions, or timing connected to depth, power, pressure, release, and transformation.",Letting the ease pass unused because nothing feels urgent.,Name what has become too intense to ignore.,"Something connected to change, disruption, freedom, and originality may be easier to notice now because depth, power, pressure, release, and transformation is pressing on it. Treat this as timing, not fate.","Current sky to natal chart: timing signal, not fate. Explain what part of their chart is being temporarily activated.",packages/astro-knowledge/data/transits/natal/pluto_uranus_trine.json
You,transits/natal,pluto_venus_conjunction,Transiting Pluto Conjunction Natal Venus,voiceNeutral: true,"A current movement of depth, power, pressure, release, and transformation contacts the natal pattern of connection, value, pleasure, attraction, and ease through a fusion aspect.","This may temporarily bring connection, value, pleasure, attraction, and ease into focus through events, conversations, moods, decisions, or timing connected to depth, power, pressure, release, and transformation.",Acting from the intensity before identifying the separate parts.,Name what has become too intense to ignore.,"Something connected to connection, value, pleasure, attraction, and ease may be easier to notice now because depth, power, pressure, release, and transformation is pressing on it. Treat this as timing, not fate.","Current sky to natal chart: timing signal, not fate. Explain what part of their chart is being temporarily activated.",packages/astro-knowledge/data/transits/natal/pluto_venus_conjunction.json
You,transits/natal,pluto_venus_opposition,Transiting Pluto Opposition Natal Venus,voiceNeutral: true,"A current movement of depth, power, pressure, release, and transformation contacts the natal pattern of connection, value, pleasure, attraction, and ease through a polarity aspect.","This may temporarily bring connection, value, pleasure, attraction, and ease into focus through events, conversations, moods, decisions, or timing connected to depth, power, pressure, release, and transformation.",Turning tension into a standoff instead of a clearer understanding.,Name what has become too intense to ignore.,"Something connected to connection, value, pleasure, attraction, and ease may be easier to notice now because depth, power, pressure, release, and transformation is pressing on it. Treat this as timing, not fate.","Current sky to natal chart: timing signal, not fate. Explain what part of their chart is being temporarily activated.",packages/astro-knowledge/data/transits/natal/pluto_venus_opposition.json
You,transits/natal,pluto_venus_sextile,Transiting Pluto Sextile Natal Venus,voiceNeutral: true,"A current movement of depth, power, pressure, release, and transformation contacts the natal pattern of connection, value, pleasure, attraction, and ease through a opening aspect.","This may temporarily bring connection, value, pleasure, attraction, and ease into focus through events, conversations, moods, decisions, or timing connected to depth, power, pressure, release, and transformation.",Coasting on the good idea without turning it into anything concrete.,Name what has become too intense to ignore.,"Something connected to connection, value, pleasure, attraction, and ease may be easier to notice now because depth, power, pressure, release, and transformation is pressing on it. Treat this as timing, not fate.","Current sky to natal chart: timing signal, not fate. Explain what part of their chart is being temporarily activated.",packages/astro-knowledge/data/transits/natal/pluto_venus_sextile.json
You,transits/natal,pluto_venus_square,Transiting Pluto Square Natal Venus,voiceNeutral: true,"A current movement of depth, power, pressure, release, and transformation contacts the natal pattern of connection, value, pleasure, attraction, and ease through a friction aspect.","This may temporarily bring connection, value, pleasure, attraction, and ease into focus through events, conversations, moods, decisions, or timing connected to depth, power, pressure, release, and transformation.",Forcing a decision just to end the discomfort.,Name what has become too intense to ignore.,"Something connected to connection, value, pleasure, attraction, and ease may be easier to notice now because depth, power, pressure, release, and transformation is pressing on it. Treat this as timing, not fate.","Current sky to natal chart: timing signal, not fate. Explain what part of their chart is being temporarily activated.",packages/astro-knowledge/data/transits/natal/pluto_venus_square.json
You,transits/natal,pluto_venus_trine,Transiting Pluto Trine Natal Venus,voiceNeutral: true,"A current movement of depth, power, pressure, release, and transformation contacts the natal pattern of connection, value, pleasure, attraction, and ease through a flow aspect.","This may temporarily bring connection, value, pleasure, attraction, and ease into focus through events, conversations, moods, decisions, or timing connected to depth, power, pressure, release, and transformation.",Letting the ease pass unused because nothing feels urgent.,Name what has become too intense to ignore.,"Something connected to connection, value, pleasure, attraction, and ease may be easier to notice now because depth, power, pressure, release, and transformation is pressing on it. Treat this as timing, not fate.","Current sky to natal chart: timing signal, not fate. Explain what part of their chart is being temporarily activated.",packages/astro-knowledge/data/transits/natal/pluto_venus_trine.json
You,transits/natal,saturn_ascendant_conjunction,Transiting Saturn Conjunction Natal Ascendant,voiceNeutral: true,"A current movement of structure, limits, responsibility, time, and consequence contacts the natal pattern of self-presentation, body, identity, and first response through a fusion aspect.","This may temporarily bring self-presentation, body, identity, and first response into focus through events, conversations, moods, decisions, or timing connected to structure, limits, responsibility, time, and consequence.",Acting from the intensity before identifying the separate parts.,Define the next responsibility and make it manageable.,"Something connected to self-presentation, body, identity, and first response may be easier to notice now because structure, limits, responsibility, time, and consequence is pressing on it. Treat this as timing, not fate.","Current sky to natal chart: timing signal, not fate. Explain what part of their chart is being temporarily activated.",packages/astro-knowledge/data/transits/natal/saturn_ascendant_conjunction.json
You,transits/natal,saturn_ascendant_opposition,Transiting Saturn Opposition Natal Ascendant,voiceNeutral: true,"A current movement of structure, limits, responsibility, time, and consequence contacts the natal pattern of self-presentation, body, identity, and first response through a polarity aspect.","This may temporarily bring self-presentation, body, identity, and first response into focus through events, conversations, moods, decisions, or timing connected to structure, limits, responsibility, time, and consequence.",Turning tension into a standoff instead of a clearer understanding.,Define the next responsibility and make it manageable.,"Something connected to self-presentation, body, identity, and first response may be easier to notice now because structure, limits, responsibility, time, and consequence is pressing on it. Treat this as timing, not fate.","Current sky to natal chart: timing signal, not fate. Explain what part of their chart is being temporarily activated.",packages/astro-knowledge/data/transits/natal/saturn_ascendant_opposition.json
You,transits/natal,saturn_ascendant_sextile,Transiting Saturn Sextile Natal Ascendant,voiceNeutral: true,"A current movement of structure, limits, responsibility, time, and consequence contacts the natal pattern of self-presentation, body, identity, and first response through a opening aspect.","This may temporarily bring self-presentation, body, identity, and first response into focus through events, conversations, moods, decisions, or timing connected to structure, limits, responsibility, time, and consequence.",Coasting on the good idea without turning it into anything concrete.,Define the next responsibility and make it manageable.,"Something connected to self-presentation, body, identity, and first response may be easier to notice now because structure, limits, responsibility, time, and consequence is pressing on it. Treat this as timing, not fate.","Current sky to natal chart: timing signal, not fate. Explain what part of their chart is being temporarily activated.",packages/astro-knowledge/data/transits/natal/saturn_ascendant_sextile.json
You,transits/natal,saturn_ascendant_square,Transiting Saturn Square Natal Ascendant,voiceNeutral: true,"A current movement of structure, limits, responsibility, time, and consequence contacts the natal pattern of self-presentation, body, identity, and first response through a friction aspect.","This may temporarily bring self-presentation, body, identity, and first response into focus through events, conversations, moods, decisions, or timing connected to structure, limits, responsibility, time, and consequence.",Forcing a decision just to end the discomfort.,Define the next responsibility and make it manageable.,"Something connected to self-presentation, body, identity, and first response may be easier to notice now because structure, limits, responsibility, time, and consequence is pressing on it. Treat this as timing, not fate.","Current sky to natal chart: timing signal, not fate. Explain what part of their chart is being temporarily activated.",packages/astro-knowledge/data/transits/natal/saturn_ascendant_square.json
You,transits/natal,saturn_ascendant_trine,Transiting Saturn Trine Natal Ascendant,voiceNeutral: true,"A current movement of structure, limits, responsibility, time, and consequence contacts the natal pattern of self-presentation, body, identity, and first response through a flow aspect.","This may temporarily bring self-presentation, body, identity, and first response into focus through events, conversations, moods, decisions, or timing connected to structure, limits, responsibility, time, and consequence.",Letting the ease pass unused because nothing feels urgent.,Define the next responsibility and make it manageable.,"Something connected to self-presentation, body, identity, and first response may be easier to notice now because structure, limits, responsibility, time, and consequence is pressing on it. Treat this as timing, not fate.","Current sky to natal chart: timing signal, not fate. Explain what part of their chart is being temporarily activated.",packages/astro-knowledge/data/transits/natal/saturn_ascendant_trine.json
You,transits/natal,saturn_jupiter_conjunction,Transiting Saturn Conjunction Natal Jupiter,voiceNeutral: true,"A current movement of structure, limits, responsibility, time, and consequence contacts the natal pattern of growth, belief, opportunity, and expansion through a fusion aspect.","This may temporarily bring growth, belief, opportunity, and expansion into focus through events, conversations, moods, decisions, or timing connected to structure, limits, responsibility, time, and consequence.",Acting from the intensity before identifying the separate parts.,Define the next responsibility and make it manageable.,"Something connected to growth, belief, opportunity, and expansion may be easier to notice now because structure, limits, responsibility, time, and consequence is pressing on it. Treat this as timing, not fate.","Current sky to natal chart: timing signal, not fate. Explain what part of their chart is being temporarily activated.",packages/astro-knowledge/data/transits/natal/saturn_jupiter_conjunction.json
You,transits/natal,saturn_jupiter_opposition,Transiting Saturn Opposition Natal Jupiter,voiceNeutral: true,"A current movement of structure, limits, responsibility, time, and consequence contacts the natal pattern of growth, belief, opportunity, and expansion through a polarity aspect.","This may temporarily bring growth, belief, opportunity, and expansion into focus through events, conversations, moods, decisions, or timing connected to structure, limits, responsibility, time, and consequence.",Turning tension into a standoff instead of a clearer understanding.,Define the next responsibility and make it manageable.,"Something connected to growth, belief, opportunity, and expansion may be easier to notice now because structure, limits, responsibility, time, and consequence is pressing on it. Treat this as timing, not fate.","Current sky to natal chart: timing signal, not fate. Explain what part of their chart is being temporarily activated.",packages/astro-knowledge/data/transits/natal/saturn_jupiter_opposition.json
You,transits/natal,saturn_jupiter_sextile,Transiting Saturn Sextile Natal Jupiter,voiceNeutral: true,"A current movement of structure, limits, responsibility, time, and consequence contacts the natal pattern of growth, belief, opportunity, and expansion through a opening aspect.","This may temporarily bring growth, belief, opportunity, and expansion into focus through events, conversations, moods, decisions, or timing connected to structure, limits, responsibility, time, and consequence.",Coasting on the good idea without turning it into anything concrete.,Define the next responsibility and make it manageable.,"Something connected to growth, belief, opportunity, and expansion may be easier to notice now because structure, limits, responsibility, time, and consequence is pressing on it. Treat this as timing, not fate.","Current sky to natal chart: timing signal, not fate. Explain what part of their chart is being temporarily activated.",packages/astro-knowledge/data/transits/natal/saturn_jupiter_sextile.json
You,transits/natal,saturn_jupiter_square,Transiting Saturn Square Natal Jupiter,voiceNeutral: true,"A current movement of structure, limits, responsibility, time, and consequence contacts the natal pattern of growth, belief, opportunity, and expansion through a friction aspect.","This may temporarily bring growth, belief, opportunity, and expansion into focus through events, conversations, moods, decisions, or timing connected to structure, limits, responsibility, time, and consequence.",Forcing a decision just to end the discomfort.,Define the next responsibility and make it manageable.,"Something connected to growth, belief, opportunity, and expansion may be easier to notice now because structure, limits, responsibility, time, and consequence is pressing on it. Treat this as timing, not fate.","Current sky to natal chart: timing signal, not fate. Explain what part of their chart is being temporarily activated.",packages/astro-knowledge/data/transits/natal/saturn_jupiter_square.json
You,transits/natal,saturn_jupiter_trine,Transiting Saturn Trine Natal Jupiter,voiceNeutral: true,"A current movement of structure, limits, responsibility, time, and consequence contacts the natal pattern of growth, belief, opportunity, and expansion through a flow aspect.","This may temporarily bring growth, belief, opportunity, and expansion into focus through events, conversations, moods, decisions, or timing connected to structure, limits, responsibility, time, and consequence.",Letting the ease pass unused because nothing feels urgent.,Define the next responsibility and make it manageable.,"Something connected to growth, belief, opportunity, and expansion may be easier to notice now because structure, limits, responsibility, time, and consequence is pressing on it. Treat this as timing, not fate.","Current sky to natal chart: timing signal, not fate. Explain what part of their chart is being temporarily activated.",packages/astro-knowledge/data/transits/natal/saturn_jupiter_trine.json
You,transits/natal,saturn_mars_conjunction,Transiting Saturn Conjunction Natal Mars,voiceNeutral: true,"A current movement of structure, limits, responsibility, time, and consequence contacts the natal pattern of action, heat, courage, friction, and desire through a fusion aspect.","This may temporarily bring action, heat, courage, friction, and desire into focus through events, conversations, moods, decisions, or timing connected to structure, limits, responsibility, time, and consequence.",Acting from the intensity before identifying the separate parts.,Define the next responsibility and make it manageable.,"Something connected to action, heat, courage, friction, and desire may be easier to notice now because structure, limits, responsibility, time, and consequence is pressing on it. Treat this as timing, not fate.","Current sky to natal chart: timing signal, not fate. Explain what part of their chart is being temporarily activated.",packages/astro-knowledge/data/transits/natal/saturn_mars_conjunction.json
You,transits/natal,saturn_mars_opposition,Transiting Saturn Opposition Natal Mars,voiceNeutral: true,"A current movement of structure, limits, responsibility, time, and consequence contacts the natal pattern of action, heat, courage, friction, and desire through a polarity aspect.","This may temporarily bring action, heat, courage, friction, and desire into focus through events, conversations, moods, decisions, or timing connected to structure, limits, responsibility, time, and consequence.",Turning tension into a standoff instead of a clearer understanding.,Define the next responsibility and make it manageable.,"Something connected to action, heat, courage, friction, and desire may be easier to notice now because structure, limits, responsibility, time, and consequence is pressing on it. Treat this as timing, not fate.","Current sky to natal chart: timing signal, not fate. Explain what part of their chart is being temporarily activated.",packages/astro-knowledge/data/transits/natal/saturn_mars_opposition.json
You,transits/natal,saturn_mars_sextile,Transiting Saturn Sextile Natal Mars,voiceNeutral: true,"A current movement of structure, limits, responsibility, time, and consequence contacts the natal pattern of action, heat, courage, friction, and desire through a opening aspect.","This may temporarily bring action, heat, courage, friction, and desire into focus through events, conversations, moods, decisions, or timing connected to structure, limits, responsibility, time, and consequence.",Coasting on the good idea without turning it into anything concrete.,Define the next responsibility and make it manageable.,"Something connected to action, heat, courage, friction, and desire may be easier to notice now because structure, limits, responsibility, time, and consequence is pressing on it. Treat this as timing, not fate.","Current sky to natal chart: timing signal, not fate. Explain what part of their chart is being temporarily activated.",packages/astro-knowledge/data/transits/natal/saturn_mars_sextile.json
You,transits/natal,saturn_mars_square,Transiting Saturn Square Natal Mars,voiceNeutral: true,"A current movement of structure, limits, responsibility, time, and consequence contacts the natal pattern of action, heat, courage, friction, and desire through a friction aspect.","This may temporarily bring action, heat, courage, friction, and desire into focus through events, conversations, moods, decisions, or timing connected to structure, limits, responsibility, time, and consequence.",Forcing a decision just to end the discomfort.,Define the next responsibility and make it manageable.,"Something connected to action, heat, courage, friction, and desire may be easier to notice now because structure, limits, responsibility, time, and consequence is pressing on it. Treat this as timing, not fate.","Current sky to natal chart: timing signal, not fate. Explain what part of their chart is being temporarily activated.",packages/astro-knowledge/data/transits/natal/saturn_mars_square.json
You,transits/natal,saturn_mars_trine,Transiting Saturn Trine Natal Mars,voiceNeutral: true,"A current movement of structure, limits, responsibility, time, and consequence contacts the natal pattern of action, heat, courage, friction, and desire through a flow aspect.","This may temporarily bring action, heat, courage, friction, and desire into focus through events, conversations, moods, decisions, or timing connected to structure, limits, responsibility, time, and consequence.",Letting the ease pass unused because nothing feels urgent.,Define the next responsibility and make it manageable.,"Something connected to action, heat, courage, friction, and desire may be easier to notice now because structure, limits, responsibility, time, and consequence is pressing on it. Treat this as timing, not fate.","Current sky to natal chart: timing signal, not fate. Explain what part of their chart is being temporarily activated.",packages/astro-knowledge/data/transits/natal/saturn_mars_trine.json
You,transits/natal,saturn_mercury_conjunction,Transiting Saturn Conjunction Natal Mercury,voiceNeutral: true,"A current movement of structure, limits, responsibility, time, and consequence contacts the natal pattern of language, information, decisions, and nervous energy through a fusion aspect.","This may temporarily bring language, information, decisions, and nervous energy into focus through events, conversations, moods, decisions, or timing connected to structure, limits, responsibility, time, and consequence.",Acting from the intensity before identifying the separate parts.,Define the next responsibility and make it manageable.,"Something connected to language, information, decisions, and nervous energy may be easier to notice now because structure, limits, responsibility, time, and consequence is pressing on it. Treat this as timing, not fate.","Current sky to natal chart: timing signal, not fate. Explain what part of their chart is being temporarily activated.",packages/astro-knowledge/data/transits/natal/saturn_mercury_conjunction.json
You,transits/natal,saturn_mercury_opposition,Transiting Saturn Opposition Natal Mercury,voiceNeutral: true,"A current movement of structure, limits, responsibility, time, and consequence contacts the natal pattern of language, information, decisions, and nervous energy through a polarity aspect.","This may temporarily bring language, information, decisions, and nervous energy into focus through events, conversations, moods, decisions, or timing connected to structure, limits, responsibility, time, and consequence.",Turning tension into a standoff instead of a clearer understanding.,Define the next responsibility and make it manageable.,"Something connected to language, information, decisions, and nervous energy may be easier to notice now because structure, limits, responsibility, time, and consequence is pressing on it. Treat this as timing, not fate.","Current sky to natal chart: timing signal, not fate. Explain what part of their chart is being temporarily activated.",packages/astro-knowledge/data/transits/natal/saturn_mercury_opposition.json
You,transits/natal,saturn_mercury_sextile,Transiting Saturn Sextile Natal Mercury,voiceNeutral: true,"A current movement of structure, limits, responsibility, time, and consequence contacts the natal pattern of language, information, decisions, and nervous energy through a opening aspect.","This may temporarily bring language, information, decisions, and nervous energy into focus through events, conversations, moods, decisions, or timing connected to structure, limits, responsibility, time, and consequence.",Coasting on the good idea without turning it into anything concrete.,Define the next responsibility and make it manageable.,"Something connected to language, information, decisions, and nervous energy may be easier to notice now because structure, limits, responsibility, time, and consequence is pressing on it. Treat this as timing, not fate.","Current sky to natal chart: timing signal, not fate. Explain what part of their chart is being temporarily activated.",packages/astro-knowledge/data/transits/natal/saturn_mercury_sextile.json
You,transits/natal,saturn_mercury_square,Transiting Saturn Square Natal Mercury,voiceNeutral: true,"A current movement of structure, limits, responsibility, time, and consequence contacts the natal pattern of language, information, decisions, and nervous energy through a friction aspect.","This may temporarily bring language, information, decisions, and nervous energy into focus through events, conversations, moods, decisions, or timing connected to structure, limits, responsibility, time, and consequence.",Forcing a decision just to end the discomfort.,Define the next responsibility and make it manageable.,"Something connected to language, information, decisions, and nervous energy may be easier to notice now because structure, limits, responsibility, time, and consequence is pressing on it. Treat this as timing, not fate.","Current sky to natal chart: timing signal, not fate. Explain what part of their chart is being temporarily activated.",packages/astro-knowledge/data/transits/natal/saturn_mercury_square.json
You,transits/natal,saturn_mercury_trine,Transiting Saturn Trine Natal Mercury,voiceNeutral: true,"A current movement of structure, limits, responsibility, time, and consequence contacts the natal pattern of language, information, decisions, and nervous energy through a flow aspect.","This may temporarily bring language, information, decisions, and nervous energy into focus through events, conversations, moods, decisions, or timing connected to structure, limits, responsibility, time, and consequence.",Letting the ease pass unused because nothing feels urgent.,Define the next responsibility and make it manageable.,"Something connected to language, information, decisions, and nervous energy may be easier to notice now because structure, limits, responsibility, time, and consequence is pressing on it. Treat this as timing, not fate.","Current sky to natal chart: timing signal, not fate. Explain what part of their chart is being temporarily activated.",packages/astro-knowledge/data/transits/natal/saturn_mercury_trine.json
You,transits/natal,saturn_moon_conjunction,Transiting Saturn Conjunction Natal Moon,voiceNeutral: true,"A current movement of structure, limits, responsibility, time, and consequence contacts the natal pattern of emotion, instinct, needs, and daily rhythm through a fusion aspect.","This may temporarily bring emotion, instinct, needs, and daily rhythm into focus through events, conversations, moods, decisions, or timing connected to structure, limits, responsibility, time, and consequence.",Acting from the intensity before identifying the separate parts.,Define the next responsibility and make it manageable.,"Something connected to emotion, instinct, needs, and daily rhythm may be easier to notice now because structure, limits, responsibility, time, and consequence is pressing on it. Treat this as timing, not fate.","Current sky to natal chart: timing signal, not fate. Explain what part of their chart is being temporarily activated.",packages/astro-knowledge/data/transits/natal/saturn_moon_conjunction.json
You,transits/natal,saturn_moon_opposition,Transiting Saturn Opposition Natal Moon,voiceNeutral: true,"A current movement of structure, limits, responsibility, time, and consequence contacts the natal pattern of emotion, instinct, needs, and daily rhythm through a polarity aspect.","This may temporarily bring emotion, instinct, needs, and daily rhythm into focus through events, conversations, moods, decisions, or timing connected to structure, limits, responsibility, time, and consequence.",Turning tension into a standoff instead of a clearer understanding.,Define the next responsibility and make it manageable.,"Something connected to emotion, instinct, needs, and daily rhythm may be easier to notice now because structure, limits, responsibility, time, and consequence is pressing on it. Treat this as timing, not fate.","Current sky to natal chart: timing signal, not fate. Explain what part of their chart is being temporarily activated.",packages/astro-knowledge/data/transits/natal/saturn_moon_opposition.json
You,transits/natal,saturn_moon_sextile,Transiting Saturn Sextile Natal Moon,voiceNeutral: true,"A current movement of structure, limits, responsibility, time, and consequence contacts the natal pattern of emotion, instinct, needs, and daily rhythm through a opening aspect.","This may temporarily bring emotion, instinct, needs, and daily rhythm into focus through events, conversations, moods, decisions, or timing connected to structure, limits, responsibility, time, and consequence.",Coasting on the good idea without turning it into anything concrete.,Define the next responsibility and make it manageable.,"Something connected to emotion, instinct, needs, and daily rhythm may be easier to notice now because structure, limits, responsibility, time, and consequence is pressing on it. Treat this as timing, not fate.","Current sky to natal chart: timing signal, not fate. Explain what part of their chart is being temporarily activated.",packages/astro-knowledge/data/transits/natal/saturn_moon_sextile.json
You,transits/natal,saturn_moon_square,Transiting Saturn Square Natal Moon,voiceNeutral: true,"A current movement of structure, limits, responsibility, time, and consequence contacts the natal pattern of emotion, instinct, needs, and daily rhythm through a friction aspect.","This may temporarily bring emotion, instinct, needs, and daily rhythm into focus through events, conversations, moods, decisions, or timing connected to structure, limits, responsibility, time, and consequence.",Forcing a decision just to end the discomfort.,Define the next responsibility and make it manageable.,"Something connected to emotion, instinct, needs, and daily rhythm may be easier to notice now because structure, limits, responsibility, time, and consequence is pressing on it. Treat this as timing, not fate.","Current sky to natal chart: timing signal, not fate. Explain what part of their chart is being temporarily activated.",packages/astro-knowledge/data/transits/natal/saturn_moon_square.json
You,transits/natal,saturn_moon_trine,Transiting Saturn Trine Natal Moon,voiceNeutral: true,"A current movement of structure, limits, responsibility, time, and consequence contacts the natal pattern of emotion, instinct, needs, and daily rhythm through a flow aspect.","This may temporarily bring emotion, instinct, needs, and daily rhythm into focus through events, conversations, moods, decisions, or timing connected to structure, limits, responsibility, time, and consequence.",Letting the ease pass unused because nothing feels urgent.,Define the next responsibility and make it manageable.,"Something connected to emotion, instinct, needs, and daily rhythm may be easier to notice now because structure, limits, responsibility, time, and consequence is pressing on it. Treat this as timing, not fate.","Current sky to natal chart: timing signal, not fate. Explain what part of their chart is being temporarily activated.",packages/astro-knowledge/data/transits/natal/saturn_moon_trine.json
You,transits/natal,saturn_neptune_conjunction,Transiting Saturn Conjunction Natal Neptune,voiceNeutral: true,"A current movement of structure, limits, responsibility, time, and consequence contacts the natal pattern of imagination, longing, vision, sensitivity, and uncertainty through a fusion aspect.","This may temporarily bring imagination, longing, vision, sensitivity, and uncertainty into focus through events, conversations, moods, decisions, or timing connected to structure, limits, responsibility, time, and consequence.",Acting from the intensity before identifying the separate parts.,Define the next responsibility and make it manageable.,"Something connected to imagination, longing, vision, sensitivity, and uncertainty may be easier to notice now because structure, limits, responsibility, time, and consequence is pressing on it. Treat this as timing, not fate.","Current sky to natal chart: timing signal, not fate. Explain what part of their chart is being temporarily activated.",packages/astro-knowledge/data/transits/natal/saturn_neptune_conjunction.json
You,transits/natal,saturn_neptune_opposition,Transiting Saturn Opposition Natal Neptune,voiceNeutral: true,"A current movement of structure, limits, responsibility, time, and consequence contacts the natal pattern of imagination, longing, vision, sensitivity, and uncertainty through a polarity aspect.","This may temporarily bring imagination, longing, vision, sensitivity, and uncertainty into focus through events, conversations, moods, decisions, or timing connected to structure, limits, responsibility, time, and consequence.",Turning tension into a standoff instead of a clearer understanding.,Define the next responsibility and make it manageable.,"Something connected to imagination, longing, vision, sensitivity, and uncertainty may be easier to notice now because structure, limits, responsibility, time, and consequence is pressing on it. Treat this as timing, not fate.","Current sky to natal chart: timing signal, not fate. Explain what part of their chart is being temporarily activated.",packages/astro-knowledge/data/transits/natal/saturn_neptune_opposition.json
You,transits/natal,saturn_neptune_sextile,Transiting Saturn Sextile Natal Neptune,voiceNeutral: true,"A current movement of structure, limits, responsibility, time, and consequence contacts the natal pattern of imagination, longing, vision, sensitivity, and uncertainty through a opening aspect.","This may temporarily bring imagination, longing, vision, sensitivity, and uncertainty into focus through events, conversations, moods, decisions, or timing connected to structure, limits, responsibility, time, and consequence.",Coasting on the good idea without turning it into anything concrete.,Define the next responsibility and make it manageable.,"Something connected to imagination, longing, vision, sensitivity, and uncertainty may be easier to notice now because structure, limits, responsibility, time, and consequence is pressing on it. Treat this as timing, not fate.","Current sky to natal chart: timing signal, not fate. Explain what part of their chart is being temporarily activated.",packages/astro-knowledge/data/transits/natal/saturn_neptune_sextile.json
You,transits/natal,saturn_neptune_square,Transiting Saturn Square Natal Neptune,voiceNeutral: true,"A current movement of structure, limits, responsibility, time, and consequence contacts the natal pattern of imagination, longing, vision, sensitivity, and uncertainty through a friction aspect.","This may temporarily bring imagination, longing, vision, sensitivity, and uncertainty into focus through events, conversations, moods, decisions, or timing connected to structure, limits, responsibility, time, and consequence.",Forcing a decision just to end the discomfort.,Define the next responsibility and make it manageable.,"Something connected to imagination, longing, vision, sensitivity, and uncertainty may be easier to notice now because structure, limits, responsibility, time, and consequence is pressing on it. Treat this as timing, not fate.","Current sky to natal chart: timing signal, not fate. Explain what part of their chart is being temporarily activated.",packages/astro-knowledge/data/transits/natal/saturn_neptune_square.json
You,transits/natal,saturn_neptune_trine,Transiting Saturn Trine Natal Neptune,voiceNeutral: true,"A current movement of structure, limits, responsibility, time, and consequence contacts the natal pattern of imagination, longing, vision, sensitivity, and uncertainty through a flow aspect.","This may temporarily bring imagination, longing, vision, sensitivity, and uncertainty into focus through events, conversations, moods, decisions, or timing connected to structure, limits, responsibility, time, and consequence.",Letting the ease pass unused because nothing feels urgent.,Define the next responsibility and make it manageable.,"Something connected to imagination, longing, vision, sensitivity, and uncertainty may be easier to notice now because structure, limits, responsibility, time, and consequence is pressing on it. Treat this as timing, not fate.","Current sky to natal chart: timing signal, not fate. Explain what part of their chart is being temporarily activated.",packages/astro-knowledge/data/transits/natal/saturn_neptune_trine.json
You,transits/natal,saturn_pluto_conjunction,Transiting Saturn Conjunction Natal Pluto,voiceNeutral: true,"A current movement of structure, limits, responsibility, time, and consequence contacts the natal pattern of depth, power, pressure, release, and transformation through a fusion aspect.","This may temporarily bring depth, power, pressure, release, and transformation into focus through events, conversations, moods, decisions, or timing connected to structure, limits, responsibility, time, and consequence.",Acting from the intensity before identifying the separate parts.,Define the next responsibility and make it manageable.,"Something connected to depth, power, pressure, release, and transformation may be easier to notice now because structure, limits, responsibility, time, and consequence is pressing on it. Treat this as timing, not fate.","Current sky to natal chart: timing signal, not fate. Explain what part of their chart is being temporarily activated.",packages/astro-knowledge/data/transits/natal/saturn_pluto_conjunction.json
You,transits/natal,saturn_pluto_opposition,Transiting Saturn Opposition Natal Pluto,voiceNeutral: true,"A current movement of structure, limits, responsibility, time, and consequence contacts the natal pattern of depth, power, pressure, release, and transformation through a polarity aspect.","This may temporarily bring depth, power, pressure, release, and transformation into focus through events, conversations, moods, decisions, or timing connected to structure, limits, responsibility, time, and consequence.",Turning tension into a standoff instead of a clearer understanding.,Define the next responsibility and make it manageable.,"Something connected to depth, power, pressure, release, and transformation may be easier to notice now because structure, limits, responsibility, time, and consequence is pressing on it. Treat this as timing, not fate.","Current sky to natal chart: timing signal, not fate. Explain what part of their chart is being temporarily activated.",packages/astro-knowledge/data/transits/natal/saturn_pluto_opposition.json
You,transits/natal,saturn_pluto_sextile,Transiting Saturn Sextile Natal Pluto,voiceNeutral: true,"A current movement of structure, limits, responsibility, time, and consequence contacts the natal pattern of depth, power, pressure, release, and transformation through a opening aspect.","This may temporarily bring depth, power, pressure, release, and transformation into focus through events, conversations, moods, decisions, or timing connected to structure, limits, responsibility, time, and consequence.",Coasting on the good idea without turning it into anything concrete.,Define the next responsibility and make it manageable.,"Something connected to depth, power, pressure, release, and transformation may be easier to notice now because structure, limits, responsibility, time, and consequence is pressing on it. Treat this as timing, not fate.","Current sky to natal chart: timing signal, not fate. Explain what part of their chart is being temporarily activated.",packages/astro-knowledge/data/transits/natal/saturn_pluto_sextile.json
You,transits/natal,saturn_pluto_square,Transiting Saturn Square Natal Pluto,voiceNeutral: true,"A current movement of structure, limits, responsibility, time, and consequence contacts the natal pattern of depth, power, pressure, release, and transformation through a friction aspect.","This may temporarily bring depth, power, pressure, release, and transformation into focus through events, conversations, moods, decisions, or timing connected to structure, limits, responsibility, time, and consequence.",Forcing a decision just to end the discomfort.,Define the next responsibility and make it manageable.,"Something connected to depth, power, pressure, release, and transformation may be easier to notice now because structure, limits, responsibility, time, and consequence is pressing on it. Treat this as timing, not fate.","Current sky to natal chart: timing signal, not fate. Explain what part of their chart is being temporarily activated.",packages/astro-knowledge/data/transits/natal/saturn_pluto_square.json
You,transits/natal,saturn_pluto_trine,Transiting Saturn Trine Natal Pluto,voiceNeutral: true,"A current movement of structure, limits, responsibility, time, and consequence contacts the natal pattern of depth, power, pressure, release, and transformation through a flow aspect.","This may temporarily bring depth, power, pressure, release, and transformation into focus through events, conversations, moods, decisions, or timing connected to structure, limits, responsibility, time, and consequence.",Letting the ease pass unused because nothing feels urgent.,Define the next responsibility and make it manageable.,"Something connected to depth, power, pressure, release, and transformation may be easier to notice now because structure, limits, responsibility, time, and consequence is pressing on it. Treat this as timing, not fate.","Current sky to natal chart: timing signal, not fate. Explain what part of their chart is being temporarily activated.",packages/astro-knowledge/data/transits/natal/saturn_pluto_trine.json
You,transits/natal,saturn_saturn_conjunction,Transiting Saturn Conjunction Natal Saturn,voiceNeutral: true,"A current movement of structure, limits, responsibility, time, and consequence contacts the natal pattern of structure, limits, responsibility, time, and consequence through a fusion aspect.","This may temporarily bring structure, limits, responsibility, time, and consequence into focus through events, conversations, moods, decisions, or timing connected to structure, limits, responsibility, time, and consequence.",Acting from the intensity before identifying the separate parts.,Define the next responsibility and make it manageable.,"Something connected to structure, limits, responsibility, time, and consequence may be easier to notice now because structure, limits, responsibility, time, and consequence is pressing on it. Treat this as timing, not fate.","Current sky to natal chart: timing signal, not fate. Explain what part of their chart is being temporarily activated.",packages/astro-knowledge/data/transits/natal/saturn_saturn_conjunction.json
You,transits/natal,saturn_saturn_opposition,Transiting Saturn Opposition Natal Saturn,voiceNeutral: true,"A current movement of structure, limits, responsibility, time, and consequence contacts the natal pattern of structure, limits, responsibility, time, and consequence through a polarity aspect.","This may temporarily bring structure, limits, responsibility, time, and consequence into focus through events, conversations, moods, decisions, or timing connected to structure, limits, responsibility, time, and consequence.",Turning tension into a standoff instead of a clearer understanding.,Define the next responsibility and make it manageable.,"Something connected to structure, limits, responsibility, time, and consequence may be easier to notice now because structure, limits, responsibility, time, and consequence is pressing on it. Treat this as timing, not fate.","Current sky to natal chart: timing signal, not fate. Explain what part of their chart is being temporarily activated.",packages/astro-knowledge/data/transits/natal/saturn_saturn_opposition.json
You,transits/natal,saturn_saturn_sextile,Transiting Saturn Sextile Natal Saturn,voiceNeutral: true,"A current movement of structure, limits, responsibility, time, and consequence contacts the natal pattern of structure, limits, responsibility, time, and consequence through a opening aspect.","This may temporarily bring structure, limits, responsibility, time, and consequence into focus through events, conversations, moods, decisions, or timing connected to structure, limits, responsibility, time, and consequence.",Coasting on the good idea without turning it into anything concrete.,Define the next responsibility and make it manageable.,"Something connected to structure, limits, responsibility, time, and consequence may be easier to notice now because structure, limits, responsibility, time, and consequence is pressing on it. Treat this as timing, not fate.","Current sky to natal chart: timing signal, not fate. Explain what part of their chart is being temporarily activated.",packages/astro-knowledge/data/transits/natal/saturn_saturn_sextile.json
You,transits/natal,saturn_saturn_square,Transiting Saturn Square Natal Saturn,voiceNeutral: true,"A current movement of structure, limits, responsibility, time, and consequence contacts the natal pattern of structure, limits, responsibility, time, and consequence through a friction aspect.","This may temporarily bring structure, limits, responsibility, time, and consequence into focus through events, conversations, moods, decisions, or timing connected to structure, limits, responsibility, time, and consequence.",Forcing a decision just to end the discomfort.,Define the next responsibility and make it manageable.,"Something connected to structure, limits, responsibility, time, and consequence may be easier to notice now because structure, limits, responsibility, time, and consequence is pressing on it. Treat this as timing, not fate.","Current sky to natal chart: timing signal, not fate. Explain what part of their chart is being temporarily activated.",packages/astro-knowledge/data/transits/natal/saturn_saturn_square.json
You,transits/natal,saturn_saturn_trine,Transiting Saturn Trine Natal Saturn,voiceNeutral: true,"A current movement of structure, limits, responsibility, time, and consequence contacts the natal pattern of structure, limits, responsibility, time, and consequence through a flow aspect.","This may temporarily bring structure, limits, responsibility, time, and consequence into focus through events, conversations, moods, decisions, or timing connected to structure, limits, responsibility, time, and consequence.",Letting the ease pass unused because nothing feels urgent.,Define the next responsibility and make it manageable.,"Something connected to structure, limits, responsibility, time, and consequence may be easier to notice now because structure, limits, responsibility, time, and consequence is pressing on it. Treat this as timing, not fate.","Current sky to natal chart: timing signal, not fate. Explain what part of their chart is being temporarily activated.",packages/astro-knowledge/data/transits/natal/saturn_saturn_trine.json
You,transits/natal,saturn_sun_conjunction,Transiting Saturn Conjunction Natal Sun,voiceNeutral: true,"A current movement of structure, limits, responsibility, time, and consequence contacts the natal pattern of attention, vitality, visibility, and confidence through a fusion aspect.","This may temporarily bring attention, vitality, visibility, and confidence into focus through events, conversations, moods, decisions, or timing connected to structure, limits, responsibility, time, and consequence.",Acting from the intensity before identifying the separate parts.,Define the next responsibility and make it manageable.,"Something connected to attention, vitality, visibility, and confidence may be easier to notice now because structure, limits, responsibility, time, and consequence is pressing on it. Treat this as timing, not fate.","Current sky to natal chart: timing signal, not fate. Explain what part of their chart is being temporarily activated.",packages/astro-knowledge/data/transits/natal/saturn_sun_conjunction.json
You,transits/natal,saturn_sun_opposition,Transiting Saturn Opposition Natal Sun,voiceNeutral: true,"A current movement of structure, limits, responsibility, time, and consequence contacts the natal pattern of attention, vitality, visibility, and confidence through a polarity aspect.","This may temporarily bring attention, vitality, visibility, and confidence into focus through events, conversations, moods, decisions, or timing connected to structure, limits, responsibility, time, and consequence.",Turning tension into a standoff instead of a clearer understanding.,Define the next responsibility and make it manageable.,"Something connected to attention, vitality, visibility, and confidence may be easier to notice now because structure, limits, responsibility, time, and consequence is pressing on it. Treat this as timing, not fate.","Current sky to natal chart: timing signal, not fate. Explain what part of their chart is being temporarily activated.",packages/astro-knowledge/data/transits/natal/saturn_sun_opposition.json
You,transits/natal,saturn_sun_sextile,Transiting Saturn Sextile Natal Sun,voiceNeutral: true,"A current movement of structure, limits, responsibility, time, and consequence contacts the natal pattern of attention, vitality, visibility, and confidence through a opening aspect.","This may temporarily bring attention, vitality, visibility, and confidence into focus through events, conversations, moods, decisions, or timing connected to structure, limits, responsibility, time, and consequence.",Coasting on the good idea without turning it into anything concrete.,Define the next responsibility and make it manageable.,"Something connected to attention, vitality, visibility, and confidence may be easier to notice now because structure, limits, responsibility, time, and consequence is pressing on it. Treat this as timing, not fate.","Current sky to natal chart: timing signal, not fate. Explain what part of their chart is being temporarily activated.",packages/astro-knowledge/data/transits/natal/saturn_sun_sextile.json
You,transits/natal,saturn_sun_square,Transiting Saturn Square Natal Sun,voiceNeutral: true,"A current movement of structure, limits, responsibility, time, and consequence contacts the natal pattern of attention, vitality, visibility, and confidence through a friction aspect.","This may temporarily bring attention, vitality, visibility, and confidence into focus through events, conversations, moods, decisions, or timing connected to structure, limits, responsibility, time, and consequence.",Forcing a decision just to end the discomfort.,Define the next responsibility and make it manageable.,"Something connected to attention, vitality, visibility, and confidence may be easier to notice now because structure, limits, responsibility, time, and consequence is pressing on it. Treat this as timing, not fate.","Current sky to natal chart: timing signal, not fate. Explain what part of their chart is being temporarily activated.",packages/astro-knowledge/data/transits/natal/saturn_sun_square.json
You,transits/natal,saturn_sun_trine,Transiting Saturn Trine Natal Sun,voiceNeutral: true,"A current movement of structure, limits, responsibility, time, and consequence contacts the natal pattern of attention, vitality, visibility, and confidence through a flow aspect.","This may temporarily bring attention, vitality, visibility, and confidence into focus through events, conversations, moods, decisions, or timing connected to structure, limits, responsibility, time, and consequence.",Letting the ease pass unused because nothing feels urgent.,Define the next responsibility and make it manageable.,"Something connected to attention, vitality, visibility, and confidence may be easier to notice now because structure, limits, responsibility, time, and consequence is pressing on it. Treat this as timing, not fate.","Current sky to natal chart: timing signal, not fate. Explain what part of their chart is being temporarily activated.",packages/astro-knowledge/data/transits/natal/saturn_sun_trine.json
You,transits/natal,saturn_uranus_conjunction,Transiting Saturn Conjunction Natal Uranus,voiceNeutral: true,"A current movement of structure, limits, responsibility, time, and consequence contacts the natal pattern of change, disruption, freedom, and originality through a fusion aspect.","This may temporarily bring change, disruption, freedom, and originality into focus through events, conversations, moods, decisions, or timing connected to structure, limits, responsibility, time, and consequence.",Acting from the intensity before identifying the separate parts.,Define the next responsibility and make it manageable.,"Something connected to change, disruption, freedom, and originality may be easier to notice now because structure, limits, responsibility, time, and consequence is pressing on it. Treat this as timing, not fate.","Current sky to natal chart: timing signal, not fate. Explain what part of their chart is being temporarily activated.",packages/astro-knowledge/data/transits/natal/saturn_uranus_conjunction.json
You,transits/natal,saturn_uranus_opposition,Transiting Saturn Opposition Natal Uranus,voiceNeutral: true,"A current movement of structure, limits, responsibility, time, and consequence contacts the natal pattern of change, disruption, freedom, and originality through a polarity aspect.","This may temporarily bring change, disruption, freedom, and originality into focus through events, conversations, moods, decisions, or timing connected to structure, limits, responsibility, time, and consequence.",Turning tension into a standoff instead of a clearer understanding.,Define the next responsibility and make it manageable.,"Something connected to change, disruption, freedom, and originality may be easier to notice now because structure, limits, responsibility, time, and consequence is pressing on it. Treat this as timing, not fate.","Current sky to natal chart: timing signal, not fate. Explain what part of their chart is being temporarily activated.",packages/astro-knowledge/data/transits/natal/saturn_uranus_opposition.json
You,transits/natal,saturn_uranus_sextile,Transiting Saturn Sextile Natal Uranus,voiceNeutral: true,"A current movement of structure, limits, responsibility, time, and consequence contacts the natal pattern of change, disruption, freedom, and originality through a opening aspect.","This may temporarily bring change, disruption, freedom, and originality into focus through events, conversations, moods, decisions, or timing connected to structure, limits, responsibility, time, and consequence.",Coasting on the good idea without turning it into anything concrete.,Define the next responsibility and make it manageable.,"Something connected to change, disruption, freedom, and originality may be easier to notice now because structure, limits, responsibility, time, and consequence is pressing on it. Treat this as timing, not fate.","Current sky to natal chart: timing signal, not fate. Explain what part of their chart is being temporarily activated.",packages/astro-knowledge/data/transits/natal/saturn_uranus_sextile.json
You,transits/natal,saturn_uranus_square,Transiting Saturn Square Natal Uranus,voiceNeutral: true,"A current movement of structure, limits, responsibility, time, and consequence contacts the natal pattern of change, disruption, freedom, and originality through a friction aspect.","This may temporarily bring change, disruption, freedom, and originality into focus through events, conversations, moods, decisions, or timing connected to structure, limits, responsibility, time, and consequence.",Forcing a decision just to end the discomfort.,Define the next responsibility and make it manageable.,"Something connected to change, disruption, freedom, and originality may be easier to notice now because structure, limits, responsibility, time, and consequence is pressing on it. Treat this as timing, not fate.","Current sky to natal chart: timing signal, not fate. Explain what part of their chart is being temporarily activated.",packages/astro-knowledge/data/transits/natal/saturn_uranus_square.json
You,transits/natal,saturn_uranus_trine,Transiting Saturn Trine Natal Uranus,voiceNeutral: true,"A current movement of structure, limits, responsibility, time, and consequence contacts the natal pattern of change, disruption, freedom, and originality through a flow aspect.","This may temporarily bring change, disruption, freedom, and originality into focus through events, conversations, moods, decisions, or timing connected to structure, limits, responsibility, time, and consequence.",Letting the ease pass unused because nothing feels urgent.,Define the next responsibility and make it manageable.,"Something connected to change, disruption, freedom, and originality may be easier to notice now because structure, limits, responsibility, time, and consequence is pressing on it. Treat this as timing, not fate.","Current sky to natal chart: timing signal, not fate. Explain what part of their chart is being temporarily activated.",packages/astro-knowledge/data/transits/natal/saturn_uranus_trine.json
You,transits/natal,saturn_venus_conjunction,Transiting Saturn Conjunction Natal Venus,voiceNeutral: true,"A current movement of structure, limits, responsibility, time, and consequence contacts the natal pattern of connection, value, pleasure, attraction, and ease through a fusion aspect.","This may temporarily bring connection, value, pleasure, attraction, and ease into focus through events, conversations, moods, decisions, or timing connected to structure, limits, responsibility, time, and consequence.",Acting from the intensity before identifying the separate parts.,Define the next responsibility and make it manageable.,"Something connected to connection, value, pleasure, attraction, and ease may be easier to notice now because structure, limits, responsibility, time, and consequence is pressing on it. Treat this as timing, not fate.","Current sky to natal chart: timing signal, not fate. Explain what part of their chart is being temporarily activated.",packages/astro-knowledge/data/transits/natal/saturn_venus_conjunction.json
You,transits/natal,saturn_venus_opposition,Transiting Saturn Opposition Natal Venus,voiceNeutral: true,"A current movement of structure, limits, responsibility, time, and consequence contacts the natal pattern of connection, value, pleasure, attraction, and ease through a polarity aspect.","This may temporarily bring connection, value, pleasure, attraction, and ease into focus through events, conversations, moods, decisions, or timing connected to structure, limits, responsibility, time, and consequence.",Turning tension into a standoff instead of a clearer understanding.,Define the next responsibility and make it manageable.,"Something connected to connection, value, pleasure, attraction, and ease may be easier to notice now because structure, limits, responsibility, time, and consequence is pressing on it. Treat this as timing, not fate.","Current sky to natal chart: timing signal, not fate. Explain what part of their chart is being temporarily activated.",packages/astro-knowledge/data/transits/natal/saturn_venus_opposition.json
You,transits/natal,saturn_venus_sextile,Transiting Saturn Sextile Natal Venus,voiceNeutral: true,"A current movement of structure, limits, responsibility, time, and consequence contacts the natal pattern of connection, value, pleasure, attraction, and ease through a opening aspect.","This may temporarily bring connection, value, pleasure, attraction, and ease into focus through events, conversations, moods, decisions, or timing connected to structure, limits, responsibility, time, and consequence.",Coasting on the good idea without turning it into anything concrete.,Define the next responsibility and make it manageable.,"Something connected to connection, value, pleasure, attraction, and ease may be easier to notice now because structure, limits, responsibility, time, and consequence is pressing on it. Treat this as timing, not fate.","Current sky to natal chart: timing signal, not fate. Explain what part of their chart is being temporarily activated.",packages/astro-knowledge/data/transits/natal/saturn_venus_sextile.json
You,transits/natal,saturn_venus_square,Transiting Saturn Square Natal Venus,voiceNeutral: true,"A current movement of structure, limits, responsibility, time, and consequence contacts the natal pattern of connection, value, pleasure, attraction, and ease through a friction aspect.","This may temporarily bring connection, value, pleasure, attraction, and ease into focus through events, conversations, moods, decisions, or timing connected to structure, limits, responsibility, time, and consequence.",Forcing a decision just to end the discomfort.,Define the next responsibility and make it manageable.,"Something connected to connection, value, pleasure, attraction, and ease may be easier to notice now because structure, limits, responsibility, time, and consequence is pressing on it. Treat this as timing, not fate.","Current sky to natal chart: timing signal, not fate. Explain what part of their chart is being temporarily activated.",packages/astro-knowledge/data/transits/natal/saturn_venus_square.json
You,transits/natal,saturn_venus_trine,Transiting Saturn Trine Natal Venus,voiceNeutral: true,"A current movement of structure, limits, responsibility, time, and consequence contacts the natal pattern of connection, value, pleasure, attraction, and ease through a flow aspect.","This may temporarily bring connection, value, pleasure, attraction, and ease into focus through events, conversations, moods, decisions, or timing connected to structure, limits, responsibility, time, and consequence.",Letting the ease pass unused because nothing feels urgent.,Define the next responsibility and make it manageable.,"Something connected to connection, value, pleasure, attraction, and ease may be easier to notice now because structure, limits, responsibility, time, and consequence is pressing on it. Treat this as timing, not fate.","Current sky to natal chart: timing signal, not fate. Explain what part of their chart is being temporarily activated.",packages/astro-knowledge/data/transits/natal/saturn_venus_trine.json
You,transits/natal,sun_ascendant_conjunction,Transiting Sun Conjunction Natal Ascendant,voiceNeutral: true,"A current movement of attention, vitality, visibility, and confidence contacts the natal pattern of self-presentation, body, identity, and first response through a fusion aspect.","This may temporarily bring self-presentation, body, identity, and first response into focus through events, conversations, moods, decisions, or timing connected to attention, vitality, visibility, and confidence.",Acting from the intensity before identifying the separate parts.,Choose the one place your attention matters most.,"Something connected to self-presentation, body, identity, and first response may be easier to notice now because attention, vitality, visibility, and confidence is pressing on it. Treat this as timing, not fate.","Current sky to natal chart: timing signal, not fate. Explain what part of their chart is being temporarily activated.",packages/astro-knowledge/data/transits/natal/sun_ascendant_conjunction.json
You,transits/natal,sun_ascendant_opposition,Transiting Sun Opposition Natal Ascendant,voiceNeutral: true,"A current movement of attention, vitality, visibility, and confidence contacts the natal pattern of self-presentation, body, identity, and first response through a polarity aspect.","This may temporarily bring self-presentation, body, identity, and first response into focus through events, conversations, moods, decisions, or timing connected to attention, vitality, visibility, and confidence.",Turning tension into a standoff instead of a clearer understanding.,Choose the one place your attention matters most.,"Something connected to self-presentation, body, identity, and first response may be easier to notice now because attention, vitality, visibility, and confidence is pressing on it. Treat this as timing, not fate.","Current sky to natal chart: timing signal, not fate. Explain what part of their chart is being temporarily activated.",packages/astro-knowledge/data/transits/natal/sun_ascendant_opposition.json
You,transits/natal,sun_ascendant_sextile,Transiting Sun Sextile Natal Ascendant,voiceNeutral: true,"A current movement of attention, vitality, visibility, and confidence contacts the natal pattern of self-presentation, body, identity, and first response through a opening aspect.","This may temporarily bring self-presentation, body, identity, and first response into focus through events, conversations, moods, decisions, or timing connected to attention, vitality, visibility, and confidence.",Coasting on the good idea without turning it into anything concrete.,Choose the one place your attention matters most.,"Something connected to self-presentation, body, identity, and first response may be easier to notice now because attention, vitality, visibility, and confidence is pressing on it. Treat this as timing, not fate.","Current sky to natal chart: timing signal, not fate. Explain what part of their chart is being temporarily activated.",packages/astro-knowledge/data/transits/natal/sun_ascendant_sextile.json
You,transits/natal,sun_ascendant_square,Transiting Sun Square Natal Ascendant,voiceNeutral: true,"A current movement of attention, vitality, visibility, and confidence contacts the natal pattern of self-presentation, body, identity, and first response through a friction aspect.","This may temporarily bring self-presentation, body, identity, and first response into focus through events, conversations, moods, decisions, or timing connected to attention, vitality, visibility, and confidence.",Forcing a decision just to end the discomfort.,Choose the one place your attention matters most.,"Something connected to self-presentation, body, identity, and first response may be easier to notice now because attention, vitality, visibility, and confidence is pressing on it. Treat this as timing, not fate.","Current sky to natal chart: timing signal, not fate. Explain what part of their chart is being temporarily activated.",packages/astro-knowledge/data/transits/natal/sun_ascendant_square.json
You,transits/natal,sun_ascendant_trine,Transiting Sun Trine Natal Ascendant,voiceNeutral: true,"A current movement of attention, vitality, visibility, and confidence contacts the natal pattern of self-presentation, body, identity, and first response through a flow aspect.","This may temporarily bring self-presentation, body, identity, and first response into focus through events, conversations, moods, decisions, or timing connected to attention, vitality, visibility, and confidence.",Letting the ease pass unused because nothing feels urgent.,Choose the one place your attention matters most.,"Something connected to self-presentation, body, identity, and first response may be easier to notice now because attention, vitality, visibility, and confidence is pressing on it. Treat this as timing, not fate.","Current sky to natal chart: timing signal, not fate. Explain what part of their chart is being temporarily activated.",packages/astro-knowledge/data/transits/natal/sun_ascendant_trine.json
You,transits/natal,sun_jupiter_conjunction,Transiting Sun Conjunction Natal Jupiter,voiceNeutral: true,"A current movement of attention, vitality, visibility, and confidence contacts the natal pattern of growth, belief, opportunity, and expansion through a fusion aspect.","This may temporarily bring growth, belief, opportunity, and expansion into focus through events, conversations, moods, decisions, or timing connected to attention, vitality, visibility, and confidence.",Acting from the intensity before identifying the separate parts.,Choose the one place your attention matters most.,"Something connected to growth, belief, opportunity, and expansion may be easier to notice now because attention, vitality, visibility, and confidence is pressing on it. Treat this as timing, not fate.","Current sky to natal chart: timing signal, not fate. Explain what part of their chart is being temporarily activated.",packages/astro-knowledge/data/transits/natal/sun_jupiter_conjunction.json
You,transits/natal,sun_jupiter_opposition,Transiting Sun Opposition Natal Jupiter,voiceNeutral: true,"A current movement of attention, vitality, visibility, and confidence contacts the natal pattern of growth, belief, opportunity, and expansion through a polarity aspect.","This may temporarily bring growth, belief, opportunity, and expansion into focus through events, conversations, moods, decisions, or timing connected to attention, vitality, visibility, and confidence.",Turning tension into a standoff instead of a clearer understanding.,Choose the one place your attention matters most.,"Something connected to growth, belief, opportunity, and expansion may be easier to notice now because attention, vitality, visibility, and confidence is pressing on it. Treat this as timing, not fate.","Current sky to natal chart: timing signal, not fate. Explain what part of their chart is being temporarily activated.",packages/astro-knowledge/data/transits/natal/sun_jupiter_opposition.json
You,transits/natal,sun_jupiter_sextile,Transiting Sun Sextile Natal Jupiter,voiceNeutral: true,"A current movement of attention, vitality, visibility, and confidence contacts the natal pattern of growth, belief, opportunity, and expansion through a opening aspect.","This may temporarily bring growth, belief, opportunity, and expansion into focus through events, conversations, moods, decisions, or timing connected to attention, vitality, visibility, and confidence.",Coasting on the good idea without turning it into anything concrete.,Choose the one place your attention matters most.,"Something connected to growth, belief, opportunity, and expansion may be easier to notice now because attention, vitality, visibility, and confidence is pressing on it. Treat this as timing, not fate.","Current sky to natal chart: timing signal, not fate. Explain what part of their chart is being temporarily activated.",packages/astro-knowledge/data/transits/natal/sun_jupiter_sextile.json
You,transits/natal,sun_jupiter_square,Transiting Sun Square Natal Jupiter,voiceNeutral: true,"A current movement of attention, vitality, visibility, and confidence contacts the natal pattern of growth, belief, opportunity, and expansion through a friction aspect.","This may temporarily bring growth, belief, opportunity, and expansion into focus through events, conversations, moods, decisions, or timing connected to attention, vitality, visibility, and confidence.",Forcing a decision just to end the discomfort.,Choose the one place your attention matters most.,"Something connected to growth, belief, opportunity, and expansion may be easier to notice now because attention, vitality, visibility, and confidence is pressing on it. Treat this as timing, not fate.","Current sky to natal chart: timing signal, not fate. Explain what part of their chart is being temporarily activated.",packages/astro-knowledge/data/transits/natal/sun_jupiter_square.json
You,transits/natal,sun_jupiter_trine,Transiting Sun Trine Natal Jupiter,voiceNeutral: true,"A current movement of attention, vitality, visibility, and confidence contacts the natal pattern of growth, belief, opportunity, and expansion through a flow aspect.","This may temporarily bring growth, belief, opportunity, and expansion into focus through events, conversations, moods, decisions, or timing connected to attention, vitality, visibility, and confidence.",Letting the ease pass unused because nothing feels urgent.,Choose the one place your attention matters most.,"Something connected to growth, belief, opportunity, and expansion may be easier to notice now because attention, vitality, visibility, and confidence is pressing on it. Treat this as timing, not fate.","Current sky to natal chart: timing signal, not fate. Explain what part of their chart is being temporarily activated.",packages/astro-knowledge/data/transits/natal/sun_jupiter_trine.json
You,transits/natal,sun_mars_conjunction,Transiting Sun Conjunction Natal Mars,voiceNeutral: true,"A current movement of attention, vitality, visibility, and confidence contacts the natal pattern of action, heat, courage, friction, and desire through a fusion aspect.","This may temporarily bring action, heat, courage, friction, and desire into focus through events, conversations, moods, decisions, or timing connected to attention, vitality, visibility, and confidence.",Acting from the intensity before identifying the separate parts.,Choose the one place your attention matters most.,"Something connected to action, heat, courage, friction, and desire may be easier to notice now because attention, vitality, visibility, and confidence is pressing on it. Treat this as timing, not fate.","Current sky to natal chart: timing signal, not fate. Explain what part of their chart is being temporarily activated.",packages/astro-knowledge/data/transits/natal/sun_mars_conjunction.json
You,transits/natal,sun_mars_opposition,Transiting Sun Opposition Natal Mars,voiceNeutral: true,"A current movement of attention, vitality, visibility, and confidence contacts the natal pattern of action, heat, courage, friction, and desire through a polarity aspect.","This may temporarily bring action, heat, courage, friction, and desire into focus through events, conversations, moods, decisions, or timing connected to attention, vitality, visibility, and confidence.",Turning tension into a standoff instead of a clearer understanding.,Choose the one place your attention matters most.,"Something connected to action, heat, courage, friction, and desire may be easier to notice now because attention, vitality, visibility, and confidence is pressing on it. Treat this as timing, not fate.","Current sky to natal chart: timing signal, not fate. Explain what part of their chart is being temporarily activated.",packages/astro-knowledge/data/transits/natal/sun_mars_opposition.json
You,transits/natal,sun_mars_sextile,Transiting Sun Sextile Natal Mars,voiceNeutral: true,"A current movement of attention, vitality, visibility, and confidence contacts the natal pattern of action, heat, courage, friction, and desire through a opening aspect.","This may temporarily bring action, heat, courage, friction, and desire into focus through events, conversations, moods, decisions, or timing connected to attention, vitality, visibility, and confidence.",Coasting on the good idea without turning it into anything concrete.,Choose the one place your attention matters most.,"Something connected to action, heat, courage, friction, and desire may be easier to notice now because attention, vitality, visibility, and confidence is pressing on it. Treat this as timing, not fate.","Current sky to natal chart: timing signal, not fate. Explain what part of their chart is being temporarily activated.",packages/astro-knowledge/data/transits/natal/sun_mars_sextile.json
You,transits/natal,sun_mars_square,Transiting Sun Square Natal Mars,voiceNeutral: true,"A current movement of attention, vitality, visibility, and confidence contacts the natal pattern of action, heat, courage, friction, and desire through a friction aspect.","This may temporarily bring action, heat, courage, friction, and desire into focus through events, conversations, moods, decisions, or timing connected to attention, vitality, visibility, and confidence.",Forcing a decision just to end the discomfort.,Choose the one place your attention matters most.,"Something connected to action, heat, courage, friction, and desire may be easier to notice now because attention, vitality, visibility, and confidence is pressing on it. Treat this as timing, not fate.","Current sky to natal chart: timing signal, not fate. Explain what part of their chart is being temporarily activated.",packages/astro-knowledge/data/transits/natal/sun_mars_square.json
You,transits/natal,sun_mars_trine,Transiting Sun Trine Natal Mars,voiceNeutral: true,"A current movement of attention, vitality, visibility, and confidence contacts the natal pattern of action, heat, courage, friction, and desire through a flow aspect.","This may temporarily bring action, heat, courage, friction, and desire into focus through events, conversations, moods, decisions, or timing connected to attention, vitality, visibility, and confidence.",Letting the ease pass unused because nothing feels urgent.,Choose the one place your attention matters most.,"Something connected to action, heat, courage, friction, and desire may be easier to notice now because attention, vitality, visibility, and confidence is pressing on it. Treat this as timing, not fate.","Current sky to natal chart: timing signal, not fate. Explain what part of their chart is being temporarily activated.",packages/astro-knowledge/data/transits/natal/sun_mars_trine.json
You,transits/natal,sun_mercury_conjunction,Transiting Sun Conjunction Natal Mercury,voiceNeutral: true,"A current movement of attention, vitality, visibility, and confidence contacts the natal pattern of language, information, decisions, and nervous energy through a fusion aspect.","This may temporarily bring language, information, decisions, and nervous energy into focus through events, conversations, moods, decisions, or timing connected to attention, vitality, visibility, and confidence.",Acting from the intensity before identifying the separate parts.,Choose the one place your attention matters most.,"Something connected to language, information, decisions, and nervous energy may be easier to notice now because attention, vitality, visibility, and confidence is pressing on it. Treat this as timing, not fate.","Current sky to natal chart: timing signal, not fate. Explain what part of their chart is being temporarily activated.",packages/astro-knowledge/data/transits/natal/sun_mercury_conjunction.json
You,transits/natal,sun_mercury_opposition,Transiting Sun Opposition Natal Mercury,voiceNeutral: true,"A current movement of attention, vitality, visibility, and confidence contacts the natal pattern of language, information, decisions, and nervous energy through a polarity aspect.","This may temporarily bring language, information, decisions, and nervous energy into focus through events, conversations, moods, decisions, or timing connected to attention, vitality, visibility, and confidence.",Turning tension into a standoff instead of a clearer understanding.,Choose the one place your attention matters most.,"Something connected to language, information, decisions, and nervous energy may be easier to notice now because attention, vitality, visibility, and confidence is pressing on it. Treat this as timing, not fate.","Current sky to natal chart: timing signal, not fate. Explain what part of their chart is being temporarily activated.",packages/astro-knowledge/data/transits/natal/sun_mercury_opposition.json
You,transits/natal,sun_mercury_sextile,Transiting Sun Sextile Natal Mercury,voiceNeutral: true,"A current movement of attention, vitality, visibility, and confidence contacts the natal pattern of language, information, decisions, and nervous energy through a opening aspect.","This may temporarily bring language, information, decisions, and nervous energy into focus through events, conversations, moods, decisions, or timing connected to attention, vitality, visibility, and confidence.",Coasting on the good idea without turning it into anything concrete.,Choose the one place your attention matters most.,"Something connected to language, information, decisions, and nervous energy may be easier to notice now because attention, vitality, visibility, and confidence is pressing on it. Treat this as timing, not fate.","Current sky to natal chart: timing signal, not fate. Explain what part of their chart is being temporarily activated.",packages/astro-knowledge/data/transits/natal/sun_mercury_sextile.json
You,transits/natal,sun_mercury_square,Transiting Sun Square Natal Mercury,voiceNeutral: true,"A current movement of attention, vitality, visibility, and confidence contacts the natal pattern of language, information, decisions, and nervous energy through a friction aspect.","This may temporarily bring language, information, decisions, and nervous energy into focus through events, conversations, moods, decisions, or timing connected to attention, vitality, visibility, and confidence.",Forcing a decision just to end the discomfort.,Choose the one place your attention matters most.,"Something connected to language, information, decisions, and nervous energy may be easier to notice now because attention, vitality, visibility, and confidence is pressing on it. Treat this as timing, not fate.","Current sky to natal chart: timing signal, not fate. Explain what part of their chart is being temporarily activated.",packages/astro-knowledge/data/transits/natal/sun_mercury_square.json
You,transits/natal,sun_mercury_trine,Transiting Sun Trine Natal Mercury,voiceNeutral: true,"A current movement of attention, vitality, visibility, and confidence contacts the natal pattern of language, information, decisions, and nervous energy through a flow aspect.","This may temporarily bring language, information, decisions, and nervous energy into focus through events, conversations, moods, decisions, or timing connected to attention, vitality, visibility, and confidence.",Letting the ease pass unused because nothing feels urgent.,Choose the one place your attention matters most.,"Something connected to language, information, decisions, and nervous energy may be easier to notice now because attention, vitality, visibility, and confidence is pressing on it. Treat this as timing, not fate.","Current sky to natal chart: timing signal, not fate. Explain what part of their chart is being temporarily activated.",packages/astro-knowledge/data/transits/natal/sun_mercury_trine.json
You,transits/natal,sun_moon_conjunction,Transiting Sun Conjunction Natal Moon,voiceNeutral: true,"A current movement of attention, vitality, visibility, and confidence contacts the natal pattern of emotion, instinct, needs, and daily rhythm through a fusion aspect.","This may temporarily bring emotion, instinct, needs, and daily rhythm into focus through events, conversations, moods, decisions, or timing connected to attention, vitality, visibility, and confidence.",Acting from the intensity before identifying the separate parts.,Choose the one place your attention matters most.,"Something connected to emotion, instinct, needs, and daily rhythm may be easier to notice now because attention, vitality, visibility, and confidence is pressing on it. Treat this as timing, not fate.","Current sky to natal chart: timing signal, not fate. Explain what part of their chart is being temporarily activated.",packages/astro-knowledge/data/transits/natal/sun_moon_conjunction.json
You,transits/natal,sun_moon_opposition,Transiting Sun Opposition Natal Moon,voiceNeutral: true,"A current movement of attention, vitality, visibility, and confidence contacts the natal pattern of emotion, instinct, needs, and daily rhythm through a polarity aspect.","This may temporarily bring emotion, instinct, needs, and daily rhythm into focus through events, conversations, moods, decisions, or timing connected to attention, vitality, visibility, and confidence.",Turning tension into a standoff instead of a clearer understanding.,Choose the one place your attention matters most.,"Something connected to emotion, instinct, needs, and daily rhythm may be easier to notice now because attention, vitality, visibility, and confidence is pressing on it. Treat this as timing, not fate.","Current sky to natal chart: timing signal, not fate. Explain what part of their chart is being temporarily activated.",packages/astro-knowledge/data/transits/natal/sun_moon_opposition.json
You,transits/natal,sun_moon_sextile,Transiting Sun Sextile Natal Moon,voiceNeutral: true,"A current movement of attention, vitality, visibility, and confidence contacts the natal pattern of emotion, instinct, needs, and daily rhythm through a opening aspect.","This may temporarily bring emotion, instinct, needs, and daily rhythm into focus through events, conversations, moods, decisions, or timing connected to attention, vitality, visibility, and confidence.",Coasting on the good idea without turning it into anything concrete.,Choose the one place your attention matters most.,"Something connected to emotion, instinct, needs, and daily rhythm may be easier to notice now because attention, vitality, visibility, and confidence is pressing on it. Treat this as timing, not fate.","Current sky to natal chart: timing signal, not fate. Explain what part of their chart is being temporarily activated.",packages/astro-knowledge/data/transits/natal/sun_moon_sextile.json
You,transits/natal,sun_moon_square,Transiting Sun Square Natal Moon,voiceNeutral: true,"A current movement of attention, vitality, visibility, and confidence contacts the natal pattern of emotion, instinct, needs, and daily rhythm through a friction aspect.","This may temporarily bring emotion, instinct, needs, and daily rhythm into focus through events, conversations, moods, decisions, or timing connected to attention, vitality, visibility, and confidence.",Forcing a decision just to end the discomfort.,Choose the one place your attention matters most.,"Something connected to emotion, instinct, needs, and daily rhythm may be easier to notice now because attention, vitality, visibility, and confidence is pressing on it. Treat this as timing, not fate.","Current sky to natal chart: timing signal, not fate. Explain what part of their chart is being temporarily activated.",packages/astro-knowledge/data/transits/natal/sun_moon_square.json
You,transits/natal,sun_moon_trine,Transiting Sun Trine Natal Moon,voiceNeutral: true,"A current movement of attention, vitality, visibility, and confidence contacts the natal pattern of emotion, instinct, needs, and daily rhythm through a flow aspect.","This may temporarily bring emotion, instinct, needs, and daily rhythm into focus through events, conversations, moods, decisions, or timing connected to attention, vitality, visibility, and confidence.",Letting the ease pass unused because nothing feels urgent.,Choose the one place your attention matters most.,"Something connected to emotion, instinct, needs, and daily rhythm may be easier to notice now because attention, vitality, visibility, and confidence is pressing on it. Treat this as timing, not fate.","Current sky to natal chart: timing signal, not fate. Explain what part of their chart is being temporarily activated.",packages/astro-knowledge/data/transits/natal/sun_moon_trine.json
You,transits/natal,sun_neptune_conjunction,Transiting Sun Conjunction Natal Neptune,voiceNeutral: true,"A current movement of attention, vitality, visibility, and confidence contacts the natal pattern of imagination, longing, vision, sensitivity, and uncertainty through a fusion aspect.","This may temporarily bring imagination, longing, vision, sensitivity, and uncertainty into focus through events, conversations, moods, decisions, or timing connected to attention, vitality, visibility, and confidence.",Acting from the intensity before identifying the separate parts.,Choose the one place your attention matters most.,"Something connected to imagination, longing, vision, sensitivity, and uncertainty may be easier to notice now because attention, vitality, visibility, and confidence is pressing on it. Treat this as timing, not fate.","Current sky to natal chart: timing signal, not fate. Explain what part of their chart is being temporarily activated.",packages/astro-knowledge/data/transits/natal/sun_neptune_conjunction.json
You,transits/natal,sun_neptune_opposition,Transiting Sun Opposition Natal Neptune,voiceNeutral: true,"A current movement of attention, vitality, visibility, and confidence contacts the natal pattern of imagination, longing, vision, sensitivity, and uncertainty through a polarity aspect.","This may temporarily bring imagination, longing, vision, sensitivity, and uncertainty into focus through events, conversations, moods, decisions, or timing connected to attention, vitality, visibility, and confidence.",Turning tension into a standoff instead of a clearer understanding.,Choose the one place your attention matters most.,"Something connected to imagination, longing, vision, sensitivity, and uncertainty may be easier to notice now because attention, vitality, visibility, and confidence is pressing on it. Treat this as timing, not fate.","Current sky to natal chart: timing signal, not fate. Explain what part of their chart is being temporarily activated.",packages/astro-knowledge/data/transits/natal/sun_neptune_opposition.json
You,transits/natal,sun_neptune_sextile,Transiting Sun Sextile Natal Neptune,voiceNeutral: true,"A current movement of attention, vitality, visibility, and confidence contacts the natal pattern of imagination, longing, vision, sensitivity, and uncertainty through a opening aspect.","This may temporarily bring imagination, longing, vision, sensitivity, and uncertainty into focus through events, conversations, moods, decisions, or timing connected to attention, vitality, visibility, and confidence.",Coasting on the good idea without turning it into anything concrete.,Choose the one place your attention matters most.,"Something connected to imagination, longing, vision, sensitivity, and uncertainty may be easier to notice now because attention, vitality, visibility, and confidence is pressing on it. Treat this as timing, not fate.","Current sky to natal chart: timing signal, not fate. Explain what part of their chart is being temporarily activated.",packages/astro-knowledge/data/transits/natal/sun_neptune_sextile.json
You,transits/natal,sun_neptune_square,Transiting Sun Square Natal Neptune,voiceNeutral: true,"A current movement of attention, vitality, visibility, and confidence contacts the natal pattern of imagination, longing, vision, sensitivity, and uncertainty through a friction aspect.","This may temporarily bring imagination, longing, vision, sensitivity, and uncertainty into focus through events, conversations, moods, decisions, or timing connected to attention, vitality, visibility, and confidence.",Forcing a decision just to end the discomfort.,Choose the one place your attention matters most.,"Something connected to imagination, longing, vision, sensitivity, and uncertainty may be easier to notice now because attention, vitality, visibility, and confidence is pressing on it. Treat this as timing, not fate.","Current sky to natal chart: timing signal, not fate. Explain what part of their chart is being temporarily activated.",packages/astro-knowledge/data/transits/natal/sun_neptune_square.json
You,transits/natal,sun_neptune_trine,Transiting Sun Trine Natal Neptune,voiceNeutral: true,"A current movement of attention, vitality, visibility, and confidence contacts the natal pattern of imagination, longing, vision, sensitivity, and uncertainty through a flow aspect.","This may temporarily bring imagination, longing, vision, sensitivity, and uncertainty into focus through events, conversations, moods, decisions, or timing connected to attention, vitality, visibility, and confidence.",Letting the ease pass unused because nothing feels urgent.,Choose the one place your attention matters most.,"Something connected to imagination, longing, vision, sensitivity, and uncertainty may be easier to notice now because attention, vitality, visibility, and confidence is pressing on it. Treat this as timing, not fate.","Current sky to natal chart: timing signal, not fate. Explain what part of their chart is being temporarily activated.",packages/astro-knowledge/data/transits/natal/sun_neptune_trine.json
You,transits/natal,sun_pluto_conjunction,Transiting Sun Conjunction Natal Pluto,voiceNeutral: true,"A current movement of attention, vitality, visibility, and confidence contacts the natal pattern of depth, power, pressure, release, and transformation through a fusion aspect.","This may temporarily bring depth, power, pressure, release, and transformation into focus through events, conversations, moods, decisions, or timing connected to attention, vitality, visibility, and confidence.",Acting from the intensity before identifying the separate parts.,Choose the one place your attention matters most.,"Something connected to depth, power, pressure, release, and transformation may be easier to notice now because attention, vitality, visibility, and confidence is pressing on it. Treat this as timing, not fate.","Current sky to natal chart: timing signal, not fate. Explain what part of their chart is being temporarily activated.",packages/astro-knowledge/data/transits/natal/sun_pluto_conjunction.json
You,transits/natal,sun_pluto_opposition,Transiting Sun Opposition Natal Pluto,voiceNeutral: true,"A current movement of attention, vitality, visibility, and confidence contacts the natal pattern of depth, power, pressure, release, and transformation through a polarity aspect.","This may temporarily bring depth, power, pressure, release, and transformation into focus through events, conversations, moods, decisions, or timing connected to attention, vitality, visibility, and confidence.",Turning tension into a standoff instead of a clearer understanding.,Choose the one place your attention matters most.,"Something connected to depth, power, pressure, release, and transformation may be easier to notice now because attention, vitality, visibility, and confidence is pressing on it. Treat this as timing, not fate.","Current sky to natal chart: timing signal, not fate. Explain what part of their chart is being temporarily activated.",packages/astro-knowledge/data/transits/natal/sun_pluto_opposition.json
You,transits/natal,sun_pluto_sextile,Transiting Sun Sextile Natal Pluto,voiceNeutral: true,"A current movement of attention, vitality, visibility, and confidence contacts the natal pattern of depth, power, pressure, release, and transformation through a opening aspect.","This may temporarily bring depth, power, pressure, release, and transformation into focus through events, conversations, moods, decisions, or timing connected to attention, vitality, visibility, and confidence.",Coasting on the good idea without turning it into anything concrete.,Choose the one place your attention matters most.,"Something connected to depth, power, pressure, release, and transformation may be easier to notice now because attention, vitality, visibility, and confidence is pressing on it. Treat this as timing, not fate.","Current sky to natal chart: timing signal, not fate. Explain what part of their chart is being temporarily activated.",packages/astro-knowledge/data/transits/natal/sun_pluto_sextile.json
You,transits/natal,sun_pluto_square,Transiting Sun Square Natal Pluto,voiceNeutral: true,"A current movement of attention, vitality, visibility, and confidence contacts the natal pattern of depth, power, pressure, release, and transformation through a friction aspect.","This may temporarily bring depth, power, pressure, release, and transformation into focus through events, conversations, moods, decisions, or timing connected to attention, vitality, visibility, and confidence.",Forcing a decision just to end the discomfort.,Choose the one place your attention matters most.,"Something connected to depth, power, pressure, release, and transformation may be easier to notice now because attention, vitality, visibility, and confidence is pressing on it. Treat this as timing, not fate.","Current sky to natal chart: timing signal, not fate. Explain what part of their chart is being temporarily activated.",packages/astro-knowledge/data/transits/natal/sun_pluto_square.json
You,transits/natal,sun_pluto_trine,Transiting Sun Trine Natal Pluto,voiceNeutral: true,"A current movement of attention, vitality, visibility, and confidence contacts the natal pattern of depth, power, pressure, release, and transformation through a flow aspect.","This may temporarily bring depth, power, pressure, release, and transformation into focus through events, conversations, moods, decisions, or timing connected to attention, vitality, visibility, and confidence.",Letting the ease pass unused because nothing feels urgent.,Choose the one place your attention matters most.,"Something connected to depth, power, pressure, release, and transformation may be easier to notice now because attention, vitality, visibility, and confidence is pressing on it. Treat this as timing, not fate.","Current sky to natal chart: timing signal, not fate. Explain what part of their chart is being temporarily activated.",packages/astro-knowledge/data/transits/natal/sun_pluto_trine.json
You,transits/natal,sun_saturn_conjunction,Transiting Sun Conjunction Natal Saturn,voiceNeutral: true,"A current movement of attention, vitality, visibility, and confidence contacts the natal pattern of structure, limits, responsibility, time, and consequence through a fusion aspect.","This may temporarily bring structure, limits, responsibility, time, and consequence into focus through events, conversations, moods, decisions, or timing connected to attention, vitality, visibility, and confidence.",Acting from the intensity before identifying the separate parts.,Choose the one place your attention matters most.,"Something connected to structure, limits, responsibility, time, and consequence may be easier to notice now because attention, vitality, visibility, and confidence is pressing on it. Treat this as timing, not fate.","Current sky to natal chart: timing signal, not fate. Explain what part of their chart is being temporarily activated.",packages/astro-knowledge/data/transits/natal/sun_saturn_conjunction.json
You,transits/natal,sun_saturn_opposition,Transiting Sun Opposition Natal Saturn,voiceNeutral: true,"A current movement of attention, vitality, visibility, and confidence contacts the natal pattern of structure, limits, responsibility, time, and consequence through a polarity aspect.","This may temporarily bring structure, limits, responsibility, time, and consequence into focus through events, conversations, moods, decisions, or timing connected to attention, vitality, visibility, and confidence.",Turning tension into a standoff instead of a clearer understanding.,Choose the one place your attention matters most.,"Something connected to structure, limits, responsibility, time, and consequence may be easier to notice now because attention, vitality, visibility, and confidence is pressing on it. Treat this as timing, not fate.","Current sky to natal chart: timing signal, not fate. Explain what part of their chart is being temporarily activated.",packages/astro-knowledge/data/transits/natal/sun_saturn_opposition.json
You,transits/natal,sun_saturn_sextile,Transiting Sun Sextile Natal Saturn,voiceNeutral: true,"A current movement of attention, vitality, visibility, and confidence contacts the natal pattern of structure, limits, responsibility, time, and consequence through a opening aspect.","This may temporarily bring structure, limits, responsibility, time, and consequence into focus through events, conversations, moods, decisions, or timing connected to attention, vitality, visibility, and confidence.",Coasting on the good idea without turning it into anything concrete.,Choose the one place your attention matters most.,"Something connected to structure, limits, responsibility, time, and consequence may be easier to notice now because attention, vitality, visibility, and confidence is pressing on it. Treat this as timing, not fate.","Current sky to natal chart: timing signal, not fate. Explain what part of their chart is being temporarily activated.",packages/astro-knowledge/data/transits/natal/sun_saturn_sextile.json
You,transits/natal,sun_saturn_square,Transiting Sun Square Natal Saturn,voiceNeutral: true,"A current movement of attention, vitality, visibility, and confidence contacts the natal pattern of structure, limits, responsibility, time, and consequence through a friction aspect.","This may temporarily bring structure, limits, responsibility, time, and consequence into focus through events, conversations, moods, decisions, or timing connected to attention, vitality, visibility, and confidence.",Forcing a decision just to end the discomfort.,Choose the one place your attention matters most.,"Something connected to structure, limits, responsibility, time, and consequence may be easier to notice now because attention, vitality, visibility, and confidence is pressing on it. Treat this as timing, not fate.","Current sky to natal chart: timing signal, not fate. Explain what part of their chart is being temporarily activated.",packages/astro-knowledge/data/transits/natal/sun_saturn_square.json
You,transits/natal,sun_saturn_trine,Transiting Sun Trine Natal Saturn,voiceNeutral: true,"A current movement of attention, vitality, visibility, and confidence contacts the natal pattern of structure, limits, responsibility, time, and consequence through a flow aspect.","This may temporarily bring structure, limits, responsibility, time, and consequence into focus through events, conversations, moods, decisions, or timing connected to attention, vitality, visibility, and confidence.",Letting the ease pass unused because nothing feels urgent.,Choose the one place your attention matters most.,"Something connected to structure, limits, responsibility, time, and consequence may be easier to notice now because attention, vitality, visibility, and confidence is pressing on it. Treat this as timing, not fate.","Current sky to natal chart: timing signal, not fate. Explain what part of their chart is being temporarily activated.",packages/astro-knowledge/data/transits/natal/sun_saturn_trine.json
You,transits/natal,sun_sun_conjunction,Transiting Sun Conjunction Natal Sun,voiceNeutral: true,"A current movement of attention, vitality, visibility, and confidence contacts the natal pattern of attention, vitality, visibility, and confidence through a fusion aspect.","This may temporarily bring attention, vitality, visibility, and confidence into focus through events, conversations, moods, decisions, or timing connected to attention, vitality, visibility, and confidence.",Acting from the intensity before identifying the separate parts.,Choose the one place your attention matters most.,"Something connected to attention, vitality, visibility, and confidence may be easier to notice now because attention, vitality, visibility, and confidence is pressing on it. Treat this as timing, not fate.","Current sky to natal chart: timing signal, not fate. Explain what part of their chart is being temporarily activated.",packages/astro-knowledge/data/transits/natal/sun_sun_conjunction.json
You,transits/natal,sun_sun_opposition,Transiting Sun Opposition Natal Sun,voiceNeutral: true,"A current movement of attention, vitality, visibility, and confidence contacts the natal pattern of attention, vitality, visibility, and confidence through a polarity aspect.","This may temporarily bring attention, vitality, visibility, and confidence into focus through events, conversations, moods, decisions, or timing connected to attention, vitality, visibility, and confidence.",Turning tension into a standoff instead of a clearer understanding.,Choose the one place your attention matters most.,"Something connected to attention, vitality, visibility, and confidence may be easier to notice now because attention, vitality, visibility, and confidence is pressing on it. Treat this as timing, not fate.","Current sky to natal chart: timing signal, not fate. Explain what part of their chart is being temporarily activated.",packages/astro-knowledge/data/transits/natal/sun_sun_opposition.json
You,transits/natal,sun_sun_sextile,Transiting Sun Sextile Natal Sun,voiceNeutral: true,"A current movement of attention, vitality, visibility, and confidence contacts the natal pattern of attention, vitality, visibility, and confidence through a opening aspect.","This may temporarily bring attention, vitality, visibility, and confidence into focus through events, conversations, moods, decisions, or timing connected to attention, vitality, visibility, and confidence.",Coasting on the good idea without turning it into anything concrete.,Choose the one place your attention matters most.,"Something connected to attention, vitality, visibility, and confidence may be easier to notice now because attention, vitality, visibility, and confidence is pressing on it. Treat this as timing, not fate.","Current sky to natal chart: timing signal, not fate. Explain what part of their chart is being temporarily activated.",packages/astro-knowledge/data/transits/natal/sun_sun_sextile.json
You,transits/natal,sun_sun_square,Transiting Sun Square Natal Sun,voiceNeutral: true,"A current movement of attention, vitality, visibility, and confidence contacts the natal pattern of attention, vitality, visibility, and confidence through a friction aspect.","This may temporarily bring attention, vitality, visibility, and confidence into focus through events, conversations, moods, decisions, or timing connected to attention, vitality, visibility, and confidence.",Forcing a decision just to end the discomfort.,Choose the one place your attention matters most.,"Something connected to attention, vitality, visibility, and confidence may be easier to notice now because attention, vitality, visibility, and confidence is pressing on it. Treat this as timing, not fate.","Current sky to natal chart: timing signal, not fate. Explain what part of their chart is being temporarily activated.",packages/astro-knowledge/data/transits/natal/sun_sun_square.json
You,transits/natal,sun_sun_trine,Transiting Sun Trine Natal Sun,voiceNeutral: true,"A current movement of attention, vitality, visibility, and confidence contacts the natal pattern of attention, vitality, visibility, and confidence through a flow aspect.","This may temporarily bring attention, vitality, visibility, and confidence into focus through events, conversations, moods, decisions, or timing connected to attention, vitality, visibility, and confidence.",Letting the ease pass unused because nothing feels urgent.,Choose the one place your attention matters most.,"Something connected to attention, vitality, visibility, and confidence may be easier to notice now because attention, vitality, visibility, and confidence is pressing on it. Treat this as timing, not fate.","Current sky to natal chart: timing signal, not fate. Explain what part of their chart is being temporarily activated.",packages/astro-knowledge/data/transits/natal/sun_sun_trine.json
You,transits/natal,sun_uranus_conjunction,Transiting Sun Conjunction Natal Uranus,voiceNeutral: true,"A current movement of attention, vitality, visibility, and confidence contacts the natal pattern of change, disruption, freedom, and originality through a fusion aspect.","This may temporarily bring change, disruption, freedom, and originality into focus through events, conversations, moods, decisions, or timing connected to attention, vitality, visibility, and confidence.",Acting from the intensity before identifying the separate parts.,Choose the one place your attention matters most.,"Something connected to change, disruption, freedom, and originality may be easier to notice now because attention, vitality, visibility, and confidence is pressing on it. Treat this as timing, not fate.","Current sky to natal chart: timing signal, not fate. Explain what part of their chart is being temporarily activated.",packages/astro-knowledge/data/transits/natal/sun_uranus_conjunction.json
You,transits/natal,sun_uranus_opposition,Transiting Sun Opposition Natal Uranus,voiceNeutral: true,"A current movement of attention, vitality, visibility, and confidence contacts the natal pattern of change, disruption, freedom, and originality through a polarity aspect.","This may temporarily bring change, disruption, freedom, and originality into focus through events, conversations, moods, decisions, or timing connected to attention, vitality, visibility, and confidence.",Turning tension into a standoff instead of a clearer understanding.,Choose the one place your attention matters most.,"Something connected to change, disruption, freedom, and originality may be easier to notice now because attention, vitality, visibility, and confidence is pressing on it. Treat this as timing, not fate.","Current sky to natal chart: timing signal, not fate. Explain what part of their chart is being temporarily activated.",packages/astro-knowledge/data/transits/natal/sun_uranus_opposition.json
You,transits/natal,sun_uranus_sextile,Transiting Sun Sextile Natal Uranus,voiceNeutral: true,"A current movement of attention, vitality, visibility, and confidence contacts the natal pattern of change, disruption, freedom, and originality through a opening aspect.","This may temporarily bring change, disruption, freedom, and originality into focus through events, conversations, moods, decisions, or timing connected to attention, vitality, visibility, and confidence.",Coasting on the good idea without turning it into anything concrete.,Choose the one place your attention matters most.,"Something connected to change, disruption, freedom, and originality may be easier to notice now because attention, vitality, visibility, and confidence is pressing on it. Treat this as timing, not fate.","Current sky to natal chart: timing signal, not fate. Explain what part of their chart is being temporarily activated.",packages/astro-knowledge/data/transits/natal/sun_uranus_sextile.json
You,transits/natal,sun_uranus_square,Transiting Sun Square Natal Uranus,voiceNeutral: true,"A current movement of attention, vitality, visibility, and confidence contacts the natal pattern of change, disruption, freedom, and originality through a friction aspect.","This may temporarily bring change, disruption, freedom, and originality into focus through events, conversations, moods, decisions, or timing connected to attention, vitality, visibility, and confidence.",Forcing a decision just to end the discomfort.,Choose the one place your attention matters most.,"Something connected to change, disruption, freedom, and originality may be easier to notice now because attention, vitality, visibility, and confidence is pressing on it. Treat this as timing, not fate.","Current sky to natal chart: timing signal, not fate. Explain what part of their chart is being temporarily activated.",packages/astro-knowledge/data/transits/natal/sun_uranus_square.json
You,transits/natal,sun_uranus_trine,Transiting Sun Trine Natal Uranus,voiceNeutral: true,"A current movement of attention, vitality, visibility, and confidence contacts the natal pattern of change, disruption, freedom, and originality through a flow aspect.","This may temporarily bring change, disruption, freedom, and originality into focus through events, conversations, moods, decisions, or timing connected to attention, vitality, visibility, and confidence.",Letting the ease pass unused because nothing feels urgent.,Choose the one place your attention matters most.,"Something connected to change, disruption, freedom, and originality may be easier to notice now because attention, vitality, visibility, and confidence is pressing on it. Treat this as timing, not fate.","Current sky to natal chart: timing signal, not fate. Explain what part of their chart is being temporarily activated.",packages/astro-knowledge/data/transits/natal/sun_uranus_trine.json
You,transits/natal,sun_venus_conjunction,Transiting Sun Conjunction Natal Venus,voiceNeutral: true,"A current movement of attention, vitality, visibility, and confidence contacts the natal pattern of connection, value, pleasure, attraction, and ease through a fusion aspect.","This may temporarily bring connection, value, pleasure, attraction, and ease into focus through events, conversations, moods, decisions, or timing connected to attention, vitality, visibility, and confidence.",Acting from the intensity before identifying the separate parts.,Choose the one place your attention matters most.,"Something connected to connection, value, pleasure, attraction, and ease may be easier to notice now because attention, vitality, visibility, and confidence is pressing on it. Treat this as timing, not fate.","Current sky to natal chart: timing signal, not fate. Explain what part of their chart is being temporarily activated.",packages/astro-knowledge/data/transits/natal/sun_venus_conjunction.json
You,transits/natal,sun_venus_opposition,Transiting Sun Opposition Natal Venus,voiceNeutral: true,"A current movement of attention, vitality, visibility, and confidence contacts the natal pattern of connection, value, pleasure, attraction, and ease through a polarity aspect.","This may temporarily bring connection, value, pleasure, attraction, and ease into focus through events, conversations, moods, decisions, or timing connected to attention, vitality, visibility, and confidence.",Turning tension into a standoff instead of a clearer understanding.,Choose the one place your attention matters most.,"Something connected to connection, value, pleasure, attraction, and ease may be easier to notice now because attention, vitality, visibility, and confidence is pressing on it. Treat this as timing, not fate.","Current sky to natal chart: timing signal, not fate. Explain what part of their chart is being temporarily activated.",packages/astro-knowledge/data/transits/natal/sun_venus_opposition.json
You,transits/natal,sun_venus_sextile,Transiting Sun Sextile Natal Venus,voiceNeutral: true,"A current movement of attention, vitality, visibility, and confidence contacts the natal pattern of connection, value, pleasure, attraction, and ease through a opening aspect.","This may temporarily bring connection, value, pleasure, attraction, and ease into focus through events, conversations, moods, decisions, or timing connected to attention, vitality, visibility, and confidence.",Coasting on the good idea without turning it into anything concrete.,Choose the one place your attention matters most.,"Something connected to connection, value, pleasure, attraction, and ease may be easier to notice now because attention, vitality, visibility, and confidence is pressing on it. Treat this as timing, not fate.","Current sky to natal chart: timing signal, not fate. Explain what part of their chart is being temporarily activated.",packages/astro-knowledge/data/transits/natal/sun_venus_sextile.json
You,transits/natal,sun_venus_square,Transiting Sun Square Natal Venus,voiceNeutral: true,"A current movement of attention, vitality, visibility, and confidence contacts the natal pattern of connection, value, pleasure, attraction, and ease through a friction aspect.","This may temporarily bring connection, value, pleasure, attraction, and ease into focus through events, conversations, moods, decisions, or timing connected to attention, vitality, visibility, and confidence.",Forcing a decision just to end the discomfort.,Choose the one place your attention matters most.,"Something connected to connection, value, pleasure, attraction, and ease may be easier to notice now because attention, vitality, visibility, and confidence is pressing on it. Treat this as timing, not fate.","Current sky to natal chart: timing signal, not fate. Explain what part of their chart is being temporarily activated.",packages/astro-knowledge/data/transits/natal/sun_venus_square.json
You,transits/natal,sun_venus_trine,Transiting Sun Trine Natal Venus,voiceNeutral: true,"A current movement of attention, vitality, visibility, and confidence contacts the natal pattern of connection, value, pleasure, attraction, and ease through a flow aspect.","This may temporarily bring connection, value, pleasure, attraction, and ease into focus through events, conversations, moods, decisions, or timing connected to attention, vitality, visibility, and confidence.",Letting the ease pass unused because nothing feels urgent.,Choose the one place your attention matters most.,"Something connected to connection, value, pleasure, attraction, and ease may be easier to notice now because attention, vitality, visibility, and confidence is pressing on it. Treat this as timing, not fate.","Current sky to natal chart: timing signal, not fate. Explain what part of their chart is being temporarily activated.",packages/astro-knowledge/data/transits/natal/sun_venus_trine.json
You,transits/natal,uranus_ascendant_conjunction,Transiting Uranus Conjunction Natal Ascendant,voiceNeutral: true,"A current movement of change, disruption, freedom, and originality contacts the natal pattern of self-presentation, body, identity, and first response through a fusion aspect.","This may temporarily bring self-presentation, body, identity, and first response into focus through events, conversations, moods, decisions, or timing connected to change, disruption, freedom, and originality.",Acting from the intensity before identifying the separate parts.,Pause before treating disruption as direction.,"Something connected to self-presentation, body, identity, and first response may be easier to notice now because change, disruption, freedom, and originality is pressing on it. Treat this as timing, not fate.","Current sky to natal chart: timing signal, not fate. Explain what part of their chart is being temporarily activated.",packages/astro-knowledge/data/transits/natal/uranus_ascendant_conjunction.json
You,transits/natal,uranus_ascendant_opposition,Transiting Uranus Opposition Natal Ascendant,voiceNeutral: true,"A current movement of change, disruption, freedom, and originality contacts the natal pattern of self-presentation, body, identity, and first response through a polarity aspect.","This may temporarily bring self-presentation, body, identity, and first response into focus through events, conversations, moods, decisions, or timing connected to change, disruption, freedom, and originality.",Turning tension into a standoff instead of a clearer understanding.,Pause before treating disruption as direction.,"Something connected to self-presentation, body, identity, and first response may be easier to notice now because change, disruption, freedom, and originality is pressing on it. Treat this as timing, not fate.","Current sky to natal chart: timing signal, not fate. Explain what part of their chart is being temporarily activated.",packages/astro-knowledge/data/transits/natal/uranus_ascendant_opposition.json
You,transits/natal,uranus_ascendant_sextile,Transiting Uranus Sextile Natal Ascendant,voiceNeutral: true,"A current movement of change, disruption, freedom, and originality contacts the natal pattern of self-presentation, body, identity, and first response through a opening aspect.","This may temporarily bring self-presentation, body, identity, and first response into focus through events, conversations, moods, decisions, or timing connected to change, disruption, freedom, and originality.",Coasting on the good idea without turning it into anything concrete.,Pause before treating disruption as direction.,"Something connected to self-presentation, body, identity, and first response may be easier to notice now because change, disruption, freedom, and originality is pressing on it. Treat this as timing, not fate.","Current sky to natal chart: timing signal, not fate. Explain what part of their chart is being temporarily activated.",packages/astro-knowledge/data/transits/natal/uranus_ascendant_sextile.json
You,transits/natal,uranus_ascendant_square,Transiting Uranus Square Natal Ascendant,voiceNeutral: true,"A current movement of change, disruption, freedom, and originality contacts the natal pattern of self-presentation, body, identity, and first response through a friction aspect.","This may temporarily bring self-presentation, body, identity, and first response into focus through events, conversations, moods, decisions, or timing connected to change, disruption, freedom, and originality.",Forcing a decision just to end the discomfort.,Pause before treating disruption as direction.,"Something connected to self-presentation, body, identity, and first response may be easier to notice now because change, disruption, freedom, and originality is pressing on it. Treat this as timing, not fate.","Current sky to natal chart: timing signal, not fate. Explain what part of their chart is being temporarily activated.",packages/astro-knowledge/data/transits/natal/uranus_ascendant_square.json
You,transits/natal,uranus_ascendant_trine,Transiting Uranus Trine Natal Ascendant,voiceNeutral: true,"A current movement of change, disruption, freedom, and originality contacts the natal pattern of self-presentation, body, identity, and first response through a flow aspect.","This may temporarily bring self-presentation, body, identity, and first response into focus through events, conversations, moods, decisions, or timing connected to change, disruption, freedom, and originality.",Letting the ease pass unused because nothing feels urgent.,Pause before treating disruption as direction.,"Something connected to self-presentation, body, identity, and first response may be easier to notice now because change, disruption, freedom, and originality is pressing on it. Treat this as timing, not fate.","Current sky to natal chart: timing signal, not fate. Explain what part of their chart is being temporarily activated.",packages/astro-knowledge/data/transits/natal/uranus_ascendant_trine.json
You,transits/natal,uranus_jupiter_conjunction,Transiting Uranus Conjunction Natal Jupiter,voiceNeutral: true,"A current movement of change, disruption, freedom, and originality contacts the natal pattern of growth, belief, opportunity, and expansion through a fusion aspect.","This may temporarily bring growth, belief, opportunity, and expansion into focus through events, conversations, moods, decisions, or timing connected to change, disruption, freedom, and originality.",Acting from the intensity before identifying the separate parts.,Pause before treating disruption as direction.,"Something connected to growth, belief, opportunity, and expansion may be easier to notice now because change, disruption, freedom, and originality is pressing on it. Treat this as timing, not fate.","Current sky to natal chart: timing signal, not fate. Explain what part of their chart is being temporarily activated.",packages/astro-knowledge/data/transits/natal/uranus_jupiter_conjunction.json
You,transits/natal,uranus_jupiter_opposition,Transiting Uranus Opposition Natal Jupiter,voiceNeutral: true,"A current movement of change, disruption, freedom, and originality contacts the natal pattern of growth, belief, opportunity, and expansion through a polarity aspect.","This may temporarily bring growth, belief, opportunity, and expansion into focus through events, conversations, moods, decisions, or timing connected to change, disruption, freedom, and originality.",Turning tension into a standoff instead of a clearer understanding.,Pause before treating disruption as direction.,"Something connected to growth, belief, opportunity, and expansion may be easier to notice now because change, disruption, freedom, and originality is pressing on it. Treat this as timing, not fate.","Current sky to natal chart: timing signal, not fate. Explain what part of their chart is being temporarily activated.",packages/astro-knowledge/data/transits/natal/uranus_jupiter_opposition.json
You,transits/natal,uranus_jupiter_sextile,Transiting Uranus Sextile Natal Jupiter,voiceNeutral: true,"A current movement of change, disruption, freedom, and originality contacts the natal pattern of growth, belief, opportunity, and expansion through a opening aspect.","This may temporarily bring growth, belief, opportunity, and expansion into focus through events, conversations, moods, decisions, or timing connected to change, disruption, freedom, and originality.",Coasting on the good idea without turning it into anything concrete.,Pause before treating disruption as direction.,"Something connected to growth, belief, opportunity, and expansion may be easier to notice now because change, disruption, freedom, and originality is pressing on it. Treat this as timing, not fate.","Current sky to natal chart: timing signal, not fate. Explain what part of their chart is being temporarily activated.",packages/astro-knowledge/data/transits/natal/uranus_jupiter_sextile.json
You,transits/natal,uranus_jupiter_square,Transiting Uranus Square Natal Jupiter,voiceNeutral: true,"A current movement of change, disruption, freedom, and originality contacts the natal pattern of growth, belief, opportunity, and expansion through a friction aspect.","This may temporarily bring growth, belief, opportunity, and expansion into focus through events, conversations, moods, decisions, or timing connected to change, disruption, freedom, and originality.",Forcing a decision just to end the discomfort.,Pause before treating disruption as direction.,"Something connected to growth, belief, opportunity, and expansion may be easier to notice now because change, disruption, freedom, and originality is pressing on it. Treat this as timing, not fate.","Current sky to natal chart: timing signal, not fate. Explain what part of their chart is being temporarily activated.",packages/astro-knowledge/data/transits/natal/uranus_jupiter_square.json
You,transits/natal,uranus_jupiter_trine,Transiting Uranus Trine Natal Jupiter,voiceNeutral: true,"A current movement of change, disruption, freedom, and originality contacts the natal pattern of growth, belief, opportunity, and expansion through a flow aspect.","This may temporarily bring growth, belief, opportunity, and expansion into focus through events, conversations, moods, decisions, or timing connected to change, disruption, freedom, and originality.",Letting the ease pass unused because nothing feels urgent.,Pause before treating disruption as direction.,"Something connected to growth, belief, opportunity, and expansion may be easier to notice now because change, disruption, freedom, and originality is pressing on it. Treat this as timing, not fate.","Current sky to natal chart: timing signal, not fate. Explain what part of their chart is being temporarily activated.",packages/astro-knowledge/data/transits/natal/uranus_jupiter_trine.json
You,transits/natal,uranus_mars_conjunction,Transiting Uranus Conjunction Natal Mars,voiceNeutral: true,"A current movement of change, disruption, freedom, and originality contacts the natal pattern of action, heat, courage, friction, and desire through a fusion aspect.","This may temporarily bring action, heat, courage, friction, and desire into focus through events, conversations, moods, decisions, or timing connected to change, disruption, freedom, and originality.",Acting from the intensity before identifying the separate parts.,Pause before treating disruption as direction.,"Something connected to action, heat, courage, friction, and desire may be easier to notice now because change, disruption, freedom, and originality is pressing on it. Treat this as timing, not fate.","Current sky to natal chart: timing signal, not fate. Explain what part of their chart is being temporarily activated.",packages/astro-knowledge/data/transits/natal/uranus_mars_conjunction.json
You,transits/natal,uranus_mars_opposition,Transiting Uranus Opposition Natal Mars,voiceNeutral: true,"A current movement of change, disruption, freedom, and originality contacts the natal pattern of action, heat, courage, friction, and desire through a polarity aspect.","This may temporarily bring action, heat, courage, friction, and desire into focus through events, conversations, moods, decisions, or timing connected to change, disruption, freedom, and originality.",Turning tension into a standoff instead of a clearer understanding.,Pause before treating disruption as direction.,"Something connected to action, heat, courage, friction, and desire may be easier to notice now because change, disruption, freedom, and originality is pressing on it. Treat this as timing, not fate.","Current sky to natal chart: timing signal, not fate. Explain what part of their chart is being temporarily activated.",packages/astro-knowledge/data/transits/natal/uranus_mars_opposition.json
You,transits/natal,uranus_mars_sextile,Transiting Uranus Sextile Natal Mars,voiceNeutral: true,"A current movement of change, disruption, freedom, and originality contacts the natal pattern of action, heat, courage, friction, and desire through a opening aspect.","This may temporarily bring action, heat, courage, friction, and desire into focus through events, conversations, moods, decisions, or timing connected to change, disruption, freedom, and originality.",Coasting on the good idea without turning it into anything concrete.,Pause before treating disruption as direction.,"Something connected to action, heat, courage, friction, and desire may be easier to notice now because change, disruption, freedom, and originality is pressing on it. Treat this as timing, not fate.","Current sky to natal chart: timing signal, not fate. Explain what part of their chart is being temporarily activated.",packages/astro-knowledge/data/transits/natal/uranus_mars_sextile.json
You,transits/natal,uranus_mars_square,Transiting Uranus Square Natal Mars,voiceNeutral: true,"A current movement of change, disruption, freedom, and originality contacts the natal pattern of action, heat, courage, friction, and desire through a friction aspect.","This may temporarily bring action, heat, courage, friction, and desire into focus through events, conversations, moods, decisions, or timing connected to change, disruption, freedom, and originality.",Forcing a decision just to end the discomfort.,Pause before treating disruption as direction.,"Something connected to action, heat, courage, friction, and desire may be easier to notice now because change, disruption, freedom, and originality is pressing on it. Treat this as timing, not fate.","Current sky to natal chart: timing signal, not fate. Explain what part of their chart is being temporarily activated.",packages/astro-knowledge/data/transits/natal/uranus_mars_square.json
You,transits/natal,uranus_mars_trine,Transiting Uranus Trine Natal Mars,voiceNeutral: true,"A current movement of change, disruption, freedom, and originality contacts the natal pattern of action, heat, courage, friction, and desire through a flow aspect.","This may temporarily bring action, heat, courage, friction, and desire into focus through events, conversations, moods, decisions, or timing connected to change, disruption, freedom, and originality.",Letting the ease pass unused because nothing feels urgent.,Pause before treating disruption as direction.,"Something connected to action, heat, courage, friction, and desire may be easier to notice now because change, disruption, freedom, and originality is pressing on it. Treat this as timing, not fate.","Current sky to natal chart: timing signal, not fate. Explain what part of their chart is being temporarily activated.",packages/astro-knowledge/data/transits/natal/uranus_mars_trine.json
You,transits/natal,uranus_mercury_conjunction,Transiting Uranus Conjunction Natal Mercury,voiceNeutral: true,"A current movement of change, disruption, freedom, and originality contacts the natal pattern of language, information, decisions, and nervous energy through a fusion aspect.","This may temporarily bring language, information, decisions, and nervous energy into focus through events, conversations, moods, decisions, or timing connected to change, disruption, freedom, and originality.",Acting from the intensity before identifying the separate parts.,Pause before treating disruption as direction.,"Something connected to language, information, decisions, and nervous energy may be easier to notice now because change, disruption, freedom, and originality is pressing on it. Treat this as timing, not fate.","Current sky to natal chart: timing signal, not fate. Explain what part of their chart is being temporarily activated.",packages/astro-knowledge/data/transits/natal/uranus_mercury_conjunction.json
You,transits/natal,uranus_mercury_opposition,Transiting Uranus Opposition Natal Mercury,voiceNeutral: true,"A current movement of change, disruption, freedom, and originality contacts the natal pattern of language, information, decisions, and nervous energy through a polarity aspect.","This may temporarily bring language, information, decisions, and nervous energy into focus through events, conversations, moods, decisions, or timing connected to change, disruption, freedom, and originality.",Turning tension into a standoff instead of a clearer understanding.,Pause before treating disruption as direction.,"Something connected to language, information, decisions, and nervous energy may be easier to notice now because change, disruption, freedom, and originality is pressing on it. Treat this as timing, not fate.","Current sky to natal chart: timing signal, not fate. Explain what part of their chart is being temporarily activated.",packages/astro-knowledge/data/transits/natal/uranus_mercury_opposition.json
You,transits/natal,uranus_mercury_sextile,Transiting Uranus Sextile Natal Mercury,voiceNeutral: true,"A current movement of change, disruption, freedom, and originality contacts the natal pattern of language, information, decisions, and nervous energy through a opening aspect.","This may temporarily bring language, information, decisions, and nervous energy into focus through events, conversations, moods, decisions, or timing connected to change, disruption, freedom, and originality.",Coasting on the good idea without turning it into anything concrete.,Pause before treating disruption as direction.,"Something connected to language, information, decisions, and nervous energy may be easier to notice now because change, disruption, freedom, and originality is pressing on it. Treat this as timing, not fate.","Current sky to natal chart: timing signal, not fate. Explain what part of their chart is being temporarily activated.",packages/astro-knowledge/data/transits/natal/uranus_mercury_sextile.json
You,transits/natal,uranus_mercury_square,Transiting Uranus Square Natal Mercury,voiceNeutral: true,"A current movement of change, disruption, freedom, and originality contacts the natal pattern of language, information, decisions, and nervous energy through a friction aspect.","This may temporarily bring language, information, decisions, and nervous energy into focus through events, conversations, moods, decisions, or timing connected to change, disruption, freedom, and originality.",Forcing a decision just to end the discomfort.,Pause before treating disruption as direction.,"Something connected to language, information, decisions, and nervous energy may be easier to notice now because change, disruption, freedom, and originality is pressing on it. Treat this as timing, not fate.","Current sky to natal chart: timing signal, not fate. Explain what part of their chart is being temporarily activated.",packages/astro-knowledge/data/transits/natal/uranus_mercury_square.json
You,transits/natal,uranus_mercury_trine,Transiting Uranus Trine Natal Mercury,voiceNeutral: true,"A current movement of change, disruption, freedom, and originality contacts the natal pattern of language, information, decisions, and nervous energy through a flow aspect.","This may temporarily bring language, information, decisions, and nervous energy into focus through events, conversations, moods, decisions, or timing connected to change, disruption, freedom, and originality.",Letting the ease pass unused because nothing feels urgent.,Pause before treating disruption as direction.,"Something connected to language, information, decisions, and nervous energy may be easier to notice now because change, disruption, freedom, and originality is pressing on it. Treat this as timing, not fate.","Current sky to natal chart: timing signal, not fate. Explain what part of their chart is being temporarily activated.",packages/astro-knowledge/data/transits/natal/uranus_mercury_trine.json
You,transits/natal,uranus_moon_conjunction,Transiting Uranus Conjunction Natal Moon,voiceNeutral: true,"A current movement of change, disruption, freedom, and originality contacts the natal pattern of emotion, instinct, needs, and daily rhythm through a fusion aspect.","This may temporarily bring emotion, instinct, needs, and daily rhythm into focus through events, conversations, moods, decisions, or timing connected to change, disruption, freedom, and originality.",Acting from the intensity before identifying the separate parts.,Pause before treating disruption as direction.,"Something connected to emotion, instinct, needs, and daily rhythm may be easier to notice now because change, disruption, freedom, and originality is pressing on it. Treat this as timing, not fate.","Current sky to natal chart: timing signal, not fate. Explain what part of their chart is being temporarily activated.",packages/astro-knowledge/data/transits/natal/uranus_moon_conjunction.json
You,transits/natal,uranus_moon_opposition,Transiting Uranus Opposition Natal Moon,voiceNeutral: true,"A current movement of change, disruption, freedom, and originality contacts the natal pattern of emotion, instinct, needs, and daily rhythm through a polarity aspect.","This may temporarily bring emotion, instinct, needs, and daily rhythm into focus through events, conversations, moods, decisions, or timing connected to change, disruption, freedom, and originality.",Turning tension into a standoff instead of a clearer understanding.,Pause before treating disruption as direction.,"Something connected to emotion, instinct, needs, and daily rhythm may be easier to notice now because change, disruption, freedom, and originality is pressing on it. Treat this as timing, not fate.","Current sky to natal chart: timing signal, not fate. Explain what part of their chart is being temporarily activated.",packages/astro-knowledge/data/transits/natal/uranus_moon_opposition.json
You,transits/natal,uranus_moon_sextile,Transiting Uranus Sextile Natal Moon,voiceNeutral: true,"A current movement of change, disruption, freedom, and originality contacts the natal pattern of emotion, instinct, needs, and daily rhythm through a opening aspect.","This may temporarily bring emotion, instinct, needs, and daily rhythm into focus through events, conversations, moods, decisions, or timing connected to change, disruption, freedom, and originality.",Coasting on the good idea without turning it into anything concrete.,Pause before treating disruption as direction.,"Something connected to emotion, instinct, needs, and daily rhythm may be easier to notice now because change, disruption, freedom, and originality is pressing on it. Treat this as timing, not fate.","Current sky to natal chart: timing signal, not fate. Explain what part of their chart is being temporarily activated.",packages/astro-knowledge/data/transits/natal/uranus_moon_sextile.json
You,transits/natal,uranus_moon_square,Transiting Uranus Square Natal Moon,voiceNeutral: true,"A current movement of change, disruption, freedom, and originality contacts the natal pattern of emotion, instinct, needs, and daily rhythm through a friction aspect.","This may temporarily bring emotion, instinct, needs, and daily rhythm into focus through events, conversations, moods, decisions, or timing connected to change, disruption, freedom, and originality.",Forcing a decision just to end the discomfort.,Pause before treating disruption as direction.,"Something connected to emotion, instinct, needs, and daily rhythm may be easier to notice now because change, disruption, freedom, and originality is pressing on it. Treat this as timing, not fate.","Current sky to natal chart: timing signal, not fate. Explain what part of their chart is being temporarily activated.",packages/astro-knowledge/data/transits/natal/uranus_moon_square.json
You,transits/natal,uranus_moon_trine,Transiting Uranus Trine Natal Moon,voiceNeutral: true,"A current movement of change, disruption, freedom, and originality contacts the natal pattern of emotion, instinct, needs, and daily rhythm through a flow aspect.","This may temporarily bring emotion, instinct, needs, and daily rhythm into focus through events, conversations, moods, decisions, or timing connected to change, disruption, freedom, and originality.",Letting the ease pass unused because nothing feels urgent.,Pause before treating disruption as direction.,"Something connected to emotion, instinct, needs, and daily rhythm may be easier to notice now because change, disruption, freedom, and originality is pressing on it. Treat this as timing, not fate.","Current sky to natal chart: timing signal, not fate. Explain what part of their chart is being temporarily activated.",packages/astro-knowledge/data/transits/natal/uranus_moon_trine.json
You,transits/natal,uranus_neptune_conjunction,Transiting Uranus Conjunction Natal Neptune,voiceNeutral: true,"A current movement of change, disruption, freedom, and originality contacts the natal pattern of imagination, longing, vision, sensitivity, and uncertainty through a fusion aspect.","This may temporarily bring imagination, longing, vision, sensitivity, and uncertainty into focus through events, conversations, moods, decisions, or timing connected to change, disruption, freedom, and originality.",Acting from the intensity before identifying the separate parts.,Pause before treating disruption as direction.,"Something connected to imagination, longing, vision, sensitivity, and uncertainty may be easier to notice now because change, disruption, freedom, and originality is pressing on it. Treat this as timing, not fate.","Current sky to natal chart: timing signal, not fate. Explain what part of their chart is being temporarily activated.",packages/astro-knowledge/data/transits/natal/uranus_neptune_conjunction.json
You,transits/natal,uranus_neptune_opposition,Transiting Uranus Opposition Natal Neptune,voiceNeutral: true,"A current movement of change, disruption, freedom, and originality contacts the natal pattern of imagination, longing, vision, sensitivity, and uncertainty through a polarity aspect.","This may temporarily bring imagination, longing, vision, sensitivity, and uncertainty into focus through events, conversations, moods, decisions, or timing connected to change, disruption, freedom, and originality.",Turning tension into a standoff instead of a clearer understanding.,Pause before treating disruption as direction.,"Something connected to imagination, longing, vision, sensitivity, and uncertainty may be easier to notice now because change, disruption, freedom, and originality is pressing on it. Treat this as timing, not fate.","Current sky to natal chart: timing signal, not fate. Explain what part of their chart is being temporarily activated.",packages/astro-knowledge/data/transits/natal/uranus_neptune_opposition.json
You,transits/natal,uranus_neptune_sextile,Transiting Uranus Sextile Natal Neptune,voiceNeutral: true,"A current movement of change, disruption, freedom, and originality contacts the natal pattern of imagination, longing, vision, sensitivity, and uncertainty through a opening aspect.","This may temporarily bring imagination, longing, vision, sensitivity, and uncertainty into focus through events, conversations, moods, decisions, or timing connected to change, disruption, freedom, and originality.",Coasting on the good idea without turning it into anything concrete.,Pause before treating disruption as direction.,"Something connected to imagination, longing, vision, sensitivity, and uncertainty may be easier to notice now because change, disruption, freedom, and originality is pressing on it. Treat this as timing, not fate.","Current sky to natal chart: timing signal, not fate. Explain what part of their chart is being temporarily activated.",packages/astro-knowledge/data/transits/natal/uranus_neptune_sextile.json
You,transits/natal,uranus_neptune_square,Transiting Uranus Square Natal Neptune,voiceNeutral: true,"A current movement of change, disruption, freedom, and originality contacts the natal pattern of imagination, longing, vision, sensitivity, and uncertainty through a friction aspect.","This may temporarily bring imagination, longing, vision, sensitivity, and uncertainty into focus through events, conversations, moods, decisions, or timing connected to change, disruption, freedom, and originality.",Forcing a decision just to end the discomfort.,Pause before treating disruption as direction.,"Something connected to imagination, longing, vision, sensitivity, and uncertainty may be easier to notice now because change, disruption, freedom, and originality is pressing on it. Treat this as timing, not fate.","Current sky to natal chart: timing signal, not fate. Explain what part of their chart is being temporarily activated.",packages/astro-knowledge/data/transits/natal/uranus_neptune_square.json
You,transits/natal,uranus_neptune_trine,Transiting Uranus Trine Natal Neptune,voiceNeutral: true,"A current movement of change, disruption, freedom, and originality contacts the natal pattern of imagination, longing, vision, sensitivity, and uncertainty through a flow aspect.","This may temporarily bring imagination, longing, vision, sensitivity, and uncertainty into focus through events, conversations, moods, decisions, or timing connected to change, disruption, freedom, and originality.",Letting the ease pass unused because nothing feels urgent.,Pause before treating disruption as direction.,"Something connected to imagination, longing, vision, sensitivity, and uncertainty may be easier to notice now because change, disruption, freedom, and originality is pressing on it. Treat this as timing, not fate.","Current sky to natal chart: timing signal, not fate. Explain what part of their chart is being temporarily activated.",packages/astro-knowledge/data/transits/natal/uranus_neptune_trine.json
You,transits/natal,uranus_pluto_conjunction,Transiting Uranus Conjunction Natal Pluto,voiceNeutral: true,"A current movement of change, disruption, freedom, and originality contacts the natal pattern of depth, power, pressure, release, and transformation through a fusion aspect.","This may temporarily bring depth, power, pressure, release, and transformation into focus through events, conversations, moods, decisions, or timing connected to change, disruption, freedom, and originality.",Acting from the intensity before identifying the separate parts.,Pause before treating disruption as direction.,"Something connected to depth, power, pressure, release, and transformation may be easier to notice now because change, disruption, freedom, and originality is pressing on it. Treat this as timing, not fate.","Current sky to natal chart: timing signal, not fate. Explain what part of their chart is being temporarily activated.",packages/astro-knowledge/data/transits/natal/uranus_pluto_conjunction.json
You,transits/natal,uranus_pluto_opposition,Transiting Uranus Opposition Natal Pluto,voiceNeutral: true,"A current movement of change, disruption, freedom, and originality contacts the natal pattern of depth, power, pressure, release, and transformation through a polarity aspect.","This may temporarily bring depth, power, pressure, release, and transformation into focus through events, conversations, moods, decisions, or timing connected to change, disruption, freedom, and originality.",Turning tension into a standoff instead of a clearer understanding.,Pause before treating disruption as direction.,"Something connected to depth, power, pressure, release, and transformation may be easier to notice now because change, disruption, freedom, and originality is pressing on it. Treat this as timing, not fate.","Current sky to natal chart: timing signal, not fate. Explain what part of their chart is being temporarily activated.",packages/astro-knowledge/data/transits/natal/uranus_pluto_opposition.json
You,transits/natal,uranus_pluto_sextile,Transiting Uranus Sextile Natal Pluto,voiceNeutral: true,"A current movement of change, disruption, freedom, and originality contacts the natal pattern of depth, power, pressure, release, and transformation through a opening aspect.","This may temporarily bring depth, power, pressure, release, and transformation into focus through events, conversations, moods, decisions, or timing connected to change, disruption, freedom, and originality.",Coasting on the good idea without turning it into anything concrete.,Pause before treating disruption as direction.,"Something connected to depth, power, pressure, release, and transformation may be easier to notice now because change, disruption, freedom, and originality is pressing on it. Treat this as timing, not fate.","Current sky to natal chart: timing signal, not fate. Explain what part of their chart is being temporarily activated.",packages/astro-knowledge/data/transits/natal/uranus_pluto_sextile.json
You,transits/natal,uranus_pluto_square,Transiting Uranus Square Natal Pluto,voiceNeutral: true,"A current movement of change, disruption, freedom, and originality contacts the natal pattern of depth, power, pressure, release, and transformation through a friction aspect.","This may temporarily bring depth, power, pressure, release, and transformation into focus through events, conversations, moods, decisions, or timing connected to change, disruption, freedom, and originality.",Forcing a decision just to end the discomfort.,Pause before treating disruption as direction.,"Something connected to depth, power, pressure, release, and transformation may be easier to notice now because change, disruption, freedom, and originality is pressing on it. Treat this as timing, not fate.","Current sky to natal chart: timing signal, not fate. Explain what part of their chart is being temporarily activated.",packages/astro-knowledge/data/transits/natal/uranus_pluto_square.json
You,transits/natal,uranus_pluto_trine,Transiting Uranus Trine Natal Pluto,voiceNeutral: true,"A current movement of change, disruption, freedom, and originality contacts the natal pattern of depth, power, pressure, release, and transformation through a flow aspect.","This may temporarily bring depth, power, pressure, release, and transformation into focus through events, conversations, moods, decisions, or timing connected to change, disruption, freedom, and originality.",Letting the ease pass unused because nothing feels urgent.,Pause before treating disruption as direction.,"Something connected to depth, power, pressure, release, and transformation may be easier to notice now because change, disruption, freedom, and originality is pressing on it. Treat this as timing, not fate.","Current sky to natal chart: timing signal, not fate. Explain what part of their chart is being temporarily activated.",packages/astro-knowledge/data/transits/natal/uranus_pluto_trine.json
You,transits/natal,uranus_saturn_conjunction,Transiting Uranus Conjunction Natal Saturn,voiceNeutral: true,"A current movement of change, disruption, freedom, and originality contacts the natal pattern of structure, limits, responsibility, time, and consequence through a fusion aspect.","This may temporarily bring structure, limits, responsibility, time, and consequence into focus through events, conversations, moods, decisions, or timing connected to change, disruption, freedom, and originality.",Acting from the intensity before identifying the separate parts.,Pause before treating disruption as direction.,"Something connected to structure, limits, responsibility, time, and consequence may be easier to notice now because change, disruption, freedom, and originality is pressing on it. Treat this as timing, not fate.","Current sky to natal chart: timing signal, not fate. Explain what part of their chart is being temporarily activated.",packages/astro-knowledge/data/transits/natal/uranus_saturn_conjunction.json
You,transits/natal,uranus_saturn_opposition,Transiting Uranus Opposition Natal Saturn,voiceNeutral: true,"A current movement of change, disruption, freedom, and originality contacts the natal pattern of structure, limits, responsibility, time, and consequence through a polarity aspect.","This may temporarily bring structure, limits, responsibility, time, and consequence into focus through events, conversations, moods, decisions, or timing connected to change, disruption, freedom, and originality.",Turning tension into a standoff instead of a clearer understanding.,Pause before treating disruption as direction.,"Something connected to structure, limits, responsibility, time, and consequence may be easier to notice now because change, disruption, freedom, and originality is pressing on it. Treat this as timing, not fate.","Current sky to natal chart: timing signal, not fate. Explain what part of their chart is being temporarily activated.",packages/astro-knowledge/data/transits/natal/uranus_saturn_opposition.json
You,transits/natal,uranus_saturn_sextile,Transiting Uranus Sextile Natal Saturn,voiceNeutral: true,"A current movement of change, disruption, freedom, and originality contacts the natal pattern of structure, limits, responsibility, time, and consequence through a opening aspect.","This may temporarily bring structure, limits, responsibility, time, and consequence into focus through events, conversations, moods, decisions, or timing connected to change, disruption, freedom, and originality.",Coasting on the good idea without turning it into anything concrete.,Pause before treating disruption as direction.,"Something connected to structure, limits, responsibility, time, and consequence may be easier to notice now because change, disruption, freedom, and originality is pressing on it. Treat this as timing, not fate.","Current sky to natal chart: timing signal, not fate. Explain what part of their chart is being temporarily activated.",packages/astro-knowledge/data/transits/natal/uranus_saturn_sextile.json
You,transits/natal,uranus_saturn_square,Transiting Uranus Square Natal Saturn,voiceNeutral: true,"A current movement of change, disruption, freedom, and originality contacts the natal pattern of structure, limits, responsibility, time, and consequence through a friction aspect.","This may temporarily bring structure, limits, responsibility, time, and consequence into focus through events, conversations, moods, decisions, or timing connected to change, disruption, freedom, and originality.",Forcing a decision just to end the discomfort.,Pause before treating disruption as direction.,"Something connected to structure, limits, responsibility, time, and consequence may be easier to notice now because change, disruption, freedom, and originality is pressing on it. Treat this as timing, not fate.","Current sky to natal chart: timing signal, not fate. Explain what part of their chart is being temporarily activated.",packages/astro-knowledge/data/transits/natal/uranus_saturn_square.json
You,transits/natal,uranus_saturn_trine,Transiting Uranus Trine Natal Saturn,voiceNeutral: true,"A current movement of change, disruption, freedom, and originality contacts the natal pattern of structure, limits, responsibility, time, and consequence through a flow aspect.","This may temporarily bring structure, limits, responsibility, time, and consequence into focus through events, conversations, moods, decisions, or timing connected to change, disruption, freedom, and originality.",Letting the ease pass unused because nothing feels urgent.,Pause before treating disruption as direction.,"Something connected to structure, limits, responsibility, time, and consequence may be easier to notice now because change, disruption, freedom, and originality is pressing on it. Treat this as timing, not fate.","Current sky to natal chart: timing signal, not fate. Explain what part of their chart is being temporarily activated.",packages/astro-knowledge/data/transits/natal/uranus_saturn_trine.json
You,transits/natal,uranus_sun_conjunction,Transiting Uranus Conjunction Natal Sun,voiceNeutral: true,"A current movement of change, disruption, freedom, and originality contacts the natal pattern of attention, vitality, visibility, and confidence through a fusion aspect.","This may temporarily bring attention, vitality, visibility, and confidence into focus through events, conversations, moods, decisions, or timing connected to change, disruption, freedom, and originality.",Acting from the intensity before identifying the separate parts.,Pause before treating disruption as direction.,"Something connected to attention, vitality, visibility, and confidence may be easier to notice now because change, disruption, freedom, and originality is pressing on it. Treat this as timing, not fate.","Current sky to natal chart: timing signal, not fate. Explain what part of their chart is being temporarily activated.",packages/astro-knowledge/data/transits/natal/uranus_sun_conjunction.json
You,transits/natal,uranus_sun_opposition,Transiting Uranus Opposition Natal Sun,voiceNeutral: true,"A current movement of change, disruption, freedom, and originality contacts the natal pattern of attention, vitality, visibility, and confidence through a polarity aspect.","This may temporarily bring attention, vitality, visibility, and confidence into focus through events, conversations, moods, decisions, or timing connected to change, disruption, freedom, and originality.",Turning tension into a standoff instead of a clearer understanding.,Pause before treating disruption as direction.,"Something connected to attention, vitality, visibility, and confidence may be easier to notice now because change, disruption, freedom, and originality is pressing on it. Treat this as timing, not fate.","Current sky to natal chart: timing signal, not fate. Explain what part of their chart is being temporarily activated.",packages/astro-knowledge/data/transits/natal/uranus_sun_opposition.json
You,transits/natal,uranus_sun_sextile,Transiting Uranus Sextile Natal Sun,voiceNeutral: true,"A current movement of change, disruption, freedom, and originality contacts the natal pattern of attention, vitality, visibility, and confidence through a opening aspect.","This may temporarily bring attention, vitality, visibility, and confidence into focus through events, conversations, moods, decisions, or timing connected to change, disruption, freedom, and originality.",Coasting on the good idea without turning it into anything concrete.,Pause before treating disruption as direction.,"Something connected to attention, vitality, visibility, and confidence may be easier to notice now because change, disruption, freedom, and originality is pressing on it. Treat this as timing, not fate.","Current sky to natal chart: timing signal, not fate. Explain what part of their chart is being temporarily activated.",packages/astro-knowledge/data/transits/natal/uranus_sun_sextile.json
You,transits/natal,uranus_sun_square,Transiting Uranus Square Natal Sun,voiceNeutral: true,"A current movement of change, disruption, freedom, and originality contacts the natal pattern of attention, vitality, visibility, and confidence through a friction aspect.","This may temporarily bring attention, vitality, visibility, and confidence into focus through events, conversations, moods, decisions, or timing connected to change, disruption, freedom, and originality.",Forcing a decision just to end the discomfort.,Pause before treating disruption as direction.,"Something connected to attention, vitality, visibility, and confidence may be easier to notice now because change, disruption, freedom, and originality is pressing on it. Treat this as timing, not fate.","Current sky to natal chart: timing signal, not fate. Explain what part of their chart is being temporarily activated.",packages/astro-knowledge/data/transits/natal/uranus_sun_square.json
You,transits/natal,uranus_sun_trine,Transiting Uranus Trine Natal Sun,voiceNeutral: true,"A current movement of change, disruption, freedom, and originality contacts the natal pattern of attention, vitality, visibility, and confidence through a flow aspect.","This may temporarily bring attention, vitality, visibility, and confidence into focus through events, conversations, moods, decisions, or timing connected to change, disruption, freedom, and originality.",Letting the ease pass unused because nothing feels urgent.,Pause before treating disruption as direction.,"Something connected to attention, vitality, visibility, and confidence may be easier to notice now because change, disruption, freedom, and originality is pressing on it. Treat this as timing, not fate.","Current sky to natal chart: timing signal, not fate. Explain what part of their chart is being temporarily activated.",packages/astro-knowledge/data/transits/natal/uranus_sun_trine.json
You,transits/natal,uranus_uranus_conjunction,Transiting Uranus Conjunction Natal Uranus,voiceNeutral: true,"A current movement of change, disruption, freedom, and originality contacts the natal pattern of change, disruption, freedom, and originality through a fusion aspect.","This may temporarily bring change, disruption, freedom, and originality into focus through events, conversations, moods, decisions, or timing connected to change, disruption, freedom, and originality.",Acting from the intensity before identifying the separate parts.,Pause before treating disruption as direction.,"Something connected to change, disruption, freedom, and originality may be easier to notice now because change, disruption, freedom, and originality is pressing on it. Treat this as timing, not fate.","Current sky to natal chart: timing signal, not fate. Explain what part of their chart is being temporarily activated.",packages/astro-knowledge/data/transits/natal/uranus_uranus_conjunction.json
You,transits/natal,uranus_uranus_opposition,Transiting Uranus Opposition Natal Uranus,voiceNeutral: true,"A current movement of change, disruption, freedom, and originality contacts the natal pattern of change, disruption, freedom, and originality through a polarity aspect.","This may temporarily bring change, disruption, freedom, and originality into focus through events, conversations, moods, decisions, or timing connected to change, disruption, freedom, and originality.",Turning tension into a standoff instead of a clearer understanding.,Pause before treating disruption as direction.,"Something connected to change, disruption, freedom, and originality may be easier to notice now because change, disruption, freedom, and originality is pressing on it. Treat this as timing, not fate.","Current sky to natal chart: timing signal, not fate. Explain what part of their chart is being temporarily activated.",packages/astro-knowledge/data/transits/natal/uranus_uranus_opposition.json
You,transits/natal,uranus_uranus_sextile,Transiting Uranus Sextile Natal Uranus,voiceNeutral: true,"A current movement of change, disruption, freedom, and originality contacts the natal pattern of change, disruption, freedom, and originality through a opening aspect.","This may temporarily bring change, disruption, freedom, and originality into focus through events, conversations, moods, decisions, or timing connected to change, disruption, freedom, and originality.",Coasting on the good idea without turning it into anything concrete.,Pause before treating disruption as direction.,"Something connected to change, disruption, freedom, and originality may be easier to notice now because change, disruption, freedom, and originality is pressing on it. Treat this as timing, not fate.","Current sky to natal chart: timing signal, not fate. Explain what part of their chart is being temporarily activated.",packages/astro-knowledge/data/transits/natal/uranus_uranus_sextile.json
You,transits/natal,uranus_uranus_square,Transiting Uranus Square Natal Uranus,voiceNeutral: true,"A current movement of change, disruption, freedom, and originality contacts the natal pattern of change, disruption, freedom, and originality through a friction aspect.","This may temporarily bring change, disruption, freedom, and originality into focus through events, conversations, moods, decisions, or timing connected to change, disruption, freedom, and originality.",Forcing a decision just to end the discomfort.,Pause before treating disruption as direction.,"Something connected to change, disruption, freedom, and originality may be easier to notice now because change, disruption, freedom, and originality is pressing on it. Treat this as timing, not fate.","Current sky to natal chart: timing signal, not fate. Explain what part of their chart is being temporarily activated.",packages/astro-knowledge/data/transits/natal/uranus_uranus_square.json
You,transits/natal,uranus_uranus_trine,Transiting Uranus Trine Natal Uranus,voiceNeutral: true,"A current movement of change, disruption, freedom, and originality contacts the natal pattern of change, disruption, freedom, and originality through a flow aspect.","This may temporarily bring change, disruption, freedom, and originality into focus through events, conversations, moods, decisions, or timing connected to change, disruption, freedom, and originality.",Letting the ease pass unused because nothing feels urgent.,Pause before treating disruption as direction.,"Something connected to change, disruption, freedom, and originality may be easier to notice now because change, disruption, freedom, and originality is pressing on it. Treat this as timing, not fate.","Current sky to natal chart: timing signal, not fate. Explain what part of their chart is being temporarily activated.",packages/astro-knowledge/data/transits/natal/uranus_uranus_trine.json
You,transits/natal,uranus_venus_conjunction,Transiting Uranus Conjunction Natal Venus,voiceNeutral: true,"A current movement of change, disruption, freedom, and originality contacts the natal pattern of connection, value, pleasure, attraction, and ease through a fusion aspect.","This may temporarily bring connection, value, pleasure, attraction, and ease into focus through events, conversations, moods, decisions, or timing connected to change, disruption, freedom, and originality.",Acting from the intensity before identifying the separate parts.,Pause before treating disruption as direction.,"Something connected to connection, value, pleasure, attraction, and ease may be easier to notice now because change, disruption, freedom, and originality is pressing on it. Treat this as timing, not fate.","Current sky to natal chart: timing signal, not fate. Explain what part of their chart is being temporarily activated.",packages/astro-knowledge/data/transits/natal/uranus_venus_conjunction.json
You,transits/natal,uranus_venus_opposition,Transiting Uranus Opposition Natal Venus,voiceNeutral: true,"A current movement of change, disruption, freedom, and originality contacts the natal pattern of connection, value, pleasure, attraction, and ease through a polarity aspect.","This may temporarily bring connection, value, pleasure, attraction, and ease into focus through events, conversations, moods, decisions, or timing connected to change, disruption, freedom, and originality.",Turning tension into a standoff instead of a clearer understanding.,Pause before treating disruption as direction.,"Something connected to connection, value, pleasure, attraction, and ease may be easier to notice now because change, disruption, freedom, and originality is pressing on it. Treat this as timing, not fate.","Current sky to natal chart: timing signal, not fate. Explain what part of their chart is being temporarily activated.",packages/astro-knowledge/data/transits/natal/uranus_venus_opposition.json
You,transits/natal,uranus_venus_sextile,Transiting Uranus Sextile Natal Venus,voiceNeutral: true,"A current movement of change, disruption, freedom, and originality contacts the natal pattern of connection, value, pleasure, attraction, and ease through a opening aspect.","This may temporarily bring connection, value, pleasure, attraction, and ease into focus through events, conversations, moods, decisions, or timing connected to change, disruption, freedom, and originality.",Coasting on the good idea without turning it into anything concrete.,Pause before treating disruption as direction.,"Something connected to connection, value, pleasure, attraction, and ease may be easier to notice now because change, disruption, freedom, and originality is pressing on it. Treat this as timing, not fate.","Current sky to natal chart: timing signal, not fate. Explain what part of their chart is being temporarily activated.",packages/astro-knowledge/data/transits/natal/uranus_venus_sextile.json
You,transits/natal,uranus_venus_square,Transiting Uranus Square Natal Venus,voiceNeutral: true,"A current movement of change, disruption, freedom, and originality contacts the natal pattern of connection, value, pleasure, attraction, and ease through a friction aspect.","This may temporarily bring connection, value, pleasure, attraction, and ease into focus through events, conversations, moods, decisions, or timing connected to change, disruption, freedom, and originality.",Forcing a decision just to end the discomfort.,Pause before treating disruption as direction.,"Something connected to connection, value, pleasure, attraction, and ease may be easier to notice now because change, disruption, freedom, and originality is pressing on it. Treat this as timing, not fate.","Current sky to natal chart: timing signal, not fate. Explain what part of their chart is being temporarily activated.",packages/astro-knowledge/data/transits/natal/uranus_venus_square.json
You,transits/natal,uranus_venus_trine,Transiting Uranus Trine Natal Venus,voiceNeutral: true,"A current movement of change, disruption, freedom, and originality contacts the natal pattern of connection, value, pleasure, attraction, and ease through a flow aspect.","This may temporarily bring connection, value, pleasure, attraction, and ease into focus through events, conversations, moods, decisions, or timing connected to change, disruption, freedom, and originality.",Letting the ease pass unused because nothing feels urgent.,Pause before treating disruption as direction.,"Something connected to connection, value, pleasure, attraction, and ease may be easier to notice now because change, disruption, freedom, and originality is pressing on it. Treat this as timing, not fate.","Current sky to natal chart: timing signal, not fate. Explain what part of their chart is being temporarily activated.",packages/astro-knowledge/data/transits/natal/uranus_venus_trine.json
You,transits/natal,venus_ascendant_conjunction,Transiting Venus Conjunction Natal Ascendant,voiceNeutral: true,"A current movement of connection, value, pleasure, attraction, and ease contacts the natal pattern of self-presentation, body, identity, and first response through a fusion aspect.","This may temporarily bring self-presentation, body, identity, and first response into focus through events, conversations, moods, decisions, or timing connected to connection, value, pleasure, attraction, and ease.",Acting from the intensity before identifying the separate parts.,Name what would actually feel supportive.,"Something connected to self-presentation, body, identity, and first response may be easier to notice now because connection, value, pleasure, attraction, and ease is pressing on it. Treat this as timing, not fate.","Current sky to natal chart: timing signal, not fate. Explain what part of their chart is being temporarily activated.",packages/astro-knowledge/data/transits/natal/venus_ascendant_conjunction.json
You,transits/natal,venus_ascendant_opposition,Transiting Venus Opposition Natal Ascendant,voiceNeutral: true,"A current movement of connection, value, pleasure, attraction, and ease contacts the natal pattern of self-presentation, body, identity, and first response through a polarity aspect.","This may temporarily bring self-presentation, body, identity, and first response into focus through events, conversations, moods, decisions, or timing connected to connection, value, pleasure, attraction, and ease.",Turning tension into a standoff instead of a clearer understanding.,Name what would actually feel supportive.,"Something connected to self-presentation, body, identity, and first response may be easier to notice now because connection, value, pleasure, attraction, and ease is pressing on it. Treat this as timing, not fate.","Current sky to natal chart: timing signal, not fate. Explain what part of their chart is being temporarily activated.",packages/astro-knowledge/data/transits/natal/venus_ascendant_opposition.json
You,transits/natal,venus_ascendant_sextile,Transiting Venus Sextile Natal Ascendant,voiceNeutral: true,"A current movement of connection, value, pleasure, attraction, and ease contacts the natal pattern of self-presentation, body, identity, and first response through a opening aspect.","This may temporarily bring self-presentation, body, identity, and first response into focus through events, conversations, moods, decisions, or timing connected to connection, value, pleasure, attraction, and ease.",Coasting on the good idea without turning it into anything concrete.,Name what would actually feel supportive.,"Something connected to self-presentation, body, identity, and first response may be easier to notice now because connection, value, pleasure, attraction, and ease is pressing on it. Treat this as timing, not fate.","Current sky to natal chart: timing signal, not fate. Explain what part of their chart is being temporarily activated.",packages/astro-knowledge/data/transits/natal/venus_ascendant_sextile.json
You,transits/natal,venus_ascendant_square,Transiting Venus Square Natal Ascendant,voiceNeutral: true,"A current movement of connection, value, pleasure, attraction, and ease contacts the natal pattern of self-presentation, body, identity, and first response through a friction aspect.","This may temporarily bring self-presentation, body, identity, and first response into focus through events, conversations, moods, decisions, or timing connected to connection, value, pleasure, attraction, and ease.",Forcing a decision just to end the discomfort.,Name what would actually feel supportive.,"Something connected to self-presentation, body, identity, and first response may be easier to notice now because connection, value, pleasure, attraction, and ease is pressing on it. Treat this as timing, not fate.","Current sky to natal chart: timing signal, not fate. Explain what part of their chart is being temporarily activated.",packages/astro-knowledge/data/transits/natal/venus_ascendant_square.json
You,transits/natal,venus_ascendant_trine,Transiting Venus Trine Natal Ascendant,voiceNeutral: true,"A current movement of connection, value, pleasure, attraction, and ease contacts the natal pattern of self-presentation, body, identity, and first response through a flow aspect.","This may temporarily bring self-presentation, body, identity, and first response into focus through events, conversations, moods, decisions, or timing connected to connection, value, pleasure, attraction, and ease.",Letting the ease pass unused because nothing feels urgent.,Name what would actually feel supportive.,"Something connected to self-presentation, body, identity, and first response may be easier to notice now because connection, value, pleasure, attraction, and ease is pressing on it. Treat this as timing, not fate.","Current sky to natal chart: timing signal, not fate. Explain what part of their chart is being temporarily activated.",packages/astro-knowledge/data/transits/natal/venus_ascendant_trine.json
You,transits/natal,venus_jupiter_conjunction,Transiting Venus Conjunction Natal Jupiter,voiceNeutral: true,"A current movement of connection, value, pleasure, attraction, and ease contacts the natal pattern of growth, belief, opportunity, and expansion through a fusion aspect.","This may temporarily bring growth, belief, opportunity, and expansion into focus through events, conversations, moods, decisions, or timing connected to connection, value, pleasure, attraction, and ease.",Acting from the intensity before identifying the separate parts.,Name what would actually feel supportive.,"Something connected to growth, belief, opportunity, and expansion may be easier to notice now because connection, value, pleasure, attraction, and ease is pressing on it. Treat this as timing, not fate.","Current sky to natal chart: timing signal, not fate. Explain what part of their chart is being temporarily activated.",packages/astro-knowledge/data/transits/natal/venus_jupiter_conjunction.json
You,transits/natal,venus_jupiter_opposition,Transiting Venus Opposition Natal Jupiter,voiceNeutral: true,"A current movement of connection, value, pleasure, attraction, and ease contacts the natal pattern of growth, belief, opportunity, and expansion through a polarity aspect.","This may temporarily bring growth, belief, opportunity, and expansion into focus through events, conversations, moods, decisions, or timing connected to connection, value, pleasure, attraction, and ease.",Turning tension into a standoff instead of a clearer understanding.,Name what would actually feel supportive.,"Something connected to growth, belief, opportunity, and expansion may be easier to notice now because connection, value, pleasure, attraction, and ease is pressing on it. Treat this as timing, not fate.","Current sky to natal chart: timing signal, not fate. Explain what part of their chart is being temporarily activated.",packages/astro-knowledge/data/transits/natal/venus_jupiter_opposition.json
You,transits/natal,venus_jupiter_sextile,Transiting Venus Sextile Natal Jupiter,voiceNeutral: true,"A current movement of connection, value, pleasure, attraction, and ease contacts the natal pattern of growth, belief, opportunity, and expansion through a opening aspect.","This may temporarily bring growth, belief, opportunity, and expansion into focus through events, conversations, moods, decisions, or timing connected to connection, value, pleasure, attraction, and ease.",Coasting on the good idea without turning it into anything concrete.,Name what would actually feel supportive.,"Something connected to growth, belief, opportunity, and expansion may be easier to notice now because connection, value, pleasure, attraction, and ease is pressing on it. Treat this as timing, not fate.","Current sky to natal chart: timing signal, not fate. Explain what part of their chart is being temporarily activated.",packages/astro-knowledge/data/transits/natal/venus_jupiter_sextile.json
You,transits/natal,venus_jupiter_square,Transiting Venus Square Natal Jupiter,voiceNeutral: true,"A current movement of connection, value, pleasure, attraction, and ease contacts the natal pattern of growth, belief, opportunity, and expansion through a friction aspect.","This may temporarily bring growth, belief, opportunity, and expansion into focus through events, conversations, moods, decisions, or timing connected to connection, value, pleasure, attraction, and ease.",Forcing a decision just to end the discomfort.,Name what would actually feel supportive.,"Something connected to growth, belief, opportunity, and expansion may be easier to notice now because connection, value, pleasure, attraction, and ease is pressing on it. Treat this as timing, not fate.","Current sky to natal chart: timing signal, not fate. Explain what part of their chart is being temporarily activated.",packages/astro-knowledge/data/transits/natal/venus_jupiter_square.json
You,transits/natal,venus_jupiter_trine,Transiting Venus Trine Natal Jupiter,voiceNeutral: true,"A current movement of connection, value, pleasure, attraction, and ease contacts the natal pattern of growth, belief, opportunity, and expansion through a flow aspect.","This may temporarily bring growth, belief, opportunity, and expansion into focus through events, conversations, moods, decisions, or timing connected to connection, value, pleasure, attraction, and ease.",Letting the ease pass unused because nothing feels urgent.,Name what would actually feel supportive.,"Something connected to growth, belief, opportunity, and expansion may be easier to notice now because connection, value, pleasure, attraction, and ease is pressing on it. Treat this as timing, not fate.","Current sky to natal chart: timing signal, not fate. Explain what part of their chart is being temporarily activated.",packages/astro-knowledge/data/transits/natal/venus_jupiter_trine.json
You,transits/natal,venus_mars_conjunction,Transiting Venus Conjunction Natal Mars,voiceNeutral: true,"A current movement of connection, value, pleasure, attraction, and ease contacts the natal pattern of action, heat, courage, friction, and desire through a fusion aspect.","This may temporarily bring action, heat, courage, friction, and desire into focus through events, conversations, moods, decisions, or timing connected to connection, value, pleasure, attraction, and ease.",Acting from the intensity before identifying the separate parts.,Name what would actually feel supportive.,"Something connected to action, heat, courage, friction, and desire may be easier to notice now because connection, value, pleasure, attraction, and ease is pressing on it. Treat this as timing, not fate.","Current sky to natal chart: timing signal, not fate. Explain what part of their chart is being temporarily activated.",packages/astro-knowledge/data/transits/natal/venus_mars_conjunction.json
You,transits/natal,venus_mars_opposition,Transiting Venus Opposition Natal Mars,voiceNeutral: true,"A current movement of connection, value, pleasure, attraction, and ease contacts the natal pattern of action, heat, courage, friction, and desire through a polarity aspect.","This may temporarily bring action, heat, courage, friction, and desire into focus through events, conversations, moods, decisions, or timing connected to connection, value, pleasure, attraction, and ease.",Turning tension into a standoff instead of a clearer understanding.,Name what would actually feel supportive.,"Something connected to action, heat, courage, friction, and desire may be easier to notice now because connection, value, pleasure, attraction, and ease is pressing on it. Treat this as timing, not fate.","Current sky to natal chart: timing signal, not fate. Explain what part of their chart is being temporarily activated.",packages/astro-knowledge/data/transits/natal/venus_mars_opposition.json
You,transits/natal,venus_mars_sextile,Transiting Venus Sextile Natal Mars,voiceNeutral: true,"A current movement of connection, value, pleasure, attraction, and ease contacts the natal pattern of action, heat, courage, friction, and desire through a opening aspect.","This may temporarily bring action, heat, courage, friction, and desire into focus through events, conversations, moods, decisions, or timing connected to connection, value, pleasure, attraction, and ease.",Coasting on the good idea without turning it into anything concrete.,Name what would actually feel supportive.,"Something connected to action, heat, courage, friction, and desire may be easier to notice now because connection, value, pleasure, attraction, and ease is pressing on it. Treat this as timing, not fate.","Current sky to natal chart: timing signal, not fate. Explain what part of their chart is being temporarily activated.",packages/astro-knowledge/data/transits/natal/venus_mars_sextile.json
You,transits/natal,venus_mars_square,Transiting Venus Square Natal Mars,voiceNeutral: true,"A current movement of connection, value, pleasure, attraction, and ease contacts the natal pattern of action, heat, courage, friction, and desire through a friction aspect.","This may temporarily bring action, heat, courage, friction, and desire into focus through events, conversations, moods, decisions, or timing connected to connection, value, pleasure, attraction, and ease.",Forcing a decision just to end the discomfort.,Name what would actually feel supportive.,"Something connected to action, heat, courage, friction, and desire may be easier to notice now because connection, value, pleasure, attraction, and ease is pressing on it. Treat this as timing, not fate.","Current sky to natal chart: timing signal, not fate. Explain what part of their chart is being temporarily activated.",packages/astro-knowledge/data/transits/natal/venus_mars_square.json
You,transits/natal,venus_mars_trine,Transiting Venus Trine Natal Mars,voiceNeutral: true,"A current movement of connection, value, pleasure, attraction, and ease contacts the natal pattern of action, heat, courage, friction, and desire through a flow aspect.","This may temporarily bring action, heat, courage, friction, and desire into focus through events, conversations, moods, decisions, or timing connected to connection, value, pleasure, attraction, and ease.",Letting the ease pass unused because nothing feels urgent.,Name what would actually feel supportive.,"Something connected to action, heat, courage, friction, and desire may be easier to notice now because connection, value, pleasure, attraction, and ease is pressing on it. Treat this as timing, not fate.","Current sky to natal chart: timing signal, not fate. Explain what part of their chart is being temporarily activated.",packages/astro-knowledge/data/transits/natal/venus_mars_trine.json
You,transits/natal,venus_mercury_conjunction,Transiting Venus Conjunction Natal Mercury,voiceNeutral: true,"A current movement of connection, value, pleasure, attraction, and ease contacts the natal pattern of language, information, decisions, and nervous energy through a fusion aspect.","This may temporarily bring language, information, decisions, and nervous energy into focus through events, conversations, moods, decisions, or timing connected to connection, value, pleasure, attraction, and ease.",Acting from the intensity before identifying the separate parts.,Name what would actually feel supportive.,"Something connected to language, information, decisions, and nervous energy may be easier to notice now because connection, value, pleasure, attraction, and ease is pressing on it. Treat this as timing, not fate.","Current sky to natal chart: timing signal, not fate. Explain what part of their chart is being temporarily activated.",packages/astro-knowledge/data/transits/natal/venus_mercury_conjunction.json
You,transits/natal,venus_mercury_opposition,Transiting Venus Opposition Natal Mercury,voiceNeutral: true,"A current movement of connection, value, pleasure, attraction, and ease contacts the natal pattern of language, information, decisions, and nervous energy through a polarity aspect.","This may temporarily bring language, information, decisions, and nervous energy into focus through events, conversations, moods, decisions, or timing connected to connection, value, pleasure, attraction, and ease.",Turning tension into a standoff instead of a clearer understanding.,Name what would actually feel supportive.,"Something connected to language, information, decisions, and nervous energy may be easier to notice now because connection, value, pleasure, attraction, and ease is pressing on it. Treat this as timing, not fate.","Current sky to natal chart: timing signal, not fate. Explain what part of their chart is being temporarily activated.",packages/astro-knowledge/data/transits/natal/venus_mercury_opposition.json
You,transits/natal,venus_mercury_sextile,Transiting Venus Sextile Natal Mercury,voiceNeutral: true,"A current movement of connection, value, pleasure, attraction, and ease contacts the natal pattern of language, information, decisions, and nervous energy through a opening aspect.","This may temporarily bring language, information, decisions, and nervous energy into focus through events, conversations, moods, decisions, or timing connected to connection, value, pleasure, attraction, and ease.",Coasting on the good idea without turning it into anything concrete.,Name what would actually feel supportive.,"Something connected to language, information, decisions, and nervous energy may be easier to notice now because connection, value, pleasure, attraction, and ease is pressing on it. Treat this as timing, not fate.","Current sky to natal chart: timing signal, not fate. Explain what part of their chart is being temporarily activated.",packages/astro-knowledge/data/transits/natal/venus_mercury_sextile.json
You,transits/natal,venus_mercury_square,Transiting Venus Square Natal Mercury,voiceNeutral: true,"A current movement of connection, value, pleasure, attraction, and ease contacts the natal pattern of language, information, decisions, and nervous energy through a friction aspect.","This may temporarily bring language, information, decisions, and nervous energy into focus through events, conversations, moods, decisions, or timing connected to connection, value, pleasure, attraction, and ease.",Forcing a decision just to end the discomfort.,Name what would actually feel supportive.,"Something connected to language, information, decisions, and nervous energy may be easier to notice now because connection, value, pleasure, attraction, and ease is pressing on it. Treat this as timing, not fate.","Current sky to natal chart: timing signal, not fate. Explain what part of their chart is being temporarily activated.",packages/astro-knowledge/data/transits/natal/venus_mercury_square.json
You,transits/natal,venus_mercury_trine,Transiting Venus Trine Natal Mercury,voiceNeutral: true,"A current movement of connection, value, pleasure, attraction, and ease contacts the natal pattern of language, information, decisions, and nervous energy through a flow aspect.","This may temporarily bring language, information, decisions, and nervous energy into focus through events, conversations, moods, decisions, or timing connected to connection, value, pleasure, attraction, and ease.",Letting the ease pass unused because nothing feels urgent.,Name what would actually feel supportive.,"Something connected to language, information, decisions, and nervous energy may be easier to notice now because connection, value, pleasure, attraction, and ease is pressing on it. Treat this as timing, not fate.","Current sky to natal chart: timing signal, not fate. Explain what part of their chart is being temporarily activated.",packages/astro-knowledge/data/transits/natal/venus_mercury_trine.json
You,transits/natal,venus_moon_conjunction,Transiting Venus Conjunction Natal Moon,voiceNeutral: true,"A current movement of connection, value, pleasure, attraction, and ease contacts the natal pattern of emotion, instinct, needs, and daily rhythm through a fusion aspect.","This may temporarily bring emotion, instinct, needs, and daily rhythm into focus through events, conversations, moods, decisions, or timing connected to connection, value, pleasure, attraction, and ease.",Acting from the intensity before identifying the separate parts.,Name what would actually feel supportive.,"Something connected to emotion, instinct, needs, and daily rhythm may be easier to notice now because connection, value, pleasure, attraction, and ease is pressing on it. Treat this as timing, not fate.","Current sky to natal chart: timing signal, not fate. Explain what part of their chart is being temporarily activated.",packages/astro-knowledge/data/transits/natal/venus_moon_conjunction.json
You,transits/natal,venus_moon_opposition,Transiting Venus Opposition Natal Moon,voiceNeutral: true,"A current movement of connection, value, pleasure, attraction, and ease contacts the natal pattern of emotion, instinct, needs, and daily rhythm through a polarity aspect.","This may temporarily bring emotion, instinct, needs, and daily rhythm into focus through events, conversations, moods, decisions, or timing connected to connection, value, pleasure, attraction, and ease.",Turning tension into a standoff instead of a clearer understanding.,Name what would actually feel supportive.,"Something connected to emotion, instinct, needs, and daily rhythm may be easier to notice now because connection, value, pleasure, attraction, and ease is pressing on it. Treat this as timing, not fate.","Current sky to natal chart: timing signal, not fate. Explain what part of their chart is being temporarily activated.",packages/astro-knowledge/data/transits/natal/venus_moon_opposition.json
You,transits/natal,venus_moon_sextile,Transiting Venus Sextile Natal Moon,voiceNeutral: true,"A current movement of connection, value, pleasure, attraction, and ease contacts the natal pattern of emotion, instinct, needs, and daily rhythm through a opening aspect.","This may temporarily bring emotion, instinct, needs, and daily rhythm into focus through events, conversations, moods, decisions, or timing connected to connection, value, pleasure, attraction, and ease.",Coasting on the good idea without turning it into anything concrete.,Name what would actually feel supportive.,"Something connected to emotion, instinct, needs, and daily rhythm may be easier to notice now because connection, value, pleasure, attraction, and ease is pressing on it. Treat this as timing, not fate.","Current sky to natal chart: timing signal, not fate. Explain what part of their chart is being temporarily activated.",packages/astro-knowledge/data/transits/natal/venus_moon_sextile.json
You,transits/natal,venus_moon_square,Transiting Venus Square Natal Moon,voiceNeutral: true,"A current movement of connection, value, pleasure, attraction, and ease contacts the natal pattern of emotion, instinct, needs, and daily rhythm through a friction aspect.","This may temporarily bring emotion, instinct, needs, and daily rhythm into focus through events, conversations, moods, decisions, or timing connected to connection, value, pleasure, attraction, and ease.",Forcing a decision just to end the discomfort.,Name what would actually feel supportive.,"Something connected to emotion, instinct, needs, and daily rhythm may be easier to notice now because connection, value, pleasure, attraction, and ease is pressing on it. Treat this as timing, not fate.","Current sky to natal chart: timing signal, not fate. Explain what part of their chart is being temporarily activated.",packages/astro-knowledge/data/transits/natal/venus_moon_square.json
You,transits/natal,venus_moon_trine,Transiting Venus Trine Natal Moon,voiceNeutral: true,"A current movement of connection, value, pleasure, attraction, and ease contacts the natal pattern of emotion, instinct, needs, and daily rhythm through a flow aspect.","This may temporarily bring emotion, instinct, needs, and daily rhythm into focus through events, conversations, moods, decisions, or timing connected to connection, value, pleasure, attraction, and ease.",Letting the ease pass unused because nothing feels urgent.,Name what would actually feel supportive.,"Something connected to emotion, instinct, needs, and daily rhythm may be easier to notice now because connection, value, pleasure, attraction, and ease is pressing on it. Treat this as timing, not fate.","Current sky to natal chart: timing signal, not fate. Explain what part of their chart is being temporarily activated.",packages/astro-knowledge/data/transits/natal/venus_moon_trine.json
You,transits/natal,venus_neptune_conjunction,Transiting Venus Conjunction Natal Neptune,voiceNeutral: true,"A current movement of connection, value, pleasure, attraction, and ease contacts the natal pattern of imagination, longing, vision, sensitivity, and uncertainty through a fusion aspect.","This may temporarily bring imagination, longing, vision, sensitivity, and uncertainty into focus through events, conversations, moods, decisions, or timing connected to connection, value, pleasure, attraction, and ease.",Acting from the intensity before identifying the separate parts.,Name what would actually feel supportive.,"Something connected to imagination, longing, vision, sensitivity, and uncertainty may be easier to notice now because connection, value, pleasure, attraction, and ease is pressing on it. Treat this as timing, not fate.","Current sky to natal chart: timing signal, not fate. Explain what part of their chart is being temporarily activated.",packages/astro-knowledge/data/transits/natal/venus_neptune_conjunction.json
You,transits/natal,venus_neptune_opposition,Transiting Venus Opposition Natal Neptune,voiceNeutral: true,"A current movement of connection, value, pleasure, attraction, and ease contacts the natal pattern of imagination, longing, vision, sensitivity, and uncertainty through a polarity aspect.","This may temporarily bring imagination, longing, vision, sensitivity, and uncertainty into focus through events, conversations, moods, decisions, or timing connected to connection, value, pleasure, attraction, and ease.",Turning tension into a standoff instead of a clearer understanding.,Name what would actually feel supportive.,"Something connected to imagination, longing, vision, sensitivity, and uncertainty may be easier to notice now because connection, value, pleasure, attraction, and ease is pressing on it. Treat this as timing, not fate.","Current sky to natal chart: timing signal, not fate. Explain what part of their chart is being temporarily activated.",packages/astro-knowledge/data/transits/natal/venus_neptune_opposition.json
You,transits/natal,venus_neptune_sextile,Transiting Venus Sextile Natal Neptune,voiceNeutral: true,"A current movement of connection, value, pleasure, attraction, and ease contacts the natal pattern of imagination, longing, vision, sensitivity, and uncertainty through a opening aspect.","This may temporarily bring imagination, longing, vision, sensitivity, and uncertainty into focus through events, conversations, moods, decisions, or timing connected to connection, value, pleasure, attraction, and ease.",Coasting on the good idea without turning it into anything concrete.,Name what would actually feel supportive.,"Something connected to imagination, longing, vision, sensitivity, and uncertainty may be easier to notice now because connection, value, pleasure, attraction, and ease is pressing on it. Treat this as timing, not fate.","Current sky to natal chart: timing signal, not fate. Explain what part of their chart is being temporarily activated.",packages/astro-knowledge/data/transits/natal/venus_neptune_sextile.json
You,transits/natal,venus_neptune_square,Transiting Venus Square Natal Neptune,voiceNeutral: true,"A current movement of connection, value, pleasure, attraction, and ease contacts the natal pattern of imagination, longing, vision, sensitivity, and uncertainty through a friction aspect.","This may temporarily bring imagination, longing, vision, sensitivity, and uncertainty into focus through events, conversations, moods, decisions, or timing connected to connection, value, pleasure, attraction, and ease.",Forcing a decision just to end the discomfort.,Name what would actually feel supportive.,"Something connected to imagination, longing, vision, sensitivity, and uncertainty may be easier to notice now because connection, value, pleasure, attraction, and ease is pressing on it. Treat this as timing, not fate.","Current sky to natal chart: timing signal, not fate. Explain what part of their chart is being temporarily activated.",packages/astro-knowledge/data/transits/natal/venus_neptune_square.json
You,transits/natal,venus_neptune_trine,Transiting Venus Trine Natal Neptune,voiceNeutral: true,"A current movement of connection, value, pleasure, attraction, and ease contacts the natal pattern of imagination, longing, vision, sensitivity, and uncertainty through a flow aspect.","This may temporarily bring imagination, longing, vision, sensitivity, and uncertainty into focus through events, conversations, moods, decisions, or timing connected to connection, value, pleasure, attraction, and ease.",Letting the ease pass unused because nothing feels urgent.,Name what would actually feel supportive.,"Something connected to imagination, longing, vision, sensitivity, and uncertainty may be easier to notice now because connection, value, pleasure, attraction, and ease is pressing on it. Treat this as timing, not fate.","Current sky to natal chart: timing signal, not fate. Explain what part of their chart is being temporarily activated.",packages/astro-knowledge/data/transits/natal/venus_neptune_trine.json
You,transits/natal,venus_pluto_conjunction,Transiting Venus Conjunction Natal Pluto,voiceNeutral: true,"A current movement of connection, value, pleasure, attraction, and ease contacts the natal pattern of depth, power, pressure, release, and transformation through a fusion aspect.","This may temporarily bring depth, power, pressure, release, and transformation into focus through events, conversations, moods, decisions, or timing connected to connection, value, pleasure, attraction, and ease.",Acting from the intensity before identifying the separate parts.,Name what would actually feel supportive.,"Something connected to depth, power, pressure, release, and transformation may be easier to notice now because connection, value, pleasure, attraction, and ease is pressing on it. Treat this as timing, not fate.","Current sky to natal chart: timing signal, not fate. Explain what part of their chart is being temporarily activated.",packages/astro-knowledge/data/transits/natal/venus_pluto_conjunction.json
You,transits/natal,venus_pluto_opposition,Transiting Venus Opposition Natal Pluto,voiceNeutral: true,"A current movement of connection, value, pleasure, attraction, and ease contacts the natal pattern of depth, power, pressure, release, and transformation through a polarity aspect.","This may temporarily bring depth, power, pressure, release, and transformation into focus through events, conversations, moods, decisions, or timing connected to connection, value, pleasure, attraction, and ease.",Turning tension into a standoff instead of a clearer understanding.,Name what would actually feel supportive.,"Something connected to depth, power, pressure, release, and transformation may be easier to notice now because connection, value, pleasure, attraction, and ease is pressing on it. Treat this as timing, not fate.","Current sky to natal chart: timing signal, not fate. Explain what part of their chart is being temporarily activated.",packages/astro-knowledge/data/transits/natal/venus_pluto_opposition.json
You,transits/natal,venus_pluto_sextile,Transiting Venus Sextile Natal Pluto,voiceNeutral: true,"A current movement of connection, value, pleasure, attraction, and ease contacts the natal pattern of depth, power, pressure, release, and transformation through a opening aspect.","This may temporarily bring depth, power, pressure, release, and transformation into focus through events, conversations, moods, decisions, or timing connected to connection, value, pleasure, attraction, and ease.",Coasting on the good idea without turning it into anything concrete.,Name what would actually feel supportive.,"Something connected to depth, power, pressure, release, and transformation may be easier to notice now because connection, value, pleasure, attraction, and ease is pressing on it. Treat this as timing, not fate.","Current sky to natal chart: timing signal, not fate. Explain what part of their chart is being temporarily activated.",packages/astro-knowledge/data/transits/natal/venus_pluto_sextile.json
You,transits/natal,venus_pluto_square,Transiting Venus Square Natal Pluto,voiceNeutral: true,"A current movement of connection, value, pleasure, attraction, and ease contacts the natal pattern of depth, power, pressure, release, and transformation through a friction aspect.","This may temporarily bring depth, power, pressure, release, and transformation into focus through events, conversations, moods, decisions, or timing connected to connection, value, pleasure, attraction, and ease.",Forcing a decision just to end the discomfort.,Name what would actually feel supportive.,"Something connected to depth, power, pressure, release, and transformation may be easier to notice now because connection, value, pleasure, attraction, and ease is pressing on it. Treat this as timing, not fate.","Current sky to natal chart: timing signal, not fate. Explain what part of their chart is being temporarily activated.",packages/astro-knowledge/data/transits/natal/venus_pluto_square.json
You,transits/natal,venus_pluto_trine,Transiting Venus Trine Natal Pluto,voiceNeutral: true,"A current movement of connection, value, pleasure, attraction, and ease contacts the natal pattern of depth, power, pressure, release, and transformation through a flow aspect.","This may temporarily bring depth, power, pressure, release, and transformation into focus through events, conversations, moods, decisions, or timing connected to connection, value, pleasure, attraction, and ease.",Letting the ease pass unused because nothing feels urgent.,Name what would actually feel supportive.,"Something connected to depth, power, pressure, release, and transformation may be easier to notice now because connection, value, pleasure, attraction, and ease is pressing on it. Treat this as timing, not fate.","Current sky to natal chart: timing signal, not fate. Explain what part of their chart is being temporarily activated.",packages/astro-knowledge/data/transits/natal/venus_pluto_trine.json
You,transits/natal,venus_saturn_conjunction,Transiting Venus Conjunction Natal Saturn,voiceNeutral: true,"A current movement of connection, value, pleasure, attraction, and ease contacts the natal pattern of structure, limits, responsibility, time, and consequence through a fusion aspect.","This may temporarily bring structure, limits, responsibility, time, and consequence into focus through events, conversations, moods, decisions, or timing connected to connection, value, pleasure, attraction, and ease.",Acting from the intensity before identifying the separate parts.,Name what would actually feel supportive.,"Something connected to structure, limits, responsibility, time, and consequence may be easier to notice now because connection, value, pleasure, attraction, and ease is pressing on it. Treat this as timing, not fate.","Current sky to natal chart: timing signal, not fate. Explain what part of their chart is being temporarily activated.",packages/astro-knowledge/data/transits/natal/venus_saturn_conjunction.json
You,transits/natal,venus_saturn_opposition,Transiting Venus Opposition Natal Saturn,voiceNeutral: true,"A current movement of connection, value, pleasure, attraction, and ease contacts the natal pattern of structure, limits, responsibility, time, and consequence through a polarity aspect.","This may temporarily bring structure, limits, responsibility, time, and consequence into focus through events, conversations, moods, decisions, or timing connected to connection, value, pleasure, attraction, and ease.",Turning tension into a standoff instead of a clearer understanding.,Name what would actually feel supportive.,"Something connected to structure, limits, responsibility, time, and consequence may be easier to notice now because connection, value, pleasure, attraction, and ease is pressing on it. Treat this as timing, not fate.","Current sky to natal chart: timing signal, not fate. Explain what part of their chart is being temporarily activated.",packages/astro-knowledge/data/transits/natal/venus_saturn_opposition.json
You,transits/natal,venus_saturn_sextile,Transiting Venus Sextile Natal Saturn,voiceNeutral: true,"A current movement of connection, value, pleasure, attraction, and ease contacts the natal pattern of structure, limits, responsibility, time, and consequence through a opening aspect.","This may temporarily bring structure, limits, responsibility, time, and consequence into focus through events, conversations, moods, decisions, or timing connected to connection, value, pleasure, attraction, and ease.",Coasting on the good idea without turning it into anything concrete.,Name what would actually feel supportive.,"Something connected to structure, limits, responsibility, time, and consequence may be easier to notice now because connection, value, pleasure, attraction, and ease is pressing on it. Treat this as timing, not fate.","Current sky to natal chart: timing signal, not fate. Explain what part of their chart is being temporarily activated.",packages/astro-knowledge/data/transits/natal/venus_saturn_sextile.json
You,transits/natal,venus_saturn_square,Transiting Venus Square Natal Saturn,voiceNeutral: true,"A current movement of connection, value, pleasure, attraction, and ease contacts the natal pattern of structure, limits, responsibility, time, and consequence through a friction aspect.","This may temporarily bring structure, limits, responsibility, time, and consequence into focus through events, conversations, moods, decisions, or timing connected to connection, value, pleasure, attraction, and ease.",Forcing a decision just to end the discomfort.,Name what would actually feel supportive.,"Something connected to structure, limits, responsibility, time, and consequence may be easier to notice now because connection, value, pleasure, attraction, and ease is pressing on it. Treat this as timing, not fate.","Current sky to natal chart: timing signal, not fate. Explain what part of their chart is being temporarily activated.",packages/astro-knowledge/data/transits/natal/venus_saturn_square.json
You,transits/natal,venus_saturn_trine,Transiting Venus Trine Natal Saturn,voiceNeutral: true,"A current movement of connection, value, pleasure, attraction, and ease contacts the natal pattern of structure, limits, responsibility, time, and consequence through a flow aspect.","This may temporarily bring structure, limits, responsibility, time, and consequence into focus through events, conversations, moods, decisions, or timing connected to connection, value, pleasure, attraction, and ease.",Letting the ease pass unused because nothing feels urgent.,Name what would actually feel supportive.,"Something connected to structure, limits, responsibility, time, and consequence may be easier to notice now because connection, value, pleasure, attraction, and ease is pressing on it. Treat this as timing, not fate.","Current sky to natal chart: timing signal, not fate. Explain what part of their chart is being temporarily activated.",packages/astro-knowledge/data/transits/natal/venus_saturn_trine.json
You,transits/natal,venus_sun_conjunction,Transiting Venus Conjunction Natal Sun,voiceNeutral: true,"A current movement of connection, value, pleasure, attraction, and ease contacts the natal pattern of attention, vitality, visibility, and confidence through a fusion aspect.","This may temporarily bring attention, vitality, visibility, and confidence into focus through events, conversations, moods, decisions, or timing connected to connection, value, pleasure, attraction, and ease.",Acting from the intensity before identifying the separate parts.,Name what would actually feel supportive.,"Something connected to attention, vitality, visibility, and confidence may be easier to notice now because connection, value, pleasure, attraction, and ease is pressing on it. Treat this as timing, not fate.","Current sky to natal chart: timing signal, not fate. Explain what part of their chart is being temporarily activated.",packages/astro-knowledge/data/transits/natal/venus_sun_conjunction.json
You,transits/natal,venus_sun_opposition,Transiting Venus Opposition Natal Sun,voiceNeutral: true,"A current movement of connection, value, pleasure, attraction, and ease contacts the natal pattern of attention, vitality, visibility, and confidence through a polarity aspect.","This may temporarily bring attention, vitality, visibility, and confidence into focus through events, conversations, moods, decisions, or timing connected to connection, value, pleasure, attraction, and ease.",Turning tension into a standoff instead of a clearer understanding.,Name what would actually feel supportive.,"Something connected to attention, vitality, visibility, and confidence may be easier to notice now because connection, value, pleasure, attraction, and ease is pressing on it. Treat this as timing, not fate.","Current sky to natal chart: timing signal, not fate. Explain what part of their chart is being temporarily activated.",packages/astro-knowledge/data/transits/natal/venus_sun_opposition.json
You,transits/natal,venus_sun_sextile,Transiting Venus Sextile Natal Sun,voiceNeutral: true,"A current movement of connection, value, pleasure, attraction, and ease contacts the natal pattern of attention, vitality, visibility, and confidence through a opening aspect.","This may temporarily bring attention, vitality, visibility, and confidence into focus through events, conversations, moods, decisions, or timing connected to connection, value, pleasure, attraction, and ease.",Coasting on the good idea without turning it into anything concrete.,Name what would actually feel supportive.,"Something connected to attention, vitality, visibility, and confidence may be easier to notice now because connection, value, pleasure, attraction, and ease is pressing on it. Treat this as timing, not fate.","Current sky to natal chart: timing signal, not fate. Explain what part of their chart is being temporarily activated.",packages/astro-knowledge/data/transits/natal/venus_sun_sextile.json
You,transits/natal,venus_sun_square,Transiting Venus Square Natal Sun,voiceNeutral: true,"A current movement of connection, value, pleasure, attraction, and ease contacts the natal pattern of attention, vitality, visibility, and confidence through a friction aspect.","This may temporarily bring attention, vitality, visibility, and confidence into focus through events, conversations, moods, decisions, or timing connected to connection, value, pleasure, attraction, and ease.",Forcing a decision just to end the discomfort.,Name what would actually feel supportive.,"Something connected to attention, vitality, visibility, and confidence may be easier to notice now because connection, value, pleasure, attraction, and ease is pressing on it. Treat this as timing, not fate.","Current sky to natal chart: timing signal, not fate. Explain what part of their chart is being temporarily activated.",packages/astro-knowledge/data/transits/natal/venus_sun_square.json
You,transits/natal,venus_sun_trine,Transiting Venus Trine Natal Sun,voiceNeutral: true,"A current movement of connection, value, pleasure, attraction, and ease contacts the natal pattern of attention, vitality, visibility, and confidence through a flow aspect.","This may temporarily bring attention, vitality, visibility, and confidence into focus through events, conversations, moods, decisions, or timing connected to connection, value, pleasure, attraction, and ease.",Letting the ease pass unused because nothing feels urgent.,Name what would actually feel supportive.,"Something connected to attention, vitality, visibility, and confidence may be easier to notice now because connection, value, pleasure, attraction, and ease is pressing on it. Treat this as timing, not fate.","Current sky to natal chart: timing signal, not fate. Explain what part of their chart is being temporarily activated.",packages/astro-knowledge/data/transits/natal/venus_sun_trine.json
You,transits/natal,venus_uranus_conjunction,Transiting Venus Conjunction Natal Uranus,voiceNeutral: true,"A current movement of connection, value, pleasure, attraction, and ease contacts the natal pattern of change, disruption, freedom, and originality through a fusion aspect.","This may temporarily bring change, disruption, freedom, and originality into focus through events, conversations, moods, decisions, or timing connected to connection, value, pleasure, attraction, and ease.",Acting from the intensity before identifying the separate parts.,Name what would actually feel supportive.,"Something connected to change, disruption, freedom, and originality may be easier to notice now because connection, value, pleasure, attraction, and ease is pressing on it. Treat this as timing, not fate.","Current sky to natal chart: timing signal, not fate. Explain what part of their chart is being temporarily activated.",packages/astro-knowledge/data/transits/natal/venus_uranus_conjunction.json
You,transits/natal,venus_uranus_opposition,Transiting Venus Opposition Natal Uranus,voiceNeutral: true,"A current movement of connection, value, pleasure, attraction, and ease contacts the natal pattern of change, disruption, freedom, and originality through a polarity aspect.","This may temporarily bring change, disruption, freedom, and originality into focus through events, conversations, moods, decisions, or timing connected to connection, value, pleasure, attraction, and ease.",Turning tension into a standoff instead of a clearer understanding.,Name what would actually feel supportive.,"Something connected to change, disruption, freedom, and originality may be easier to notice now because connection, value, pleasure, attraction, and ease is pressing on it. Treat this as timing, not fate.","Current sky to natal chart: timing signal, not fate. Explain what part of their chart is being temporarily activated.",packages/astro-knowledge/data/transits/natal/venus_uranus_opposition.json
You,transits/natal,venus_uranus_sextile,Transiting Venus Sextile Natal Uranus,voiceNeutral: true,"A current movement of connection, value, pleasure, attraction, and ease contacts the natal pattern of change, disruption, freedom, and originality through a opening aspect.","This may temporarily bring change, disruption, freedom, and originality into focus through events, conversations, moods, decisions, or timing connected to connection, value, pleasure, attraction, and ease.",Coasting on the good idea without turning it into anything concrete.,Name what would actually feel supportive.,"Something connected to change, disruption, freedom, and originality may be easier to notice now because connection, value, pleasure, attraction, and ease is pressing on it. Treat this as timing, not fate.","Current sky to natal chart: timing signal, not fate. Explain what part of their chart is being temporarily activated.",packages/astro-knowledge/data/transits/natal/venus_uranus_sextile.json
You,transits/natal,venus_uranus_square,Transiting Venus Square Natal Uranus,voiceNeutral: true,"A current movement of connection, value, pleasure, attraction, and ease contacts the natal pattern of change, disruption, freedom, and originality through a friction aspect.","This may temporarily bring change, disruption, freedom, and originality into focus through events, conversations, moods, decisions, or timing connected to connection, value, pleasure, attraction, and ease.",Forcing a decision just to end the discomfort.,Name what would actually feel supportive.,"Something connected to change, disruption, freedom, and originality may be easier to notice now because connection, value, pleasure, attraction, and ease is pressing on it. Treat this as timing, not fate.","Current sky to natal chart: timing signal, not fate. Explain what part of their chart is being temporarily activated.",packages/astro-knowledge/data/transits/natal/venus_uranus_square.json
You,transits/natal,venus_uranus_trine,Transiting Venus Trine Natal Uranus,voiceNeutral: true,"A current movement of connection, value, pleasure, attraction, and ease contacts the natal pattern of change, disruption, freedom, and originality through a flow aspect.","This may temporarily bring change, disruption, freedom, and originality into focus through events, conversations, moods, decisions, or timing connected to connection, value, pleasure, attraction, and ease.",Letting the ease pass unused because nothing feels urgent.,Name what would actually feel supportive.,"Something connected to change, disruption, freedom, and originality may be easier to notice now because connection, value, pleasure, attraction, and ease is pressing on it. Treat this as timing, not fate.","Current sky to natal chart: timing signal, not fate. Explain what part of their chart is being temporarily activated.",packages/astro-knowledge/data/transits/natal/venus_uranus_trine.json
You,transits/natal,venus_venus_conjunction,Transiting Venus Conjunction Natal Venus,voiceNeutral: true,"A current movement of connection, value, pleasure, attraction, and ease contacts the natal pattern of connection, value, pleasure, attraction, and ease through a fusion aspect.","This may temporarily bring connection, value, pleasure, attraction, and ease into focus through events, conversations, moods, decisions, or timing connected to connection, value, pleasure, attraction, and ease.",Acting from the intensity before identifying the separate parts.,Name what would actually feel supportive.,"Something connected to connection, value, pleasure, attraction, and ease may be easier to notice now because connection, value, pleasure, attraction, and ease is pressing on it. Treat this as timing, not fate.","Current sky to natal chart: timing signal, not fate. Explain what part of their chart is being temporarily activated.",packages/astro-knowledge/data/transits/natal/venus_venus_conjunction.json
You,transits/natal,venus_venus_opposition,Transiting Venus Opposition Natal Venus,voiceNeutral: true,"A current movement of connection, value, pleasure, attraction, and ease contacts the natal pattern of connection, value, pleasure, attraction, and ease through a polarity aspect.","This may temporarily bring connection, value, pleasure, attraction, and ease into focus through events, conversations, moods, decisions, or timing connected to connection, value, pleasure, attraction, and ease.",Turning tension into a standoff instead of a clearer understanding.,Name what would actually feel supportive.,"Something connected to connection, value, pleasure, attraction, and ease may be easier to notice now because connection, value, pleasure, attraction, and ease is pressing on it. Treat this as timing, not fate.","Current sky to natal chart: timing signal, not fate. Explain what part of their chart is being temporarily activated.",packages/astro-knowledge/data/transits/natal/venus_venus_opposition.json
You,transits/natal,venus_venus_sextile,Transiting Venus Sextile Natal Venus,voiceNeutral: true,"A current movement of connection, value, pleasure, attraction, and ease contacts the natal pattern of connection, value, pleasure, attraction, and ease through a opening aspect.","This may temporarily bring connection, value, pleasure, attraction, and ease into focus through events, conversations, moods, decisions, or timing connected to connection, value, pleasure, attraction, and ease.",Coasting on the good idea without turning it into anything concrete.,Name what would actually feel supportive.,"Something connected to connection, value, pleasure, attraction, and ease may be easier to notice now because connection, value, pleasure, attraction, and ease is pressing on it. Treat this as timing, not fate.","Current sky to natal chart: timing signal, not fate. Explain what part of their chart is being temporarily activated.",packages/astro-knowledge/data/transits/natal/venus_venus_sextile.json
You,transits/natal,venus_venus_square,Transiting Venus Square Natal Venus,voiceNeutral: true,"A current movement of connection, value, pleasure, attraction, and ease contacts the natal pattern of connection, value, pleasure, attraction, and ease through a friction aspect.","This may temporarily bring connection, value, pleasure, attraction, and ease into focus through events, conversations, moods, decisions, or timing connected to connection, value, pleasure, attraction, and ease.",Forcing a decision just to end the discomfort.,Name what would actually feel supportive.,"Something connected to connection, value, pleasure, attraction, and ease may be easier to notice now because connection, value, pleasure, attraction, and ease is pressing on it. Treat this as timing, not fate.","Current sky to natal chart: timing signal, not fate. Explain what part of their chart is being temporarily activated.",packages/astro-knowledge/data/transits/natal/venus_venus_square.json
You,transits/natal,venus_venus_trine,Transiting Venus Trine Natal Venus,voiceNeutral: true,"A current movement of connection, value, pleasure, attraction, and ease contacts the natal pattern of connection, value, pleasure, attraction, and ease through a flow aspect.","This may temporarily bring connection, value, pleasure, attraction, and ease into focus through events, conversations, moods, decisions, or timing connected to connection, value, pleasure, attraction, and ease.",Letting the ease pass unused because nothing feels urgent.,Name what would actually feel supportive.,"Something connected to connection, value, pleasure, attraction, and ease may be easier to notice now because connection, value, pleasure, attraction, and ease is pressing on it. Treat this as timing, not fate.","Current sky to natal chart: timing signal, not fate. Explain what part of their chart is being temporarily activated.",packages/astro-knowledge/data/transits/natal/venus_venus_trine.json
