surface,item_type,id,title,original_source_meaning,base_meaning_rewrite,observable_experience,shadow_pattern,best_move,business_lens,voice_notes,source_file
Sky,lunations/full-moon,full-moon-aquarius,Full Moon in Aquarius,"title: Full Moon in Aquarius tldr: A culmination and release point for the Aquarius / Leo axis. shadow: detachment disguised as enlightenment, rebellion without responsibility, or selling a version of yourself you do not believe in integration: changing the system without abandoning your own aliveness voiceNeutral: true","This lunation marks a culmination and release around its sign axis. Treat it as collective sky weather, not a personal guarantee.","Something that has been building may become easier to name, begin, complete, or release.",Over-identifying with the mood of the lunation instead of noticing the specific choice it reveals.,Name the one thing that is beginning or ending.,"Use this as a timing checkpoint for reflection, review, and simple next-step planning.",Experience first. Astrology explains after. Do not write current sky as personality.,packages/astro-knowledge/data/lunations/full-moon/full-moon-aquarius.json
Sky,lunations/full-moon,full-moon-aries,Full Moon in Aries,"title: Full Moon in Aries tldr: A culmination and release point for the Aries / Libra axis. shadow: bulldozing without checking direction, reacting before listening, or confusing urgency with truth integration: commanding your life without making every room a battlefield voiceNeutral: true","This lunation marks a culmination and release around its sign axis. Treat it as collective sky weather, not a personal guarantee.","Something that has been building may become easier to name, begin, complete, or release.",Over-identifying with the mood of the lunation instead of noticing the specific choice it reveals.,Name the one thing that is beginning or ending.,"Use this as a timing checkpoint for reflection, review, and simple next-step planning.",Experience first. Astrology explains after. Do not write current sky as personality.,packages/astro-knowledge/data/lunations/full-moon/full-moon-aries.json
Sky,lunations/full-moon,full-moon-cancer,Full Moon in Cancer,"title: Full Moon in Cancer tldr: A culmination and release point for the Cancer / Capricorn axis. shadow: caretaking as avoidance of your own needs, or protecting yourself until connection cannot reach you integration: creating safety that does not become isolation voiceNeutral: true","This lunation marks a culmination and release around its sign axis. Treat it as collective sky weather, not a personal guarantee.","Something that has been building may become easier to name, begin, complete, or release.",Over-identifying with the mood of the lunation instead of noticing the specific choice it reveals.,Name the one thing that is beginning or ending.,"Use this as a timing checkpoint for reflection, review, and simple next-step planning.",Experience first. Astrology explains after. Do not write current sky as personality.,packages/astro-knowledge/data/lunations/full-moon/full-moon-cancer.json
Sky,lunations/full-moon,full-moon-capricorn,Full Moon in Capricorn,"title: Full Moon in Capricorn tldr: A culmination and release point for the Capricorn / Cancer axis. shadow: achievement at the cost of humanity, measuring worth only by output, or choosing success over softness integration: building something durable without abandoning the life it is meant to support voiceNeutral: true","This lunation marks a culmination and release around its sign axis. Treat it as collective sky weather, not a personal guarantee.","Something that has been building may become easier to name, begin, complete, or release.",Over-identifying with the mood of the lunation instead of noticing the specific choice it reveals.,Name the one thing that is beginning or ending.,"Use this as a timing checkpoint for reflection, review, and simple next-step planning.",Experience first. Astrology explains after. Do not write current sky as personality.,packages/astro-knowledge/data/lunations/full-moon/full-moon-capricorn.json
Sky,lunations/full-moon,full-moon-gemini,Full Moon in Gemini,"title: Full Moon in Gemini tldr: A culmination and release point for the Gemini / Sagittarius axis. shadow: mental loops that prevent commitment, asking endless questions to avoid choosing integration: turning scattered information into a message that can move voiceNeutral: true","This lunation marks a culmination and release around its sign axis. Treat it as collective sky weather, not a personal guarantee.","Something that has been building may become easier to name, begin, complete, or release.",Over-identifying with the mood of the lunation instead of noticing the specific choice it reveals.,Name the one thing that is beginning or ending.,"Use this as a timing checkpoint for reflection, review, and simple next-step planning.",Experience first. Astrology explains after. Do not write current sky as personality.,packages/astro-knowledge/data/lunations/full-moon/full-moon-gemini.json
Sky,lunations/full-moon,full-moon-leo,Full Moon in Leo,"title: Full Moon in Leo tldr: A culmination and release point for the Leo / Aquarius axis. shadow: needing applause to feel worthy, or editing your radiance to stay acceptable integration: letting yourself shine in a way that gives others permission to shine too voiceNeutral: true","This lunation marks a culmination and release around its sign axis. Treat it as collective sky weather, not a personal guarantee.","Something that has been building may become easier to name, begin, complete, or release.",Over-identifying with the mood of the lunation instead of noticing the specific choice it reveals.,Name the one thing that is beginning or ending.,"Use this as a timing checkpoint for reflection, review, and simple next-step planning.",Experience first. Astrology explains after. Do not write current sky as personality.,packages/astro-knowledge/data/lunations/full-moon/full-moon-leo.json
Sky,lunations/full-moon,full-moon-libra,Full Moon in Libra,"title: Full Moon in Libra tldr: A culmination and release point for the Libra / Aries axis. shadow: keeping peace at the expense of yourself, over-accommodating, or calling avoidance harmony integration: creating balance that includes your needs too voiceNeutral: true","This lunation marks a culmination and release around its sign axis. Treat it as collective sky weather, not a personal guarantee.","Something that has been building may become easier to name, begin, complete, or release.",Over-identifying with the mood of the lunation instead of noticing the specific choice it reveals.,Name the one thing that is beginning or ending.,"Use this as a timing checkpoint for reflection, review, and simple next-step planning.",Experience first. Astrology explains after. Do not write current sky as personality.,packages/astro-knowledge/data/lunations/full-moon/full-moon-libra.json
Sky,lunations/full-moon,full-moon-pisces,Full Moon in Pisces,"title: Full Moon in Pisces tldr: A culmination and release point for the Pisces / Virgo axis. shadow: escape disguised as surrender, porous boundaries, fantasy that avoids reality integration: letting flow have enough structure to become healing instead of drift voiceNeutral: true","This lunation marks a culmination and release around its sign axis. Treat it as collective sky weather, not a personal guarantee.","Something that has been building may become easier to name, begin, complete, or release.",Over-identifying with the mood of the lunation instead of noticing the specific choice it reveals.,Name the one thing that is beginning or ending.,"Use this as a timing checkpoint for reflection, review, and simple next-step planning.",Experience first. Astrology explains after. Do not write current sky as personality.,packages/astro-knowledge/data/lunations/full-moon/full-moon-pisces.json
Sky,lunations/full-moon,full-moon-sagittarius,Full Moon in Sagittarius,"title: Full Moon in Sagittarius tldr: A culmination and release point for the Sagittarius / Gemini axis. shadow: philosophy without embodiment, certainty that stops listening, or escape dressed as freedom integration: living the wisdom you claim to believe voiceNeutral: true","This lunation marks a culmination and release around its sign axis. Treat it as collective sky weather, not a personal guarantee.","Something that has been building may become easier to name, begin, complete, or release.",Over-identifying with the mood of the lunation instead of noticing the specific choice it reveals.,Name the one thing that is beginning or ending.,"Use this as a timing checkpoint for reflection, review, and simple next-step planning.",Experience first. Astrology explains after. Do not write current sky as personality.,packages/astro-knowledge/data/lunations/full-moon/full-moon-sagittarius.json
Sky,lunations/full-moon,full-moon-scorpio,Full Moon in Scorpio,"title: Full Moon in Scorpio tldr: A culmination and release point for the Scorpio / Taurus axis. shadow: control disguised as strength, testing people instead of telling the truth, or holding on until it hurts integration: letting what is expired complete so real intimacy has room voiceNeutral: true","This lunation marks a culmination and release around its sign axis. Treat it as collective sky weather, not a personal guarantee.","Something that has been building may become easier to name, begin, complete, or release.",Over-identifying with the mood of the lunation instead of noticing the specific choice it reveals.,Name the one thing that is beginning or ending.,"Use this as a timing checkpoint for reflection, review, and simple next-step planning.",Experience first. Astrology explains after. Do not write current sky as personality.,packages/astro-knowledge/data/lunations/full-moon/full-moon-scorpio.json
Sky,lunations/full-moon,full-moon-taurus,Full Moon in Taurus,"title: Full Moon in Taurus tldr: A culmination and release point for the Taurus / Scorpio axis. shadow: staying in stale situations because they are comfortable, or mistaking possession for security integration: building stability that can hold change instead of resisting it voiceNeutral: true","This lunation marks a culmination and release around its sign axis. Treat it as collective sky weather, not a personal guarantee.","Something that has been building may become easier to name, begin, complete, or release.",Over-identifying with the mood of the lunation instead of noticing the specific choice it reveals.,Name the one thing that is beginning or ending.,"Use this as a timing checkpoint for reflection, review, and simple next-step planning.",Experience first. Astrology explains after. Do not write current sky as personality.,packages/astro-knowledge/data/lunations/full-moon/full-moon-taurus.json
Sky,lunations/full-moon,full-moon-virgo,Full Moon in Virgo,"title: Full Moon in Virgo tldr: A culmination and release point for the Virgo / Pisces axis. shadow: perfectionism as self-harm, over-correcting yourself until there is no room to live integration: building a humane structure that supports excellence without cruelty voiceNeutral: true","This lunation marks a culmination and release around its sign axis. Treat it as collective sky weather, not a personal guarantee.","Something that has been building may become easier to name, begin, complete, or release.",Over-identifying with the mood of the lunation instead of noticing the specific choice it reveals.,Name the one thing that is beginning or ending.,"Use this as a timing checkpoint for reflection, review, and simple next-step planning.",Experience first. Astrology explains after. Do not write current sky as personality.,packages/astro-knowledge/data/lunations/full-moon/full-moon-virgo.json
Sky,lunations/new-moon,new-moon-aquarius,New Moon in Aquarius,"title: New Moon in Aquarius tldr: A seed point for future vision, community, individuation, innovation, and the courage to belong without disappearing. shadow: detachment disguised as enlightenment, rebellion without responsibility, or selling a version of yourself you do not believe in integration: changing the system without abandoning your own aliveness voiceNeutral: true","This lunation marks a new beginning around its sign axis. Treat it as collective sky weather, not a personal guarantee.","Something that has been building may become easier to name, begin, complete, or release.",Over-identifying with the mood of the lunation instead of noticing the specific choice it reveals.,Name the one thing that is beginning or ending.,"Use this as a timing checkpoint for reflection, review, and simple next-step planning.",Experience first. Astrology explains after. Do not write current sky as personality.,packages/astro-knowledge/data/lunations/new-moon/new-moon-aquarius.json
Sky,lunations/new-moon,new-moon-aries,New Moon in Aries,"title: New Moon in Aries tldr: A seed point for courage, direct action, self-trust, and clean beginnings. shadow: bulldozing without checking direction, reacting before listening, or confusing urgency with truth integration: commanding your life without making every room a battlefield voiceNeutral: true","This lunation marks a new beginning around its sign axis. Treat it as collective sky weather, not a personal guarantee.","Something that has been building may become easier to name, begin, complete, or release.",Over-identifying with the mood of the lunation instead of noticing the specific choice it reveals.,Name the one thing that is beginning or ending.,"Use this as a timing checkpoint for reflection, review, and simple next-step planning.",Experience first. Astrology explains after. Do not write current sky as personality.,packages/astro-knowledge/data/lunations/new-moon/new-moon-aries.json
Sky,lunations/new-moon,new-moon-cancer,New Moon in Cancer,"title: New Moon in Cancer tldr: A seed point for protection, emotional honesty, home, belonging, and the private life that supports the public one. shadow: caretaking as avoidance of your own needs, or protecting yourself until connection cannot reach you integration: creating safety that does not become isolation voiceNeutral: true","This lunation marks a new beginning around its sign axis. Treat it as collective sky weather, not a personal guarantee.","Something that has been building may become easier to name, begin, complete, or release.",Over-identifying with the mood of the lunation instead of noticing the specific choice it reveals.,Name the one thing that is beginning or ending.,"Use this as a timing checkpoint for reflection, review, and simple next-step planning.",Experience first. Astrology explains after. Do not write current sky as personality.,packages/astro-knowledge/data/lunations/new-moon/new-moon-cancer.json
Sky,lunations/new-moon,new-moon-capricorn,New Moon in Capricorn,"title: New Moon in Capricorn tldr: A seed point for structure, ambition, responsibility, boundaries, time, and the legacy built through real effort. shadow: achievement at the cost of humanity, measuring worth only by output, or choosing success over softness integration: building something durable without abandoning the life it is meant to support voiceNeutral: true","This lunation marks a new beginning around its sign axis. Treat it as collective sky weather, not a personal guarantee.","Something that has been building may become easier to name, begin, complete, or release.",Over-identifying with the mood of the lunation instead of noticing the specific choice it reveals.,Name the one thing that is beginning or ending.,"Use this as a timing checkpoint for reflection, review, and simple next-step planning.",Experience first. Astrology explains after. Do not write current sky as personality.,packages/astro-knowledge/data/lunations/new-moon/new-moon-capricorn.json
Sky,lunations/new-moon,new-moon-gemini,New Moon in Gemini,"title: New Moon in Gemini tldr: A seed point for language, curiosity, learning, conversation, and the courage to name what is true now. shadow: mental loops that prevent commitment, asking endless questions to avoid choosing integration: turning scattered information into a message that can move voiceNeutral: true","This lunation marks a new beginning around its sign axis. Treat it as collective sky weather, not a personal guarantee.","Something that has been building may become easier to name, begin, complete, or release.",Over-identifying with the mood of the lunation instead of noticing the specific choice it reveals.,Name the one thing that is beginning or ending.,"Use this as a timing checkpoint for reflection, review, and simple next-step planning.",Experience first. Astrology explains after. Do not write current sky as personality.,packages/astro-knowledge/data/lunations/new-moon/new-moon-gemini.json
Sky,lunations/new-moon,new-moon-leo,New Moon in Leo,"title: New Moon in Leo tldr: A seed point for creative fire, visibility, joy, play, leadership, and the right to be seen. shadow: needing applause to feel worthy, or editing your radiance to stay acceptable integration: letting yourself shine in a way that gives others permission to shine too voiceNeutral: true","This lunation marks a new beginning around its sign axis. Treat it as collective sky weather, not a personal guarantee.","Something that has been building may become easier to name, begin, complete, or release.",Over-identifying with the mood of the lunation instead of noticing the specific choice it reveals.,Name the one thing that is beginning or ending.,"Use this as a timing checkpoint for reflection, review, and simple next-step planning.",Experience first. Astrology explains after. Do not write current sky as personality.,packages/astro-knowledge/data/lunations/new-moon/new-moon-leo.json
Sky,lunations/new-moon,new-moon-libra,New Moon in Libra,"title: New Moon in Libra tldr: A seed point for relationship, reciprocity, beauty, justice, consent, and the courage to choose cleanly. shadow: keeping peace at the expense of yourself, over-accommodating, or calling avoidance harmony integration: creating balance that includes your needs too voiceNeutral: true","This lunation marks a new beginning around its sign axis. Treat it as collective sky weather, not a personal guarantee.","Something that has been building may become easier to name, begin, complete, or release.",Over-identifying with the mood of the lunation instead of noticing the specific choice it reveals.,Name the one thing that is beginning or ending.,"Use this as a timing checkpoint for reflection, review, and simple next-step planning.",Experience first. Astrology explains after. Do not write current sky as personality.,packages/astro-knowledge/data/lunations/new-moon/new-moon-libra.json
Sky,lunations/new-moon,new-moon-pisces,New Moon in Pisces,"title: New Moon in Pisces tldr: A seed point for dreams, compassion, intuition, rest, spiritual trust, and the wisdom beyond control. shadow: escape disguised as surrender, porous boundaries, fantasy that avoids reality integration: letting flow have enough structure to become healing instead of drift voiceNeutral: true","This lunation marks a new beginning around its sign axis. Treat it as collective sky weather, not a personal guarantee.","Something that has been building may become easier to name, begin, complete, or release.",Over-identifying with the mood of the lunation instead of noticing the specific choice it reveals.,Name the one thing that is beginning or ending.,"Use this as a timing checkpoint for reflection, review, and simple next-step planning.",Experience first. Astrology explains after. Do not write current sky as personality.,packages/astro-knowledge/data/lunations/new-moon/new-moon-pisces.json
Sky,lunations/new-moon,new-moon-sagittarius,New Moon in Sagittarius,"title: New Moon in Sagittarius tldr: A seed point for truth, faith, travel, teaching, perspective, and the message that grows from lived experience. shadow: philosophy without embodiment, certainty that stops listening, or escape dressed as freedom integration: living the wisdom you claim to believe voiceNeutral: true","This lunation marks a new beginning around its sign axis. Treat it as collective sky weather, not a personal guarantee.","Something that has been building may become easier to name, begin, complete, or release.",Over-identifying with the mood of the lunation instead of noticing the specific choice it reveals.,Name the one thing that is beginning or ending.,"Use this as a timing checkpoint for reflection, review, and simple next-step planning.",Experience first. Astrology explains after. Do not write current sky as personality.,packages/astro-knowledge/data/lunations/new-moon/new-moon-sagittarius.json
Sky,lunations/new-moon,new-moon-scorpio,New Moon in Scorpio,"title: New Moon in Scorpio tldr: A seed point for depth, trust, release, intimacy, shared resources, and honest transformation. shadow: control disguised as strength, testing people instead of telling the truth, or holding on until it hurts integration: letting what is expired complete so real intimacy has room voiceNeutral: true","This lunation marks a new beginning around its sign axis. Treat it as collective sky weather, not a personal guarantee.","Something that has been building may become easier to name, begin, complete, or release.",Over-identifying with the mood of the lunation instead of noticing the specific choice it reveals.,Name the one thing that is beginning or ending.,"Use this as a timing checkpoint for reflection, review, and simple next-step planning.",Experience first. Astrology explains after. Do not write current sky as personality.,packages/astro-knowledge/data/lunations/new-moon/new-moon-scorpio.json
Sky,lunations/new-moon,new-moon-taurus,New Moon in Taurus,"title: New Moon in Taurus tldr: A seed point for value, steadiness, embodiment, money, and what is worth protecting. shadow: staying in stale situations because they are comfortable, or mistaking possession for security integration: building stability that can hold change instead of resisting it voiceNeutral: true","This lunation marks a new beginning around its sign axis. Treat it as collective sky weather, not a personal guarantee.","Something that has been building may become easier to name, begin, complete, or release.",Over-identifying with the mood of the lunation instead of noticing the specific choice it reveals.,Name the one thing that is beginning or ending.,"Use this as a timing checkpoint for reflection, review, and simple next-step planning.",Experience first. Astrology explains after. Do not write current sky as personality.,packages/astro-knowledge/data/lunations/new-moon/new-moon-taurus.json
Sky,lunations/new-moon,new-moon-virgo,New Moon in Virgo,"title: New Moon in Virgo tldr: A seed point for routine, discernment, repair, health, craft, and the small actions that make devotion real. shadow: perfectionism as self-harm, over-correcting yourself until there is no room to live integration: building a humane structure that supports excellence without cruelty voiceNeutral: true","This lunation marks a new beginning around its sign axis. Treat it as collective sky weather, not a personal guarantee.","Something that has been building may become easier to name, begin, complete, or release.",Over-identifying with the mood of the lunation instead of noticing the specific choice it reveals.,Name the one thing that is beginning or ending.,"Use this as a timing checkpoint for reflection, review, and simple next-step planning.",Experience first. Astrology explains after. Do not write current sky as personality.,packages/astro-knowledge/data/lunations/new-moon/new-moon-virgo.json
Sky + You,placements/sign,jupiter-aquarius,Jupiter in Aquarius,"tldr: Jupiter in Aquarius: you grow through innovation, ideals, and community body: Jupiter in Aquarius: you grow through innovation, ideals, and community. Luck comes via originality and the collective. Watch: detachment and abstract overreach. gift: At work this reads as growth and expansion carried out with independent. voiceNeutral: true","Growth, belief, opportunity, and expansion moves through distance, systems, independence, collective patterns, and future orientation. Read this as current weather, not a personality trait.","People may notice growth, belief, opportunity, and expansion taking on a more distance tone in conversations, choices, and timing.","overpromising, overreaching, or mistaking optimism for evidence",Test the opportunity against reality before expanding it.,"Useful for planning: watch how growth, belief, opportunity, and expansion changes pace and choose the cleanest next move.",Experience first. Astrology explains after. Do not write current sky as personality.,packages/astro-knowledge/data/placements/sign/jupiter-aquarius.json
Sky + You,placements/sign,jupiter-aries,Jupiter in Aries,tldr: Jupiter in Aries: you grow through bold action and independence body: Jupiter in Aries: you grow through bold action and independence. Luck favors initiative and courage. Watch: overconfidence and rushing. gift: At work this reads as growth and expansion carried out with direct. voiceNeutral: true,"Growth, belief, opportunity, and expansion moves through urgency, courage, initiative, and direct action. Read this as current weather, not a personality trait.","People may notice growth, belief, opportunity, and expansion taking on a more urgency tone in conversations, choices, and timing.","overpromising, overreaching, or mistaking optimism for evidence",Test the opportunity against reality before expanding it.,"Useful for planning: watch how growth, belief, opportunity, and expansion changes pace and choose the cleanest next move.",Experience first. Astrology explains after. Do not write current sky as personality.,packages/astro-knowledge/data/placements/sign/jupiter-aries.json
Sky + You,placements/sign,jupiter-cancer,Jupiter in Cancer,"tldr: Jupiter in Cancer: you grow through nurturing, home, and emotional depth body: Jupiter in Cancer: you grow through nurturing, home, and emotional depth. Strong placement, generous of heart. Luck comes via family and care. Watch: over-attachment. gift: At work this reads as growth and expansion carried out with protective. voiceNeutral: true","Growth, belief, opportunity, and expansion moves through memory, protection, belonging, care, and emotional context. Read this as current weather, not a personality trait.","People may notice growth, belief, opportunity, and expansion taking on a more memory tone in conversations, choices, and timing.","overpromising, overreaching, or mistaking optimism for evidence",Test the opportunity against reality before expanding it.,"Useful for planning: watch how growth, belief, opportunity, and expansion changes pace and choose the cleanest next move.",Experience first. Astrology explains after. Do not write current sky as personality.,packages/astro-knowledge/data/placements/sign/jupiter-cancer.json
Sky + You,placements/sign,jupiter-capricorn,Jupiter in Capricorn,"tldr: Jupiter in Capricorn: you grow through discipline, ambition, and patient building body: Jupiter in Capricorn: you grow through discipline, ambition, and patient building. Luck comes via responsibility and the long game. Watch: pessimism limiting your reach. gift: At work this reads as growth and expansion carried out with disciplined. voiceNeutral: true","Growth, belief, opportunity, and expansion moves through structure, restraint, responsibility, practical next steps, and endurance. Read this as current weather, not a personality trait.","People may notice growth, belief, opportunity, and expansion taking on a more structure tone in conversations, choices, and timing.","overpromising, overreaching, or mistaking optimism for evidence",Test the opportunity against reality before expanding it.,"Useful for planning: watch how growth, belief, opportunity, and expansion changes pace and choose the cleanest next move.",Experience first. Astrology explains after. Do not write current sky as personality.,packages/astro-knowledge/data/placements/sign/jupiter-capricorn.json
Sky + You,placements/sign,jupiter-gemini,Jupiter in Gemini,"tldr: Jupiter in Gemini: you grow through learning, talking, and curiosity body: Jupiter in Gemini: you grow through learning, talking, and curiosity. Luck comes via ideas and connections. Watch: scattering yourself thin. gift: At work this reads as growth and expansion carried out with curious. voiceNeutral: true","Growth, belief, opportunity, and expansion moves through curiosity, language, movement, information, and adaptability. Read this as current weather, not a personality trait.","People may notice growth, belief, opportunity, and expansion taking on a more curiosity tone in conversations, choices, and timing.","overpromising, overreaching, or mistaking optimism for evidence",Test the opportunity against reality before expanding it.,"Useful for planning: watch how growth, belief, opportunity, and expansion changes pace and choose the cleanest next move.",Experience first. Astrology explains after. Do not write current sky as personality.,packages/astro-knowledge/data/placements/sign/jupiter-gemini.json
Sky + You,placements/sign,jupiter-leo,Jupiter in Leo,"tldr: Jupiter in Leo: you grow through creativity, generosity, and self-expression body: Jupiter in Leo: you grow through creativity, generosity, and self-expression. Luck favors big-hearted confidence. Watch: ego and overplaying the drama. gift: At work this reads as growth and expansion carried out with proud. voiceNeutral: true","Growth, belief, opportunity, and expansion moves through visibility, confidence, creativity, recognition, and expressive warmth. Read this as current weather, not a personality trait.","People may notice growth, belief, opportunity, and expansion taking on a more visibility tone in conversations, choices, and timing.","overpromising, overreaching, or mistaking optimism for evidence",Test the opportunity against reality before expanding it.,"Useful for planning: watch how growth, belief, opportunity, and expansion changes pace and choose the cleanest next move.",Experience first. Astrology explains after. Do not write current sky as personality.,packages/astro-knowledge/data/placements/sign/jupiter-leo.json
Sky + You,placements/sign,jupiter-libra,Jupiter in Libra,"tldr: Jupiter in Libra: you grow through relationship, fairness, and beauty body: Jupiter in Libra: you grow through relationship, fairness, and beauty. Luck comes via partnership and diplomacy. Watch: indecision and over-accommodating. gift: At work this reads as growth and expansion carried out with relational. voiceNeutral: true","Growth, belief, opportunity, and expansion moves through relationship, fairness, aesthetics, agreement, and social balance. Read this as current weather, not a personality trait.","People may notice growth, belief, opportunity, and expansion taking on a more relationship tone in conversations, choices, and timing.","overpromising, overreaching, or mistaking optimism for evidence",Test the opportunity against reality before expanding it.,"Useful for planning: watch how growth, belief, opportunity, and expansion changes pace and choose the cleanest next move.",Experience first. Astrology explains after. Do not write current sky as personality.,packages/astro-knowledge/data/placements/sign/jupiter-libra.json
Sky + You,placements/sign,jupiter-pisces,Jupiter in Pisces,"tldr: Jupiter in Pisces: you grow through compassion, imagination, and faith body: Jupiter in Pisces: you grow through compassion, imagination, and faith. Strong here, boundless and generous. Luck comes via surrender and creativity. Watch: escapism and no limits. gift: At work this reads as growth and expansion carried out with imaginative. voiceNeutral: true","Growth, belief, opportunity, and expansion moves through sensitivity, imagination, compassion, porous boundaries, and surrender. Read this as current weather, not a personality trait.","People may notice growth, belief, opportunity, and expansion taking on a more sensitivity tone in conversations, choices, and timing.","overpromising, overreaching, or mistaking optimism for evidence",Test the opportunity against reality before expanding it.,"Useful for planning: watch how growth, belief, opportunity, and expansion changes pace and choose the cleanest next move.",Experience first. Astrology explains after. Do not write current sky as personality.,packages/astro-knowledge/data/placements/sign/jupiter-pisces.json
Sky + You,placements/sign,jupiter-sagittarius,Jupiter in Sagittarius,"tldr: Jupiter in Sagittarius: you grow through adventure, learning, and meaning body: Jupiter in Sagittarius: you grow through adventure, learning, and meaning. At home here, expansive and free. Luck favors the bold and curious. Watch: overreach and dogma. gift: At work this reads as growth and expansion carried out with expansive. voiceNeutral: true","Growth, belief, opportunity, and expansion moves through meaning, belief, exploration, perspective, and growth. Read this as current weather, not a personality trait.","People may notice growth, belief, opportunity, and expansion taking on a more meaning tone in conversations, choices, and timing.","overpromising, overreaching, or mistaking optimism for evidence",Test the opportunity against reality before expanding it.,"Useful for planning: watch how growth, belief, opportunity, and expansion changes pace and choose the cleanest next move.",Experience first. Astrology explains after. Do not write current sky as personality.,packages/astro-knowledge/data/placements/sign/jupiter-sagittarius.json
Sky + You,placements/sign,jupiter-scorpio,Jupiter in Scorpio,"tldr: Jupiter in Scorpio: you grow through depth, intensity, and transformation body: Jupiter in Scorpio: you grow through depth, intensity, and transformation. Luck comes via shared resources and going beneath the surface. Watch: obsession and excess. gift: At work this reads as growth and expansion carried out with intense. voiceNeutral: true","Growth, belief, opportunity, and expansion moves through depth, privacy, trust, emotional honesty, and intensity. Read this as current weather, not a personality trait.","People may notice growth, belief, opportunity, and expansion taking on a more depth tone in conversations, choices, and timing.","overpromising, overreaching, or mistaking optimism for evidence",Test the opportunity against reality before expanding it.,"Useful for planning: watch how growth, belief, opportunity, and expansion changes pace and choose the cleanest next move.",Experience first. Astrology explains after. Do not write current sky as personality.,packages/astro-knowledge/data/placements/sign/jupiter-scorpio.json
Sky + You,placements/sign,jupiter-taurus,Jupiter in Taurus,"tldr: Jupiter in Taurus: you grow through patience, comfort, and building real resources body: Jupiter in Taurus: you grow through patience, comfort, and building real resources. Luck comes via steadiness and the senses. Watch: complacency and overindulgence. gift: At work this reads as growth and expansion carried out with steady. voiceNeutral: true","Growth, belief, opportunity, and expansion moves through stability, patience, material reality, comfort, and consistency. Read this as current weather, not a personality trait.","People may notice growth, belief, opportunity, and expansion taking on a more stability tone in conversations, choices, and timing.","overpromising, overreaching, or mistaking optimism for evidence",Test the opportunity against reality before expanding it.,"Useful for planning: watch how growth, belief, opportunity, and expansion changes pace and choose the cleanest next move.",Experience first. Astrology explains after. Do not write current sky as personality.,packages/astro-knowledge/data/placements/sign/jupiter-taurus.json
Sky + You,placements/sign,jupiter-virgo,Jupiter in Virgo,"tldr: Jupiter in Virgo: you grow through skill, service, and improvement body: Jupiter in Virgo: you grow through skill, service, and improvement. Luck comes via useful work and craft. Watch: shrinking the big picture into nitpicks. gift: At work this reads as growth and expansion carried out with precise. voiceNeutral: true","Growth, belief, opportunity, and expansion moves through discernment, repair, routine, useful detail, and refinement. Read this as current weather, not a personality trait.","People may notice growth, belief, opportunity, and expansion taking on a more discernment tone in conversations, choices, and timing.","overpromising, overreaching, or mistaking optimism for evidence",Test the opportunity against reality before expanding it.,"Useful for planning: watch how growth, belief, opportunity, and expansion changes pace and choose the cleanest next move.",Experience first. Astrology explains after. Do not write current sky as personality.,packages/astro-knowledge/data/placements/sign/jupiter-virgo.json
Sky + You,placements/sign,mars-aquarius,Mars in Aquarius,"tldr: Mars in Aquarius: action is principled, independent, and system-disrupting. body: With Mars in Aquarius, drive moves through ideas, networks, and the urge to break stale patterns. You act when the future needs a different structure. gift: Innovation, social courage, independence, and strategic rebellion. voiceNeutral: true","Action, heat, courage, friction, and desire moves through distance, systems, independence, collective patterns, and future orientation. Read this as current weather, not a personality trait.","People may notice action, heat, courage, friction, and desire taking on a more distance tone in conversations, choices, and timing.",forcing movement before the situation is ready,Choose one action instead of forcing the whole outcome.,"Useful for planning: watch how action, heat, courage, friction, and desire changes pace and choose the cleanest next move.",Experience first. Astrology explains after. Do not write current sky as personality.,packages/astro-knowledge/data/placements/sign/mars-aquarius.json
Sky + You,placements/sign,mars-aries,Mars in Aries,"tldr: Mars in Aries: action is fast, direct, and naturally assertive. body: With Mars in Aries, Mars is at home, so drive moves cleanly through courage, initiative, and confrontation when needed. You do best when energy has a clear target. gift: Bold action, independence, competitive strength, and the ability to start without waiting. voiceNeutral: true","Action, heat, courage, friction, and desire moves through urgency, courage, initiative, and direct action. Read this as current weather, not a personality trait.","People may notice action, heat, courage, friction, and desire taking on a more urgency tone in conversations, choices, and timing.",forcing movement before the situation is ready,Choose one action instead of forcing the whole outcome.,"Useful for planning: watch how action, heat, courage, friction, and desire changes pace and choose the cleanest next move.",Experience first. Astrology explains after. Do not write current sky as personality.,packages/astro-knowledge/data/placements/sign/mars-aries.json
Sky + You,placements/sign,mars-cancer,Mars in Cancer,"tldr: Mars in Cancer: action is protective, emotional, and indirect when unsafe. body: With Mars in Cancer, drive is motivated by care, loyalty, and the need to defend what matters. Mars is in fall here, so anger can turn sideways until it is named directly. gift: Protective courage, tenacity, emotional motivation, and fierce devotion. voiceNeutral: true","Action, heat, courage, friction, and desire moves through memory, protection, belonging, care, and emotional context. Read this as current weather, not a personality trait.","People may notice action, heat, courage, friction, and desire taking on a more memory tone in conversations, choices, and timing.",forcing movement before the situation is ready,Choose one action instead of forcing the whole outcome.,"Useful for planning: watch how action, heat, courage, friction, and desire changes pace and choose the cleanest next move.",Experience first. Astrology explains after. Do not write current sky as personality.,packages/astro-knowledge/data/placements/sign/mars-cancer.json
Sky + You,placements/sign,mars-capricorn,Mars in Capricorn,"tldr: Mars in Capricorn: action is disciplined, ambitious, and built for results. body: With Mars in Capricorn, Mars is exalted, so drive can become focused, strategic, and remarkably effective. Energy works best when pointed toward a concrete goal. gift: Endurance, executive force, patience, and the ability to turn effort into achievement. voiceNeutral: true","Action, heat, courage, friction, and desire moves through structure, restraint, responsibility, practical next steps, and endurance. Read this as current weather, not a personality trait.","People may notice action, heat, courage, friction, and desire taking on a more structure tone in conversations, choices, and timing.",forcing movement before the situation is ready,Choose one action instead of forcing the whole outcome.,"Useful for planning: watch how action, heat, courage, friction, and desire changes pace and choose the cleanest next move.",Experience first. Astrology explains after. Do not write current sky as personality.,packages/astro-knowledge/data/placements/sign/mars-capricorn.json
Sky + You,placements/sign,mars-gemini,Mars in Gemini,"tldr: Mars in Gemini: action moves through words, ideas, and quick adaptation. body: With Mars in Gemini, drive is mental, verbal, and restless. You act by asking, debating, learning, and keeping options moving. gift: Fast thinking, tactical flexibility, persuasive speech, and mental courage. voiceNeutral: true","Action, heat, courage, friction, and desire moves through curiosity, language, movement, information, and adaptability. Read this as current weather, not a personality trait.","People may notice action, heat, courage, friction, and desire taking on a more curiosity tone in conversations, choices, and timing.",forcing movement before the situation is ready,Choose one action instead of forcing the whole outcome.,"Useful for planning: watch how action, heat, courage, friction, and desire changes pace and choose the cleanest next move.",Experience first. Astrology explains after. Do not write current sky as personality.,packages/astro-knowledge/data/placements/sign/mars-gemini.json
Sky + You,placements/sign,mars-leo,Mars in Leo,"tldr: Mars in Leo: action is creative, bold, and fueled by pride in the work. body: With Mars in Leo, drive wants expression, recognition, and a worthy stage. You act best when courage, play, and purpose are all involved. gift: Creative initiative, passion, leadership, and the stamina to perform under pressure. voiceNeutral: true","Action, heat, courage, friction, and desire moves through visibility, confidence, creativity, recognition, and expressive warmth. Read this as current weather, not a personality trait.","People may notice action, heat, courage, friction, and desire taking on a more visibility tone in conversations, choices, and timing.",forcing movement before the situation is ready,Choose one action instead of forcing the whole outcome.,"Useful for planning: watch how action, heat, courage, friction, and desire changes pace and choose the cleanest next move.",Experience first. Astrology explains after. Do not write current sky as personality.,packages/astro-knowledge/data/placements/sign/mars-leo.json
Sky + You,placements/sign,mars-libra,Mars in Libra,"tldr: Mars in Libra: action is relational, strategic, and shaped by fairness. body: With Mars in Libra, drive moves through negotiation, partnership, and social awareness. Mars is in detriment here, so direct action may get delayed by the need to keep balance. gift: Diplomatic courage, tactical charm, and the ability to fight for fairness. voiceNeutral: true","Action, heat, courage, friction, and desire moves through relationship, fairness, aesthetics, agreement, and social balance. Read this as current weather, not a personality trait.","People may notice action, heat, courage, friction, and desire taking on a more relationship tone in conversations, choices, and timing.",forcing movement before the situation is ready,Choose one action instead of forcing the whole outcome.,"Useful for planning: watch how action, heat, courage, friction, and desire changes pace and choose the cleanest next move.",Experience first. Astrology explains after. Do not write current sky as personality.,packages/astro-knowledge/data/placements/sign/mars-libra.json
Sky + You,placements/sign,mars-pisces,Mars in Pisces,"tldr: Mars in Pisces: action is intuitive, compassionate, and indirect. body: With Mars in Pisces, drive moves through feeling, imagination, service, and spiritual pull. Energy needs meaning and clear boundaries or it disperses. gift: Inspired action, empathy, creativity, and the courage to serve something larger than ego. voiceNeutral: true","Action, heat, courage, friction, and desire moves through sensitivity, imagination, compassion, porous boundaries, and surrender. Read this as current weather, not a personality trait.","People may notice action, heat, courage, friction, and desire taking on a more sensitivity tone in conversations, choices, and timing.",forcing movement before the situation is ready,Choose one action instead of forcing the whole outcome.,"Useful for planning: watch how action, heat, courage, friction, and desire changes pace and choose the cleanest next move.",Experience first. Astrology explains after. Do not write current sky as personality.,packages/astro-knowledge/data/placements/sign/mars-pisces.json
Sky + You,placements/sign,mars-sagittarius,Mars in Sagittarius,"tldr: Mars in Sagittarius: action is adventurous, candid, and motivated by belief. body: With Mars in Sagittarius, drive moves toward exploration, truth, risk, and the next horizon. You act when something feels meaningful enough to chase. gift: Courage, enthusiasm, moral fire, and willingness to take a leap. voiceNeutral: true","Action, heat, courage, friction, and desire moves through meaning, belief, exploration, perspective, and growth. Read this as current weather, not a personality trait.","People may notice action, heat, courage, friction, and desire taking on a more meaning tone in conversations, choices, and timing.",forcing movement before the situation is ready,Choose one action instead of forcing the whole outcome.,"Useful for planning: watch how action, heat, courage, friction, and desire changes pace and choose the cleanest next move.",Experience first. Astrology explains after. Do not write current sky as personality.,packages/astro-knowledge/data/placements/sign/mars-sagittarius.json
Sky + You,placements/sign,mars-scorpio,Mars in Scorpio,"tldr: Mars in Scorpio: action is intense, strategic, and deeply focused. body: With Mars in Scorpio, Mars is at home, so drive moves through depth, endurance, and the willingness to confront what others avoid. Energy becomes powerful when trust and purpose are clear. gift: Strategic power, resilience, sexual vitality, and crisis strength. voiceNeutral: true","Action, heat, courage, friction, and desire moves through depth, privacy, trust, emotional honesty, and intensity. Read this as current weather, not a personality trait.","People may notice action, heat, courage, friction, and desire taking on a more depth tone in conversations, choices, and timing.",forcing movement before the situation is ready,Choose one action instead of forcing the whole outcome.,"Useful for planning: watch how action, heat, courage, friction, and desire changes pace and choose the cleanest next move.",Experience first. Astrology explains after. Do not write current sky as personality.,packages/astro-knowledge/data/placements/sign/mars-scorpio.json
Sky + You,placements/sign,mars-taurus,Mars in Taurus,"tldr: Mars in Taurus: action is steady, stubborn, and slow to redirect. body: With Mars in Taurus, drive builds through persistence, endurance, and physical effort. Mars is in detriment here, so force can feel slow or stuck until desire is fully engaged. gift: Stamina, follow-through, practical effort, and the ability to keep going. voiceNeutral: true","Action, heat, courage, friction, and desire moves through stability, patience, material reality, comfort, and consistency. Read this as current weather, not a personality trait.","People may notice action, heat, courage, friction, and desire taking on a more stability tone in conversations, choices, and timing.",forcing movement before the situation is ready,Choose one action instead of forcing the whole outcome.,"Useful for planning: watch how action, heat, courage, friction, and desire changes pace and choose the cleanest next move.",Experience first. Astrology explains after. Do not write current sky as personality.,packages/astro-knowledge/data/placements/sign/mars-taurus.json
Sky + You,placements/sign,mars-virgo,Mars in Virgo,"tldr: Mars in Virgo: action is precise, efficient, and aimed at improvement. body: With Mars in Virgo, drive works through problem-solving, technique, and practical correction. You act by fixing what is broken and refining what can be better. gift: Skill, discipline, service, and the ability to make effort useful. voiceNeutral: true","Action, heat, courage, friction, and desire moves through discernment, repair, routine, useful detail, and refinement. Read this as current weather, not a personality trait.","People may notice action, heat, courage, friction, and desire taking on a more discernment tone in conversations, choices, and timing.",forcing movement before the situation is ready,Choose one action instead of forcing the whole outcome.,"Useful for planning: watch how action, heat, courage, friction, and desire changes pace and choose the cleanest next move.",Experience first. Astrology explains after. Do not write current sky as personality.,packages/astro-knowledge/data/placements/sign/mars-virgo.json
Sky + You,placements/sign,mercury-aquarius,Mercury in Aquarius,"tldr: Mercury in Aquarius: the mind is innovative, detached, and system-aware. body: With Mercury in Aquarius, thought moves toward patterns, future possibilities, and unconventional solutions. You communicate best when ideas have room to be original. gift: Objectivity, invention, systems thinking, and clear social perspective. voiceNeutral: true","Language, information, decisions, and nervous energy moves through distance, systems, independence, collective patterns, and future orientation. Read this as current weather, not a personality trait.","People may notice language, information, decisions, and nervous energy taking on a more distance tone in conversations, choices, and timing.","overthinking, assuming, or moving too quickly to verify",Clarify the facts before committing.,"Useful for planning: watch how language, information, decisions, and nervous energy changes pace and choose the cleanest next move.",Experience first. Astrology explains after. Do not write current sky as personality.,packages/astro-knowledge/data/placements/sign/mercury-aquarius.json
Sky + You,placements/sign,mercury-aries,Mercury in Aries,"tldr: Mercury in Aries: the mind is direct, fast, and built for decisive speech. body: With Mercury in Aries, thoughts move quickly and words arrive with heat. You communicate best when honesty is allowed to be clean and immediate, without turning every exchange into a contest. gift: Fast decisions, bold speech, problem-solving under pressure, and mental courage. voiceNeutral: true","Language, information, decisions, and nervous energy moves through urgency, courage, initiative, and direct action. Read this as current weather, not a personality trait.","People may notice language, information, decisions, and nervous energy taking on a more urgency tone in conversations, choices, and timing.","overthinking, assuming, or moving too quickly to verify",Clarify the facts before committing.,"Useful for planning: watch how language, information, decisions, and nervous energy changes pace and choose the cleanest next move.",Experience first. Astrology explains after. Do not write current sky as personality.,packages/astro-knowledge/data/placements/sign/mercury-aries.json
Sky + You,placements/sign,mercury-cancer,Mercury in Cancer,"tldr: Mercury in Cancer: the mind is intuitive, protective, and shaped by memory. body: With Mercury in Cancer, thought and feeling are intertwined. You communicate through emotional context, story, and the instinct to protect what matters. gift: Emotional intelligence, memory, nurturing speech, and sensitivity to subtext. voiceNeutral: true","Language, information, decisions, and nervous energy moves through memory, protection, belonging, care, and emotional context. Read this as current weather, not a personality trait.","People may notice language, information, decisions, and nervous energy taking on a more memory tone in conversations, choices, and timing.","overthinking, assuming, or moving too quickly to verify",Clarify the facts before committing.,"Useful for planning: watch how language, information, decisions, and nervous energy changes pace and choose the cleanest next move.",Experience first. Astrology explains after. Do not write current sky as personality.,packages/astro-knowledge/data/placements/sign/mercury-cancer.json
Sky + You,placements/sign,mercury-capricorn,Mercury in Capricorn,"tldr: Mercury in Capricorn: the mind is strategic, serious, and oriented toward results. body: With Mercury in Capricorn, communication becomes structured, practical, and focused on what can be built. You think in timelines, consequences, and usable plans. gift: Strategy, professionalism, concise speech, and long-range planning. voiceNeutral: true","Language, information, decisions, and nervous energy moves through structure, restraint, responsibility, practical next steps, and endurance. Read this as current weather, not a personality trait.","People may notice language, information, decisions, and nervous energy taking on a more structure tone in conversations, choices, and timing.","overthinking, assuming, or moving too quickly to verify",Clarify the facts before committing.,"Useful for planning: watch how language, information, decisions, and nervous energy changes pace and choose the cleanest next move.",Experience first. Astrology explains after. Do not write current sky as personality.,packages/astro-knowledge/data/placements/sign/mercury-capricorn.json
Sky + You,placements/sign,mercury-gemini,Mercury in Gemini,"tldr: Mercury in Gemini: the mind is quick, curious, and fluent in connection. body: With Mercury in Gemini, Mercury is at home, so language, learning, questions, and exchange move naturally. You think by exploring options and linking one idea to the next. gift: Wit, adaptability, communication skill, and the ability to translate complexity quickly. voiceNeutral: true","Language, information, decisions, and nervous energy moves through curiosity, language, movement, information, and adaptability. Read this as current weather, not a personality trait.","People may notice language, information, decisions, and nervous energy taking on a more curiosity tone in conversations, choices, and timing.","overthinking, assuming, or moving too quickly to verify",Clarify the facts before committing.,"Useful for planning: watch how language, information, decisions, and nervous energy changes pace and choose the cleanest next move.",Experience first. Astrology explains after. Do not write current sky as personality.,packages/astro-knowledge/data/placements/sign/mercury-gemini.json
Sky + You,placements/sign,mercury-leo,Mercury in Leo,"tldr: Mercury in Leo: the mind is expressive, creative, and confident in performance. body: With Mercury in Leo, speech wants color, conviction, and an audience that can feel the point. You communicate best when your words carry heart and creative force. gift: Storytelling, charisma, bold presentation, and memorable expression. voiceNeutral: true","Language, information, decisions, and nervous energy moves through visibility, confidence, creativity, recognition, and expressive warmth. Read this as current weather, not a personality trait.","People may notice language, information, decisions, and nervous energy taking on a more visibility tone in conversations, choices, and timing.","overthinking, assuming, or moving too quickly to verify",Clarify the facts before committing.,"Useful for planning: watch how language, information, decisions, and nervous energy changes pace and choose the cleanest next move.",Experience first. Astrology explains after. Do not write current sky as personality.,packages/astro-knowledge/data/placements/sign/mercury-leo.json
Sky + You,placements/sign,mercury-libra,Mercury in Libra,"tldr: Mercury in Libra: the mind seeks fairness, proportion, and relational intelligence. body: With Mercury in Libra, thought moves by comparison, dialogue, and the need to understand multiple sides. You communicate best when conversation has grace and ethical balance. gift: Diplomacy, mediation, social intelligence, and elegant reasoning. voiceNeutral: true","Language, information, decisions, and nervous energy moves through relationship, fairness, aesthetics, agreement, and social balance. Read this as current weather, not a personality trait.","People may notice language, information, decisions, and nervous energy taking on a more relationship tone in conversations, choices, and timing.","overthinking, assuming, or moving too quickly to verify",Clarify the facts before committing.,"Useful for planning: watch how language, information, decisions, and nervous energy changes pace and choose the cleanest next move.",Experience first. Astrology explains after. Do not write current sky as personality.,packages/astro-knowledge/data/placements/sign/mercury-libra.json
Sky + You,placements/sign,mercury-pisces,Mercury in Pisces,"tldr: Mercury in Pisces: the mind is intuitive, poetic, and porous to subtle information. body: With Mercury in Pisces, communication moves through images, feeling, dreams, and impression. Mercury is in detriment and fall here, so clarity needs extra structure. gift: Imagination, empathy, symbolic thinking, and intuitive listening. voiceNeutral: true","Language, information, decisions, and nervous energy moves through sensitivity, imagination, compassion, porous boundaries, and surrender. Read this as current weather, not a personality trait.","People may notice language, information, decisions, and nervous energy taking on a more sensitivity tone in conversations, choices, and timing.","overthinking, assuming, or moving too quickly to verify",Clarify the facts before committing.,"Useful for planning: watch how language, information, decisions, and nervous energy changes pace and choose the cleanest next move.",Experience first. Astrology explains after. Do not write current sky as personality.,packages/astro-knowledge/data/placements/sign/mercury-pisces.json
Sky + You,placements/sign,mercury-sagittarius,Mercury in Sagittarius,"tldr: Mercury in Sagittarius: the mind seeks meaning, truth, and the bigger view. body: With Mercury in Sagittarius, thought moves toward philosophy, teaching, travel, and conviction. Mercury is in detriment here, so the challenge is keeping the big picture connected to the details. gift: Candor, vision, teaching, humor, and broad perspective. voiceNeutral: true","Language, information, decisions, and nervous energy moves through meaning, belief, exploration, perspective, and growth. Read this as current weather, not a personality trait.","People may notice language, information, decisions, and nervous energy taking on a more meaning tone in conversations, choices, and timing.","overthinking, assuming, or moving too quickly to verify",Clarify the facts before committing.,"Useful for planning: watch how language, information, decisions, and nervous energy changes pace and choose the cleanest next move.",Experience first. Astrology explains after. Do not write current sky as personality.,packages/astro-knowledge/data/placements/sign/mercury-sagittarius.json
Sky + You,placements/sign,mercury-scorpio,Mercury in Scorpio,"tldr: Mercury in Scorpio: the mind probes, detects, and refuses shallow answers. body: With Mercury in Scorpio, communication is intense, private, and drawn toward what is hidden. You think best when you can investigate the motive beneath the statement. gift: Research, psychological insight, strategic speech, and the courage to name what others avoid. voiceNeutral: true","Language, information, decisions, and nervous energy moves through depth, privacy, trust, emotional honesty, and intensity. Read this as current weather, not a personality trait.","People may notice language, information, decisions, and nervous energy taking on a more depth tone in conversations, choices, and timing.","overthinking, assuming, or moving too quickly to verify",Clarify the facts before committing.,"Useful for planning: watch how language, information, decisions, and nervous energy changes pace and choose the cleanest next move.",Experience first. Astrology explains after. Do not write current sky as personality.,packages/astro-knowledge/data/placements/sign/mercury-scorpio.json
Sky + You,placements/sign,mercury-taurus,Mercury in Taurus,"tldr: Mercury in Taurus: the mind is steady, practical, and grounded in what can be trusted. body: With Mercury in Taurus, thinking is deliberate and words carry weight. You communicate best when ideas have time to settle into something useful and real. gift: Reliability, practical judgment, memory, and a calm persuasive voice. voiceNeutral: true","Language, information, decisions, and nervous energy moves through stability, patience, material reality, comfort, and consistency. Read this as current weather, not a personality trait.","People may notice language, information, decisions, and nervous energy taking on a more stability tone in conversations, choices, and timing.","overthinking, assuming, or moving too quickly to verify",Clarify the facts before committing.,"Useful for planning: watch how language, information, decisions, and nervous energy changes pace and choose the cleanest next move.",Experience first. Astrology explains after. Do not write current sky as personality.,packages/astro-knowledge/data/placements/sign/mercury-taurus.json
Sky + You,placements/sign,mercury-virgo,Mercury in Virgo,"tldr: Mercury in Virgo: the mind is precise, analytical, and built for useful discernment. body: With Mercury in Virgo, Mercury is at home and exalted, so thinking can be clear, practical, and exact. You communicate best when details matter and improvement is possible. gift: Analysis, editing, craft, practical advice, and the ability to solve real problems. voiceNeutral: true","Language, information, decisions, and nervous energy moves through discernment, repair, routine, useful detail, and refinement. Read this as current weather, not a personality trait.","People may notice language, information, decisions, and nervous energy taking on a more discernment tone in conversations, choices, and timing.","overthinking, assuming, or moving too quickly to verify",Clarify the facts before committing.,"Useful for planning: watch how language, information, decisions, and nervous energy changes pace and choose the cleanest next move.",Experience first. Astrology explains after. Do not write current sky as personality.,packages/astro-knowledge/data/placements/sign/mercury-virgo.json
Sky + You,placements/sign,moon-aquarius,Moon in Aquarius,"tldr: The Moon in Aquarius: emotions need space, perspective, and honest individuality. body: With the Moon in Aquarius, feelings often process through distance, observation, and connection to a larger pattern. Emotional safety grows when difference is respected and belonging does not require conformity. gift: Objectivity, independence, social awareness, and emotional steadiness in group contexts. voiceNeutral: true","Emotion, instinct, needs, and daily rhythm moves through distance, systems, independence, collective patterns, and future orientation. Read this as current weather, not a personality trait.","People may notice emotion, instinct, needs, and daily rhythm taking on a more distance tone in conversations, choices, and timing.",letting a temporary mood make the decision,Name the feeling before responding to it.,"Useful for planning: watch how emotion, instinct, needs, and daily rhythm changes pace and choose the cleanest next move.",Experience first. Astrology explains after. Do not write current sky as personality.,packages/astro-knowledge/data/placements/sign/moon-aquarius.json
Sky + You,placements/sign,moon-aries,Moon in Aries,"tldr: The Moon in Aries: emotions move fast and need honest action. body: With the Moon in Aries, feelings come through heat, urgency, and the impulse to do something now. Emotional safety grows when you have freedom to act without being punished for wanting a direct path. gift: Emotional courage, independence, quick recovery, and instinctive leadership. voiceNeutral: true","Emotion, instinct, needs, and daily rhythm moves through urgency, courage, initiative, and direct action. Read this as current weather, not a personality trait.","People may notice emotion, instinct, needs, and daily rhythm taking on a more urgency tone in conversations, choices, and timing.",letting a temporary mood make the decision,Name the feeling before responding to it.,"Useful for planning: watch how emotion, instinct, needs, and daily rhythm changes pace and choose the cleanest next move.",Experience first. Astrology explains after. Do not write current sky as personality.,packages/astro-knowledge/data/placements/sign/moon-aries.json
Sky + You,placements/sign,moon-cancer,Moon in Cancer,"tldr: The Moon in Cancer: emotions are deep, protective, and rooted in belonging. body: With the Moon in Cancer, feelings need tenderness, memory, family, home, and emotional continuity. The Moon is at home here, so instinct and care are powerful when they are not used as armor. gift: Nurturing intelligence, intuition, devotion, and the ability to create emotional safety. voiceNeutral: true","Emotion, instinct, needs, and daily rhythm moves through memory, protection, belonging, care, and emotional context. Read this as current weather, not a personality trait.","People may notice emotion, instinct, needs, and daily rhythm taking on a more memory tone in conversations, choices, and timing.",letting a temporary mood make the decision,Name the feeling before responding to it.,"Useful for planning: watch how emotion, instinct, needs, and daily rhythm changes pace and choose the cleanest next move.",Experience first. Astrology explains after. Do not write current sky as personality.,packages/astro-knowledge/data/placements/sign/moon-cancer.json
Sky + You,placements/sign,moon-capricorn,Moon in Capricorn,"tldr: The Moon in Capricorn: emotions seek structure, responsibility, and earned security. body: With the Moon in Capricorn, feelings are serious, contained, and often managed through competence. The Moon is in detriment here, so softness may need deliberate permission before it feels safe. gift: Emotional discipline, reliability, maturity, and the ability to stay steady under pressure. voiceNeutral: true","Emotion, instinct, needs, and daily rhythm moves through structure, restraint, responsibility, practical next steps, and endurance. Read this as current weather, not a personality trait.","People may notice emotion, instinct, needs, and daily rhythm taking on a more structure tone in conversations, choices, and timing.",letting a temporary mood make the decision,Name the feeling before responding to it.,"Useful for planning: watch how emotion, instinct, needs, and daily rhythm changes pace and choose the cleanest next move.",Experience first. Astrology explains after. Do not write current sky as personality.,packages/astro-knowledge/data/placements/sign/moon-capricorn.json
Sky + You,placements/sign,moon-gemini,Moon in Gemini,"tldr: The Moon in Gemini: emotions need language, variety, and mental movement. body: With the Moon in Gemini, feelings process through conversation, curiosity, and naming what is happening. You may need to talk your way into clarity before your body can settle. gift: Emotional adaptability, humor, curiosity, and the ability to translate feelings into words. voiceNeutral: true","Emotion, instinct, needs, and daily rhythm moves through curiosity, language, movement, information, and adaptability. Read this as current weather, not a personality trait.","People may notice emotion, instinct, needs, and daily rhythm taking on a more curiosity tone in conversations, choices, and timing.",letting a temporary mood make the decision,Name the feeling before responding to it.,"Useful for planning: watch how emotion, instinct, needs, and daily rhythm changes pace and choose the cleanest next move.",Experience first. Astrology explains after. Do not write current sky as personality.,packages/astro-knowledge/data/placements/sign/moon-gemini.json
Sky + You,placements/sign,moon-leo,Moon in Leo,"tldr: The Moon in Leo: emotions need warmth, recognition, and creative expression. body: With the Moon in Leo, feelings want to be honored, not dismissed. Emotional safety grows when joy, play, affection, and appreciation are allowed to take up space. gift: Generosity, passion, loyalty, and the ability to make emotional life expressive and alive. voiceNeutral: true","Emotion, instinct, needs, and daily rhythm moves through visibility, confidence, creativity, recognition, and expressive warmth. Read this as current weather, not a personality trait.","People may notice emotion, instinct, needs, and daily rhythm taking on a more visibility tone in conversations, choices, and timing.",letting a temporary mood make the decision,Name the feeling before responding to it.,"Useful for planning: watch how emotion, instinct, needs, and daily rhythm changes pace and choose the cleanest next move.",Experience first. Astrology explains after. Do not write current sky as personality.,packages/astro-knowledge/data/placements/sign/moon-leo.json
Sky + You,placements/sign,moon-libra,Moon in Libra,"tldr: The Moon in Libra: emotions seek harmony, reciprocity, and relational balance. body: With the Moon in Libra, feelings are shaped by atmosphere, fairness, and the quality of connection. Emotional safety grows when relationships feel mutual instead of performative. gift: Diplomacy, grace, emotional fairness, and the ability to soothe conflict without losing nuance. voiceNeutral: true","Emotion, instinct, needs, and daily rhythm moves through relationship, fairness, aesthetics, agreement, and social balance. Read this as current weather, not a personality trait.","People may notice emotion, instinct, needs, and daily rhythm taking on a more relationship tone in conversations, choices, and timing.",letting a temporary mood make the decision,Name the feeling before responding to it.,"Useful for planning: watch how emotion, instinct, needs, and daily rhythm changes pace and choose the cleanest next move.",Experience first. Astrology explains after. Do not write current sky as personality.,packages/astro-knowledge/data/placements/sign/moon-libra.json
Sky + You,placements/sign,moon-pisces,Moon in Pisces,"tldr: The Moon in Pisces: emotions are sensitive, porous, and spiritually imaginative. body: With the Moon in Pisces, feelings move through intuition, dreams, compassion, music, art, and the unseen emotional field. Emotional safety grows when softness has boundaries. gift: Empathy, creativity, forgiveness, intuitive care, and emotional imagination. voiceNeutral: true","Emotion, instinct, needs, and daily rhythm moves through sensitivity, imagination, compassion, porous boundaries, and surrender. Read this as current weather, not a personality trait.","People may notice emotion, instinct, needs, and daily rhythm taking on a more sensitivity tone in conversations, choices, and timing.",letting a temporary mood make the decision,Name the feeling before responding to it.,"Useful for planning: watch how emotion, instinct, needs, and daily rhythm changes pace and choose the cleanest next move.",Experience first. Astrology explains after. Do not write current sky as personality.,packages/astro-knowledge/data/placements/sign/moon-pisces.json
Sky + You,placements/sign,moon-sagittarius,Moon in Sagittarius,"tldr: The Moon in Sagittarius: emotions need freedom, meaning, and wider perspective. body: With the Moon in Sagittarius, feelings move toward hope, exploration, humor, and the need to understand why something matters. Emotional safety grows when there is room to breathe and tell the truth. gift: Optimism, resilience, candor, and the ability to find meaning without staying trapped in heaviness. voiceNeutral: true","Emotion, instinct, needs, and daily rhythm moves through meaning, belief, exploration, perspective, and growth. Read this as current weather, not a personality trait.","People may notice emotion, instinct, needs, and daily rhythm taking on a more meaning tone in conversations, choices, and timing.",letting a temporary mood make the decision,Name the feeling before responding to it.,"Useful for planning: watch how emotion, instinct, needs, and daily rhythm changes pace and choose the cleanest next move.",Experience first. Astrology explains after. Do not write current sky as personality.,packages/astro-knowledge/data/placements/sign/moon-sagittarius.json
Sky + You,placements/sign,moon-scorpio,Moon in Scorpio,"tldr: The Moon in Scorpio: emotional nature is intense, private, and hard to soothe casually. body: With the Moon in Scorpio, the emotional life runs deep and guarded. You need trust before softness feels safe, and the Moon is in fall here, so feelings can become extreme until they are named honestly. gift: Crisis perception, emotional endurance, loyalty, investigative instinct, and the capacity to stay present with what others avoid. voiceNeutral: true","Emotion, instinct, needs, and daily rhythm moves through depth, privacy, trust, emotional honesty, and intensity. Read this as current weather, not a personality trait.","People may notice emotion, instinct, needs, and daily rhythm taking on a more depth tone in conversations, choices, and timing.",letting a temporary mood make the decision,Name the feeling before responding to it.,"Useful for planning: watch how emotion, instinct, needs, and daily rhythm changes pace and choose the cleanest next move.",Experience first. Astrology explains after. Do not write current sky as personality.,packages/astro-knowledge/data/placements/sign/moon-scorpio.json
Sky + You,placements/sign,moon-taurus,Moon in Taurus,"tldr: The Moon in Taurus: emotions seek steadiness, comfort, and embodied security. body: With the Moon in Taurus, feelings settle through consistency, touch, beauty, food, nature, and routines that make the body believe life is safe. The Moon is exalted here, so emotional grounding can become a real strength. gift: Calm presence, loyalty, patience, and the ability to regulate through simple, tangible care. voiceNeutral: true","Emotion, instinct, needs, and daily rhythm moves through stability, patience, material reality, comfort, and consistency. Read this as current weather, not a personality trait.","People may notice emotion, instinct, needs, and daily rhythm taking on a more stability tone in conversations, choices, and timing.",letting a temporary mood make the decision,Name the feeling before responding to it.,"Useful for planning: watch how emotion, instinct, needs, and daily rhythm changes pace and choose the cleanest next move.",Experience first. Astrology explains after. Do not write current sky as personality.,packages/astro-knowledge/data/placements/sign/moon-taurus.json
Sky + You,placements/sign,moon-virgo,Moon in Virgo,"tldr: The Moon in Virgo: emotions seek order, usefulness, and practical repair. body: With the Moon in Virgo, feelings often move through analysis, service, and the desire to make things better. Emotional safety grows when the nervous system has rhythm, clarity, and something manageable to tend. gift: Discernment, helpfulness, emotional precision, and the ability to improve daily life. voiceNeutral: true","Emotion, instinct, needs, and daily rhythm moves through discernment, repair, routine, useful detail, and refinement. Read this as current weather, not a personality trait.","People may notice emotion, instinct, needs, and daily rhythm taking on a more discernment tone in conversations, choices, and timing.",letting a temporary mood make the decision,Name the feeling before responding to it.,"Useful for planning: watch how emotion, instinct, needs, and daily rhythm changes pace and choose the cleanest next move.",Experience first. Astrology explains after. Do not write current sky as personality.,packages/astro-knowledge/data/placements/sign/moon-virgo.json
Sky + You,placements/sign,neptune-aquarius,Neptune in Aquarius,"tldr: Neptune in Aquarius. body: Imagination and idealism expressed through independent, principled detachment. (Modern planet; no traditional dignity.) gift: At work this reads as imagination and idealism carried out with independent. voiceNeutral: true","Imagination, longing, vision, sensitivity, and uncertainty moves through distance, systems, independence, collective patterns, and future orientation. Read this as current weather, not a personality trait.","People may notice imagination, longing, vision, sensitivity, and uncertainty taking on a more distance tone in conversations, choices, and timing.",mistaking a feeling for a fact,Write the insight down before it becomes vague again.,"Useful for planning: watch how imagination, longing, vision, sensitivity, and uncertainty changes pace and choose the cleanest next move.",Experience first. Astrology explains after. Do not write current sky as personality.,packages/astro-knowledge/data/placements/sign/neptune-aquarius.json
Sky + You,placements/sign,neptune-aries,Neptune in Aries,"tldr: Neptune in Aries. body: Imagination and idealism expressed through direct, fast, assertive force. (Modern planet; no traditional dignity.) gift: At work this reads as imagination and idealism carried out with direct. voiceNeutral: true","Imagination, longing, vision, sensitivity, and uncertainty moves through urgency, courage, initiative, and direct action. Read this as current weather, not a personality trait.","People may notice imagination, longing, vision, sensitivity, and uncertainty taking on a more urgency tone in conversations, choices, and timing.",mistaking a feeling for a fact,Write the insight down before it becomes vague again.,"Useful for planning: watch how imagination, longing, vision, sensitivity, and uncertainty changes pace and choose the cleanest next move.",Experience first. Astrology explains after. Do not write current sky as personality.,packages/astro-knowledge/data/placements/sign/neptune-aries.json
Sky + You,placements/sign,neptune-cancer,Neptune in Cancer,"tldr: Neptune in Cancer. body: Imagination and idealism expressed through protective, feeling-led care. (Modern planet; no traditional dignity.) gift: At work this reads as imagination and idealism carried out with protective. voiceNeutral: true","Imagination, longing, vision, sensitivity, and uncertainty moves through memory, protection, belonging, care, and emotional context. Read this as current weather, not a personality trait.","People may notice imagination, longing, vision, sensitivity, and uncertainty taking on a more memory tone in conversations, choices, and timing.",mistaking a feeling for a fact,Write the insight down before it becomes vague again.,"Useful for planning: watch how imagination, longing, vision, sensitivity, and uncertainty changes pace and choose the cleanest next move.",Experience first. Astrology explains after. Do not write current sky as personality.,packages/astro-knowledge/data/placements/sign/neptune-cancer.json
Sky + You,placements/sign,neptune-capricorn,Neptune in Capricorn,"tldr: Neptune in Capricorn. body: Imagination and idealism expressed through disciplined, ambitious restraint. (Modern planet; no traditional dignity.) gift: At work this reads as imagination and idealism carried out with disciplined. voiceNeutral: true","Imagination, longing, vision, sensitivity, and uncertainty moves through structure, restraint, responsibility, practical next steps, and endurance. Read this as current weather, not a personality trait.","People may notice imagination, longing, vision, sensitivity, and uncertainty taking on a more structure tone in conversations, choices, and timing.",mistaking a feeling for a fact,Write the insight down before it becomes vague again.,"Useful for planning: watch how imagination, longing, vision, sensitivity, and uncertainty changes pace and choose the cleanest next move.",Experience first. Astrology explains after. Do not write current sky as personality.,packages/astro-knowledge/data/placements/sign/neptune-capricorn.json
Sky + You,placements/sign,neptune-gemini,Neptune in Gemini,"tldr: Neptune in Gemini. body: Imagination and idealism expressed through curious, verbal versatility. (Modern planet; no traditional dignity.) gift: At work this reads as imagination and idealism carried out with curious. voiceNeutral: true","Imagination, longing, vision, sensitivity, and uncertainty moves through curiosity, language, movement, information, and adaptability. Read this as current weather, not a personality trait.","People may notice imagination, longing, vision, sensitivity, and uncertainty taking on a more curiosity tone in conversations, choices, and timing.",mistaking a feeling for a fact,Write the insight down before it becomes vague again.,"Useful for planning: watch how imagination, longing, vision, sensitivity, and uncertainty changes pace and choose the cleanest next move.",Experience first. Astrology explains after. Do not write current sky as personality.,packages/astro-knowledge/data/placements/sign/neptune-gemini.json
Sky + You,placements/sign,neptune-leo,Neptune in Leo,"tldr: Neptune in Leo. body: Imagination and idealism expressed through proud, expressive warmth. (Modern planet; no traditional dignity.) gift: At work this reads as imagination and idealism carried out with proud. voiceNeutral: true","Imagination, longing, vision, sensitivity, and uncertainty moves through visibility, confidence, creativity, recognition, and expressive warmth. Read this as current weather, not a personality trait.","People may notice imagination, longing, vision, sensitivity, and uncertainty taking on a more visibility tone in conversations, choices, and timing.",mistaking a feeling for a fact,Write the insight down before it becomes vague again.,"Useful for planning: watch how imagination, longing, vision, sensitivity, and uncertainty changes pace and choose the cleanest next move.",Experience first. Astrology explains after. Do not write current sky as personality.,packages/astro-knowledge/data/placements/sign/neptune-leo.json
Sky + You,placements/sign,neptune-libra,Neptune in Libra,"tldr: Neptune in Libra. body: Imagination and idealism expressed through relational, fair-minded balance. (Modern planet; no traditional dignity.) gift: At work this reads as imagination and idealism carried out with relational. voiceNeutral: true","Imagination, longing, vision, sensitivity, and uncertainty moves through relationship, fairness, aesthetics, agreement, and social balance. Read this as current weather, not a personality trait.","People may notice imagination, longing, vision, sensitivity, and uncertainty taking on a more relationship tone in conversations, choices, and timing.",mistaking a feeling for a fact,Write the insight down before it becomes vague again.,"Useful for planning: watch how imagination, longing, vision, sensitivity, and uncertainty changes pace and choose the cleanest next move.",Experience first. Astrology explains after. Do not write current sky as personality.,packages/astro-knowledge/data/placements/sign/neptune-libra.json
Sky + You,placements/sign,neptune-pisces,Neptune in Pisces,"tldr: Neptune in Pisces. body: Imagination and idealism expressed through imaginative, boundary-less compassion. (Modern planet; no traditional dignity.) Modern affinity with this sign. gift: At work this reads as imagination and idealism carried out with imaginative. voiceNeutral: true","Imagination, longing, vision, sensitivity, and uncertainty moves through sensitivity, imagination, compassion, porous boundaries, and surrender. Read this as current weather, not a personality trait.","People may notice imagination, longing, vision, sensitivity, and uncertainty taking on a more sensitivity tone in conversations, choices, and timing.",mistaking a feeling for a fact,Write the insight down before it becomes vague again.,"Useful for planning: watch how imagination, longing, vision, sensitivity, and uncertainty changes pace and choose the cleanest next move.",Experience first. Astrology explains after. Do not write current sky as personality.,packages/astro-knowledge/data/placements/sign/neptune-pisces.json
Sky + You,placements/sign,neptune-sagittarius,Neptune in Sagittarius,"tldr: Neptune in Sagittarius. body: Imagination and idealism expressed through expansive, freedom-loving optimism. (Modern planet; no traditional dignity.) gift: At work this reads as imagination and idealism carried out with expansive. voiceNeutral: true","Imagination, longing, vision, sensitivity, and uncertainty moves through meaning, belief, exploration, perspective, and growth. Read this as current weather, not a personality trait.","People may notice imagination, longing, vision, sensitivity, and uncertainty taking on a more meaning tone in conversations, choices, and timing.",mistaking a feeling for a fact,Write the insight down before it becomes vague again.,"Useful for planning: watch how imagination, longing, vision, sensitivity, and uncertainty changes pace and choose the cleanest next move.",Experience first. Astrology explains after. Do not write current sky as personality.,packages/astro-knowledge/data/placements/sign/neptune-sagittarius.json
Sky + You,placements/sign,neptune-scorpio,Neptune in Scorpio,"tldr: Neptune in Scorpio. body: Imagination and idealism expressed through intense, controlling depth. (Modern planet; no traditional dignity.) gift: At work this reads as imagination and idealism carried out with intense. voiceNeutral: true","Imagination, longing, vision, sensitivity, and uncertainty moves through depth, privacy, trust, emotional honesty, and intensity. Read this as current weather, not a personality trait.","People may notice imagination, longing, vision, sensitivity, and uncertainty taking on a more depth tone in conversations, choices, and timing.",mistaking a feeling for a fact,Write the insight down before it becomes vague again.,"Useful for planning: watch how imagination, longing, vision, sensitivity, and uncertainty changes pace and choose the cleanest next move.",Experience first. Astrology explains after. Do not write current sky as personality.,packages/astro-knowledge/data/placements/sign/neptune-scorpio.json
Sky + You,placements/sign,neptune-taurus,Neptune in Taurus,"tldr: Neptune in Taurus. body: Imagination and idealism expressed through steady, sensual patience. (Modern planet; no traditional dignity.) gift: At work this reads as imagination and idealism carried out with steady. voiceNeutral: true","Imagination, longing, vision, sensitivity, and uncertainty moves through stability, patience, material reality, comfort, and consistency. Read this as current weather, not a personality trait.","People may notice imagination, longing, vision, sensitivity, and uncertainty taking on a more stability tone in conversations, choices, and timing.",mistaking a feeling for a fact,Write the insight down before it becomes vague again.,"Useful for planning: watch how imagination, longing, vision, sensitivity, and uncertainty changes pace and choose the cleanest next move.",Experience first. Astrology explains after. Do not write current sky as personality.,packages/astro-knowledge/data/placements/sign/neptune-taurus.json
Sky + You,placements/sign,neptune-virgo,Neptune in Virgo,"tldr: Neptune in Virgo. body: Imagination and idealism expressed through precise, analytical usefulness. (Modern planet; no traditional dignity.) gift: At work this reads as imagination and idealism carried out with precise. voiceNeutral: true","Imagination, longing, vision, sensitivity, and uncertainty moves through discernment, repair, routine, useful detail, and refinement. Read this as current weather, not a personality trait.","People may notice imagination, longing, vision, sensitivity, and uncertainty taking on a more discernment tone in conversations, choices, and timing.",mistaking a feeling for a fact,Write the insight down before it becomes vague again.,"Useful for planning: watch how imagination, longing, vision, sensitivity, and uncertainty changes pace and choose the cleanest next move.",Experience first. Astrology explains after. Do not write current sky as personality.,packages/astro-knowledge/data/placements/sign/neptune-virgo.json
Sky + You,placements/sign,pluto-aquarius,Pluto in Aquarius,"tldr: Pluto in Aquarius. body: Power and the urge to transform expressed through independent, principled detachment. (Modern planet; no traditional dignity.) gift: At work this reads as power and the urge to transform carried out with independent. voiceNeutral: true","Depth, power, pressure, release, and transformation moves through distance, systems, independence, collective patterns, and future orientation. Read this as current weather, not a personality trait.","People may notice depth, power, pressure, release, and transformation taking on a more distance tone in conversations, choices, and timing.",trying to control what actually needs to be understood or released,Name what has become too intense to ignore.,"Useful for planning: watch how depth, power, pressure, release, and transformation changes pace and choose the cleanest next move.",Experience first. Astrology explains after. Do not write current sky as personality.,packages/astro-knowledge/data/placements/sign/pluto-aquarius.json
Sky + You,placements/sign,pluto-aries,Pluto in Aries,"tldr: Pluto in Aries. body: Power and the urge to transform expressed through direct, fast, assertive force. (Modern planet; no traditional dignity.) gift: At work this reads as power and the urge to transform carried out with direct. voiceNeutral: true","Depth, power, pressure, release, and transformation moves through urgency, courage, initiative, and direct action. Read this as current weather, not a personality trait.","People may notice depth, power, pressure, release, and transformation taking on a more urgency tone in conversations, choices, and timing.",trying to control what actually needs to be understood or released,Name what has become too intense to ignore.,"Useful for planning: watch how depth, power, pressure, release, and transformation changes pace and choose the cleanest next move.",Experience first. Astrology explains after. Do not write current sky as personality.,packages/astro-knowledge/data/placements/sign/pluto-aries.json
Sky + You,placements/sign,pluto-cancer,Pluto in Cancer,"tldr: Pluto in Cancer. body: Power and the urge to transform expressed through protective, feeling-led care. (Modern planet; no traditional dignity.) gift: At work this reads as power and the urge to transform carried out with protective. voiceNeutral: true","Depth, power, pressure, release, and transformation moves through memory, protection, belonging, care, and emotional context. Read this as current weather, not a personality trait.","People may notice depth, power, pressure, release, and transformation taking on a more memory tone in conversations, choices, and timing.",trying to control what actually needs to be understood or released,Name what has become too intense to ignore.,"Useful for planning: watch how depth, power, pressure, release, and transformation changes pace and choose the cleanest next move.",Experience first. Astrology explains after. Do not write current sky as personality.,packages/astro-knowledge/data/placements/sign/pluto-cancer.json
Sky + You,placements/sign,pluto-capricorn,Pluto in Capricorn,"tldr: Pluto in Capricorn. body: Power and the urge to transform expressed through disciplined, ambitious restraint. (Modern planet; no traditional dignity.) gift: At work this reads as power and the urge to transform carried out with disciplined. voiceNeutral: true","Depth, power, pressure, release, and transformation moves through structure, restraint, responsibility, practical next steps, and endurance. Read this as current weather, not a personality trait.","People may notice depth, power, pressure, release, and transformation taking on a more structure tone in conversations, choices, and timing.",trying to control what actually needs to be understood or released,Name what has become too intense to ignore.,"Useful for planning: watch how depth, power, pressure, release, and transformation changes pace and choose the cleanest next move.",Experience first. Astrology explains after. Do not write current sky as personality.,packages/astro-knowledge/data/placements/sign/pluto-capricorn.json
Sky + You,placements/sign,pluto-gemini,Pluto in Gemini,"tldr: Pluto in Gemini. body: Power and the urge to transform expressed through curious, verbal versatility. (Modern planet; no traditional dignity.) gift: At work this reads as power and the urge to transform carried out with curious. voiceNeutral: true","Depth, power, pressure, release, and transformation moves through curiosity, language, movement, information, and adaptability. Read this as current weather, not a personality trait.","People may notice depth, power, pressure, release, and transformation taking on a more curiosity tone in conversations, choices, and timing.",trying to control what actually needs to be understood or released,Name what has become too intense to ignore.,"Useful for planning: watch how depth, power, pressure, release, and transformation changes pace and choose the cleanest next move.",Experience first. Astrology explains after. Do not write current sky as personality.,packages/astro-knowledge/data/placements/sign/pluto-gemini.json
Sky + You,placements/sign,pluto-leo,Pluto in Leo,"tldr: Pluto in Leo. body: Power and the urge to transform expressed through proud, expressive warmth. (Modern planet; no traditional dignity.) gift: At work this reads as power and the urge to transform carried out with proud. voiceNeutral: true","Depth, power, pressure, release, and transformation moves through visibility, confidence, creativity, recognition, and expressive warmth. Read this as current weather, not a personality trait.","People may notice depth, power, pressure, release, and transformation taking on a more visibility tone in conversations, choices, and timing.",trying to control what actually needs to be understood or released,Name what has become too intense to ignore.,"Useful for planning: watch how depth, power, pressure, release, and transformation changes pace and choose the cleanest next move.",Experience first. Astrology explains after. Do not write current sky as personality.,packages/astro-knowledge/data/placements/sign/pluto-leo.json
Sky + You,placements/sign,pluto-libra,Pluto in Libra,"tldr: Pluto in Libra. body: Power and the urge to transform expressed through relational, fair-minded balance. (Modern planet; no traditional dignity.) gift: At work this reads as power and the urge to transform carried out with relational. voiceNeutral: true","Depth, power, pressure, release, and transformation moves through relationship, fairness, aesthetics, agreement, and social balance. Read this as current weather, not a personality trait.","People may notice depth, power, pressure, release, and transformation taking on a more relationship tone in conversations, choices, and timing.",trying to control what actually needs to be understood or released,Name what has become too intense to ignore.,"Useful for planning: watch how depth, power, pressure, release, and transformation changes pace and choose the cleanest next move.",Experience first. Astrology explains after. Do not write current sky as personality.,packages/astro-knowledge/data/placements/sign/pluto-libra.json
Sky + You,placements/sign,pluto-pisces,Pluto in Pisces,"tldr: Pluto in Pisces. body: Power and the urge to transform expressed through imaginative, boundary-less compassion. (Modern planet; no traditional dignity.) gift: At work this reads as power and the urge to transform carried out with imaginative. voiceNeutral: true","Depth, power, pressure, release, and transformation moves through sensitivity, imagination, compassion, porous boundaries, and surrender. Read this as current weather, not a personality trait.","People may notice depth, power, pressure, release, and transformation taking on a more sensitivity tone in conversations, choices, and timing.",trying to control what actually needs to be understood or released,Name what has become too intense to ignore.,"Useful for planning: watch how depth, power, pressure, release, and transformation changes pace and choose the cleanest next move.",Experience first. Astrology explains after. Do not write current sky as personality.,packages/astro-knowledge/data/placements/sign/pluto-pisces.json
Sky + You,placements/sign,pluto-sagittarius,Pluto in Sagittarius,"tldr: Pluto in Sagittarius. body: Power and the urge to transform expressed through expansive, freedom-loving optimism. (Modern planet; no traditional dignity.) gift: At work this reads as power and the urge to transform carried out with expansive. voiceNeutral: true","Depth, power, pressure, release, and transformation moves through meaning, belief, exploration, perspective, and growth. Read this as current weather, not a personality trait.","People may notice depth, power, pressure, release, and transformation taking on a more meaning tone in conversations, choices, and timing.",trying to control what actually needs to be understood or released,Name what has become too intense to ignore.,"Useful for planning: watch how depth, power, pressure, release, and transformation changes pace and choose the cleanest next move.",Experience first. Astrology explains after. Do not write current sky as personality.,packages/astro-knowledge/data/placements/sign/pluto-sagittarius.json
Sky + You,placements/sign,pluto-scorpio,Pluto in Scorpio,"tldr: Pluto in Scorpio. body: Power and the urge to transform expressed through intense, controlling depth. (Modern planet; no traditional dignity.) Modern affinity with this sign. gift: At work this reads as power and the urge to transform carried out with intense. voiceNeutral: true","Depth, power, pressure, release, and transformation moves through depth, privacy, trust, emotional honesty, and intensity. Read this as current weather, not a personality trait.","People may notice depth, power, pressure, release, and transformation taking on a more depth tone in conversations, choices, and timing.",trying to control what actually needs to be understood or released,Name what has become too intense to ignore.,"Useful for planning: watch how depth, power, pressure, release, and transformation changes pace and choose the cleanest next move.",Experience first. Astrology explains after. Do not write current sky as personality.,packages/astro-knowledge/data/placements/sign/pluto-scorpio.json
Sky + You,placements/sign,pluto-taurus,Pluto in Taurus,"tldr: Pluto in Taurus. body: Power and the urge to transform expressed through steady, sensual patience. (Modern planet; no traditional dignity.) gift: At work this reads as power and the urge to transform carried out with steady. voiceNeutral: true","Depth, power, pressure, release, and transformation moves through stability, patience, material reality, comfort, and consistency. Read this as current weather, not a personality trait.","People may notice depth, power, pressure, release, and transformation taking on a more stability tone in conversations, choices, and timing.",trying to control what actually needs to be understood or released,Name what has become too intense to ignore.,"Useful for planning: watch how depth, power, pressure, release, and transformation changes pace and choose the cleanest next move.",Experience first. Astrology explains after. Do not write current sky as personality.,packages/astro-knowledge/data/placements/sign/pluto-taurus.json
Sky + You,placements/sign,pluto-virgo,Pluto in Virgo,"tldr: Pluto in Virgo. body: Power and the urge to transform expressed through precise, analytical usefulness. (Modern planet; no traditional dignity.) gift: At work this reads as power and the urge to transform carried out with precise. voiceNeutral: true","Depth, power, pressure, release, and transformation moves through discernment, repair, routine, useful detail, and refinement. Read this as current weather, not a personality trait.","People may notice depth, power, pressure, release, and transformation taking on a more discernment tone in conversations, choices, and timing.",trying to control what actually needs to be understood or released,Name what has become too intense to ignore.,"Useful for planning: watch how depth, power, pressure, release, and transformation changes pace and choose the cleanest next move.",Experience first. Astrology explains after. Do not write current sky as personality.,packages/astro-knowledge/data/placements/sign/pluto-virgo.json
Sky + You,placements/sign,saturn-aquarius,Saturn in Aquarius,"tldr: Saturn in Aquarius: discipline must be learned through community, systems, and future responsibility. body: With Saturn in Aquarius, the work is understanding your role inside the collective without surrendering your individuality. Saturn is at home here, so vision becomes powerful when it is structured. gift: Systemic thinking, social responsibility, innovation with discipline, and durable community work. voiceNeutral: true","Structure, limits, responsibility, time, and consequence moves through distance, systems, independence, collective patterns, and future orientation. Read this as current weather, not a personality trait.","People may notice structure, limits, responsibility, time, and consequence taking on a more distance tone in conversations, choices, and timing.",confusing caution with wisdom or delay with failure,Define the next responsibility and make it manageable.,"Useful for planning: watch how structure, limits, responsibility, time, and consequence changes pace and choose the cleanest next move.",Experience first. Astrology explains after. Do not write current sky as personality.,packages/astro-knowledge/data/placements/sign/saturn-aquarius.json
Sky + You,placements/sign,saturn-aries,Saturn in Aries,"tldr: Saturn in Aries: discipline must be learned through courage and self-direction. body: With Saturn in Aries, the work is developing initiative without recklessness and authority without constant combat. Patience becomes the tool that makes courage sustainable. gift: Self-command, mature leadership, and the ability to act with restraint instead of fear. voiceNeutral: true","Structure, limits, responsibility, time, and consequence moves through urgency, courage, initiative, and direct action. Read this as current weather, not a personality trait.","People may notice structure, limits, responsibility, time, and consequence taking on a more urgency tone in conversations, choices, and timing.",confusing caution with wisdom or delay with failure,Define the next responsibility and make it manageable.,"Useful for planning: watch how structure, limits, responsibility, time, and consequence changes pace and choose the cleanest next move.",Experience first. Astrology explains after. Do not write current sky as personality.,packages/astro-knowledge/data/placements/sign/saturn-aries.json
Sky + You,placements/sign,saturn-cancer,Saturn in Cancer,"tldr: Saturn in Cancer: discipline must be learned through emotional foundations and care. body: With Saturn in Cancer, the work is building inner security, mature boundaries, and a home within yourself that does not depend on everyone else being okay first. gift: Emotional responsibility, protective strength, and the ability to create durable safety. voiceNeutral: true","Structure, limits, responsibility, time, and consequence moves through memory, protection, belonging, care, and emotional context. Read this as current weather, not a personality trait.","People may notice structure, limits, responsibility, time, and consequence taking on a more memory tone in conversations, choices, and timing.",confusing caution with wisdom or delay with failure,Define the next responsibility and make it manageable.,"Useful for planning: watch how structure, limits, responsibility, time, and consequence changes pace and choose the cleanest next move.",Experience first. Astrology explains after. Do not write current sky as personality.,packages/astro-knowledge/data/placements/sign/saturn-cancer.json
Sky + You,placements/sign,saturn-capricorn,Saturn in Capricorn,"tldr: Saturn in Capricorn: discipline is strong, structural, and built for long-range mastery. body: With Saturn in Capricorn, the work is responsibility, ambition, endurance, and wise authority. Saturn is at home here, so effort can become legacy when it does not harden the heart. gift: Strategy, resilience, leadership, and the ability to build something that lasts. voiceNeutral: true","Structure, limits, responsibility, time, and consequence moves through structure, restraint, responsibility, practical next steps, and endurance. Read this as current weather, not a personality trait.","People may notice structure, limits, responsibility, time, and consequence taking on a more structure tone in conversations, choices, and timing.",confusing caution with wisdom or delay with failure,Define the next responsibility and make it manageable.,"Useful for planning: watch how structure, limits, responsibility, time, and consequence changes pace and choose the cleanest next move.",Experience first. Astrology explains after. Do not write current sky as personality.,packages/astro-knowledge/data/placements/sign/saturn-capricorn.json
Sky + You,placements/sign,saturn-gemini,Saturn in Gemini,"tldr: Saturn in Gemini: discipline must be learned through thought, language, and communication. body: With Saturn in Gemini, the work is refining the mind, choosing words carefully, and trusting that your voice can become stronger through practice. gift: Serious study, precise communication, and the ability to turn scattered ideas into structure. voiceNeutral: true","Structure, limits, responsibility, time, and consequence moves through curiosity, language, movement, information, and adaptability. Read this as current weather, not a personality trait.","People may notice structure, limits, responsibility, time, and consequence taking on a more curiosity tone in conversations, choices, and timing.",confusing caution with wisdom or delay with failure,Define the next responsibility and make it manageable.,"Useful for planning: watch how structure, limits, responsibility, time, and consequence changes pace and choose the cleanest next move.",Experience first. Astrology explains after. Do not write current sky as personality.,packages/astro-knowledge/data/placements/sign/saturn-gemini.json
Sky + You,placements/sign,saturn-leo,Saturn in Leo,"tldr: Saturn in Leo: discipline must be learned through creativity, visibility, and humility. body: With Saturn in Leo, the work is claiming expression without demanding constant validation. Confidence becomes real when it can survive both praise and silence. gift: Creative discipline, dignified leadership, and reliable self-expression. voiceNeutral: true","Structure, limits, responsibility, time, and consequence moves through visibility, confidence, creativity, recognition, and expressive warmth. Read this as current weather, not a personality trait.","People may notice structure, limits, responsibility, time, and consequence taking on a more visibility tone in conversations, choices, and timing.",confusing caution with wisdom or delay with failure,Define the next responsibility and make it manageable.,"Useful for planning: watch how structure, limits, responsibility, time, and consequence changes pace and choose the cleanest next move.",Experience first. Astrology explains after. Do not write current sky as personality.,packages/astro-knowledge/data/placements/sign/saturn-leo.json
Sky + You,placements/sign,saturn-libra,Saturn in Libra,"tldr: Saturn in Libra: discipline applied to relationship, fairness, and lasting agreements. body: With Saturn in Libra, the work is building just, committed, durable bonds. Saturn is exalted here, so structure and accountability can become unusually effective in partnership and negotiation. gift: Principled judgment, durable partnership-building, respect for agreements, and the ability to make fairness practical. voiceNeutral: true","Structure, limits, responsibility, time, and consequence moves through relationship, fairness, aesthetics, agreement, and social balance. Read this as current weather, not a personality trait.","People may notice structure, limits, responsibility, time, and consequence taking on a more relationship tone in conversations, choices, and timing.",confusing caution with wisdom or delay with failure,Define the next responsibility and make it manageable.,"Useful for planning: watch how structure, limits, responsibility, time, and consequence changes pace and choose the cleanest next move.",Experience first. Astrology explains after. Do not write current sky as personality.,packages/astro-knowledge/data/placements/sign/saturn-libra.json
Sky + You,placements/sign,saturn-pisces,Saturn in Pisces,"tldr: Saturn in Pisces: discipline must be learned through compassion, faith, and boundaries with the unseen. body: With Saturn in Pisces, the work is giving shape to intuition and learning that spiritual life still needs structure. Sensitivity becomes trustworthy when it has boundaries. gift: Spiritual discipline, compassionate responsibility, and the ability to ground imagination. voiceNeutral: true","Structure, limits, responsibility, time, and consequence moves through sensitivity, imagination, compassion, porous boundaries, and surrender. Read this as current weather, not a personality trait.","People may notice structure, limits, responsibility, time, and consequence taking on a more sensitivity tone in conversations, choices, and timing.",confusing caution with wisdom or delay with failure,Define the next responsibility and make it manageable.,"Useful for planning: watch how structure, limits, responsibility, time, and consequence changes pace and choose the cleanest next move.",Experience first. Astrology explains after. Do not write current sky as personality.,packages/astro-knowledge/data/placements/sign/saturn-pisces.json
Sky + You,placements/sign,saturn-sagittarius,Saturn in Sagittarius,"tldr: Saturn in Sagittarius: discipline must be learned through truth, belief, and embodied wisdom. body: With Saturn in Sagittarius, the work is testing your philosophies against lived reality. Belief has to become practice, not a speech you give when life is easier. gift: Integrity, disciplined study, mature teaching, and principled expansion. voiceNeutral: true","Structure, limits, responsibility, time, and consequence moves through meaning, belief, exploration, perspective, and growth. Read this as current weather, not a personality trait.","People may notice structure, limits, responsibility, time, and consequence taking on a more meaning tone in conversations, choices, and timing.",confusing caution with wisdom or delay with failure,Define the next responsibility and make it manageable.,"Useful for planning: watch how structure, limits, responsibility, time, and consequence changes pace and choose the cleanest next move.",Experience first. Astrology explains after. Do not write current sky as personality.,packages/astro-knowledge/data/placements/sign/saturn-sagittarius.json
Sky + You,placements/sign,saturn-scorpio,Saturn in Scorpio,"tldr: Saturn in Scorpio: discipline must be learned through trust, power, and transformation. body: With Saturn in Scorpio, the work is facing fear, control, grief, intimacy, and what cannot be healed by staying on the surface. Depth becomes mastery when secrecy gives way to self-honesty. gift: Emotional endurance, strategic focus, and the ability to transform pain into mature power. voiceNeutral: true","Structure, limits, responsibility, time, and consequence moves through depth, privacy, trust, emotional honesty, and intensity. Read this as current weather, not a personality trait.","People may notice structure, limits, responsibility, time, and consequence taking on a more depth tone in conversations, choices, and timing.",confusing caution with wisdom or delay with failure,Define the next responsibility and make it manageable.,"Useful for planning: watch how structure, limits, responsibility, time, and consequence changes pace and choose the cleanest next move.",Experience first. Astrology explains after. Do not write current sky as personality.,packages/astro-knowledge/data/placements/sign/saturn-scorpio.json
Sky + You,placements/sign,saturn-taurus,Saturn in Taurus,"tldr: Saturn in Taurus: discipline must be learned through resources, patience, and embodied security. body: With Saturn in Taurus, the work is building stability slowly and learning that value is proven through care, consistency, and wise stewardship. gift: Financial discipline, endurance, practical skill, and respect for what lasts. voiceNeutral: true","Structure, limits, responsibility, time, and consequence moves through stability, patience, material reality, comfort, and consistency. Read this as current weather, not a personality trait.","People may notice structure, limits, responsibility, time, and consequence taking on a more stability tone in conversations, choices, and timing.",confusing caution with wisdom or delay with failure,Define the next responsibility and make it manageable.,"Useful for planning: watch how structure, limits, responsibility, time, and consequence changes pace and choose the cleanest next move.",Experience first. Astrology explains after. Do not write current sky as personality.,packages/astro-knowledge/data/placements/sign/saturn-taurus.json
Sky + You,placements/sign,saturn-virgo,Saturn in Virgo,"tldr: Saturn in Virgo: discipline must be learned through craft, health, and daily refinement. body: With Saturn in Virgo, the work is developing skill, discernment, and useful routines without turning improvement into punishment. gift: Mastery of craft, practical intelligence, and devotion to meaningful service. voiceNeutral: true","Structure, limits, responsibility, time, and consequence moves through discernment, repair, routine, useful detail, and refinement. Read this as current weather, not a personality trait.","People may notice structure, limits, responsibility, time, and consequence taking on a more discernment tone in conversations, choices, and timing.",confusing caution with wisdom or delay with failure,Define the next responsibility and make it manageable.,"Useful for planning: watch how structure, limits, responsibility, time, and consequence changes pace and choose the cleanest next move.",Experience first. Astrology explains after. Do not write current sky as personality.,packages/astro-knowledge/data/placements/sign/saturn-virgo.json
Sky + You,placements/sign,sun-aquarius,Sun in Aquarius,"tldr: The Sun in Aquarius: identity built through originality, community, and future vision. body: With the Sun in Aquarius, the core self strengthens through independent thought, social awareness, and the courage to live outside stale expectations. You are here to bring perspective that serves more than the self. gift: Innovation, objectivity, humanitarian vision, and the ability to see systems clearly. voiceNeutral: true","Attention, vitality, visibility, and confidence moves through distance, systems, independence, collective patterns, and future orientation. Read this as current weather, not a personality trait.","People may notice attention, vitality, visibility, and confidence taking on a more distance tone in conversations, choices, and timing.","needing certainty, approval, or control before acting",Choose the one place your attention matters most.,"Useful for planning: watch how attention, vitality, visibility, and confidence changes pace and choose the cleanest next move.",Experience first. Astrology explains after. Do not write current sky as personality.,packages/astro-knowledge/data/placements/sign/sun-aquarius.json
Sky + You,placements/sign,sun-aries,Sun in Aries,"tldr: The Sun in Aries: identity built through courage, initiation, and direct self-assertion. body: With the Sun in Aries, the core self strengthens when you act, choose, begin, and trust the first honest impulse. You are here to develop courage without needing permission to move. gift: Leadership, bravery, independence, and the ability to begin what others only discuss. voiceNeutral: true","Attention, vitality, visibility, and confidence moves through urgency, courage, initiative, and direct action. Read this as current weather, not a personality trait.","People may notice attention, vitality, visibility, and confidence taking on a more urgency tone in conversations, choices, and timing.","needing certainty, approval, or control before acting",Choose the one place your attention matters most.,"Useful for planning: watch how attention, vitality, visibility, and confidence changes pace and choose the cleanest next move.",Experience first. Astrology explains after. Do not write current sky as personality.,packages/astro-knowledge/data/placements/sign/sun-aries.json
Sky + You,placements/sign,sun-cancer,Sun in Cancer,"tldr: The Sun in Cancer: identity built through care, memory, and emotional belonging. body: With the Sun in Cancer, the core self strengthens when you protect what matters and build spaces where tenderness can survive. You are here to trust emotional intelligence as real guidance. gift: Nurturing leadership, intuition, loyalty, and the ability to create emotional safety. voiceNeutral: true","Attention, vitality, visibility, and confidence moves through memory, protection, belonging, care, and emotional context. Read this as current weather, not a personality trait.","People may notice attention, vitality, visibility, and confidence taking on a more memory tone in conversations, choices, and timing.","needing certainty, approval, or control before acting",Choose the one place your attention matters most.,"Useful for planning: watch how attention, vitality, visibility, and confidence changes pace and choose the cleanest next move.",Experience first. Astrology explains after. Do not write current sky as personality.,packages/astro-knowledge/data/placements/sign/sun-cancer.json
Sky + You,placements/sign,sun-capricorn,Sun in Capricorn,"tldr: The Sun in Capricorn: identity built through responsibility, mastery, and long-term creation. body: With the Sun in Capricorn, the core self strengthens through discipline, structure, ambition, and earned authority. You are here to build something durable without sacrificing your humanity to the climb. gift: Strategy, endurance, leadership, patience, and the ability to turn effort into legacy. voiceNeutral: true","Attention, vitality, visibility, and confidence moves through structure, restraint, responsibility, practical next steps, and endurance. Read this as current weather, not a personality trait.","People may notice attention, vitality, visibility, and confidence taking on a more structure tone in conversations, choices, and timing.","needing certainty, approval, or control before acting",Choose the one place your attention matters most.,"Useful for planning: watch how attention, vitality, visibility, and confidence changes pace and choose the cleanest next move.",Experience first. Astrology explains after. Do not write current sky as personality.,packages/astro-knowledge/data/placements/sign/sun-capricorn.json
Sky + You,placements/sign,sun-gemini,Sun in Gemini,"tldr: The Sun in Gemini: identity built through curiosity, language, and connection. body: With the Sun in Gemini, the core self strengthens through learning, asking, translating, and staying mentally alive. You are here to gather experience and turn it into useful understanding. gift: Communication, adaptability, wit, and the ability to connect ideas and people. voiceNeutral: true","Attention, vitality, visibility, and confidence moves through curiosity, language, movement, information, and adaptability. Read this as current weather, not a personality trait.","People may notice attention, vitality, visibility, and confidence taking on a more curiosity tone in conversations, choices, and timing.","needing certainty, approval, or control before acting",Choose the one place your attention matters most.,"Useful for planning: watch how attention, vitality, visibility, and confidence changes pace and choose the cleanest next move.",Experience first. Astrology explains after. Do not write current sky as personality.,packages/astro-knowledge/data/placements/sign/sun-gemini.json
Sky + You,placements/sign,sun-leo,Sun in Leo,"tldr: The Sun in Leo: identity built through expression, visibility, and creative warmth. body: With the Sun in Leo, the core self strengthens through being seen, creating boldly, and leading from the heart. The Sun is at home in Leo, so confidence works cleanly when it has a generous purpose. gift: Magnetic presence, creative leadership, warmth, courage, and the ability to energize a room. voiceNeutral: true","Attention, vitality, visibility, and confidence moves through visibility, confidence, creativity, recognition, and expressive warmth. Read this as current weather, not a personality trait.","People may notice attention, vitality, visibility, and confidence taking on a more visibility tone in conversations, choices, and timing.","needing certainty, approval, or control before acting",Choose the one place your attention matters most.,"Useful for planning: watch how attention, vitality, visibility, and confidence changes pace and choose the cleanest next move.",Experience first. Astrology explains after. Do not write current sky as personality.,packages/astro-knowledge/data/placements/sign/sun-leo.json
Sky + You,placements/sign,sun-libra,Sun in Libra,"tldr: The Sun in Libra: identity built through relationship, balance, and ethical choice. body: With the Sun in Libra, the core self strengthens through partnership, beauty, fairness, and the ability to consider more than one side. You are here to create harmony without losing your own center. gift: Diplomacy, charm, fairness, social intelligence, and partnership skill. voiceNeutral: true","Attention, vitality, visibility, and confidence moves through relationship, fairness, aesthetics, agreement, and social balance. Read this as current weather, not a personality trait.","People may notice attention, vitality, visibility, and confidence taking on a more relationship tone in conversations, choices, and timing.","needing certainty, approval, or control before acting",Choose the one place your attention matters most.,"Useful for planning: watch how attention, vitality, visibility, and confidence changes pace and choose the cleanest next move.",Experience first. Astrology explains after. Do not write current sky as personality.,packages/astro-knowledge/data/placements/sign/sun-libra.json
Sky + You,placements/sign,sun-pisces,Sun in Pisces,"tldr: The Sun in Pisces: identity built through compassion, imagination, and spiritual sensitivity. body: With the Sun in Pisces, the core self strengthens through empathy, creativity, intuition, and connection to what cannot be measured. You are here to keep your heart open while still staying embodied. gift: Compassion, artistry, intuition, forgiveness, and imaginative wisdom. voiceNeutral: true","Attention, vitality, visibility, and confidence moves through sensitivity, imagination, compassion, porous boundaries, and surrender. Read this as current weather, not a personality trait.","People may notice attention, vitality, visibility, and confidence taking on a more sensitivity tone in conversations, choices, and timing.","needing certainty, approval, or control before acting",Choose the one place your attention matters most.,"Useful for planning: watch how attention, vitality, visibility, and confidence changes pace and choose the cleanest next move.",Experience first. Astrology explains after. Do not write current sky as personality.,packages/astro-knowledge/data/placements/sign/sun-pisces.json
Sky + You,placements/sign,sun-sagittarius,Sun in Sagittarius,"tldr: The Sun in Sagittarius: identity built through truth, freedom, and lived wisdom. body: With the Sun in Sagittarius, the core self strengthens through exploration, study, candor, and the search for meaning. You are here to keep widening the view while embodying what you claim to believe. gift: Optimism, teaching, humor, honesty, and faith in possibility. voiceNeutral: true","Attention, vitality, visibility, and confidence moves through meaning, belief, exploration, perspective, and growth. Read this as current weather, not a personality trait.","People may notice attention, vitality, visibility, and confidence taking on a more meaning tone in conversations, choices, and timing.","needing certainty, approval, or control before acting",Choose the one place your attention matters most.,"Useful for planning: watch how attention, vitality, visibility, and confidence changes pace and choose the cleanest next move.",Experience first. Astrology explains after. Do not write current sky as personality.,packages/astro-knowledge/data/placements/sign/sun-sagittarius.json
Sky + You,placements/sign,sun-scorpio,Sun in Scorpio,"tldr: The Sun in Scorpio: identity built through depth, honesty, and transformation. body: With the Sun in Scorpio, the core self strengthens when you stop skimming the surface and face what is real. You are here to develop power through truth, trust, and emotional courage. gift: Intensity, resilience, loyalty, psychological insight, and the ability to transform through crisis. voiceNeutral: true","Attention, vitality, visibility, and confidence moves through depth, privacy, trust, emotional honesty, and intensity. Read this as current weather, not a personality trait.","People may notice attention, vitality, visibility, and confidence taking on a more depth tone in conversations, choices, and timing.","needing certainty, approval, or control before acting",Choose the one place your attention matters most.,"Useful for planning: watch how attention, vitality, visibility, and confidence changes pace and choose the cleanest next move.",Experience first. Astrology explains after. Do not write current sky as personality.,packages/astro-knowledge/data/placements/sign/sun-scorpio.json
Sky + You,placements/sign,sun-taurus,Sun in Taurus,"tldr: The Sun in Taurus: identity built through steadiness, embodiment, and lasting value. body: With the Sun in Taurus, the core self strengthens through patience, consistency, beauty, and tangible creation. You are here to build a life that can be felt, held, enjoyed, and trusted. gift: Endurance, loyalty, grounded confidence, and the ability to make value real. voiceNeutral: true","Attention, vitality, visibility, and confidence moves through stability, patience, material reality, comfort, and consistency. Read this as current weather, not a personality trait.","People may notice attention, vitality, visibility, and confidence taking on a more stability tone in conversations, choices, and timing.","needing certainty, approval, or control before acting",Choose the one place your attention matters most.,"Useful for planning: watch how attention, vitality, visibility, and confidence changes pace and choose the cleanest next move.",Experience first. Astrology explains after. Do not write current sky as personality.,packages/astro-knowledge/data/placements/sign/sun-taurus.json
Sky + You,placements/sign,sun-virgo,Sun in Virgo,"tldr: The Sun in Virgo: identity built through skill, discernment, and useful service. body: With the Sun in Virgo, the core self strengthens through improving what is real, tending the details, and making life work better. You are here to refine without reducing yourself to what still needs fixing. gift: Precision, humility, analysis, devotion, and practical excellence. voiceNeutral: true","Attention, vitality, visibility, and confidence moves through discernment, repair, routine, useful detail, and refinement. Read this as current weather, not a personality trait.","People may notice attention, vitality, visibility, and confidence taking on a more discernment tone in conversations, choices, and timing.","needing certainty, approval, or control before acting",Choose the one place your attention matters most.,"Useful for planning: watch how attention, vitality, visibility, and confidence changes pace and choose the cleanest next move.",Experience first. Astrology explains after. Do not write current sky as personality.,packages/astro-knowledge/data/placements/sign/sun-virgo.json
Sky + You,placements/sign,uranus-aquarius,Uranus in Aquarius,"tldr: Uranus in Aquarius. body: The urge to disrupt and break free expressed through independent, principled detachment. (Modern planet; no traditional dignity.) Modern affinity with this sign. gift: At work this reads as the urge to disrupt and break free carried out with independent. voiceNeutral: true","Change, disruption, freedom, and originality moves through distance, systems, independence, collective patterns, and future orientation. Read this as current weather, not a personality trait.","People may notice change, disruption, freedom, and originality taking on a more distance tone in conversations, choices, and timing.",breaking pattern for the sake of escape rather than truth,Pause before treating disruption as direction.,"Useful for planning: watch how change, disruption, freedom, and originality changes pace and choose the cleanest next move.",Experience first. Astrology explains after. Do not write current sky as personality.,packages/astro-knowledge/data/placements/sign/uranus-aquarius.json
Sky + You,placements/sign,uranus-aries,Uranus in Aries,"tldr: Uranus in Aries. body: The urge to disrupt and break free expressed through direct, fast, assertive force. (Modern planet; no traditional dignity.) gift: At work this reads as the urge to disrupt and break free carried out with direct. voiceNeutral: true","Change, disruption, freedom, and originality moves through urgency, courage, initiative, and direct action. Read this as current weather, not a personality trait.","People may notice change, disruption, freedom, and originality taking on a more urgency tone in conversations, choices, and timing.",breaking pattern for the sake of escape rather than truth,Pause before treating disruption as direction.,"Useful for planning: watch how change, disruption, freedom, and originality changes pace and choose the cleanest next move.",Experience first. Astrology explains after. Do not write current sky as personality.,packages/astro-knowledge/data/placements/sign/uranus-aries.json
Sky + You,placements/sign,uranus-cancer,Uranus in Cancer,"tldr: Uranus in Cancer. body: The urge to disrupt and break free expressed through protective, feeling-led care. (Modern planet; no traditional dignity.) gift: At work this reads as the urge to disrupt and break free carried out with protective. voiceNeutral: true","Change, disruption, freedom, and originality moves through memory, protection, belonging, care, and emotional context. Read this as current weather, not a personality trait.","People may notice change, disruption, freedom, and originality taking on a more memory tone in conversations, choices, and timing.",breaking pattern for the sake of escape rather than truth,Pause before treating disruption as direction.,"Useful for planning: watch how change, disruption, freedom, and originality changes pace and choose the cleanest next move.",Experience first. Astrology explains after. Do not write current sky as personality.,packages/astro-knowledge/data/placements/sign/uranus-cancer.json
Sky + You,placements/sign,uranus-capricorn,Uranus in Capricorn,"tldr: Uranus in Capricorn. body: The urge to disrupt and break free expressed through disciplined, ambitious restraint. (Modern planet; no traditional dignity.) gift: At work this reads as the urge to disrupt and break free carried out with disciplined. voiceNeutral: true","Change, disruption, freedom, and originality moves through structure, restraint, responsibility, practical next steps, and endurance. Read this as current weather, not a personality trait.","People may notice change, disruption, freedom, and originality taking on a more structure tone in conversations, choices, and timing.",breaking pattern for the sake of escape rather than truth,Pause before treating disruption as direction.,"Useful for planning: watch how change, disruption, freedom, and originality changes pace and choose the cleanest next move.",Experience first. Astrology explains after. Do not write current sky as personality.,packages/astro-knowledge/data/placements/sign/uranus-capricorn.json
Sky + You,placements/sign,uranus-gemini,Uranus in Gemini,"tldr: Uranus in Gemini. body: The urge to disrupt and break free expressed through curious, verbal versatility. (Modern planet; no traditional dignity.) gift: At work this reads as the urge to disrupt and break free carried out with curious. voiceNeutral: true","Change, disruption, freedom, and originality moves through curiosity, language, movement, information, and adaptability. Read this as current weather, not a personality trait.","People may notice change, disruption, freedom, and originality taking on a more curiosity tone in conversations, choices, and timing.",breaking pattern for the sake of escape rather than truth,Pause before treating disruption as direction.,"Useful for planning: watch how change, disruption, freedom, and originality changes pace and choose the cleanest next move.",Experience first. Astrology explains after. Do not write current sky as personality.,packages/astro-knowledge/data/placements/sign/uranus-gemini.json
Sky + You,placements/sign,uranus-leo,Uranus in Leo,"tldr: Uranus in Leo. body: The urge to disrupt and break free expressed through proud, expressive warmth. (Modern planet; no traditional dignity.) gift: At work this reads as the urge to disrupt and break free carried out with proud. voiceNeutral: true","Change, disruption, freedom, and originality moves through visibility, confidence, creativity, recognition, and expressive warmth. Read this as current weather, not a personality trait.","People may notice change, disruption, freedom, and originality taking on a more visibility tone in conversations, choices, and timing.",breaking pattern for the sake of escape rather than truth,Pause before treating disruption as direction.,"Useful for planning: watch how change, disruption, freedom, and originality changes pace and choose the cleanest next move.",Experience first. Astrology explains after. Do not write current sky as personality.,packages/astro-knowledge/data/placements/sign/uranus-leo.json
Sky + You,placements/sign,uranus-libra,Uranus in Libra,"tldr: Uranus in Libra. body: The urge to disrupt and break free expressed through relational, fair-minded balance. (Modern planet; no traditional dignity.) gift: At work this reads as the urge to disrupt and break free carried out with relational. voiceNeutral: true","Change, disruption, freedom, and originality moves through relationship, fairness, aesthetics, agreement, and social balance. Read this as current weather, not a personality trait.","People may notice change, disruption, freedom, and originality taking on a more relationship tone in conversations, choices, and timing.",breaking pattern for the sake of escape rather than truth,Pause before treating disruption as direction.,"Useful for planning: watch how change, disruption, freedom, and originality changes pace and choose the cleanest next move.",Experience first. Astrology explains after. Do not write current sky as personality.,packages/astro-knowledge/data/placements/sign/uranus-libra.json
Sky + You,placements/sign,uranus-pisces,Uranus in Pisces,"tldr: Uranus in Pisces. body: The urge to disrupt and break free expressed through imaginative, boundary-less compassion. (Modern planet; no traditional dignity.) gift: At work this reads as the urge to disrupt and break free carried out with imaginative. voiceNeutral: true","Change, disruption, freedom, and originality moves through sensitivity, imagination, compassion, porous boundaries, and surrender. Read this as current weather, not a personality trait.","People may notice change, disruption, freedom, and originality taking on a more sensitivity tone in conversations, choices, and timing.",breaking pattern for the sake of escape rather than truth,Pause before treating disruption as direction.,"Useful for planning: watch how change, disruption, freedom, and originality changes pace and choose the cleanest next move.",Experience first. Astrology explains after. Do not write current sky as personality.,packages/astro-knowledge/data/placements/sign/uranus-pisces.json
Sky + You,placements/sign,uranus-sagittarius,Uranus in Sagittarius,"tldr: Uranus in Sagittarius. body: The urge to disrupt and break free expressed through expansive, freedom-loving optimism. (Modern planet; no traditional dignity.) gift: At work this reads as the urge to disrupt and break free carried out with expansive. voiceNeutral: true","Change, disruption, freedom, and originality moves through meaning, belief, exploration, perspective, and growth. Read this as current weather, not a personality trait.","People may notice change, disruption, freedom, and originality taking on a more meaning tone in conversations, choices, and timing.",breaking pattern for the sake of escape rather than truth,Pause before treating disruption as direction.,"Useful for planning: watch how change, disruption, freedom, and originality changes pace and choose the cleanest next move.",Experience first. Astrology explains after. Do not write current sky as personality.,packages/astro-knowledge/data/placements/sign/uranus-sagittarius.json
Sky + You,placements/sign,uranus-scorpio,Uranus in Scorpio,"tldr: Uranus in Scorpio. body: The urge to disrupt and break free expressed through intense, controlling depth. (Modern planet; no traditional dignity.) gift: At work this reads as the urge to disrupt and break free carried out with intense. voiceNeutral: true","Change, disruption, freedom, and originality moves through depth, privacy, trust, emotional honesty, and intensity. Read this as current weather, not a personality trait.","People may notice change, disruption, freedom, and originality taking on a more depth tone in conversations, choices, and timing.",breaking pattern for the sake of escape rather than truth,Pause before treating disruption as direction.,"Useful for planning: watch how change, disruption, freedom, and originality changes pace and choose the cleanest next move.",Experience first. Astrology explains after. Do not write current sky as personality.,packages/astro-knowledge/data/placements/sign/uranus-scorpio.json
Sky + You,placements/sign,uranus-taurus,Uranus in Taurus,"tldr: Uranus in Taurus. body: The urge to disrupt and break free expressed through steady, sensual patience. (Modern planet; no traditional dignity.) gift: At work this reads as the urge to disrupt and break free carried out with steady. voiceNeutral: true","Change, disruption, freedom, and originality moves through stability, patience, material reality, comfort, and consistency. Read this as current weather, not a personality trait.","People may notice change, disruption, freedom, and originality taking on a more stability tone in conversations, choices, and timing.",breaking pattern for the sake of escape rather than truth,Pause before treating disruption as direction.,"Useful for planning: watch how change, disruption, freedom, and originality changes pace and choose the cleanest next move.",Experience first. Astrology explains after. Do not write current sky as personality.,packages/astro-knowledge/data/placements/sign/uranus-taurus.json
Sky + You,placements/sign,uranus-virgo,Uranus in Virgo,"tldr: Uranus in Virgo. body: The urge to disrupt and break free expressed through precise, analytical usefulness. (Modern planet; no traditional dignity.) gift: At work this reads as the urge to disrupt and break free carried out with precise. voiceNeutral: true","Change, disruption, freedom, and originality moves through discernment, repair, routine, useful detail, and refinement. Read this as current weather, not a personality trait.","People may notice change, disruption, freedom, and originality taking on a more discernment tone in conversations, choices, and timing.",breaking pattern for the sake of escape rather than truth,Pause before treating disruption as direction.,"Useful for planning: watch how change, disruption, freedom, and originality changes pace and choose the cleanest next move.",Experience first. Astrology explains after. Do not write current sky as personality.,packages/astro-knowledge/data/placements/sign/uranus-virgo.json
Sky + You,placements/sign,venus-aquarius,Venus in Aquarius,"tldr: Venus in Aquarius: love needs friendship, freedom, and respect for difference. body: With Venus in Aquarius, attraction grows through mental connection, shared ideals, and room to be unconventional. You value bonds that do not demand conformity. gift: Friendship, originality, social awareness, and love that honors individuality. voiceNeutral: true","Connection, value, pleasure, attraction, and ease moves through distance, systems, independence, collective patterns, and future orientation. Read this as current weather, not a personality trait.","People may notice connection, value, pleasure, attraction, and ease taking on a more distance tone in conversations, choices, and timing.",keeping things pleasant while avoiding what needs to be named,Name what would actually feel supportive.,"Useful for planning: watch how connection, value, pleasure, attraction, and ease changes pace and choose the cleanest next move.",Experience first. Astrology explains after. Do not write current sky as personality.,packages/astro-knowledge/data/placements/sign/venus-aquarius.json
Sky + You,placements/sign,venus-aries,Venus in Aries,"tldr: Venus in Aries: love is direct, passionate, and sparked by aliveness. body: With Venus in Aries, attraction moves quickly and wants honesty, excitement, and pursuit. You value desire that feels immediate and brave. gift: Bold affection, romantic courage, creative heat, and the ability to ask for what you want. voiceNeutral: true","Connection, value, pleasure, attraction, and ease moves through urgency, courage, initiative, and direct action. Read this as current weather, not a personality trait.","People may notice connection, value, pleasure, attraction, and ease taking on a more urgency tone in conversations, choices, and timing.",keeping things pleasant while avoiding what needs to be named,Name what would actually feel supportive.,"Useful for planning: watch how connection, value, pleasure, attraction, and ease changes pace and choose the cleanest next move.",Experience first. Astrology explains after. Do not write current sky as personality.,packages/astro-knowledge/data/placements/sign/venus-aries.json
Sky + You,placements/sign,venus-cancer,Venus in Cancer,"tldr: Venus in Cancer: love is protective, tender, and rooted in emotional belonging. body: With Venus in Cancer, affection shows through care, memory, home, food, and the desire to make someone feel safe. You value devotion that feels emotionally real. gift: Nurturing love, loyalty, emotional generosity, and the ability to create comfort. voiceNeutral: true","Connection, value, pleasure, attraction, and ease moves through memory, protection, belonging, care, and emotional context. Read this as current weather, not a personality trait.","People may notice connection, value, pleasure, attraction, and ease taking on a more memory tone in conversations, choices, and timing.",keeping things pleasant while avoiding what needs to be named,Name what would actually feel supportive.,"Useful for planning: watch how connection, value, pleasure, attraction, and ease changes pace and choose the cleanest next move.",Experience first. Astrology explains after. Do not write current sky as personality.,packages/astro-knowledge/data/placements/sign/venus-cancer.json
Sky + You,placements/sign,venus-capricorn,Venus in Capricorn,"tldr: Venus in Capricorn: love is serious, loyal, and built through time. body: With Venus in Capricorn, affection may be reserved at first, but it values commitment, reliability, and shared ambition. Love becomes real through consistency. gift: Loyalty, maturity, practical devotion, and the ability to build lasting value. voiceNeutral: true","Connection, value, pleasure, attraction, and ease moves through structure, restraint, responsibility, practical next steps, and endurance. Read this as current weather, not a personality trait.","People may notice connection, value, pleasure, attraction, and ease taking on a more structure tone in conversations, choices, and timing.",keeping things pleasant while avoiding what needs to be named,Name what would actually feel supportive.,"Useful for planning: watch how connection, value, pleasure, attraction, and ease changes pace and choose the cleanest next move.",Experience first. Astrology explains after. Do not write current sky as personality.,packages/astro-knowledge/data/placements/sign/venus-capricorn.json
Sky + You,placements/sign,venus-gemini,Venus in Gemini,"tldr: Venus in Gemini: love needs conversation, curiosity, and mental play. body: With Venus in Gemini, attraction grows through words, wit, variety, and the pleasure of being mentally met. You value connection that keeps moving and learning. gift: Charm, flirtation, adaptability, and relational curiosity. voiceNeutral: true","Connection, value, pleasure, attraction, and ease moves through curiosity, language, movement, information, and adaptability. Read this as current weather, not a personality trait.","People may notice connection, value, pleasure, attraction, and ease taking on a more curiosity tone in conversations, choices, and timing.",keeping things pleasant while avoiding what needs to be named,Name what would actually feel supportive.,"Useful for planning: watch how connection, value, pleasure, attraction, and ease changes pace and choose the cleanest next move.",Experience first. Astrology explains after. Do not write current sky as personality.,packages/astro-knowledge/data/placements/sign/venus-gemini.json
Sky + You,placements/sign,venus-leo,Venus in Leo,"tldr: Venus in Leo: love is warm, expressive, and generous with the heart. body: With Venus in Leo, affection wants joy, celebration, romance, and visible appreciation. You value love that feels alive, proud, and creative. gift: Generosity, charisma, playfulness, and radiant affection. voiceNeutral: true","Connection, value, pleasure, attraction, and ease moves through visibility, confidence, creativity, recognition, and expressive warmth. Read this as current weather, not a personality trait.","People may notice connection, value, pleasure, attraction, and ease taking on a more visibility tone in conversations, choices, and timing.",keeping things pleasant while avoiding what needs to be named,Name what would actually feel supportive.,"Useful for planning: watch how connection, value, pleasure, attraction, and ease changes pace and choose the cleanest next move.",Experience first. Astrology explains after. Do not write current sky as personality.,packages/astro-knowledge/data/placements/sign/venus-leo.json
Sky + You,placements/sign,venus-libra,Venus in Libra,"tldr: Venus in Libra: love seeks harmony, beauty, fairness, and mutuality. body: With Venus in Libra, Venus is at home, so relationship intelligence, social grace, and aesthetic balance are strong. You value partnership that feels reciprocal and elegant. gift: Diplomacy, charm, fairness, artistic taste, and the ability to create relational ease. voiceNeutral: true","Connection, value, pleasure, attraction, and ease moves through relationship, fairness, aesthetics, agreement, and social balance. Read this as current weather, not a personality trait.","People may notice connection, value, pleasure, attraction, and ease taking on a more relationship tone in conversations, choices, and timing.",keeping things pleasant while avoiding what needs to be named,Name what would actually feel supportive.,"Useful for planning: watch how connection, value, pleasure, attraction, and ease changes pace and choose the cleanest next move.",Experience first. Astrology explains after. Do not write current sky as personality.,packages/astro-knowledge/data/placements/sign/venus-libra.json
Sky + You,placements/sign,venus-pisces,Venus in Pisces,"tldr: Venus in Pisces: love is compassionate, imaginative, and spiritually porous. body: With Venus in Pisces, Venus is exalted, so empathy, romance, artistry, and unconditional tenderness can be strong. You value love that feels soulful and kind. gift: Compassion, forgiveness, creativity, and the ability to love beyond surface conditions. voiceNeutral: true","Connection, value, pleasure, attraction, and ease moves through sensitivity, imagination, compassion, porous boundaries, and surrender. Read this as current weather, not a personality trait.","People may notice connection, value, pleasure, attraction, and ease taking on a more sensitivity tone in conversations, choices, and timing.",keeping things pleasant while avoiding what needs to be named,Name what would actually feel supportive.,"Useful for planning: watch how connection, value, pleasure, attraction, and ease changes pace and choose the cleanest next move.",Experience first. Astrology explains after. Do not write current sky as personality.,packages/astro-knowledge/data/placements/sign/venus-pisces.json
Sky + You,placements/sign,venus-sagittarius,Venus in Sagittarius,"tldr: Venus in Sagittarius: love needs freedom, honesty, and shared exploration. body: With Venus in Sagittarius, attraction grows through adventure, laughter, truth, and a wider horizon. You value relationships that expand rather than confine. gift: Optimism, candor, generosity, and love of shared discovery. voiceNeutral: true","Connection, value, pleasure, attraction, and ease moves through meaning, belief, exploration, perspective, and growth. Read this as current weather, not a personality trait.","People may notice connection, value, pleasure, attraction, and ease taking on a more meaning tone in conversations, choices, and timing.",keeping things pleasant while avoiding what needs to be named,Name what would actually feel supportive.,"Useful for planning: watch how connection, value, pleasure, attraction, and ease changes pace and choose the cleanest next move.",Experience first. Astrology explains after. Do not write current sky as personality.,packages/astro-knowledge/data/placements/sign/venus-sagittarius.json
Sky + You,placements/sign,venus-scorpio,Venus in Scorpio,"tldr: Venus in Scorpio: love is intense, private, and transformative. body: With Venus in Scorpio, attraction wants depth, loyalty, truth, and emotional risk. Venus is in detriment here, so attachment can become all-or-nothing until trust is handled consciously. gift: Magnetism, loyalty, emotional courage, and the capacity for deep intimacy. voiceNeutral: true","Connection, value, pleasure, attraction, and ease moves through depth, privacy, trust, emotional honesty, and intensity. Read this as current weather, not a personality trait.","People may notice connection, value, pleasure, attraction, and ease taking on a more depth tone in conversations, choices, and timing.",keeping things pleasant while avoiding what needs to be named,Name what would actually feel supportive.,"Useful for planning: watch how connection, value, pleasure, attraction, and ease changes pace and choose the cleanest next move.",Experience first. Astrology explains after. Do not write current sky as personality.,packages/astro-knowledge/data/placements/sign/venus-scorpio.json
Sky + You,placements/sign,venus-taurus,Venus in Taurus,"tldr: Venus in Taurus: love is sensual, steady, and rooted in tangible care. body: With Venus in Taurus, Venus is at home, so pleasure, loyalty, beauty, and embodiment are strong. You value consistency that can be felt in the body. gift: Sensuality, loyalty, aesthetic instinct, and the ability to build comfort and value. voiceNeutral: true","Connection, value, pleasure, attraction, and ease moves through stability, patience, material reality, comfort, and consistency. Read this as current weather, not a personality trait.","People may notice connection, value, pleasure, attraction, and ease taking on a more stability tone in conversations, choices, and timing.",keeping things pleasant while avoiding what needs to be named,Name what would actually feel supportive.,"Useful for planning: watch how connection, value, pleasure, attraction, and ease changes pace and choose the cleanest next move.",Experience first. Astrology explains after. Do not write current sky as personality.,packages/astro-knowledge/data/placements/sign/venus-taurus.json
Sky + You,placements/sign,venus-virgo,Venus in Virgo,"tldr: Venus in Virgo: love is practical, attentive, and expressed through useful care. body: With Venus in Virgo, affection is shown in details, service, repair, and thoughtful support. Venus is in fall here, so receiving may need practice. gift: Devotion, discernment, skillful care, and love expressed through consistency. voiceNeutral: true","Connection, value, pleasure, attraction, and ease moves through discernment, repair, routine, useful detail, and refinement. Read this as current weather, not a personality trait.","People may notice connection, value, pleasure, attraction, and ease taking on a more discernment tone in conversations, choices, and timing.",keeping things pleasant while avoiding what needs to be named,Name what would actually feel supportive.,"Useful for planning: watch how connection, value, pleasure, attraction, and ease changes pace and choose the cleanest next move.",Experience first. Astrology explains after. Do not write current sky as personality.,packages/astro-knowledge/data/placements/sign/venus-virgo.json
Sky + You,planetary,jupiter,Jupiter Meaning,"title: Jupiter Meaning signs[0].body: Jupiter in Aries grows through courage, initiative, risk, and self-trust. Opportunity opens when the person is willing to begin before every condition is perfect. signs[1].body: Jupiter in Taurus grows through steadiness, resources, embodiment, and the patient building of value. Opportunity opens through consistency and respect for what is tangible. signs[2].body: Jupiter in Gemini grows through curiosity, language, learning, and connection. Opportunity opens through conversation, adaptability, and the willingness to explore many angles. signs[3].body: Jupiter in Cancer grows through care, belonging, home, protection, and emotional wisdom. Opportunity opens through nurturing what matters and creating a safe base. signs[4].body: Jupiter in Leo grows through creativity, confidence, generosity, and visible self-expression. Opportunity opens when the person shares their gifts without apologizing for being seen. signs[5].body: Jupiter in Virgo grows through service, craft, health, refinement, and practical improvement. Opportunity opens when usefulness becomes devotion rather than perfectionism. signs[6].body: Jupiter in Libra grows through partnership, fairness, art, diplomacy, and social intelligence. Opportunity opens through cooperation, balance, and wise relationship choices. signs[7].body: Jupiter in Scorpio grows through depth, trust, intimacy, shared resources, and the courage to face what is hidden. Opportunity opens through emotional honesty and transformation. signs[8].body: Jupiter in Sagittarius grows through travel, study, faith, teaching, and the search for truth. Opportunity opens when the person follows meaning and lets experience become wisdom. signs[9].body: Jupiter in Capricorn grows through discipline, structure, responsibility, and long-range ambition. Opportunity opens when optimism is paired with patience and a real plan. signs[10].body: Jupiter in Aquarius grows through community, innovation, friendship, systems thinking, and future-oriented ideals. Opportunity opens when individual vision serves a wider field. signs[11].body: Jupiter in Pisces grows through compassion, imagination, spiritual openness, art, and trust in what cannot be measured. Opportunity opens through empathy and inspired surrender with boundaries. source.title: Project-authored planetary overview cleanup voiceNeutral: true",Translate this sky factor into a concrete human experience before writing user-facing copy.,"A specific mood, decision, conversation, timing shift, or practical concern should be named.",Remaining in astrology abstraction instead of lived experience.,Choose the most concrete daily manifestation.,"Use only if it can support a specific decision, note, follow-up, or timing cue.",Experience first. Astrology explains after. Do not write current sky as personality.,packages/astro-knowledge/data/planetary/jupiter.json
Sky + You,planetary,mars,Mars Meaning,"title: Mars Meaning signs[0].body: Mars in Aries acts quickly, directly, and with strong initiative. This placement has clean ignition, but needs a worthy outlet so courage does not become needless conflict. signs[1].body: Mars in Taurus acts slowly but persistently. This placement builds momentum through endurance, but can become immovable when anger has nowhere honest to go. signs[2].body: Mars in Gemini acts through words, ideas, movement, and quick decisions. This placement is mentally sharp and versatile, but needs focus so energy does not scatter. signs[3].body: Mars in Cancer acts protectively and emotionally. This placement fights for home, family, and safety, but must watch indirect anger when needs are not named. signs[4].body: Mars in Leo acts with pride, warmth, creativity, and dramatic force. This placement needs a stage for courage and a purpose that lets effort feel personal. signs[5].body: Mars in Virgo acts through precision, improvement, service, and practical skill. This placement is effective when focused on useful work, but can turn heat into criticism. signs[6].body: Mars in Libra acts through strategy, negotiation, aesthetics, and the pursuit of fairness. This placement fights best when it knows what it wants and stops outsourcing the decision. signs[7].body: Mars in Scorpio acts with depth, intensity, patience, and controlled force. This placement can endure pressure and move with precision, but must watch control as a defense. signs[8].body: Mars in Sagittarius acts through conviction, movement, risk, and the pursuit of truth. This placement needs a horizon, but must make sure belief is embodied in action. signs[9].body: Mars in Capricorn acts with discipline, strategy, endurance, and respect for results. This placement can build real power through patience and directed effort. signs[10].body: Mars in Aquarius acts through principle, innovation, independence, and group-minded change. This placement needs a cause and the freedom to move differently. signs[11].body: Mars in Pisces acts through intuition, compassion, imagination, and subtle timing. This placement needs spiritual or creative purpose, plus boundaries strong enough to keep energy from leaking. source.title: Project-authored planetary overview cleanup voiceNeutral: true",Translate this sky factor into a concrete human experience before writing user-facing copy.,"A specific mood, decision, conversation, timing shift, or practical concern should be named.",Remaining in astrology abstraction instead of lived experience.,Choose the most concrete daily manifestation.,"Use only if it can support a specific decision, note, follow-up, or timing cue.",Experience first. Astrology explains after. Do not write current sky as personality.,packages/astro-knowledge/data/planetary/mars.json
Sky + You,planetary,mercury,Mercury Meaning,"title: Mercury Meaning signs[0].body: Mercury in Aries thinks quickly, speaks directly, and prefers decisive language. This placement learns by acting and may need to slow down long enough to hear the reply. signs[1].body: Mercury in Taurus thinks carefully, speaks plainly, and trusts what can be tested. This placement needs time to decide, but once the mind is made up it tends to hold steady. signs[2].body: Mercury in Gemini is curious, agile, verbal, and quick to connect ideas. This placement learns through variety, conversation, comparison, and mental movement. signs[3].body: Mercury in Cancer thinks through feeling, memory, and emotional context. Communication is intuitive and protective, and words land best when safety is present. signs[4].body: Mercury in Leo communicates with warmth, confidence, creativity, and dramatic presence. This placement speaks best when the message has heart and personal meaning. signs[5].body: Mercury in Virgo analyzes, edits, improves, and notices what others miss. This placement communicates with precision and is strongest when its discernment serves repair rather than worry. signs[6].body: Mercury in Libra thinks relationally and weighs multiple sides before speaking. This placement is skilled at mediation, diplomacy, aesthetics, and fair-minded conversation. signs[7].body: Mercury in Scorpio investigates beneath the surface and prefers meaningful conversation over empty noise. This placement notices subtext and can speak with penetrating honesty. signs[8].body: Mercury in Sagittarius thinks broadly, speaks candidly, and looks for meaning behind the facts. This placement needs truth, perspective, and room for big questions. signs[9].body: Mercury in Capricorn thinks strategically, practically, and with respect for consequences. This placement communicates best through structure, planning, and clear purpose. signs[10].body: Mercury in Aquarius thinks independently, experimentally, and collectively. This placement is drawn to systems, future possibilities, unusual ideas, and social patterns. signs[11].body: Mercury in Pisces thinks through image, feeling, symbol, and intuition. This placement communicates with imagination and empathy, but needs grounding when details matter. source.title: Project-authored planetary overview cleanup voiceNeutral: true",Translate this sky factor into a concrete human experience before writing user-facing copy.,"A specific mood, decision, conversation, timing shift, or practical concern should be named.",Remaining in astrology abstraction instead of lived experience.,Choose the most concrete daily manifestation.,"Use only if it can support a specific decision, note, follow-up, or timing cue.",Experience first. Astrology explains after. Do not write current sky as personality.,packages/astro-knowledge/data/planetary/mercury.json
Sky + You,planetary,moon,Moon Meaning,"title: Moon Meaning signs[0].body: Moon in Aries feels quickly and responds directly. Emotional safety comes through autonomy, honest action, and the freedom to move instead of waiting for permission. signs[1].body: Moon in Taurus seeks emotional steadiness through comfort, touch, routine, and reliable surroundings. Feelings settle when life feels simple, embodied, and materially secure. signs[2].body: Moon in Gemini processes feelings through language, movement, curiosity, and mental variety. Emotional regulation often comes from naming the feeling and talking it through. signs[3].body: Moon in Cancer is deeply responsive, protective, and tied to home, memory, and belonging. Emotional safety comes through care, privacy, and trusted bonds. signs[4].body: Moon in Leo needs warmth, affection, play, and heartfelt recognition. Feelings want expression, and emotional safety grows when joy and loyalty are present. signs[5].body: Moon in Virgo processes emotions through order, usefulness, observation, and practical care. Safety comes from rhythm, repair, and knowing what can be done next. signs[6].body: Moon in Libra seeks emotional balance through harmony, fairness, beauty, and relational attunement. Safety grows when conflict can be addressed without losing respect. signs[7].body: Moon in Scorpio feels intensely and needs emotional honesty, privacy, and trust. Safety comes from depth, loyalty, and the freedom to name what is usually hidden. signs[8].body: Moon in Sagittarius needs freedom, movement, humor, meaning, and room to breathe. Emotional safety grows when life still feels open and the story can keep expanding. signs[9].body: Moon in Capricorn seeks emotional safety through competence, structure, responsibility, and self-command. Feelings may be private, but they are not absent. signs[10].body: Moon in Aquarius needs space, perspective, friendship, and respect for individuality. Emotional safety grows when feelings can be understood without being crowded. signs[11].body: Moon in Pisces feels through empathy, imagination, atmosphere, and spiritual sensitivity. Safety comes through gentleness, creative release, and boundaries that keep compassion from becoming overwhelm. source.title: Project-authored planetary overview cleanup voiceNeutral: true",Translate this sky factor into a concrete human experience before writing user-facing copy.,"A specific mood, decision, conversation, timing shift, or practical concern should be named.",Remaining in astrology abstraction instead of lived experience.,Choose the most concrete daily manifestation.,"Use only if it can support a specific decision, note, follow-up, or timing cue.",Experience first. Astrology explains after. Do not write current sky as personality.,packages/astro-knowledge/data/planetary/moon.json
Sky + You,planetary,neptune,Neptune Meaning,"title: Neptune Meaning signs[0].body: Neptune in Aries describes a generation seeking inspiration through independence, action, and spiritual courage. The dream is personal freedom; the risk is confusing impulse with calling. signs[1].body: Neptune in Taurus describes a generation seeking inspiration through nature, the body, art, value, and the material world. The dream is sacred simplicity; the risk is glamorizing security. signs[2].body: Neptune in Gemini describes a generation seeking inspiration through language, media, thought, and exchange. The dream is imaginative connection; the risk is confusion through too many voices. signs[3].body: Neptune in Cancer describes a generation seeking inspiration through home, ancestry, care, and emotional belonging. The dream is spiritual refuge; the risk is idealizing the past. signs[4].body: Neptune in Leo describes a generation seeking inspiration through creativity, performance, romance, and personal radiance. The dream is inspired self-expression; the risk is confusing attention with love. signs[5].body: Neptune in Virgo describes a generation seeking inspiration through service, healing, craft, and practical devotion. The dream is meaningful usefulness; the risk is trying to perfect what needs compassion. signs[6].body: Neptune in Libra describes a generation seeking inspiration through partnership, beauty, peace, and justice. The dream is ideal relationship; the risk is seeing harmony where truth has been avoided. signs[7].body: Neptune in Scorpio describes a generation seeking inspiration through depth, intimacy, mystery, psychology, and hidden power. The dream is total transformation; the risk is glamorizing intensity. signs[8].body: Neptune in Sagittarius describes a generation seeking inspiration through belief, travel, philosophy, and spiritual exploration. The dream is ultimate meaning; the risk is mistaking certainty for wisdom. signs[9].body: Neptune in Capricorn describes a generation seeking inspiration through structure, ambition, institutions, and public purpose. The dream is meaningful authority; the risk is disillusionment with systems. signs[10].body: Neptune in Aquarius describes a generation seeking inspiration through technology, community, social ideals, and collective imagination. The dream is a better future; the risk is idealizing the group. signs[11].body: Neptune in Pisces describes a generation seeking inspiration through compassion, art, spirituality, and collective feeling. The dream is unity; the risk is losing boundaries in the longing to merge. source.title: Project-authored planetary overview cleanup voiceNeutral: true",Translate this sky factor into a concrete human experience before writing user-facing copy.,"A specific mood, decision, conversation, timing shift, or practical concern should be named.",Remaining in astrology abstraction instead of lived experience.,Choose the most concrete daily manifestation.,"Use only if it can support a specific decision, note, follow-up, or timing cue.",Experience first. Astrology explains after. Do not write current sky as personality.,packages/astro-knowledge/data/planetary/neptune.json
Sky + You,planetary,pluto,Pluto Meaning,"title: Pluto Meaning signs[0].body: Pluto in Aries describes a generation transforming identity, courage, conflict, and the right to act. Power is confronted through independence and raw initiative. signs[1].body: Pluto in Taurus describes a generation transforming money, land, food, bodies, values, and survival. Power is confronted through attachment, possession, and material security. signs[2].body: Pluto in Gemini describes a generation transforming language, media, education, movement, and information. Power is confronted through ideas and the control of narrative. signs[3].body: Pluto in Cancer describes a generation transforming home, family, ancestry, belonging, and emotional inheritance. Power is confronted through memory and protection. signs[4].body: Pluto in Leo describes a generation transforming creativity, leadership, fame, pleasure, and personal expression. Power is confronted through visibility and the need to be special. signs[5].body: Pluto in Virgo describes a generation transforming labor, health, service, systems, and methods of repair. Power is confronted through usefulness, efficiency, and bodily maintenance. signs[6].body: Pluto in Libra describes a generation transforming partnership, law, beauty, justice, and social contracts. Power is confronted through relationship and the demand for balance. signs[7].body: Pluto in Scorpio describes a generation transforming intimacy, shared resources, taboo, psychology, and hidden power. Power is confronted through emotional truth and deep release. signs[8].body: Pluto in Sagittarius describes a generation transforming belief, education, travel, law, and global worldview. Power is confronted through truth claims and the meaning systems people live by. signs[9].body: Pluto in Capricorn describes a generation transforming institutions, authority, career, government, and social hierarchy. Power is confronted through structure and accountability. signs[10].body: Pluto in Aquarius describes a generation transforming technology, networks, community, social ideals, and collective power. Power is confronted through systems of belonging and exclusion. signs[11].body: Pluto in Pisces describes a generation transforming spirituality, art, compassion, escapism, and collective grief. Power is confronted through what dissolves, heals, or overwhelms. source.title: Project-authored planetary overview cleanup voiceNeutral: true",Translate this sky factor into a concrete human experience before writing user-facing copy.,"A specific mood, decision, conversation, timing shift, or practical concern should be named.",Remaining in astrology abstraction instead of lived experience.,Choose the most concrete daily manifestation.,"Use only if it can support a specific decision, note, follow-up, or timing cue.",Experience first. Astrology explains after. Do not write current sky as personality.,packages/astro-knowledge/data/planetary/pluto.json
Sky + You,planetary,saturn,Saturn Meaning,"title: Saturn Meaning signs[0].body: Saturn in Aries learns maturity through courage, self-command, and responsible action. The work is to lead without impulsiveness and assert the self without turning every move into a fight. signs[1].body: Saturn in Taurus learns maturity through resources, stability, patience, and self-worth. The work is to build security without becoming trapped by fear of loss. signs[2].body: Saturn in Gemini learns maturity through speech, learning, listening, and mental discipline. The work is to trust the mind while taking communication seriously. signs[3].body: Saturn in Cancer learns maturity through care, family, emotional boundaries, and the creation of safety. The work is to protect without closing the heart. signs[4].body: Saturn in Leo learns maturity through creativity, visibility, confidence, and the right use of pride. The work is to be seen without making recognition the measure of worth. signs[5].body: Saturn in Virgo learns maturity through service, health, craft, and daily discipline. The work is to refine without turning improvement into self-harm. signs[6].body: Saturn in Libra learns maturity through partnership, fairness, commitment, and balanced judgment. The work is to build relationships that are honest, reciprocal, and structurally sound. signs[7].body: Saturn in Scorpio learns maturity through trust, shared resources, intimacy, endings, and emotional honesty. The work is to face depth without using control as armor. signs[8].body: Saturn in Sagittarius learns maturity through belief, study, truth, and lived wisdom. The work is to test convictions against reality and embody the philosophy being taught. signs[9].body: Saturn in Capricorn learns maturity through discipline, structure, leadership, and long-range responsibility. The work is to build with integrity rather than proving worth through achievement alone. signs[10].body: Saturn in Aquarius learns maturity through community, systems, boundaries, and social responsibility. The work is to serve the collective without hiding behind detachment. signs[11].body: Saturn in Pisces learns maturity through compassion, faith, imagination, and spiritual boundaries. The work is to give form to sensitivity without drifting away from reality. source.title: Project-authored planetary overview cleanup voiceNeutral: true",Translate this sky factor into a concrete human experience before writing user-facing copy.,"A specific mood, decision, conversation, timing shift, or practical concern should be named.",Remaining in astrology abstraction instead of lived experience.,Choose the most concrete daily manifestation.,"Use only if it can support a specific decision, note, follow-up, or timing cue.",Experience first. Astrology explains after. Do not write current sky as personality.,packages/astro-knowledge/data/planetary/saturn.json
Sky + You,planetary,sun,Sun Meaning,"title: Sun Meaning signs[0].body: Sun in Aries expresses identity through courage, immediacy, initiative, and the willingness to begin. This placement needs movement, challenge, and room to act directly. signs[1].body: Sun in Taurus expresses identity through steadiness, embodiment, loyalty, and the building of lasting value. This placement needs stability, beauty, and a life that can be trusted by the senses. signs[2].body: Sun in Gemini expresses identity through curiosity, language, movement, and connection. This placement needs variety, conversation, learning, and room to keep asking better questions. signs[3].body: Sun in Cancer expresses identity through care, protection, memory, and emotional intelligence. This placement needs belonging, privacy, and a life rooted in what feels safe and meaningful. signs[4].body: Sun in Leo expresses identity through creativity, warmth, visibility, and personal radiance. This placement needs joy, self-expression, and permission to be seen without performing for approval. signs[5].body: Sun in Virgo expresses identity through discernment, craft, service, repair, and attention to what can be improved. This placement needs useful work and a way to serve without reducing the self to flaws. signs[6].body: Sun in Libra expresses identity through relationship, balance, beauty, fairness, and social awareness. This placement needs reciprocity and the courage to choose without disappearing into compromise. signs[7].body: Sun in Scorpio expresses identity through depth, emotional honesty, trust, and transformation. This placement needs real intimacy, privacy, and the strength to release control when truth is asking to surface. signs[8].body: Sun in Sagittarius expresses identity through meaning, movement, candor, learning, and the search for a wider horizon. This placement needs freedom, truth, and experience that becomes wisdom. signs[9].body: Sun in Capricorn expresses identity through discipline, responsibility, structure, and earned authority. This placement needs goals that matter and a path where effort can become legacy. signs[10].body: Sun in Aquarius expresses identity through originality, perspective, community, and future-minded change. This placement needs room to be different while staying connected to something larger than the self. signs[11].body: Sun in Pisces expresses identity through empathy, imagination, spiritual sensitivity, and porous awareness. This placement needs compassion, creative space, and boundaries strong enough to protect openness. source.title: Project-authored planetary overview cleanup voiceNeutral: true",Translate this sky factor into a concrete human experience before writing user-facing copy.,"A specific mood, decision, conversation, timing shift, or practical concern should be named.",Remaining in astrology abstraction instead of lived experience.,Choose the most concrete daily manifestation.,"Use only if it can support a specific decision, note, follow-up, or timing cue.",Experience first. Astrology explains after. Do not write current sky as personality.,packages/astro-knowledge/data/planetary/sun.json
Sky + You,planetary,uranus,Uranus Meaning,"title: Uranus Meaning signs[0].body: Uranus in Aries describes a generation that disrupts through courage, independence, and bold action. Innovation comes through refusal to wait for permission. signs[1].body: Uranus in Taurus describes disruption around money, land, food, bodies, values, and material security. Innovation comes through changing what stability means. signs[2].body: Uranus in Gemini describes disruption through language, media, education, mobility, and information systems. Innovation comes through new ways of thinking and connecting. signs[3].body: Uranus in Cancer describes disruption around home, family, belonging, and emotional inheritance. Innovation comes through redefining protection and private life. signs[4].body: Uranus in Leo describes disruption through creativity, performance, leadership, and personal expression. Innovation comes through new ways of being seen. signs[5].body: Uranus in Virgo describes disruption around work, health, service, systems, and daily process. Innovation comes through better methods and practical reform. signs[6].body: Uranus in Libra describes disruption around partnership, justice, aesthetics, and social agreements. Innovation comes through changing how people relate and negotiate. signs[7].body: Uranus in Scorpio describes disruption around intimacy, shared resources, power, psychology, and taboo material. Innovation comes through confronting what was hidden. signs[8].body: Uranus in Sagittarius describes disruption around belief, travel, education, law, publishing, and global perspective. Innovation comes through challenging inherited truths. signs[9].body: Uranus in Capricorn describes disruption around institutions, authority, career, government, and long-standing structures. Innovation comes through rebuilding systems. signs[10].body: Uranus in Aquarius describes disruption around networks, technology, community, social ideals, and collective futures. Innovation comes through new forms of belonging. signs[11].body: Uranus in Pisces describes disruption around spirituality, compassion, art, dreams, and collective sensitivity. Innovation comes through awakening what had been submerged. source.title: Project-authored planetary overview cleanup voiceNeutral: true",Translate this sky factor into a concrete human experience before writing user-facing copy.,"A specific mood, decision, conversation, timing shift, or practical concern should be named.",Remaining in astrology abstraction instead of lived experience.,Choose the most concrete daily manifestation.,"Use only if it can support a specific decision, note, follow-up, or timing cue.",Experience first. Astrology explains after. Do not write current sky as personality.,packages/astro-knowledge/data/planetary/uranus.json
Sky + You,planetary,venus,Venus Meaning,"title: Venus Meaning signs[0].body: Venus in Aries loves directly, boldly, and with appetite for pursuit. This placement needs aliveness, honesty, and the freedom to want what it wants without over-explaining desire. signs[1].body: Venus in Taurus loves through steadiness, touch, loyalty, pleasure, and material care. This placement needs consistency and a love that can be felt in the body. signs[2].body: Venus in Gemini loves through conversation, curiosity, wit, and mental connection. This placement needs variety, laughter, and a partner who keeps the mind awake. signs[3].body: Venus in Cancer loves protectively, tenderly, and through emotional memory. This placement needs trust, care, and a bond that feels like a safe place to land. signs[4].body: Venus in Leo loves warmly, generously, creatively, and with a need for visible affection. This placement needs admiration, play, loyalty, and romance with heart. signs[5].body: Venus in Virgo loves through service, attention, repair, and thoughtful detail. This placement needs sincerity and may show devotion by noticing what would make life easier. signs[6].body: Venus in Libra loves through reciprocity, beauty, fairness, and partnership. This placement needs mutuality and can create harmony without losing the ability to choose. signs[7].body: Venus in Scorpio loves intensely, privately, and with a need for emotional truth. This placement needs trust, depth, and relationships that can hold real vulnerability. signs[8].body: Venus in Sagittarius loves through honesty, adventure, humor, and shared meaning. This placement needs freedom and a bond that makes life feel wider. signs[9].body: Venus in Capricorn loves seriously, loyally, and through commitment that proves itself over time. This placement needs reliability, maturity, and shared long-term values. signs[10].body: Venus in Aquarius loves through friendship, ideals, freedom, and respect for difference. This placement needs space inside connection and a bond that can hold individuality. signs[11].body: Venus in Pisces loves compassionately, imaginatively, and with great emotional openness. This placement needs tenderness, inspiration, and boundaries that keep devotion from becoming self-loss. source.title: Project-authored planetary overview cleanup voiceNeutral: true",Translate this sky factor into a concrete human experience before writing user-facing copy.,"A specific mood, decision, conversation, timing shift, or practical concern should be named.",Remaining in astrology abstraction instead of lived experience.,Choose the most concrete daily manifestation.,"Use only if it can support a specific decision, note, follow-up, or timing cue.",Experience first. Astrology explains after. Do not write current sky as personality.,packages/astro-knowledge/data/planetary/venus.json
Sky + You,points/placements/sign,chiron-aquarius,Chiron in Aquarius,"tldr: Chiron in Aquarius. body: A wound around belonging: the pain of being the outsider, too different to fit yet wanting to. shadow: Self-isolating in advance, or forcing a belonging that costs your difference. voiceNeutral: true","Chiron moves through distance, systems, independence, collective patterns, and future orientation. Read this as current weather, not a personality trait.","People may notice chiron taking on a more distance tone in conversations, choices, and timing.",letting the pattern run unconsciously,Choose one concrete next step.,Useful for planning: watch how chiron changes pace and choose the cleanest next move.,Experience first. Astrology explains after. Do not write current sky as personality.,packages/astro-knowledge/data/points/placements/sign/chiron-aquarius.json
Sky + You,points/placements/sign,chiron-aries,Chiron in Aries,tldr: Chiron in Aries. body: A wound around the right to assert yourself and act on your own behalf; you may freeze between aggression and apology. shadow: Veering between meekness and overcorrected aggression. voiceNeutral: true,"Chiron moves through urgency, courage, initiative, and direct action. Read this as current weather, not a personality trait.","People may notice chiron taking on a more urgency tone in conversations, choices, and timing.",letting the pattern run unconsciously,Choose one concrete next step.,Useful for planning: watch how chiron changes pace and choose the cleanest next move.,Experience first. Astrology explains after. Do not write current sky as personality.,packages/astro-knowledge/data/points/placements/sign/chiron-aries.json
Sky + You,points/placements/sign,chiron-cancer,Chiron in Cancer,"tldr: Chiron in Cancer. body: A wound around belonging and care, often rooted in early family; the sense of never feeling fully safe or held. shadow: Smothering others, or withdrawing to avoid needing anyone. voiceNeutral: true","Chiron moves through memory, protection, belonging, care, and emotional context. Read this as current weather, not a personality trait.","People may notice chiron taking on a more memory tone in conversations, choices, and timing.",letting the pattern run unconsciously,Choose one concrete next step.,Useful for planning: watch how chiron changes pace and choose the cleanest next move.,Experience first. Astrology explains after. Do not write current sky as personality.,packages/astro-knowledge/data/points/placements/sign/chiron-cancer.json
Sky + You,points/placements/sign,chiron-capricorn,Chiron in Capricorn,"tldr: Chiron in Capricorn. body: A wound around authority and achievement: a sense of not being legitimate no matter how much you accomplish. shadow: Overworking to prove worth, or rejecting authority entirely. voiceNeutral: true","Chiron moves through structure, restraint, responsibility, practical next steps, and endurance. Read this as current weather, not a personality trait.","People may notice chiron taking on a more structure tone in conversations, choices, and timing.",letting the pattern run unconsciously,Choose one concrete next step.,Useful for planning: watch how chiron changes pace and choose the cleanest next move.,Experience first. Astrology explains after. Do not write current sky as personality.,packages/astro-knowledge/data/points/placements/sign/chiron-capricorn.json
Sky + You,points/placements/sign,chiron-gemini,Chiron in Gemini,"tldr: Chiron in Gemini. body: A wound around your voice and mind: a fear of not being smart enough or of never truly being heard. shadow: Over-explaining, or going silent rather than risk being dismissed. voiceNeutral: true","Chiron moves through curiosity, language, movement, information, and adaptability. Read this as current weather, not a personality trait.","People may notice chiron taking on a more curiosity tone in conversations, choices, and timing.",letting the pattern run unconsciously,Choose one concrete next step.,Useful for planning: watch how chiron changes pace and choose the cleanest next move.,Experience first. Astrology explains after. Do not write current sky as personality.,packages/astro-knowledge/data/points/placements/sign/chiron-gemini.json
Sky + You,points/placements/sign,chiron-leo,Chiron in Leo,"tldr: Chiron in Leo. body: A wound around visibility and creative worth: a fear that you are not special, paired with a need to be. shadow: Hiding your gifts, or demanding constant validation for them. voiceNeutral: true","Chiron moves through visibility, confidence, creativity, recognition, and expressive warmth. Read this as current weather, not a personality trait.","People may notice chiron taking on a more visibility tone in conversations, choices, and timing.",letting the pattern run unconsciously,Choose one concrete next step.,Useful for planning: watch how chiron changes pace and choose the cleanest next move.,Experience first. Astrology explains after. Do not write current sky as personality.,packages/astro-knowledge/data/points/placements/sign/chiron-leo.json
Sky + You,points/placements/sign,chiron-libra,Chiron in Libra,"tldr: Chiron in Libra. body: A wound around relationship and worth-to-others: a fear of not being chosen, wanted, or treated fairly. shadow: Over-giving to be kept, or avoiding closeness to dodge rejection. voiceNeutral: true","Chiron moves through relationship, fairness, aesthetics, agreement, and social balance. Read this as current weather, not a personality trait.","People may notice chiron taking on a more relationship tone in conversations, choices, and timing.",letting the pattern run unconsciously,Choose one concrete next step.,Useful for planning: watch how chiron changes pace and choose the cleanest next move.,Experience first. Astrology explains after. Do not write current sky as personality.,packages/astro-knowledge/data/points/placements/sign/chiron-libra.json
Sky + You,points/placements/sign,chiron-pisces,Chiron in Pisces,"tldr: Chiron in Pisces. body: A wound around boundaries and sensitivity: you feel everything, absorb what isn't yours, and can lose your own edges. When the ache gets to be too much, the pull is to escape or numb it rather than stay with it. shadow: Slipping into fog, numbing, or martyrdom instead of gently tending the wound. voiceNeutral: true","Chiron moves through sensitivity, imagination, compassion, porous boundaries, and surrender. Read this as current weather, not a personality trait.","People may notice chiron taking on a more sensitivity tone in conversations, choices, and timing.",letting the pattern run unconsciously,Choose one concrete next step.,Useful for planning: watch how chiron changes pace and choose the cleanest next move.,Experience first. Astrology explains after. Do not write current sky as personality.,packages/astro-knowledge/data/points/placements/sign/chiron-pisces.json
Sky + You,points/placements/sign,chiron-sagittarius,Chiron in Sagittarius,"tldr: Chiron in Sagittarius. body: A wound around belief and meaning: a faith that broke, or a freedom that was denied, leaving you searching. shadow: Clinging to dogma, or refusing all belief to avoid being let down again. voiceNeutral: true","Chiron moves through meaning, belief, exploration, perspective, and growth. Read this as current weather, not a personality trait.","People may notice chiron taking on a more meaning tone in conversations, choices, and timing.",letting the pattern run unconsciously,Choose one concrete next step.,Useful for planning: watch how chiron changes pace and choose the cleanest next move.,Experience first. Astrology explains after. Do not write current sky as personality.,packages/astro-knowledge/data/points/placements/sign/chiron-sagittarius.json
Sky + You,points/placements/sign,chiron-scorpio,Chiron in Scorpio,"tldr: Chiron in Scorpio. body: A wound around trust and power, often from betrayal or loss of control; intimacy can feel dangerous. shadow: Controlling or testing others, or refusing to be vulnerable at all. voiceNeutral: true","Chiron moves through depth, privacy, trust, emotional honesty, and intensity. Read this as current weather, not a personality trait.","People may notice chiron taking on a more depth tone in conversations, choices, and timing.",letting the pattern run unconsciously,Choose one concrete next step.,Useful for planning: watch how chiron changes pace and choose the cleanest next move.,Experience first. Astrology explains after. Do not write current sky as personality.,packages/astro-knowledge/data/points/placements/sign/chiron-scorpio.json
Sky + You,points/placements/sign,chiron-taurus,Chiron in Taurus,"tldr: Chiron in Taurus. body: A wound around self-worth and security: a deep sense of not having or deserving enough, whatever you actually hold. shadow: Over-accumulating or self-denying to prove you are safe. voiceNeutral: true","Chiron moves through stability, patience, material reality, comfort, and consistency. Read this as current weather, not a personality trait.","People may notice chiron taking on a more stability tone in conversations, choices, and timing.",letting the pattern run unconsciously,Choose one concrete next step.,Useful for planning: watch how chiron changes pace and choose the cleanest next move.,Experience first. Astrology explains after. Do not write current sky as personality.,packages/astro-knowledge/data/points/placements/sign/chiron-taurus.json
Sky + You,points/placements/sign,chiron-virgo,Chiron in Virgo,"tldr: Chiron in Virgo. body: A wound around adequacy, often tied to the body or health: a feeling of being flawed or never quite good enough. shadow: Relentless self-criticism, or fixing others to avoid your own wound. voiceNeutral: true","Chiron moves through discernment, repair, routine, useful detail, and refinement. Read this as current weather, not a personality trait.","People may notice chiron taking on a more discernment tone in conversations, choices, and timing.",letting the pattern run unconsciously,Choose one concrete next step.,Useful for planning: watch how chiron changes pace and choose the cleanest next move.,Experience first. Astrology explains after. Do not write current sky as personality.,packages/astro-knowledge/data/points/placements/sign/chiron-virgo.json
Sky + You,points/placements/sign,lilith-aquarius,Lilith in Aquarius,"tldr: Lilith in Aquarius: the outsider who refuses to conform body: Lilith in Aquarius: the outsider who refuses to conform. Where you reclaim your difference and the right to disrupt. Watch: detachment and contrarianism. Radical nonconformity: you refuse to belong on anyone else's terms. Ideals lived out through groups and friendships, with a real sense of responsibility for others in distress and a vulnerability to being used through the wish to belong. Often rooted in early family chaos you couldn't fix and were punished for naming. Sometimes the healthiest move is a fresh start in a new circle, on your own terms. shadow: Suppressed it becomes alienation; unchecked, contrarianism for its own sake. voiceNeutral: true","Lilith moves through distance, systems, independence, collective patterns, and future orientation. Read this as current weather, not a personality trait.","People may notice lilith taking on a more distance tone in conversations, choices, and timing.",letting the pattern run unconsciously,Choose one concrete next step.,Useful for planning: watch how lilith changes pace and choose the cleanest next move.,Experience first. Astrology explains after. Do not write current sky as personality.,packages/astro-knowledge/data/points/placements/sign/lilith-aquarius.json
Sky + You,points/placements/sign,lilith-aries,Lilith in Aries,"tldr: Lilith in Aries: raw will and the refusal to be tamed body: Lilith in Aries: raw will and the refusal to be tamed. Where you reclaim the right to want, fight, and exist on your own terms. Watch: rage that turns reckless. Raw will and anger: you refuse to be passive or to ask permission to want what you want. The instinct here lives in the body and needs to move. When that physical energy gets bottled up, it's the mind that pays; the way back is simple and physical, making, moving, doing, releasing energy through the body rather than sitting on it. shadow: Suppressed it festers into resentment; unleashed, into rage and recklessness. voiceNeutral: true","Lilith moves through urgency, courage, initiative, and direct action. Read this as current weather, not a personality trait.","People may notice lilith taking on a more urgency tone in conversations, choices, and timing.",letting the pattern run unconsciously,Choose one concrete next step.,Useful for planning: watch how lilith changes pace and choose the cleanest next move.,Experience first. Astrology explains after. Do not write current sky as personality.,packages/astro-knowledge/data/points/placements/sign/lilith-aries.json
Sky + You,points/placements/sign,lilith-cancer,Lilith in Cancer,"tldr: Lilith in Cancer: the rejected need for nurture and the untamed mother body: Lilith in Cancer: the rejected need for nurture and the untamed mother. Where you reclaim feeling and the right to be held. Watch: emotional manipulation or withdrawal. shadow: Suppressed it becomes martyred caretaking; unchecked, emotional walls and coldness. voiceNeutral: true","Lilith moves through memory, protection, belonging, care, and emotional context. Read this as current weather, not a personality trait.","People may notice lilith taking on a more memory tone in conversations, choices, and timing.",letting the pattern run unconsciously,Choose one concrete next step.,Useful for planning: watch how lilith changes pace and choose the cleanest next move.,Experience first. Astrology explains after. Do not write current sky as personality.,packages/astro-knowledge/data/points/placements/sign/lilith-cancer.json
Sky + You,points/placements/sign,lilith-capricorn,Lilith in Capricorn,"tldr: Lilith in Capricorn: the rebel against authority and rules body: Lilith in Capricorn: the rebel against authority and rules. Where you reclaim power on your own terms, outside the system. Watch: ruthlessness in ambition. Refusal of imposed authority: you reject the rules of a system that did not earn your respect. Ambition shaped, and often pressured, by status and demanding early expectations, with a quiet frustration at social standards. Unintegrated it can over-control or misuse position; owned, it turns that authority toward helping others structure and steady their lives, and the reminder is to extend that care to yourself too. shadow: Suppressed it becomes bitter compliance; unchecked, cold defiance and control. voiceNeutral: true","Lilith moves through structure, restraint, responsibility, practical next steps, and endurance. Read this as current weather, not a personality trait.","People may notice lilith taking on a more structure tone in conversations, choices, and timing.",letting the pattern run unconsciously,Choose one concrete next step.,Useful for planning: watch how lilith changes pace and choose the cleanest next move.,Experience first. Astrology explains after. Do not write current sky as personality.,packages/astro-knowledge/data/points/placements/sign/lilith-capricorn.json
Sky + You,points/placements/sign,lilith-gemini,Lilith in Gemini,"tldr: Lilith in Gemini: the unspoken and the silenced voice body: Lilith in Gemini: the unspoken and the silenced voice. Where you reclaim the right to say the forbidden thing. Watch: provocation for its own sake. Unfiltered speech and thought: you refuse to be silenced, censored, or talked over. A communication wound: honesty that got punished early, being told to be quiet, truths that stirred conflict. It reads people sharply and refuses to lie. The growth is learning to deliver the truth with a tone soft enough for it to land, often finding its real outlet in writing. shadow: Suppressed it becomes self-censorship; unchecked, a cutting or manipulative tongue. voiceNeutral: true","Lilith moves through curiosity, language, movement, information, and adaptability. Read this as current weather, not a personality trait.","People may notice lilith taking on a more curiosity tone in conversations, choices, and timing.",letting the pattern run unconsciously,Choose one concrete next step.,Useful for planning: watch how lilith changes pace and choose the cleanest next move.,Experience first. Astrology explains after. Do not write current sky as personality.,packages/astro-knowledge/data/points/placements/sign/lilith-gemini.json
Sky + You,points/placements/sign,lilith-leo,Lilith in Leo,"tldr: Lilith in Leo: the suppressed need to be seen and to shine body: Lilith in Leo: the suppressed need to be seen and to shine. Where you reclaim creative power and unapologetic self-expression. Watch: ego and the demand for attention. Defiant self-expression: you refuse to dim, hide, or perform for approval. A creative, expressive self that was likely suppressed or shamed in a family uneasy with that much spark. Unowned, it folds into a quiet, withheld version of you; owned, it reclaims bold creativity and tends to find its home in creative, visionary, or caring work. shadow: Suppressed it becomes a hunger for validation; unchecked, attention-seeking and pride. voiceNeutral: true","Lilith moves through visibility, confidence, creativity, recognition, and expressive warmth. Read this as current weather, not a personality trait.","People may notice lilith taking on a more visibility tone in conversations, choices, and timing.",letting the pattern run unconsciously,Choose one concrete next step.,Useful for planning: watch how lilith changes pace and choose the cleanest next move.,Experience first. Astrology explains after. Do not write current sky as personality.,packages/astro-knowledge/data/points/placements/sign/lilith-leo.json
Sky + You,points/placements/sign,lilith-libra,Lilith in Libra,"tldr: Lilith in Libra: the untamed in relationship and the refusal to perform niceness body: Lilith in Libra: the untamed in relationship and the refusal to perform niceness. Where you reclaim honest desire over keeping the peace. Watch: provocation in partnership. Refusal to keep the peace at your own cost: you reject forced harmony and unfair niceness. A longing for an ideal, near-perfect union and a sharp read on partners, paired with high expectations and a private uncertainty that can make relationships harder than they need to be, even magnifying tensions into self-fulfilling ones. The growth is learning when to speak and when to let be, and turning the relational gift toward genuine collaboration. shadow: Suppressed it becomes resentful people-pleasing; unchecked, combativeness dressed as fairness. voiceNeutral: true","Lilith moves through relationship, fairness, aesthetics, agreement, and social balance. Read this as current weather, not a personality trait.","People may notice lilith taking on a more relationship tone in conversations, choices, and timing.",letting the pattern run unconsciously,Choose one concrete next step.,Useful for planning: watch how lilith changes pace and choose the cleanest next move.,Experience first. Astrology explains after. Do not write current sky as personality.,packages/astro-knowledge/data/points/placements/sign/lilith-libra.json
Sky + You,points/placements/sign,lilith-pisces,Lilith in Pisces,"tldr: Lilith in Pisces: the drowned, dreaming, untamed unconscious body: Lilith in Pisces: the drowned, dreaming, untamed unconscious. Where you reclaim imagination, sensitivity, and the right to feel everything. Watch: escapism and victimhood. Refusal of martyrdom: raw, boundaryless instinct that will not dissolve itself to keep others comfortable. Deep sensitivity and empathy attuned to the unseen, carrying a real loneliness. The fear of being judged can lead you to over-conform, 'act normal,' and over-work until you can't, quietly imprisoning the real self. The way back is letting the sensitivity and inner life be real and expressed rather than hidden. shadow: Suppressed it becomes victimhood and escape; unchecked, chaos and lost boundaries. voiceNeutral: true","Lilith moves through sensitivity, imagination, compassion, porous boundaries, and surrender. Read this as current weather, not a personality trait.","People may notice lilith taking on a more sensitivity tone in conversations, choices, and timing.",letting the pattern run unconsciously,Choose one concrete next step.,Useful for planning: watch how lilith changes pace and choose the cleanest next move.,Experience first. Astrology explains after. Do not write current sky as personality.,packages/astro-knowledge/data/points/placements/sign/lilith-pisces.json
Sky + You,points/placements/sign,lilith-sagittarius,Lilith in Sagittarius,"tldr: Lilith in Sagittarius: the wild truth-teller and the refusal of dogma body: Lilith in Sagittarius: the wild truth-teller and the refusal of dogma. Where you reclaim your own meaning and freedom. Watch: righteous excess. shadow: Suppressed it becomes restless discontent; unchecked, preachy dogma or flight from commitment. voiceNeutral: true","Lilith moves through meaning, belief, exploration, perspective, and growth. Read this as current weather, not a personality trait.","People may notice lilith taking on a more meaning tone in conversations, choices, and timing.",letting the pattern run unconsciously,Choose one concrete next step.,Useful for planning: watch how lilith changes pace and choose the cleanest next move.,Experience first. Astrology explains after. Do not write current sky as personality.,packages/astro-knowledge/data/points/placements/sign/lilith-sagittarius.json
Sky + You,points/placements/sign,lilith-scorpio,Lilith in Scorpio,"tldr: Lilith in Scorpio: raw depth, taboo, and power body: Lilith in Scorpio: raw depth, taboo, and power. A strong placement. Where you reclaim sexuality, intensity, and what others fear. Watch: control, obsession, and revenge. Raw power and depth: you refuse to be controlled, owned, or exposed. A strong placement for this point. A natural depth-reader and instinctive therapist, tuned into what others feel beneath the surface. Uncertain, it can push past boundaries or feed on intensity; matured, it respects others' edges and can hold grief and darkness with compassion. Depth work and honoring boundaries are the path. shadow: Suppressed it becomes obsession and distrust; unchecked, control and vengeance. voiceNeutral: true","Lilith moves through depth, privacy, trust, emotional honesty, and intensity. Read this as current weather, not a personality trait.","People may notice lilith taking on a more depth tone in conversations, choices, and timing.",letting the pattern run unconsciously,Choose one concrete next step.,Useful for planning: watch how lilith changes pace and choose the cleanest next move.,Experience first. Astrology explains after. Do not write current sky as personality.,packages/astro-knowledge/data/points/placements/sign/lilith-scorpio.json
Sky + You,points/placements/sign,lilith-taurus,Lilith in Taurus,"tldr: Lilith in Taurus: untamed sensuality and the body's appetites body: Lilith in Taurus: untamed sensuality and the body's appetites. Where you reclaim pleasure, worth, and wanting without shame. Watch: possessiveness and excess. Raw appetite and ownership: you refuse to be denied pleasure, money, or your own body. A deep, sensing bond with the physical and natural world; the instinct is rooted in the body and in what is genuinely yours. Misdirected it grasps at money or leans on others' resources; owned, it becomes a grounded, restorative presence. Time in nature and reconnecting with the body are the way back. shadow: Suppressed it becomes shame around desire; unchecked, possessiveness and excess. voiceNeutral: true","Lilith moves through stability, patience, material reality, comfort, and consistency. Read this as current weather, not a personality trait.","People may notice lilith taking on a more stability tone in conversations, choices, and timing.",letting the pattern run unconsciously,Choose one concrete next step.,Useful for planning: watch how lilith changes pace and choose the cleanest next move.,Experience first. Astrology explains after. Do not write current sky as personality.,packages/astro-knowledge/data/points/placements/sign/lilith-taurus.json
Sky + You,points/placements/sign,lilith-virgo,Lilith in Virgo,"tldr: Lilith in Virgo: the shamed body and the rebel against control body: Lilith in Virgo: the shamed body and the rebel against control. Where you reclaim the right to be imperfect and your own master. Watch: self-criticism turned to contempt. Refusal of imposed standards: you reject the demand to be tidy, useful, or perfect on command. An intuitive read on the link between mind and body; as a child you may have absorbed others' pain physically and learned to override your own signals. When those signals stay ignored, wellbeing suffers; the way back is gentle, embodied care, listening to the body and tending health rather than pushing through. shadow: Suppressed it turns into harsh self-criticism; unchecked, contempt for others' standards. voiceNeutral: true","Lilith moves through discernment, repair, routine, useful detail, and refinement. Read this as current weather, not a personality trait.","People may notice lilith taking on a more discernment tone in conversations, choices, and timing.",letting the pattern run unconsciously,Choose one concrete next step.,Useful for planning: watch how lilith changes pace and choose the cleanest next move.,Experience first. Astrology explains after. Do not write current sky as personality.,packages/astro-knowledge/data/points/placements/sign/lilith-virgo.json
Sky + You,points/placements/sign,north-node-aquarius,North in Node Aquarius,"tldr: North Node in aquarius: growth through community, future vision, shared systems, and principled difference. body: This nodal axis asks the person to develop community, future vision, shared systems, and principled difference. The South Node in leo shows the familiar route: needing to be special, dramatizing recognition, or centering the self in every room. The work is not to reject the South Node completely, but to stop letting it run automatically. The North Node becomes stronger through repeated, conscious choices to bring your gifts into a larger future. shadow: Under stress, the South Node in leo can pull the person back into needing to be special, dramatizing recognition, or centering the self in every room. voiceNeutral: true","North moves through Node Aquarius. Read this as current weather, not a personality trait.","People may notice north taking on a more Node Aquarius tone in conversations, choices, and timing.",letting the pattern run unconsciously,Choose one concrete next step.,Useful for planning: watch how north changes pace and choose the cleanest next move.,Experience first. Astrology explains after. Do not write current sky as personality.,packages/astro-knowledge/data/points/placements/sign/north-node-aquarius.json
Sky + You,points/placements/sign,north-node-aries,North in Node Aries,"tldr: North Node in aries: growth through self-direction, courage, and clean initiative. body: This nodal axis asks the person to develop self-direction, courage, and clean initiative. The South Node in libra shows the familiar route: people-pleasing, over-compromise, and waiting for consensus before acting. The work is not to reject the South Node completely, but to stop letting it run automatically. The North Node becomes stronger through repeated, conscious choices to lead before every room approves. shadow: Under stress, the South Node in libra can pull the person back into people-pleasing, over-compromise, and waiting for consensus before acting. voiceNeutral: true","North moves through Node Aries. Read this as current weather, not a personality trait.","People may notice north taking on a more Node Aries tone in conversations, choices, and timing.",letting the pattern run unconsciously,Choose one concrete next step.,Useful for planning: watch how north changes pace and choose the cleanest next move.,Experience first. Astrology explains after. Do not write current sky as personality.,packages/astro-knowledge/data/points/placements/sign/north-node-aries.json
Sky + You,points/placements/sign,north-node-cancer,North in Node Cancer,"tldr: North Node in cancer: growth through care, belonging, emotional honesty, and private safety. body: This nodal axis asks the person to develop care, belonging, emotional honesty, and private safety. The South Node in capricorn shows the familiar route: overachievement, emotional austerity, and proving worth through control. The work is not to reject the South Node completely, but to stop letting it run automatically. The North Node becomes stronger through repeated, conscious choices to build a life that can hold feeling. shadow: Under stress, the South Node in capricorn can pull the person back into overachievement, emotional austerity, and proving worth through control. voiceNeutral: true","North moves through Node Cancer. Read this as current weather, not a personality trait.","People may notice north taking on a more Node Cancer tone in conversations, choices, and timing.",letting the pattern run unconsciously,Choose one concrete next step.,Useful for planning: watch how north changes pace and choose the cleanest next move.,Experience first. Astrology explains after. Do not write current sky as personality.,packages/astro-knowledge/data/points/placements/sign/north-node-cancer.json
Sky + You,points/placements/sign,north-node-capricorn,North in Node Capricorn,"tldr: North Node in capricorn: growth through maturity, structure, public contribution, and self-respect. body: This nodal axis asks the person to develop maturity, structure, public contribution, and self-respect. The South Node in cancer shows the familiar route: retreating into dependency, mood, family scripts, or protection that keeps life small. The work is not to reject the South Node completely, but to stop letting it run automatically. The North Node becomes stronger through repeated, conscious choices to take responsibility without abandoning tenderness. shadow: Under stress, the South Node in cancer can pull the person back into retreating into dependency, mood, family scripts, or protection that keeps life small. voiceNeutral: true","North moves through Node Capricorn. Read this as current weather, not a personality trait.","People may notice north taking on a more Node Capricorn tone in conversations, choices, and timing.",letting the pattern run unconsciously,Choose one concrete next step.,Useful for planning: watch how north changes pace and choose the cleanest next move.,Experience first. Astrology explains after. Do not write current sky as personality.,packages/astro-knowledge/data/points/placements/sign/north-node-capricorn.json
Sky + You,points/placements/sign,north-node-gemini,North in Node Gemini,"tldr: North Node in gemini: growth through curiosity, listening, questions, and local truth. body: This nodal axis asks the person to develop curiosity, listening, questions, and local truth. The South Node in sagittarius shows the familiar route: certainty, preaching, overgeneralizing, and using belief to avoid details. The work is not to reject the South Node completely, but to stop letting it run automatically. The North Node becomes stronger through repeated, conscious choices to stay teachable even when you know a lot. shadow: Under stress, the South Node in sagittarius can pull the person back into certainty, preaching, overgeneralizing, and using belief to avoid details. voiceNeutral: true","North moves through Node Gemini. Read this as current weather, not a personality trait.","People may notice north taking on a more Node Gemini tone in conversations, choices, and timing.",letting the pattern run unconsciously,Choose one concrete next step.,Useful for planning: watch how north changes pace and choose the cleanest next move.,Experience first. Astrology explains after. Do not write current sky as personality.,packages/astro-knowledge/data/points/placements/sign/north-node-gemini.json
Sky + You,points/placements/sign,north-node-leo,North in Node Leo,"tldr: North Node in leo: growth through visibility, creative courage, and personal warmth. body: This nodal axis asks the person to develop visibility, creative courage, and personal warmth. The South Node in aquarius shows the familiar route: detachment, hiding in the group, and making distance look enlightened. The work is not to reject the South Node completely, but to stop letting it run automatically. The North Node becomes stronger through repeated, conscious choices to let yourself be seen without making applause the goal. shadow: Under stress, the South Node in aquarius can pull the person back into detachment, hiding in the group, and making distance look enlightened. voiceNeutral: true","North moves through Node Leo. Read this as current weather, not a personality trait.","People may notice north taking on a more Node Leo tone in conversations, choices, and timing.",letting the pattern run unconsciously,Choose one concrete next step.,Useful for planning: watch how north changes pace and choose the cleanest next move.,Experience first. Astrology explains after. Do not write current sky as personality.,packages/astro-knowledge/data/points/placements/sign/north-node-leo.json
Sky + You,points/placements/sign,north-node-libra,North in Node Libra,"tldr: North Node in libra: growth through relationship skill, fairness, reciprocity, and chosen partnership. body: This nodal axis asks the person to develop relationship skill, fairness, reciprocity, and chosen partnership. The South Node in aries shows the familiar route: reactivity, isolation, unilateral action, and mistaking conflict for freedom. The work is not to reject the South Node completely, but to stop letting it run automatically. The North Node becomes stronger through repeated, conscious choices to let connection refine your choices. shadow: Under stress, the South Node in aries can pull the person back into reactivity, isolation, unilateral action, and mistaking conflict for freedom. voiceNeutral: true","North moves through Node Libra. Read this as current weather, not a personality trait.","People may notice north taking on a more Node Libra tone in conversations, choices, and timing.",letting the pattern run unconsciously,Choose one concrete next step.,Useful for planning: watch how north changes pace and choose the cleanest next move.,Experience first. Astrology explains after. Do not write current sky as personality.,packages/astro-knowledge/data/points/placements/sign/north-node-libra.json
Sky + You,points/placements/sign,north-node-pisces,North in Node Pisces,"tldr: North Node in pisces: growth through surrender, compassion, imagination, and spiritual trust. body: This nodal axis asks the person to develop surrender, compassion, imagination, and spiritual trust. The South Node in virgo shows the familiar route: perfectionism, analysis, control, and trying to earn rest through flawless usefulness. The work is not to reject the South Node completely, but to stop letting it run automatically. The North Node becomes stronger through repeated, conscious choices to trust the current without giving up discernment. shadow: Under stress, the South Node in virgo can pull the person back into perfectionism, analysis, control, and trying to earn rest through flawless usefulness. voiceNeutral: true","North moves through Node Pisces. Read this as current weather, not a personality trait.","People may notice north taking on a more Node Pisces tone in conversations, choices, and timing.",letting the pattern run unconsciously,Choose one concrete next step.,Useful for planning: watch how north changes pace and choose the cleanest next move.,Experience first. Astrology explains after. Do not write current sky as personality.,packages/astro-knowledge/data/points/placements/sign/north-node-pisces.json
Sky + You,points/placements/sign,north-node-sagittarius,North in Node Sagittarius,"tldr: North Node in sagittarius: growth through wisdom, faith, lived philosophy, and the larger horizon. body: This nodal axis asks the person to develop wisdom, faith, lived philosophy, and the larger horizon. The South Node in gemini shows the familiar route: mental loops, scattering, and gathering facts to avoid committing to meaning. The work is not to reject the South Node completely, but to stop letting it run automatically. The North Node becomes stronger through repeated, conscious choices to let knowledge become direction. shadow: Under stress, the South Node in gemini can pull the person back into mental loops, scattering, and gathering facts to avoid committing to meaning. voiceNeutral: true","North moves through Node Sagittarius. Read this as current weather, not a personality trait.","People may notice north taking on a more Node Sagittarius tone in conversations, choices, and timing.",letting the pattern run unconsciously,Choose one concrete next step.,Useful for planning: watch how north changes pace and choose the cleanest next move.,Experience first. Astrology explains after. Do not write current sky as personality.,packages/astro-knowledge/data/points/placements/sign/north-node-sagittarius.json
Sky + You,points/placements/sign,north-node-scorpio,North in Node Scorpio,"tldr: North Node in scorpio: growth through depth, trust, shared power, and emotional courage. body: This nodal axis asks the person to develop depth, trust, shared power, and emotional courage. The South Node in taurus shows the familiar route: comfort, possession, stagnation, and staying because change feels expensive. The work is not to reject the South Node completely, but to stop letting it run automatically. The North Node becomes stronger through repeated, conscious choices to enter the truth instead of managing the surface. shadow: Under stress, the South Node in taurus can pull the person back into comfort, possession, stagnation, and staying because change feels expensive. voiceNeutral: true","North moves through Node Scorpio. Read this as current weather, not a personality trait.","People may notice north taking on a more Node Scorpio tone in conversations, choices, and timing.",letting the pattern run unconsciously,Choose one concrete next step.,Useful for planning: watch how north changes pace and choose the cleanest next move.,Experience first. Astrology explains after. Do not write current sky as personality.,packages/astro-knowledge/data/points/placements/sign/north-node-scorpio.json
Sky + You,points/placements/sign,north-node-taurus,North in Node Taurus,"tldr: North Node in taurus: growth through stability, embodiment, self-worth, and simple values. body: This nodal axis asks the person to develop stability, embodiment, self-worth, and simple values. The South Node in scorpio shows the familiar route: crisis bonding, intensity, control, and living through other people's resources or emergencies. The work is not to reject the South Node completely, but to stop letting it run automatically. The North Node becomes stronger through repeated, conscious choices to choose peace without mistaking it for passivity. shadow: Under stress, the South Node in scorpio can pull the person back into crisis bonding, intensity, control, and living through other people's resources or emergencies. voiceNeutral: true","North moves through Node Taurus. Read this as current weather, not a personality trait.","People may notice north taking on a more Node Taurus tone in conversations, choices, and timing.",letting the pattern run unconsciously,Choose one concrete next step.,Useful for planning: watch how north changes pace and choose the cleanest next move.,Experience first. Astrology explains after. Do not write current sky as personality.,packages/astro-knowledge/data/points/placements/sign/north-node-taurus.json
Sky + You,points/placements/sign,north-node-virgo,North in Node Virgo,"tldr: North Node in virgo: growth through discernment, craft, repair, and useful daily devotion. body: This nodal axis asks the person to develop discernment, craft, repair, and useful daily devotion. The South Node in pisces shows the familiar route: escape, vagueness, porous boundaries, and waiting for rescue or perfect flow. The work is not to reject the South Node completely, but to stop letting it run automatically. The North Node becomes stronger through repeated, conscious choices to make the sacred practical. shadow: Under stress, the South Node in pisces can pull the person back into escape, vagueness, porous boundaries, and waiting for rescue or perfect flow. voiceNeutral: true","North moves through Node Virgo. Read this as current weather, not a personality trait.","People may notice north taking on a more Node Virgo tone in conversations, choices, and timing.",letting the pattern run unconsciously,Choose one concrete next step.,Useful for planning: watch how north changes pace and choose the cleanest next move.,Experience first. Astrology explains after. Do not write current sky as personality.,packages/astro-knowledge/data/points/placements/sign/north-node-virgo.json
You,points/transits/house,chiron-house-1,Chiron in the house-1 House,"tldr: Chiron transiting the 1st house: a long healing chapter around identity, body, visibility, and the way life meets the person directly. body: Chiron moving through the 1st house can reopen old material around identity, body, visibility, and the way life meets the person directly. This is usually a long season, not a quick event, and it asks for patient work with the sore place rather than a rushed fix. The wound is bound to your identity and body; you may feel marked, awkward in your own skin, or 'too much / not enough' as a person. shadow: Defining yourself by the injury, or armoring up so no one sees it. voiceNeutral: true","Chiron is moving through the life area of house house-1. Frame this as a chapter or emphasis, not a one-day event.","Matters connected to house house-1 may become more visible, active, pressured, or available for adjustment.",letting the pattern run unconsciously,Choose one concrete next step.,"Translate this into a practical focus area: one decision, boundary, conversation, or plan connected to house house-1.",Experience first. Astrology explains after. Do not write current sky as personality.,packages/astro-knowledge/data/points/transits/house/chiron-house-1.json
You,points/transits/house,chiron-house-10,Chiron in the house-10 House,"tldr: Chiron transiting the 10th house: a long healing chapter around career, reputation, authority, public standing, and legacy. body: Chiron moving through the 10th house can reopen old material around career, reputation, authority, public standing, and legacy. This is usually a long season, not a quick event, and it asks for patient work with the sore place rather than a rushed fix. The wound is public, in career and standing; you may feel illegitimate or exposed in your role. shadow: Overbuilding status to cover the wound, or sabotaging your own visibility. voiceNeutral: true","Chiron is moving through the life area of house house-10. Frame this as a chapter or emphasis, not a one-day event.","Matters connected to house house-10 may become more visible, active, pressured, or available for adjustment.",letting the pattern run unconsciously,Choose one concrete next step.,"Translate this into a practical focus area: one decision, boundary, conversation, or plan connected to house house-10.",Experience first. Astrology explains after. Do not write current sky as personality.,packages/astro-knowledge/data/points/transits/house/chiron-house-10.json
You,points/transits/house,chiron-house-11,Chiron in the house-11 House,"tldr: Chiron transiting the 11th house: a long healing chapter around friendship, networks, community, hopes, and collective futures. body: Chiron moving through the 11th house can reopen old material around friendship, networks, community, hopes, and collective futures. This is usually a long season, not a quick event, and it asks for patient work with the sore place rather than a rushed fix. The wound is in groups and belonging; friendships, communities, or hopes have hurt. shadow: Withdrawing from community, or chasing a belonging that costs you. voiceNeutral: true","Chiron is moving through the life area of house house-11. Frame this as a chapter or emphasis, not a one-day event.","Matters connected to house house-11 may become more visible, active, pressured, or available for adjustment.",letting the pattern run unconsciously,Choose one concrete next step.,"Translate this into a practical focus area: one decision, boundary, conversation, or plan connected to house house-11.",Experience first. Astrology explains after. Do not write current sky as personality.,packages/astro-knowledge/data/points/transits/house/chiron-house-11.json
You,points/transits/house,chiron-house-12,Chiron in the house-12 House,"tldr: Chiron transiting the 12th house: a long healing chapter around solitude, rest, hidden patterns, endings, dreams, and spiritual retreat. body: Chiron moving through the 12th house can reopen old material around solitude, rest, hidden patterns, endings, dreams, and spiritual retreat. This is usually a long season, not a quick event, and it asks for patient work with the sore place rather than a rushed fix. The wound is hidden, even from you; it lives in the unconscious, in solitude, in what you cannot name. shadow: Letting the wound run things from the dark until you bring it to light. voiceNeutral: true","Chiron is moving through the life area of house house-12. Frame this as a chapter or emphasis, not a one-day event.","Matters connected to house house-12 may become more visible, active, pressured, or available for adjustment.",letting the pattern run unconsciously,Choose one concrete next step.,"Translate this into a practical focus area: one decision, boundary, conversation, or plan connected to house house-12.",Experience first. Astrology explains after. Do not write current sky as personality.,packages/astro-knowledge/data/points/transits/house/chiron-house-12.json
You,points/transits/house,chiron-house-2,Chiron in the house-2 House,"tldr: Chiron transiting the 2nd house: a long healing chapter around money, resources, values, and self-worth. body: Chiron moving through the 2nd house can reopen old material around money, resources, values, and self-worth. This is usually a long season, not a quick event, and it asks for patient work with the sore place rather than a rushed fix. The wound lives in self-worth and resources; you may chase or distrust money and struggle to feel you deserve. shadow: Equating your worth with what you have, in either direction. voiceNeutral: true","Chiron is moving through the life area of house house-2. Frame this as a chapter or emphasis, not a one-day event.","Matters connected to house house-2 may become more visible, active, pressured, or available for adjustment.",letting the pattern run unconsciously,Choose one concrete next step.,"Translate this into a practical focus area: one decision, boundary, conversation, or plan connected to house house-2.",Experience first. Astrology explains after. Do not write current sky as personality.,packages/astro-knowledge/data/points/transits/house/chiron-house-2.json
You,points/transits/house,chiron-house-3,Chiron in the house-3 House,"tldr: Chiron transiting the 3rd house: a long healing chapter around voice, thought, siblings, neighbors, learning, and daily communication. body: Chiron moving through the 3rd house can reopen old material around voice, thought, siblings, neighbors, learning, and daily communication. This is usually a long season, not a quick event, and it asks for patient work with the sore place rather than a rushed fix. The wound is in voice, learning, and the everyday mind; school, siblings, or early speech may be the sore spot. shadow: Talking around the wound, or quietly doubting your own intelligence. voiceNeutral: true","Chiron is moving through the life area of house house-3. Frame this as a chapter or emphasis, not a one-day event.","Matters connected to house house-3 may become more visible, active, pressured, or available for adjustment.",letting the pattern run unconsciously,Choose one concrete next step.,"Translate this into a practical focus area: one decision, boundary, conversation, or plan connected to house house-3.",Experience first. Astrology explains after. Do not write current sky as personality.,packages/astro-knowledge/data/points/transits/house/chiron-house-3.json
You,points/transits/house,chiron-house-4,Chiron in the house-4 House,"tldr: Chiron transiting the 4th house: a long healing chapter around home, family, roots, privacy, and emotional foundations. body: Chiron moving through the 4th house can reopen old material around home, family, roots, privacy, and emotional foundations. This is usually a long season, not a quick event, and it asks for patient work with the sore place rather than a rushed fix. The wound is in home and family; the early foundation was unstable, and 'home' never felt safe. shadow: Recreating the old instability, or never letting anyone near the core. voiceNeutral: true","Chiron is moving through the life area of house house-4. Frame this as a chapter or emphasis, not a one-day event.","Matters connected to house house-4 may become more visible, active, pressured, or available for adjustment.",letting the pattern run unconsciously,Choose one concrete next step.,"Translate this into a practical focus area: one decision, boundary, conversation, or plan connected to house house-4.",Experience first. Astrology explains after. Do not write current sky as personality.,packages/astro-knowledge/data/points/transits/house/chiron-house-4.json
You,points/transits/house,chiron-house-5,Chiron in the house-5 House,"tldr: Chiron transiting the 5th house: a long healing chapter around creativity, pleasure, romance, children, and visible joy. body: Chiron moving through the 5th house can reopen old material around creativity, pleasure, romance, children, and visible joy. This is usually a long season, not a quick event, and it asks for patient work with the sore place rather than a rushed fix. The wound is in creativity, romance, and play; a fear that what you make or who you love is not enough. shadow: Withholding your creative or romantic self to avoid judgment. voiceNeutral: true","Chiron is moving through the life area of house house-5. Frame this as a chapter or emphasis, not a one-day event.","Matters connected to house house-5 may become more visible, active, pressured, or available for adjustment.",letting the pattern run unconsciously,Choose one concrete next step.,"Translate this into a practical focus area: one decision, boundary, conversation, or plan connected to house house-5.",Experience first. Astrology explains after. Do not write current sky as personality.,packages/astro-knowledge/data/points/transits/house/chiron-house-5.json
You,points/transits/house,chiron-house-6,Chiron in the house-6 House,"tldr: Chiron transiting the 6th house: a long healing chapter around work, routine, health, service, and daily maintenance. body: Chiron moving through the 6th house can reopen old material around work, routine, health, service, and daily maintenance. This is usually a long season, not a quick event, and it asks for patient work with the sore place rather than a rushed fix. The wound is in work, routine, and health, often showing through the body or a sense of daily inadequacy. shadow: Overworking the body, or letting health stand in for the deeper wound. voiceNeutral: true","Chiron is moving through the life area of house house-6. Frame this as a chapter or emphasis, not a one-day event.","Matters connected to house house-6 may become more visible, active, pressured, or available for adjustment.",letting the pattern run unconsciously,Choose one concrete next step.,"Translate this into a practical focus area: one decision, boundary, conversation, or plan connected to house house-6.",Experience first. Astrology explains after. Do not write current sky as personality.,packages/astro-knowledge/data/points/transits/house/chiron-house-6.json
You,points/transits/house,chiron-house-7,Chiron in the house-7 House,"tldr: Chiron transiting the 7th house: a long healing chapter around partners, clients, agreements, and one-to-one dynamics. body: Chiron moving through the 7th house can reopen old material around partners, clients, agreements, and one-to-one dynamics. This is usually a long season, not a quick event, and it asks for patient work with the sore place rather than a rushed fix. The wound surfaces through partners; you draw wounded or wounding others, and relationship is where it shows. shadow: Healing partners instead of yourself, or expecting them to fix the wound. voiceNeutral: true","Chiron is moving through the life area of house house-7. Frame this as a chapter or emphasis, not a one-day event.","Matters connected to house house-7 may become more visible, active, pressured, or available for adjustment.",letting the pattern run unconsciously,Choose one concrete next step.,"Translate this into a practical focus area: one decision, boundary, conversation, or plan connected to house house-7.",Experience first. Astrology explains after. Do not write current sky as personality.,packages/astro-knowledge/data/points/transits/house/chiron-house-7.json
You,points/transits/house,chiron-house-8,Chiron in the house-8 House,"tldr: Chiron transiting the 8th house: a long healing chapter around intimacy, shared resources, debt, grief, secrecy, and deep trust. body: Chiron moving through the 8th house can reopen old material around intimacy, shared resources, debt, grief, secrecy, and deep trust. This is usually a long season, not a quick event, and it asks for patient work with the sore place rather than a rushed fix. The wound is in intimacy, trust, and shared resources; loss, debt, or betrayal cut deep here. shadow: Guarding everything, or merging too completely to feel safe. voiceNeutral: true","Chiron is moving through the life area of house house-8. Frame this as a chapter or emphasis, not a one-day event.","Matters connected to house house-8 may become more visible, active, pressured, or available for adjustment.",letting the pattern run unconsciously,Choose one concrete next step.,"Translate this into a practical focus area: one decision, boundary, conversation, or plan connected to house house-8.",Experience first. Astrology explains after. Do not write current sky as personality.,packages/astro-knowledge/data/points/transits/house/chiron-house-8.json
You,points/transits/house,chiron-house-9,Chiron in the house-9 House,"tldr: Chiron transiting the 9th house: a long healing chapter around belief, study, travel, law, publishing, and spiritual perspective. body: Chiron moving through the 9th house can reopen old material around belief, study, travel, law, publishing, and spiritual perspective. This is usually a long season, not a quick event, and it asks for patient work with the sore place rather than a rushed fix. The wound is in belief and meaning; a faith, education, or worldview that failed you. shadow: Preaching a borrowed certainty, or refusing to believe in anything. voiceNeutral: true","Chiron is moving through the life area of house house-9. Frame this as a chapter or emphasis, not a one-day event.","Matters connected to house house-9 may become more visible, active, pressured, or available for adjustment.",letting the pattern run unconsciously,Choose one concrete next step.,"Translate this into a practical focus area: one decision, boundary, conversation, or plan connected to house house-9.",Experience first. Astrology explains after. Do not write current sky as personality.,packages/astro-knowledge/data/points/transits/house/chiron-house-9.json
You,points/transits/house,lilith-house-1,Lilith in the house-1 House,"tldr: Black Moon Lilith transiting the 1st house: autonomy and the disowned self activate through identity, body, visibility, and the way life meets the person directly. body: Black Moon Lilith moving through the 1st house can activate the disowned, uncompromising self through identity, body, visibility, and the way life meets the person directly. For roughly nine months, this transit may expose where shame, control, compliance, or refusal has gathered in this part of life. You are uncompromising about who you are; you refuse to be told how to be, and it shows on sight. Strongly colors the whole personality; intense drives that often sit hidden in the unconscious. The work is to understand and own the energy rather than be unconsciously run by it. shadow: A confrontational identity, or hiding the raw self behind a guarded front. voiceNeutral: true","Lilith is moving through the life area of house house-1. Frame this as a chapter or emphasis, not a one-day event.","Matters connected to house house-1 may become more visible, active, pressured, or available for adjustment.",letting the pattern run unconsciously,Choose one concrete next step.,"Translate this into a practical focus area: one decision, boundary, conversation, or plan connected to house house-1.",Experience first. Astrology explains after. Do not write current sky as personality.,packages/astro-knowledge/data/points/transits/house/lilith-house-1.json
You,points/transits/house,lilith-house-10,Lilith in the house-10 House,"tldr: Black Moon Lilith transiting the 10th house: autonomy and the disowned self activate through career, reputation, authority, public standing, and legacy. body: Black Moon Lilith moving through the 10th house can activate the disowned, uncompromising self through career, reputation, authority, public standing, and legacy. For roughly nine months, this transit may expose where shame, control, compliance, or refusal has gathered in this part of life. You refuse to be controlled in public life; raw ambition that will not play the expected role. Needs unconventional, self-directed work and resists rigid authority; may go marginal or self-employed. Originality is an asset in creative fields, a liability in rigid ones. shadow: Self-sabotage of reputation, or a combative public face. voiceNeutral: true","Lilith is moving through the life area of house house-10. Frame this as a chapter or emphasis, not a one-day event.","Matters connected to house house-10 may become more visible, active, pressured, or available for adjustment.",letting the pattern run unconsciously,Choose one concrete next step.,"Translate this into a practical focus area: one decision, boundary, conversation, or plan connected to house house-10.",Experience first. Astrology explains after. Do not write current sky as personality.,packages/astro-knowledge/data/points/transits/house/lilith-house-10.json
You,points/transits/house,lilith-house-11,Lilith in the house-11 House,"tldr: Black Moon Lilith transiting the 11th house: autonomy and the disowned self activate through friendship, networks, community, hopes, and collective futures. body: Black Moon Lilith moving through the 11th house can activate the disowned, uncompromising self through friendship, networks, community, hopes, and collective futures. For roughly nine months, this transit may expose where shame, control, compliance, or refusal has gathered in this part of life. You refuse to belong to the group on its terms; raw nonconformity in community and friendship. Idealistic and highly selective about friends and groups; risks over-demanding others and feeling betrayed. Wants to make a unique contribution, but needs realism so perfectionism doesn't deliver nothing. shadow: Alienation from groups, or burning bridges with allies. voiceNeutral: true","Lilith is moving through the life area of house house-11. Frame this as a chapter or emphasis, not a one-day event.","Matters connected to house house-11 may become more visible, active, pressured, or available for adjustment.",letting the pattern run unconsciously,Choose one concrete next step.,"Translate this into a practical focus area: one decision, boundary, conversation, or plan connected to house house-11.",Experience first. Astrology explains after. Do not write current sky as personality.,packages/astro-knowledge/data/points/transits/house/lilith-house-11.json
You,points/transits/house,lilith-house-12,Lilith in the house-12 House,"tldr: Black Moon Lilith transiting the 12th house: autonomy and the disowned self activate through solitude, rest, hidden patterns, endings, dreams, and spiritual retreat. body: Black Moon Lilith moving through the 12th house can activate the disowned, uncompromising self through solitude, rest, hidden patterns, endings, dreams, and spiritual retreat. For roughly nine months, this transit may expose where shame, control, compliance, or refusal has gathered in this part of life. The disowned self is buried in the unconscious; raw instinct you may not see, surfacing in private. The disowned self buried in the unconscious: at once a wound and a gateway. Unexamined it blocks expression; explored, it becomes a source of intuitive depth. shadow: Self-sabotage from the dark, or repression that leaks out sideways. voiceNeutral: true","Lilith is moving through the life area of house house-12. Frame this as a chapter or emphasis, not a one-day event.","Matters connected to house house-12 may become more visible, active, pressured, or available for adjustment.",letting the pattern run unconsciously,Choose one concrete next step.,"Translate this into a practical focus area: one decision, boundary, conversation, or plan connected to house house-12.",Experience first. Astrology explains after. Do not write current sky as personality.,packages/astro-knowledge/data/points/transits/house/lilith-house-12.json
You,points/transits/house,lilith-house-2,Lilith in the house-2 House,"tldr: Black Moon Lilith transiting the 2nd house: autonomy and the disowned self activate through money, resources, values, and self-worth. body: Black Moon Lilith moving through the 2nd house can activate the disowned, uncompromising self through money, resources, values, and self-worth. For roughly nine months, this transit may expose where shame, control, compliance, or refusal has gathered in this part of life. You refuse to be controlled through money or made to feel undeserving; raw drive around resources and worth. A conflicted relationship with money: rejecting it as a symbol of control while secretly wanting it intensely, plus a fear of loss. Can unconsciously create scarcity until the conflict is faced. shadow: Money as a battleground, or shame and self-denial around having. voiceNeutral: true","Lilith is moving through the life area of house house-2. Frame this as a chapter or emphasis, not a one-day event.","Matters connected to house house-2 may become more visible, active, pressured, or available for adjustment.",letting the pattern run unconsciously,Choose one concrete next step.,"Translate this into a practical focus area: one decision, boundary, conversation, or plan connected to house house-2.",Experience first. Astrology explains after. Do not write current sky as personality.,packages/astro-knowledge/data/points/transits/house/lilith-house-2.json
You,points/transits/house,lilith-house-3,Lilith in the house-3 House,"tldr: Black Moon Lilith transiting the 3rd house: autonomy and the disowned self activate through voice, thought, siblings, neighbors, learning, and daily communication. body: Black Moon Lilith moving through the 3rd house can activate the disowned, uncompromising self through voice, thought, siblings, neighbors, learning, and daily communication. For roughly nine months, this transit may expose where shame, control, compliance, or refusal has gathered in this part of life. You refuse to be silenced; your voice and daily thinking will not be policed. Buried intensity finds an outlet in writing and communication; thinking runs deep and unconventional. Putting the undercurrent into words is part of the reclamation. The source also links this placement to a significant early event or focus involving a sibling, which can leave a lasting imprint and calls for honest self-exploration. shadow: A sharp, alienating tongue, or swallowed words that turn bitter. voiceNeutral: true","Lilith is moving through the life area of house house-3. Frame this as a chapter or emphasis, not a one-day event.","Matters connected to house house-3 may become more visible, active, pressured, or available for adjustment.",letting the pattern run unconsciously,Choose one concrete next step.,"Translate this into a practical focus area: one decision, boundary, conversation, or plan connected to house house-3.",Experience first. Astrology explains after. Do not write current sky as personality.,packages/astro-knowledge/data/points/transits/house/lilith-house-3.json
You,points/transits/house,lilith-house-4,Lilith in the house-4 House,"tldr: Black Moon Lilith transiting the 4th house: autonomy and the disowned self activate through home, family, roots, privacy, and emotional foundations. body: Black Moon Lilith moving through the 4th house can activate the disowned, uncompromising self through home, family, roots, privacy, and emotional foundations. For roughly nine months, this transit may expose where shame, control, compliance, or refusal has gathered in this part of life. The ungovernable self lives at home and in family; you refuse the roles you were assigned there. A deep wound around home and family: a restlessness that never quite feels at home and an urge to cut roots, paired with sharp perception of other people's hidden motives. It can also mark a significant early event or focus involving a parent or the family home, carried forward as a heavy, formative weight. shadow: Family rupture, or a home life ruled by old repression. voiceNeutral: true","Lilith is moving through the life area of house house-4. Frame this as a chapter or emphasis, not a one-day event.","Matters connected to house house-4 may become more visible, active, pressured, or available for adjustment.",letting the pattern run unconsciously,Choose one concrete next step.,"Translate this into a practical focus area: one decision, boundary, conversation, or plan connected to house house-4.",Experience first. Astrology explains after. Do not write current sky as personality.,packages/astro-knowledge/data/points/transits/house/lilith-house-4.json
You,points/transits/house,lilith-house-5,Lilith in the house-5 House,"tldr: Black Moon Lilith transiting the 5th house: autonomy and the disowned self activate through creativity, pleasure, romance, children, and visible joy. body: Black Moon Lilith moving through the 5th house can activate the disowned, uncompromising self through creativity, pleasure, romance, children, and visible joy. For roughly nine months, this transit may expose where shame, control, compliance, or refusal has gathered in this part of life. You refuse to perform desire or creativity for approval; raw self-expression and appetite. Strong ambivalence about creativity and children, fierce desire set against fear, and a perfectionism that can paralyze. Freed, it pours out original, non-conforming work. shadow: Drama and risk in love and play, or creativity locked away by shame. voiceNeutral: true","Lilith is moving through the life area of house house-5. Frame this as a chapter or emphasis, not a one-day event.","Matters connected to house house-5 may become more visible, active, pressured, or available for adjustment.",letting the pattern run unconsciously,Choose one concrete next step.,"Translate this into a practical focus area: one decision, boundary, conversation, or plan connected to house house-5.",Experience first. Astrology explains after. Do not write current sky as personality.,packages/astro-knowledge/data/points/transits/house/lilith-house-5.json
You,points/transits/house,lilith-house-6,Lilith in the house-6 House,"tldr: Black Moon Lilith transiting the 6th house: autonomy and the disowned self activate through work, routine, health, service, and daily maintenance. body: Black Moon Lilith moving through the 6th house can activate the disowned, uncompromising self through work, routine, health, service, and daily maintenance. For roughly nine months, this transit may expose where shame, control, compliance, or refusal has gathered in this part of life. You refuse to be a compliant worker or to ignore your body; raw instinct around labor and health. Resists being managed and is drawn to unconventional or independent work; clashes with bosses are common. Health here can mirror deeper emotional pressure, so treat the whole person, not just symptoms. shadow: Defiant burnout, or repression that surfaces as illness. voiceNeutral: true","Lilith is moving through the life area of house house-6. Frame this as a chapter or emphasis, not a one-day event.","Matters connected to house house-6 may become more visible, active, pressured, or available for adjustment.",letting the pattern run unconsciously,Choose one concrete next step.,"Translate this into a practical focus area: one decision, boundary, conversation, or plan connected to house house-6.",Experience first. Astrology explains after. Do not write current sky as personality.,packages/astro-knowledge/data/points/transits/house/lilith-house-6.json
You,points/transits/house,lilith-house-7,Lilith in the house-7 House,"tldr: Black Moon Lilith transiting the 7th house: autonomy and the disowned self activate through partners, clients, agreements, and one-to-one dynamics. body: Black Moon Lilith moving through the 7th house can activate the disowned, uncompromising self through partners, clients, agreements, and one-to-one dynamics. For roughly nine months, this transit may expose where shame, control, compliance, or refusal has gathered in this part of life. You refuse to disappear inside a partnership; relationship is where the disowned self gets triggered and reclaimed. Idealized expectations projected onto partners, with disappointment when they prove human. Attracts independent, rebellious partners, and relationship crises tend to be the catalyst for real healing. shadow: Power struggles, or attracting the controlling dynamic you fear. voiceNeutral: true","Lilith is moving through the life area of house house-7. Frame this as a chapter or emphasis, not a one-day event.","Matters connected to house house-7 may become more visible, active, pressured, or available for adjustment.",letting the pattern run unconsciously,Choose one concrete next step.,"Translate this into a practical focus area: one decision, boundary, conversation, or plan connected to house house-7.",Experience first. Astrology explains after. Do not write current sky as personality.,packages/astro-knowledge/data/points/transits/house/lilith-house-7.json
You,points/transits/house,lilith-house-8,Lilith in the house-8 House,"tldr: Black Moon Lilith transiting the 8th house: autonomy and the disowned self activate through intimacy, shared resources, debt, grief, secrecy, and deep trust. body: Black Moon Lilith moving through the 8th house can activate the disowned, uncompromising self through intimacy, shared resources, debt, grief, secrecy, and deep trust. For roughly nine months, this transit may expose where shame, control, compliance, or refusal has gathered in this part of life. Raw power in intimacy, trust, and shared resources; you refuse to be controlled in the deepest places. An all-or-nothing charge around intimacy and shared resources: either powerfully alive or shut down and refused. Strong affinity for the hidden and the taboo. shadow: Control, obsession, or repeating the betrayal wound. voiceNeutral: true","Lilith is moving through the life area of house house-8. Frame this as a chapter or emphasis, not a one-day event.","Matters connected to house house-8 may become more visible, active, pressured, or available for adjustment.",letting the pattern run unconsciously,Choose one concrete next step.,"Translate this into a practical focus area: one decision, boundary, conversation, or plan connected to house house-8.",Experience first. Astrology explains after. Do not write current sky as personality.,packages/astro-knowledge/data/points/transits/house/lilith-house-8.json
You,points/transits/house,lilith-house-9,Lilith in the house-9 House,"tldr: Black Moon Lilith transiting the 9th house: autonomy and the disowned self activate through belief, study, travel, law, publishing, and spiritual perspective. body: Black Moon Lilith moving through the 9th house can activate the disowned, uncompromising self through belief, study, travel, law, publishing, and spiritual perspective. For roughly nine months, this transit may expose where shame, control, compliance, or refusal has gathered in this part of life. You refuse imposed belief; raw truth-seeking that will not accept a borrowed worldview. Rejects imposed belief and conventional study in favor of instinctive knowing. Periodic, sweeping rethinks of worldview and values are part of the pattern. shadow: Zealotry, or rejecting all meaning to stay free. voiceNeutral: true","Lilith is moving through the life area of house house-9. Frame this as a chapter or emphasis, not a one-day event.","Matters connected to house house-9 may become more visible, active, pressured, or available for adjustment.",letting the pattern run unconsciously,Choose one concrete next step.,"Translate this into a practical focus area: one decision, boundary, conversation, or plan connected to house house-9.",Experience first. Astrology explains after. Do not write current sky as personality.,packages/astro-knowledge/data/points/transits/house/lilith-house-9.json
Knowledge,transits/house,jupiter-1,Jupiter in the 1st House,"tldr: Jupiter expands and opens the field of self. body: For a long season, work tied to the self, body, and personal initiative is where growth and expansion shows up. Frame it as a chapter, not a day. shadow: Excess and overreach spilling into self. source.title: full knowledge-base import voiceNeutral: true","Growth, belief, opportunity, and expansion is moving through the life area of self, body, identity, and first response. Frame this as a chapter or emphasis, not a one-day event.","Matters connected to self, body, identity, and first response may become more visible, active, pressured, or available for adjustment.","overpromising, overreaching, or mistaking optimism for evidence",Test the opportunity against reality before expanding it.,"Translate this into a practical focus area: one decision, boundary, conversation, or plan connected to self, body, identity, and first response.",Experience first. Astrology explains after. Do not write current sky as personality.,packages/astro-knowledge/data/transits/house/jupiter-1.json
Knowledge,transits/house,jupiter-10,Jupiter in the 10th House,"tldr: Jupiter expands and opens the field of career. body: For a long season, work tied to career, reputation, and public standing is where growth and expansion shows up. Frame it as a chapter, not a day. shadow: Excess and overreach spilling into career. source.title: full knowledge-base import voiceNeutral: true","Growth, belief, opportunity, and expansion is moving through the life area of career, reputation, authority, public role, and contribution. Frame this as a chapter or emphasis, not a one-day event.","Matters connected to career, reputation, authority, public role, and contribution may become more visible, active, pressured, or available for adjustment.","overpromising, overreaching, or mistaking optimism for evidence",Test the opportunity against reality before expanding it.,"Translate this into a practical focus area: one decision, boundary, conversation, or plan connected to career, reputation, authority, public role, and contribution.",Experience first. Astrology explains after. Do not write current sky as personality.,packages/astro-knowledge/data/transits/house/jupiter-10.json
Knowledge,transits/house,jupiter-11,Jupiter in the 11th House,"tldr: Jupiter expands and opens the field of community. body: For a long season, work tied to friends, allies, groups, and long-range goals is where growth and expansion shows up. Frame it as a chapter, not a day. shadow: Excess and overreach spilling into community. source.title: full knowledge-base import voiceNeutral: true","Growth, belief, opportunity, and expansion is moving through the life area of friendship, groups, community, hopes, allies, and future plans. Frame this as a chapter or emphasis, not a one-day event.","Matters connected to friendship, groups, community, hopes, allies, and future plans may become more visible, active, pressured, or available for adjustment.","overpromising, overreaching, or mistaking optimism for evidence",Test the opportunity against reality before expanding it.,"Translate this into a practical focus area: one decision, boundary, conversation, or plan connected to friendship, groups, community, hopes, allies, and future plans.",Experience first. Astrology explains after. Do not write current sky as personality.,packages/astro-knowledge/data/transits/house/jupiter-11.json
Knowledge,transits/house,jupiter-12,Jupiter in the 12th House,"tldr: Jupiter expands and opens the field of the hidden. body: For a long season, work tied to solitude, the hidden, loss, and the inner life is where growth and expansion shows up. Frame it as a chapter, not a day. shadow: Excess and overreach spilling into the hidden. source.title: full knowledge-base import voiceNeutral: true","Growth, belief, opportunity, and expansion is moving through the life area of solitude, the unconscious, hidden things, retreat, isolation, and release. Frame this as a chapter or emphasis, not a one-day event.","Matters connected to solitude, the unconscious, hidden things, retreat, isolation, and release may become more visible, active, pressured, or available for adjustment.","overpromising, overreaching, or mistaking optimism for evidence",Test the opportunity against reality before expanding it.,"Translate this into a practical focus area: one decision, boundary, conversation, or plan connected to solitude, the unconscious, hidden things, retreat, isolation, and release.",Experience first. Astrology explains after. Do not write current sky as personality.,packages/astro-knowledge/data/transits/house/jupiter-12.json
Knowledge,transits/house,jupiter-2,Jupiter in the 2nd House,"tldr: Jupiter expands and opens the field of resources. body: For a long season, work tied to money, resources, and what you value is where growth and expansion shows up. Frame it as a chapter, not a day. shadow: Excess and overreach spilling into resources. source.title: full knowledge-base import voiceNeutral: true","Growth, belief, opportunity, and expansion is moving through the life area of money, resources, possessions, and values. Frame this as a chapter or emphasis, not a one-day event.","Matters connected to money, resources, possessions, and values may become more visible, active, pressured, or available for adjustment.","overpromising, overreaching, or mistaking optimism for evidence",Test the opportunity against reality before expanding it.,"Translate this into a practical focus area: one decision, boundary, conversation, or plan connected to money, resources, possessions, and values.",Experience first. Astrology explains after. Do not write current sky as personality.,packages/astro-knowledge/data/transits/house/jupiter-2.json
Knowledge,transits/house,jupiter-3,Jupiter in the 3rd House,"tldr: Jupiter expands and opens the field of communication. body: For a long season, work tied to communication, learning, and the local is where growth and expansion shows up. Frame it as a chapter, not a day. shadow: Excess and overreach spilling into communication. source.title: full knowledge-base import voiceNeutral: true","Growth, belief, opportunity, and expansion is moving through the life area of communication, siblings, local life, daily movement, and immediate environment. Frame this as a chapter or emphasis, not a one-day event.","Matters connected to communication, siblings, local life, daily movement, and immediate environment may become more visible, active, pressured, or available for adjustment.","overpromising, overreaching, or mistaking optimism for evidence",Test the opportunity against reality before expanding it.,"Translate this into a practical focus area: one decision, boundary, conversation, or plan connected to communication, siblings, local life, daily movement, and immediate environment.",Experience first. Astrology explains after. Do not write current sky as personality.,packages/astro-knowledge/data/transits/house/jupiter-3.json
Knowledge,transits/house,jupiter-4,Jupiter in the 4th House,"tldr: Jupiter expands and opens the field of home. body: For a long season, work tied to home, family, and foundations is where growth and expansion shows up. Frame it as a chapter, not a day. shadow: Excess and overreach spilling into home. source.title: full knowledge-base import voiceNeutral: true","Growth, belief, opportunity, and expansion is moving through the life area of home, family, roots, privacy, and emotional foundation. Frame this as a chapter or emphasis, not a one-day event.","Matters connected to home, family, roots, privacy, and emotional foundation may become more visible, active, pressured, or available for adjustment.","overpromising, overreaching, or mistaking optimism for evidence",Test the opportunity against reality before expanding it.,"Translate this into a practical focus area: one decision, boundary, conversation, or plan connected to home, family, roots, privacy, and emotional foundation.",Experience first. Astrology explains after. Do not write current sky as personality.,packages/astro-knowledge/data/transits/house/jupiter-4.json
Knowledge,transits/house,jupiter-5,Jupiter in the 5th House,"tldr: Jupiter expands and opens the field of creativity. body: For a long season, work tied to creativity, romance, children, and play is where growth and expansion shows up. Frame it as a chapter, not a day. shadow: Excess and overreach spilling into creativity. source.title: full knowledge-base import voiceNeutral: true","Growth, belief, opportunity, and expansion is moving through the life area of creativity, romance, play, joy, and self-expression. Frame this as a chapter or emphasis, not a one-day event.","Matters connected to creativity, romance, play, joy, and self-expression may become more visible, active, pressured, or available for adjustment.","overpromising, overreaching, or mistaking optimism for evidence",Test the opportunity against reality before expanding it.,"Translate this into a practical focus area: one decision, boundary, conversation, or plan connected to creativity, romance, play, joy, and self-expression.",Experience first. Astrology explains after. Do not write current sky as personality.,packages/astro-knowledge/data/transits/house/jupiter-5.json
Knowledge,transits/house,jupiter-6,Jupiter in the 6th House,"tldr: Jupiter expands and opens the field of work and health. body: For a long season, work tied to work, routine, health, and service is where growth and expansion shows up. Frame it as a chapter, not a day. shadow: Excess and overreach spilling into work and health. source.title: full knowledge-base import voiceNeutral: true","Growth, belief, opportunity, and expansion is moving through the life area of work, routine, service, maintenance, health, and daily obligations. Frame this as a chapter or emphasis, not a one-day event.","Matters connected to work, routine, service, maintenance, health, and daily obligations may become more visible, active, pressured, or available for adjustment.","overpromising, overreaching, or mistaking optimism for evidence",Test the opportunity against reality before expanding it.,"Translate this into a practical focus area: one decision, boundary, conversation, or plan connected to work, routine, service, maintenance, health, and daily obligations.",Experience first. Astrology explains after. Do not write current sky as personality.,packages/astro-knowledge/data/transits/house/jupiter-6.json
Knowledge,transits/house,jupiter-7,Jupiter in the 7th House,"tldr: Jupiter expands and opens the field of partnership. body: For a long season, work tied to partners, clients, and one-to-one dealings is where growth and expansion shows up. Frame it as a chapter, not a day. shadow: Excess and overreach spilling into partnership. source.title: full knowledge-base import voiceNeutral: true","Growth, belief, opportunity, and expansion is moving through the life area of partnership, collaboration, one-to-one bonds, and open others. Frame this as a chapter or emphasis, not a one-day event.","Matters connected to partnership, collaboration, one-to-one bonds, and open others may become more visible, active, pressured, or available for adjustment.","overpromising, overreaching, or mistaking optimism for evidence",Test the opportunity against reality before expanding it.,"Translate this into a practical focus area: one decision, boundary, conversation, or plan connected to partnership, collaboration, one-to-one bonds, and open others.",Experience first. Astrology explains after. Do not write current sky as personality.,packages/astro-knowledge/data/transits/house/jupiter-7.json
Knowledge,transits/house,jupiter-8,Jupiter in the 8th House,"tldr: Jupiter expands and opens the field of shared resources. body: For a long season, work tied to shared resources, intimacy, debt, and transformation is where growth and expansion shows up. Frame it as a chapter, not a day. shadow: Excess and overreach spilling into shared resources. source.title: full knowledge-base import voiceNeutral: true","Growth, belief, opportunity, and expansion is moving through the life area of shared resources, intimacy, trust, debt, inheritance, and transformation. Frame this as a chapter or emphasis, not a one-day event.","Matters connected to shared resources, intimacy, trust, debt, inheritance, and transformation may become more visible, active, pressured, or available for adjustment.","overpromising, overreaching, or mistaking optimism for evidence",Test the opportunity against reality before expanding it.,"Translate this into a practical focus area: one decision, boundary, conversation, or plan connected to shared resources, intimacy, trust, debt, inheritance, and transformation.",Experience first. Astrology explains after. Do not write current sky as personality.,packages/astro-knowledge/data/transits/house/jupiter-8.json
Knowledge,transits/house,jupiter-9,Jupiter in the 9th House,"tldr: Jupiter expands and opens the field of meaning. body: For a long season, work tied to travel, higher learning, belief, and the big picture is where growth and expansion shows up. Frame it as a chapter, not a day. shadow: Excess and overreach spilling into meaning. source.title: full knowledge-base import voiceNeutral: true","Growth, belief, opportunity, and expansion is moving through the life area of beliefs, higher learning, travel, philosophy, and meaning. Frame this as a chapter or emphasis, not a one-day event.","Matters connected to beliefs, higher learning, travel, philosophy, and meaning may become more visible, active, pressured, or available for adjustment.","overpromising, overreaching, or mistaking optimism for evidence",Test the opportunity against reality before expanding it.,"Translate this into a practical focus area: one decision, boundary, conversation, or plan connected to beliefs, higher learning, travel, philosophy, and meaning.",Experience first. Astrology explains after. Do not write current sky as personality.,packages/astro-knowledge/data/transits/house/jupiter-9.json
Knowledge,transits/house,mars-1,Mars in the 1st House,"tldr: Mars through the 1st house brings focus to self, body, identity, and first moves. body: Mars transiting the 1st house energizes self, body, identity, and first moves. For about six weeks, drive, heat, conflict, desire, and action move through this part of life, making it harder to ignore what needs attention here. This is an activation transit: it brings momentum and courage, but also heat that needs a clear outlet. shadow: Impulsiveness, conflict, burnout, or over-identifying with the moment. source.title: authorized project source material voiceNeutral: true","Action, heat, courage, friction, and desire is moving through the life area of self, body, identity, and first response. Frame this as a chapter or emphasis, not a one-day event.","Matters connected to self, body, identity, and first response may become more visible, active, pressured, or available for adjustment.",forcing movement before the situation is ready,Choose one action instead of forcing the whole outcome.,"Translate this into a practical focus area: one decision, boundary, conversation, or plan connected to self, body, identity, and first response.",Experience first. Astrology explains after. Do not write current sky as personality.,packages/astro-knowledge/data/transits/house/mars-1.json
Knowledge,transits/house,mars-10,Mars in the 10th House,"tldr: Mars through the 10th house brings focus to career, reputation, authority, and public contribution. body: Mars transiting the 10th house energizes career, reputation, authority, and public contribution. For about six weeks, drive, heat, conflict, desire, and action move through this part of life, making it harder to ignore what needs attention here. This is an activation transit: it brings momentum and courage, but also heat that needs a clear outlet. shadow: Impulsiveness, conflict, burnout, or measuring worth only by public success. source.title: authorized project source material voiceNeutral: true","Action, heat, courage, friction, and desire is moving through the life area of career, reputation, authority, public role, and contribution. Frame this as a chapter or emphasis, not a one-day event.","Matters connected to career, reputation, authority, public role, and contribution may become more visible, active, pressured, or available for adjustment.",forcing movement before the situation is ready,Choose one action instead of forcing the whole outcome.,"Translate this into a practical focus area: one decision, boundary, conversation, or plan connected to career, reputation, authority, public role, and contribution.",Experience first. Astrology explains after. Do not write current sky as personality.,packages/astro-knowledge/data/transits/house/mars-10.json
Knowledge,transits/house,mars-11,Mars in the 11th House,"tldr: Mars through the 11th house brings focus to friends, networks, community, hopes, and collective work. body: Mars transiting the 11th house energizes friends, networks, community, hopes, and collective work. For about six weeks, drive, heat, conflict, desire, and action move through this part of life, making it harder to ignore what needs attention here. This is an activation transit: it brings momentum and courage, but also heat that needs a clear outlet. shadow: Impulsiveness, conflict, burnout, or belonging without discernment. source.title: authorized project source material voiceNeutral: true","Action, heat, courage, friction, and desire is moving through the life area of friendship, groups, community, hopes, allies, and future plans. Frame this as a chapter or emphasis, not a one-day event.","Matters connected to friendship, groups, community, hopes, allies, and future plans may become more visible, active, pressured, or available for adjustment.",forcing movement before the situation is ready,Choose one action instead of forcing the whole outcome.,"Translate this into a practical focus area: one decision, boundary, conversation, or plan connected to friendship, groups, community, hopes, allies, and future plans.",Experience first. Astrology explains after. Do not write current sky as personality.,packages/astro-knowledge/data/transits/house/mars-11.json
Knowledge,transits/house,mars-12,Mars in the 12th House,"tldr: Mars through the 12th house brings focus to rest, solitude, endings, hidden patterns, dreams, and spiritual retreat. body: Mars transiting the 12th house energizes rest, solitude, endings, hidden patterns, dreams, and spiritual retreat. For about six weeks, drive, heat, conflict, desire, and action move through this part of life, making it harder to ignore what needs attention here. This is an activation transit: it brings momentum and courage, but also heat that needs a clear outlet. shadow: Impulsiveness, conflict, burnout, or escape, isolation, or avoiding what needs care. source.title: authorized project source material voiceNeutral: true","Action, heat, courage, friction, and desire is moving through the life area of solitude, the unconscious, hidden things, retreat, isolation, and release. Frame this as a chapter or emphasis, not a one-day event.","Matters connected to solitude, the unconscious, hidden things, retreat, isolation, and release may become more visible, active, pressured, or available for adjustment.",forcing movement before the situation is ready,Choose one action instead of forcing the whole outcome.,"Translate this into a practical focus area: one decision, boundary, conversation, or plan connected to solitude, the unconscious, hidden things, retreat, isolation, and release.",Experience first. Astrology explains after. Do not write current sky as personality.,packages/astro-knowledge/data/transits/house/mars-12.json
Knowledge,transits/house,mars-2,Mars in the 2nd House,"tldr: Mars through the 2nd house brings focus to money, resources, values, and self-worth. body: Mars transiting the 2nd house energizes money, resources, values, and self-worth. For about six weeks, drive, heat, conflict, desire, and action move through this part of life, making it harder to ignore what needs attention here. This is an activation transit: it brings momentum and courage, but also heat that needs a clear outlet. shadow: Impulsiveness, conflict, burnout, or equating worth with what is owned or earned. source.title: authorized project source material voiceNeutral: true","Action, heat, courage, friction, and desire is moving through the life area of money, resources, possessions, and values. Frame this as a chapter or emphasis, not a one-day event.","Matters connected to money, resources, possessions, and values may become more visible, active, pressured, or available for adjustment.",forcing movement before the situation is ready,Choose one action instead of forcing the whole outcome.,"Translate this into a practical focus area: one decision, boundary, conversation, or plan connected to money, resources, possessions, and values.",Experience first. Astrology explains after. Do not write current sky as personality.,packages/astro-knowledge/data/transits/house/mars-2.json
Knowledge,transits/house,mars-3,Mars in the 3rd House,"tldr: Mars through the 3rd house brings focus to communication, learning, siblings, neighbors, and daily movement. body: Mars transiting the 3rd house energizes communication, learning, siblings, neighbors, and daily movement. For about six weeks, drive, heat, conflict, desire, and action move through this part of life, making it harder to ignore what needs attention here. This is an activation transit: it brings momentum and courage, but also heat that needs a clear outlet. shadow: Impulsiveness, conflict, burnout, or scattered attention or reactive speech. source.title: authorized project source material voiceNeutral: true","Action, heat, courage, friction, and desire is moving through the life area of communication, siblings, local life, daily movement, and immediate environment. Frame this as a chapter or emphasis, not a one-day event.","Matters connected to communication, siblings, local life, daily movement, and immediate environment may become more visible, active, pressured, or available for adjustment.",forcing movement before the situation is ready,Choose one action instead of forcing the whole outcome.,"Translate this into a practical focus area: one decision, boundary, conversation, or plan connected to communication, siblings, local life, daily movement, and immediate environment.",Experience first. Astrology explains after. Do not write current sky as personality.,packages/astro-knowledge/data/transits/house/mars-3.json
Knowledge,transits/house,mars-4,Mars in the 4th House,"tldr: Mars through the 4th house brings focus to home, family, roots, privacy, and emotional foundations. body: Mars transiting the 4th house energizes home, family, roots, privacy, and emotional foundations. For about six weeks, drive, heat, conflict, desire, and action move through this part of life, making it harder to ignore what needs attention here. This is an activation transit: it brings momentum and courage, but also heat that needs a clear outlet. shadow: Impulsiveness, conflict, burnout, or retreating into old patterns. source.title: authorized project source material voiceNeutral: true","Action, heat, courage, friction, and desire is moving through the life area of home, family, roots, privacy, and emotional foundation. Frame this as a chapter or emphasis, not a one-day event.","Matters connected to home, family, roots, privacy, and emotional foundation may become more visible, active, pressured, or available for adjustment.",forcing movement before the situation is ready,Choose one action instead of forcing the whole outcome.,"Translate this into a practical focus area: one decision, boundary, conversation, or plan connected to home, family, roots, privacy, and emotional foundation.",Experience first. Astrology explains after. Do not write current sky as personality.,packages/astro-knowledge/data/transits/house/mars-4.json
Knowledge,transits/house,mars-5,Mars in the 5th House,"tldr: Mars through the 5th house brings focus to creativity, pleasure, romance, children, and joy. body: Mars transiting the 5th house energizes creativity, pleasure, romance, children, and joy. For about six weeks, drive, heat, conflict, desire, and action move through this part of life, making it harder to ignore what needs attention here. This is an activation transit: it brings momentum and courage, but also heat that needs a clear outlet. shadow: Impulsiveness, conflict, burnout, or performing for validation. source.title: authorized project source material voiceNeutral: true","Action, heat, courage, friction, and desire is moving through the life area of creativity, romance, play, joy, and self-expression. Frame this as a chapter or emphasis, not a one-day event.","Matters connected to creativity, romance, play, joy, and self-expression may become more visible, active, pressured, or available for adjustment.",forcing movement before the situation is ready,Choose one action instead of forcing the whole outcome.,"Translate this into a practical focus area: one decision, boundary, conversation, or plan connected to creativity, romance, play, joy, and self-expression.",Experience first. Astrology explains after. Do not write current sky as personality.,packages/astro-knowledge/data/transits/house/mars-5.json
Knowledge,transits/house,mars-6,Mars in the 6th House,"tldr: Mars through the 6th house brings focus to work routines, health, service, labor, and maintenance. body: Mars transiting the 6th house energizes work routines, health, service, labor, and maintenance. For about six weeks, drive, heat, conflict, desire, and action move through this part of life, making it harder to ignore what needs attention here. This is an activation transit: it brings momentum and courage, but also heat that needs a clear outlet. shadow: Impulsiveness, conflict, burnout, or overwork or neglecting the body. source.title: authorized project source material voiceNeutral: true","Action, heat, courage, friction, and desire is moving through the life area of work, routine, service, maintenance, health, and daily obligations. Frame this as a chapter or emphasis, not a one-day event.","Matters connected to work, routine, service, maintenance, health, and daily obligations may become more visible, active, pressured, or available for adjustment.",forcing movement before the situation is ready,Choose one action instead of forcing the whole outcome.,"Translate this into a practical focus area: one decision, boundary, conversation, or plan connected to work, routine, service, maintenance, health, and daily obligations.",Experience first. Astrology explains after. Do not write current sky as personality.,packages/astro-knowledge/data/transits/house/mars-6.json
Knowledge,transits/house,mars-7,Mars in the 7th House,"tldr: Mars through the 7th house brings focus to partnerships, clients, contracts, and direct others. body: Mars transiting the 7th house energizes partnerships, clients, contracts, and direct others. For about six weeks, drive, heat, conflict, desire, and action move through this part of life, making it harder to ignore what needs attention here. This is an activation transit: it brings momentum and courage, but also heat that needs a clear outlet. shadow: Impulsiveness, conflict, burnout, or handing your agency to someone else. source.title: authorized project source material voiceNeutral: true","Action, heat, courage, friction, and desire is moving through the life area of partnership, collaboration, one-to-one bonds, and open others. Frame this as a chapter or emphasis, not a one-day event.","Matters connected to partnership, collaboration, one-to-one bonds, and open others may become more visible, active, pressured, or available for adjustment.",forcing movement before the situation is ready,Choose one action instead of forcing the whole outcome.,"Translate this into a practical focus area: one decision, boundary, conversation, or plan connected to partnership, collaboration, one-to-one bonds, and open others.",Experience first. Astrology explains after. Do not write current sky as personality.,packages/astro-knowledge/data/transits/house/mars-7.json
Knowledge,transits/house,mars-8,Mars in the 8th House,"tldr: Mars through the 8th house brings focus to shared resources, debt, intimacy, grief, and entanglement. body: Mars transiting the 8th house energizes shared resources, debt, intimacy, grief, and entanglement. For about six weeks, drive, heat, conflict, desire, and action move through this part of life, making it harder to ignore what needs attention here. This is an activation transit: it brings momentum and courage, but also heat that needs a clear outlet. shadow: Impulsiveness, conflict, burnout, or control, avoidance, or crisis attachment. source.title: authorized project source material voiceNeutral: true","Action, heat, courage, friction, and desire is moving through the life area of shared resources, intimacy, trust, debt, inheritance, and transformation. Frame this as a chapter or emphasis, not a one-day event.","Matters connected to shared resources, intimacy, trust, debt, inheritance, and transformation may become more visible, active, pressured, or available for adjustment.",forcing movement before the situation is ready,Choose one action instead of forcing the whole outcome.,"Translate this into a practical focus area: one decision, boundary, conversation, or plan connected to shared resources, intimacy, trust, debt, inheritance, and transformation.",Experience first. Astrology explains after. Do not write current sky as personality.,packages/astro-knowledge/data/transits/house/mars-8.json
Knowledge,transits/house,mars-9,Mars in the 9th House,"tldr: Mars through the 9th house brings focus to travel, study, belief, publishing, law, and spiritual perspective. body: Mars transiting the 9th house energizes travel, study, belief, publishing, law, and spiritual perspective. For about six weeks, drive, heat, conflict, desire, and action move through this part of life, making it harder to ignore what needs attention here. This is an activation transit: it brings momentum and courage, but also heat that needs a clear outlet. shadow: Impulsiveness, conflict, burnout, or using certainty to avoid humility. source.title: authorized project source material voiceNeutral: true","Action, heat, courage, friction, and desire is moving through the life area of beliefs, higher learning, travel, philosophy, and meaning. Frame this as a chapter or emphasis, not a one-day event.","Matters connected to beliefs, higher learning, travel, philosophy, and meaning may become more visible, active, pressured, or available for adjustment.",forcing movement before the situation is ready,Choose one action instead of forcing the whole outcome.,"Translate this into a practical focus area: one decision, boundary, conversation, or plan connected to beliefs, higher learning, travel, philosophy, and meaning.",Experience first. Astrology explains after. Do not write current sky as personality.,packages/astro-knowledge/data/transits/house/mars-9.json
Knowledge,transits/house,mercury-1,Mercury in the 1st House,"tldr: Mercury through the 1st house brings focus to self, body, identity, and first moves. body: Mercury transiting the 1st house activates self, body, identity, and first moves. For a few weeks, thought, conversation, planning, and messages move through this part of life, making it harder to ignore what needs attention here. This is a thinking transit: it favors planning, conversations, edits, decisions, and information-gathering around the house topic. shadow: Overthinking, mixed messages, or over-identifying with the moment. source.title: authorized project source material voiceNeutral: true","Language, information, decisions, and nervous energy is moving through the life area of self, body, identity, and first response. Frame this as a chapter or emphasis, not a one-day event.","Matters connected to self, body, identity, and first response may become more visible, active, pressured, or available for adjustment.","overthinking, assuming, or moving too quickly to verify",Clarify the facts before committing.,"Translate this into a practical focus area: one decision, boundary, conversation, or plan connected to self, body, identity, and first response.",Experience first. Astrology explains after. Do not write current sky as personality.,packages/astro-knowledge/data/transits/house/mercury-1.json
Knowledge,transits/house,mercury-10,Mercury in the 10th House,"tldr: Mercury through the 10th house brings focus to career, reputation, authority, and public contribution. body: Mercury transiting the 10th house activates career, reputation, authority, and public contribution. For a few weeks, thought, conversation, planning, and messages move through this part of life, making it harder to ignore what needs attention here. This is a thinking transit: it favors planning, conversations, edits, decisions, and information-gathering around the house topic. shadow: Overthinking, mixed messages, or measuring worth only by public success. source.title: authorized project source material voiceNeutral: true","Language, information, decisions, and nervous energy is moving through the life area of career, reputation, authority, public role, and contribution. Frame this as a chapter or emphasis, not a one-day event.","Matters connected to career, reputation, authority, public role, and contribution may become more visible, active, pressured, or available for adjustment.","overthinking, assuming, or moving too quickly to verify",Clarify the facts before committing.,"Translate this into a practical focus area: one decision, boundary, conversation, or plan connected to career, reputation, authority, public role, and contribution.",Experience first. Astrology explains after. Do not write current sky as personality.,packages/astro-knowledge/data/transits/house/mercury-10.json
Knowledge,transits/house,mercury-11,Mercury in the 11th House,"tldr: Mercury through the 11th house brings focus to friends, networks, community, hopes, and collective work. body: Mercury transiting the 11th house activates friends, networks, community, hopes, and collective work. For a few weeks, thought, conversation, planning, and messages move through this part of life, making it harder to ignore what needs attention here. This is a thinking transit: it favors planning, conversations, edits, decisions, and information-gathering around the house topic. shadow: Overthinking, mixed messages, or belonging without discernment. source.title: authorized project source material voiceNeutral: true","Language, information, decisions, and nervous energy is moving through the life area of friendship, groups, community, hopes, allies, and future plans. Frame this as a chapter or emphasis, not a one-day event.","Matters connected to friendship, groups, community, hopes, allies, and future plans may become more visible, active, pressured, or available for adjustment.","overthinking, assuming, or moving too quickly to verify",Clarify the facts before committing.,"Translate this into a practical focus area: one decision, boundary, conversation, or plan connected to friendship, groups, community, hopes, allies, and future plans.",Experience first. Astrology explains after. Do not write current sky as personality.,packages/astro-knowledge/data/transits/house/mercury-11.json
Knowledge,transits/house,mercury-12,Mercury in the 12th House,"tldr: Mercury through the 12th house brings focus to rest, solitude, endings, hidden patterns, dreams, and spiritual retreat. body: Mercury transiting the 12th house activates rest, solitude, endings, hidden patterns, dreams, and spiritual retreat. For a few weeks, thought, conversation, planning, and messages move through this part of life, making it harder to ignore what needs attention here. This is a thinking transit: it favors planning, conversations, edits, decisions, and information-gathering around the house topic. shadow: Overthinking, mixed messages, or escape, isolation, or avoiding what needs care. source.title: authorized project source material voiceNeutral: true","Language, information, decisions, and nervous energy is moving through the life area of solitude, the unconscious, hidden things, retreat, isolation, and release. Frame this as a chapter or emphasis, not a one-day event.","Matters connected to solitude, the unconscious, hidden things, retreat, isolation, and release may become more visible, active, pressured, or available for adjustment.","overthinking, assuming, or moving too quickly to verify",Clarify the facts before committing.,"Translate this into a practical focus area: one decision, boundary, conversation, or plan connected to solitude, the unconscious, hidden things, retreat, isolation, and release.",Experience first. Astrology explains after. Do not write current sky as personality.,packages/astro-knowledge/data/transits/house/mercury-12.json
Knowledge,transits/house,mercury-2,Mercury in the 2nd House,"tldr: Mercury through the 2nd house brings focus to money, resources, values, and self-worth. body: Mercury transiting the 2nd house activates money, resources, values, and self-worth. For a few weeks, thought, conversation, planning, and messages move through this part of life, making it harder to ignore what needs attention here. This is a thinking transit: it favors planning, conversations, edits, decisions, and information-gathering around the house topic. shadow: Overthinking, mixed messages, or equating worth with what is owned or earned. source.title: authorized project source material voiceNeutral: true","Language, information, decisions, and nervous energy is moving through the life area of money, resources, possessions, and values. Frame this as a chapter or emphasis, not a one-day event.","Matters connected to money, resources, possessions, and values may become more visible, active, pressured, or available for adjustment.","overthinking, assuming, or moving too quickly to verify",Clarify the facts before committing.,"Translate this into a practical focus area: one decision, boundary, conversation, or plan connected to money, resources, possessions, and values.",Experience first. Astrology explains after. Do not write current sky as personality.,packages/astro-knowledge/data/transits/house/mercury-2.json
Knowledge,transits/house,mercury-3,Mercury in the 3rd House,"tldr: Mercury through the 3rd house brings focus to communication, learning, siblings, neighbors, and daily movement. body: Mercury transiting the 3rd house activates communication, learning, siblings, neighbors, and daily movement. For a few weeks, thought, conversation, planning, and messages move through this part of life, making it harder to ignore what needs attention here. This is a thinking transit: it favors planning, conversations, edits, decisions, and information-gathering around the house topic. shadow: Overthinking, mixed messages, or scattered attention or reactive speech. source.title: authorized project source material voiceNeutral: true","Language, information, decisions, and nervous energy is moving through the life area of communication, siblings, local life, daily movement, and immediate environment. Frame this as a chapter or emphasis, not a one-day event.","Matters connected to communication, siblings, local life, daily movement, and immediate environment may become more visible, active, pressured, or available for adjustment.","overthinking, assuming, or moving too quickly to verify",Clarify the facts before committing.,"Translate this into a practical focus area: one decision, boundary, conversation, or plan connected to communication, siblings, local life, daily movement, and immediate environment.",Experience first. Astrology explains after. Do not write current sky as personality.,packages/astro-knowledge/data/transits/house/mercury-3.json
Knowledge,transits/house,mercury-4,Mercury in the 4th House,"tldr: Mercury through the 4th house brings focus to home, family, roots, privacy, and emotional foundations. body: Mercury transiting the 4th house activates home, family, roots, privacy, and emotional foundations. For a few weeks, thought, conversation, planning, and messages move through this part of life, making it harder to ignore what needs attention here. This is a thinking transit: it favors planning, conversations, edits, decisions, and information-gathering around the house topic. shadow: Overthinking, mixed messages, or retreating into old patterns. source.title: authorized project source material voiceNeutral: true","Language, information, decisions, and nervous energy is moving through the life area of home, family, roots, privacy, and emotional foundation. Frame this as a chapter or emphasis, not a one-day event.","Matters connected to home, family, roots, privacy, and emotional foundation may become more visible, active, pressured, or available for adjustment.","overthinking, assuming, or moving too quickly to verify",Clarify the facts before committing.,"Translate this into a practical focus area: one decision, boundary, conversation, or plan connected to home, family, roots, privacy, and emotional foundation.",Experience first. Astrology explains after. Do not write current sky as personality.,packages/astro-knowledge/data/transits/house/mercury-4.json
Knowledge,transits/house,mercury-5,Mercury in the 5th House,"tldr: Mercury through the 5th house brings focus to creativity, pleasure, romance, children, and joy. body: Mercury transiting the 5th house activates creativity, pleasure, romance, children, and joy. For a few weeks, thought, conversation, planning, and messages move through this part of life, making it harder to ignore what needs attention here. This is a thinking transit: it favors planning, conversations, edits, decisions, and information-gathering around the house topic. shadow: Overthinking, mixed messages, or performing for validation. source.title: authorized project source material voiceNeutral: true","Language, information, decisions, and nervous energy is moving through the life area of creativity, romance, play, joy, and self-expression. Frame this as a chapter or emphasis, not a one-day event.","Matters connected to creativity, romance, play, joy, and self-expression may become more visible, active, pressured, or available for adjustment.","overthinking, assuming, or moving too quickly to verify",Clarify the facts before committing.,"Translate this into a practical focus area: one decision, boundary, conversation, or plan connected to creativity, romance, play, joy, and self-expression.",Experience first. Astrology explains after. Do not write current sky as personality.,packages/astro-knowledge/data/transits/house/mercury-5.json
Knowledge,transits/house,mercury-6,Mercury in the 6th House,"tldr: Mercury through the 6th house brings focus to work routines, health, service, labor, and maintenance. body: Mercury transiting the 6th house activates work routines, health, service, labor, and maintenance. For a few weeks, thought, conversation, planning, and messages move through this part of life, making it harder to ignore what needs attention here. This is a thinking transit: it favors planning, conversations, edits, decisions, and information-gathering around the house topic. shadow: Overthinking, mixed messages, or overwork or neglecting the body. source.title: authorized project source material voiceNeutral: true","Language, information, decisions, and nervous energy is moving through the life area of work, routine, service, maintenance, health, and daily obligations. Frame this as a chapter or emphasis, not a one-day event.","Matters connected to work, routine, service, maintenance, health, and daily obligations may become more visible, active, pressured, or available for adjustment.","overthinking, assuming, or moving too quickly to verify",Clarify the facts before committing.,"Translate this into a practical focus area: one decision, boundary, conversation, or plan connected to work, routine, service, maintenance, health, and daily obligations.",Experience first. Astrology explains after. Do not write current sky as personality.,packages/astro-knowledge/data/transits/house/mercury-6.json
Knowledge,transits/house,mercury-7,Mercury in the 7th House,"tldr: Mercury through the 7th house brings focus to partnerships, clients, contracts, and direct others. body: Mercury transiting the 7th house activates partnerships, clients, contracts, and direct others. For a few weeks, thought, conversation, planning, and messages move through this part of life, making it harder to ignore what needs attention here. This is a thinking transit: it favors planning, conversations, edits, decisions, and information-gathering around the house topic. shadow: Overthinking, mixed messages, or handing your agency to someone else. source.title: authorized project source material voiceNeutral: true","Language, information, decisions, and nervous energy is moving through the life area of partnership, collaboration, one-to-one bonds, and open others. Frame this as a chapter or emphasis, not a one-day event.","Matters connected to partnership, collaboration, one-to-one bonds, and open others may become more visible, active, pressured, or available for adjustment.","overthinking, assuming, or moving too quickly to verify",Clarify the facts before committing.,"Translate this into a practical focus area: one decision, boundary, conversation, or plan connected to partnership, collaboration, one-to-one bonds, and open others.",Experience first. Astrology explains after. Do not write current sky as personality.,packages/astro-knowledge/data/transits/house/mercury-7.json
Knowledge,transits/house,mercury-8,Mercury in the 8th House,"tldr: Mercury through the 8th house brings focus to shared resources, debt, intimacy, grief, and entanglement. body: Mercury transiting the 8th house activates shared resources, debt, intimacy, grief, and entanglement. For a few weeks, thought, conversation, planning, and messages move through this part of life, making it harder to ignore what needs attention here. This is a thinking transit: it favors planning, conversations, edits, decisions, and information-gathering around the house topic. shadow: Overthinking, mixed messages, or control, avoidance, or crisis attachment. source.title: authorized project source material voiceNeutral: true","Language, information, decisions, and nervous energy is moving through the life area of shared resources, intimacy, trust, debt, inheritance, and transformation. Frame this as a chapter or emphasis, not a one-day event.","Matters connected to shared resources, intimacy, trust, debt, inheritance, and transformation may become more visible, active, pressured, or available for adjustment.","overthinking, assuming, or moving too quickly to verify",Clarify the facts before committing.,"Translate this into a practical focus area: one decision, boundary, conversation, or plan connected to shared resources, intimacy, trust, debt, inheritance, and transformation.",Experience first. Astrology explains after. Do not write current sky as personality.,packages/astro-knowledge/data/transits/house/mercury-8.json
Knowledge,transits/house,mercury-9,Mercury in the 9th House,"tldr: Mercury through the 9th house brings focus to travel, study, belief, publishing, law, and spiritual perspective. body: Mercury transiting the 9th house activates travel, study, belief, publishing, law, and spiritual perspective. For a few weeks, thought, conversation, planning, and messages move through this part of life, making it harder to ignore what needs attention here. This is a thinking transit: it favors planning, conversations, edits, decisions, and information-gathering around the house topic. shadow: Overthinking, mixed messages, or using certainty to avoid humility. source.title: authorized project source material voiceNeutral: true","Language, information, decisions, and nervous energy is moving through the life area of beliefs, higher learning, travel, philosophy, and meaning. Frame this as a chapter or emphasis, not a one-day event.","Matters connected to beliefs, higher learning, travel, philosophy, and meaning may become more visible, active, pressured, or available for adjustment.","overthinking, assuming, or moving too quickly to verify",Clarify the facts before committing.,"Translate this into a practical focus area: one decision, boundary, conversation, or plan connected to beliefs, higher learning, travel, philosophy, and meaning.",Experience first. Astrology explains after. Do not write current sky as personality.,packages/astro-knowledge/data/transits/house/mercury-9.json
Knowledge,transits/house,moon-1,Moon in the 1st House,"tldr: Moon through the 1st house brings focus to self, body, identity, and first moves. body: Moon transiting the 1st house stirs self, body, identity, and first moves. For about two to three days, emotion, instinct, and immediate need move through this part of life, making it harder to ignore what needs attention here. This is a fast emotional transit: it shows what needs care today, not necessarily what needs to define the whole season. shadow: Mood-driven choices, insecurity, or over-identifying with the moment. source.title: authorized project source material voiceNeutral: true","Emotion, instinct, needs, and daily rhythm is moving through the life area of self, body, identity, and first response. Frame this as a chapter or emphasis, not a one-day event.","Matters connected to self, body, identity, and first response may become more visible, active, pressured, or available for adjustment.",letting a temporary mood make the decision,Name the feeling before responding to it.,"Translate this into a practical focus area: one decision, boundary, conversation, or plan connected to self, body, identity, and first response.",Experience first. Astrology explains after. Do not write current sky as personality.,packages/astro-knowledge/data/transits/house/moon-1.json
Knowledge,transits/house,moon-10,Moon in the 10th House,"tldr: Moon through the 10th house brings focus to career, reputation, authority, and public contribution. body: Moon transiting the 10th house stirs career, reputation, authority, and public contribution. For about two to three days, emotion, instinct, and immediate need move through this part of life, making it harder to ignore what needs attention here. This is a fast emotional transit: it shows what needs care today, not necessarily what needs to define the whole season. shadow: Mood-driven choices, insecurity, or measuring worth only by public success. source.title: authorized project source material voiceNeutral: true","Emotion, instinct, needs, and daily rhythm is moving through the life area of career, reputation, authority, public role, and contribution. Frame this as a chapter or emphasis, not a one-day event.","Matters connected to career, reputation, authority, public role, and contribution may become more visible, active, pressured, or available for adjustment.",letting a temporary mood make the decision,Name the feeling before responding to it.,"Translate this into a practical focus area: one decision, boundary, conversation, or plan connected to career, reputation, authority, public role, and contribution.",Experience first. Astrology explains after. Do not write current sky as personality.,packages/astro-knowledge/data/transits/house/moon-10.json
Knowledge,transits/house,moon-11,Moon in the 11th House,"tldr: Moon through the 11th house brings focus to friends, networks, community, hopes, and collective work. body: Moon transiting the 11th house stirs friends, networks, community, hopes, and collective work. For about two to three days, emotion, instinct, and immediate need move through this part of life, making it harder to ignore what needs attention here. This is a fast emotional transit: it shows what needs care today, not necessarily what needs to define the whole season. shadow: Mood-driven choices, insecurity, or belonging without discernment. source.title: authorized project source material voiceNeutral: true","Emotion, instinct, needs, and daily rhythm is moving through the life area of friendship, groups, community, hopes, allies, and future plans. Frame this as a chapter or emphasis, not a one-day event.","Matters connected to friendship, groups, community, hopes, allies, and future plans may become more visible, active, pressured, or available for adjustment.",letting a temporary mood make the decision,Name the feeling before responding to it.,"Translate this into a practical focus area: one decision, boundary, conversation, or plan connected to friendship, groups, community, hopes, allies, and future plans.",Experience first. Astrology explains after. Do not write current sky as personality.,packages/astro-knowledge/data/transits/house/moon-11.json
Knowledge,transits/house,moon-12,Moon in the 12th House,"tldr: Moon through the 12th house brings focus to rest, solitude, endings, hidden patterns, dreams, and spiritual retreat. body: Moon transiting the 12th house stirs rest, solitude, endings, hidden patterns, dreams, and spiritual retreat. For about two to three days, emotion, instinct, and immediate need move through this part of life, making it harder to ignore what needs attention here. This is a fast emotional transit: it shows what needs care today, not necessarily what needs to define the whole season. shadow: Mood-driven choices, insecurity, or escape, isolation, or avoiding what needs care. source.title: authorized project source material voiceNeutral: true","Emotion, instinct, needs, and daily rhythm is moving through the life area of solitude, the unconscious, hidden things, retreat, isolation, and release. Frame this as a chapter or emphasis, not a one-day event.","Matters connected to solitude, the unconscious, hidden things, retreat, isolation, and release may become more visible, active, pressured, or available for adjustment.",letting a temporary mood make the decision,Name the feeling before responding to it.,"Translate this into a practical focus area: one decision, boundary, conversation, or plan connected to solitude, the unconscious, hidden things, retreat, isolation, and release.",Experience first. Astrology explains after. Do not write current sky as personality.,packages/astro-knowledge/data/transits/house/moon-12.json
Knowledge,transits/house,moon-2,Moon in the 2nd House,"tldr: Moon through the 2nd house brings focus to money, resources, values, and self-worth. body: Moon transiting the 2nd house stirs money, resources, values, and self-worth. For about two to three days, emotion, instinct, and immediate need move through this part of life, making it harder to ignore what needs attention here. This is a fast emotional transit: it shows what needs care today, not necessarily what needs to define the whole season. shadow: Mood-driven choices, insecurity, or equating worth with what is owned or earned. source.title: authorized project source material voiceNeutral: true","Emotion, instinct, needs, and daily rhythm is moving through the life area of money, resources, possessions, and values. Frame this as a chapter or emphasis, not a one-day event.","Matters connected to money, resources, possessions, and values may become more visible, active, pressured, or available for adjustment.",letting a temporary mood make the decision,Name the feeling before responding to it.,"Translate this into a practical focus area: one decision, boundary, conversation, or plan connected to money, resources, possessions, and values.",Experience first. Astrology explains after. Do not write current sky as personality.,packages/astro-knowledge/data/transits/house/moon-2.json
Knowledge,transits/house,moon-3,Moon in the 3rd House,"tldr: Moon through the 3rd house brings focus to communication, learning, siblings, neighbors, and daily movement. body: Moon transiting the 3rd house stirs communication, learning, siblings, neighbors, and daily movement. For about two to three days, emotion, instinct, and immediate need move through this part of life, making it harder to ignore what needs attention here. This is a fast emotional transit: it shows what needs care today, not necessarily what needs to define the whole season. shadow: Mood-driven choices, insecurity, or scattered attention or reactive speech. source.title: authorized project source material voiceNeutral: true","Emotion, instinct, needs, and daily rhythm is moving through the life area of communication, siblings, local life, daily movement, and immediate environment. Frame this as a chapter or emphasis, not a one-day event.","Matters connected to communication, siblings, local life, daily movement, and immediate environment may become more visible, active, pressured, or available for adjustment.",letting a temporary mood make the decision,Name the feeling before responding to it.,"Translate this into a practical focus area: one decision, boundary, conversation, or plan connected to communication, siblings, local life, daily movement, and immediate environment.",Experience first. Astrology explains after. Do not write current sky as personality.,packages/astro-knowledge/data/transits/house/moon-3.json
Knowledge,transits/house,moon-4,Moon in the 4th House,"tldr: Moon through the 4th house brings focus to home, family, roots, privacy, and emotional foundations. body: Moon transiting the 4th house stirs home, family, roots, privacy, and emotional foundations. For about two to three days, emotion, instinct, and immediate need move through this part of life, making it harder to ignore what needs attention here. This is a fast emotional transit: it shows what needs care today, not necessarily what needs to define the whole season. shadow: Mood-driven choices, insecurity, or retreating into old patterns. source.title: authorized project source material voiceNeutral: true","Emotion, instinct, needs, and daily rhythm is moving through the life area of home, family, roots, privacy, and emotional foundation. Frame this as a chapter or emphasis, not a one-day event.","Matters connected to home, family, roots, privacy, and emotional foundation may become more visible, active, pressured, or available for adjustment.",letting a temporary mood make the decision,Name the feeling before responding to it.,"Translate this into a practical focus area: one decision, boundary, conversation, or plan connected to home, family, roots, privacy, and emotional foundation.",Experience first. Astrology explains after. Do not write current sky as personality.,packages/astro-knowledge/data/transits/house/moon-4.json
Knowledge,transits/house,moon-5,Moon in the 5th House,"tldr: Moon through the 5th house brings focus to creativity, pleasure, romance, children, and joy. body: Moon transiting the 5th house stirs creativity, pleasure, romance, children, and joy. For about two to three days, emotion, instinct, and immediate need move through this part of life, making it harder to ignore what needs attention here. This is a fast emotional transit: it shows what needs care today, not necessarily what needs to define the whole season. shadow: Mood-driven choices, insecurity, or performing for validation. source.title: authorized project source material voiceNeutral: true","Emotion, instinct, needs, and daily rhythm is moving through the life area of creativity, romance, play, joy, and self-expression. Frame this as a chapter or emphasis, not a one-day event.","Matters connected to creativity, romance, play, joy, and self-expression may become more visible, active, pressured, or available for adjustment.",letting a temporary mood make the decision,Name the feeling before responding to it.,"Translate this into a practical focus area: one decision, boundary, conversation, or plan connected to creativity, romance, play, joy, and self-expression.",Experience first. Astrology explains after. Do not write current sky as personality.,packages/astro-knowledge/data/transits/house/moon-5.json
Knowledge,transits/house,moon-6,Moon in the 6th House,"tldr: Moon through the 6th house brings focus to work routines, health, service, labor, and maintenance. body: Moon transiting the 6th house stirs work routines, health, service, labor, and maintenance. For about two to three days, emotion, instinct, and immediate need move through this part of life, making it harder to ignore what needs attention here. This is a fast emotional transit: it shows what needs care today, not necessarily what needs to define the whole season. shadow: Mood-driven choices, insecurity, or overwork or neglecting the body. source.title: authorized project source material voiceNeutral: true","Emotion, instinct, needs, and daily rhythm is moving through the life area of work, routine, service, maintenance, health, and daily obligations. Frame this as a chapter or emphasis, not a one-day event.","Matters connected to work, routine, service, maintenance, health, and daily obligations may become more visible, active, pressured, or available for adjustment.",letting a temporary mood make the decision,Name the feeling before responding to it.,"Translate this into a practical focus area: one decision, boundary, conversation, or plan connected to work, routine, service, maintenance, health, and daily obligations.",Experience first. Astrology explains after. Do not write current sky as personality.,packages/astro-knowledge/data/transits/house/moon-6.json
Knowledge,transits/house,moon-7,Moon in the 7th House,"tldr: Moon through the 7th house brings focus to partnerships, clients, contracts, and direct others. body: Moon transiting the 7th house stirs partnerships, clients, contracts, and direct others. For about two to three days, emotion, instinct, and immediate need move through this part of life, making it harder to ignore what needs attention here. This is a fast emotional transit: it shows what needs care today, not necessarily what needs to define the whole season. shadow: Mood-driven choices, insecurity, or handing your agency to someone else. source.title: authorized project source material voiceNeutral: true","Emotion, instinct, needs, and daily rhythm is moving through the life area of partnership, collaboration, one-to-one bonds, and open others. Frame this as a chapter or emphasis, not a one-day event.","Matters connected to partnership, collaboration, one-to-one bonds, and open others may become more visible, active, pressured, or available for adjustment.",letting a temporary mood make the decision,Name the feeling before responding to it.,"Translate this into a practical focus area: one decision, boundary, conversation, or plan connected to partnership, collaboration, one-to-one bonds, and open others.",Experience first. Astrology explains after. Do not write current sky as personality.,packages/astro-knowledge/data/transits/house/moon-7.json
Knowledge,transits/house,moon-8,Moon in the 8th House,"tldr: Moon through the 8th house brings focus to shared resources, debt, intimacy, grief, and entanglement. body: Moon transiting the 8th house stirs shared resources, debt, intimacy, grief, and entanglement. For about two to three days, emotion, instinct, and immediate need move through this part of life, making it harder to ignore what needs attention here. This is a fast emotional transit: it shows what needs care today, not necessarily what needs to define the whole season. shadow: Mood-driven choices, insecurity, or control, avoidance, or crisis attachment. source.title: authorized project source material voiceNeutral: true","Emotion, instinct, needs, and daily rhythm is moving through the life area of shared resources, intimacy, trust, debt, inheritance, and transformation. Frame this as a chapter or emphasis, not a one-day event.","Matters connected to shared resources, intimacy, trust, debt, inheritance, and transformation may become more visible, active, pressured, or available for adjustment.",letting a temporary mood make the decision,Name the feeling before responding to it.,"Translate this into a practical focus area: one decision, boundary, conversation, or plan connected to shared resources, intimacy, trust, debt, inheritance, and transformation.",Experience first. Astrology explains after. Do not write current sky as personality.,packages/astro-knowledge/data/transits/house/moon-8.json
Knowledge,transits/house,moon-9,Moon in the 9th House,"tldr: Moon through the 9th house brings focus to travel, study, belief, publishing, law, and spiritual perspective. body: Moon transiting the 9th house stirs travel, study, belief, publishing, law, and spiritual perspective. For about two to three days, emotion, instinct, and immediate need move through this part of life, making it harder to ignore what needs attention here. This is a fast emotional transit: it shows what needs care today, not necessarily what needs to define the whole season. shadow: Mood-driven choices, insecurity, or using certainty to avoid humility. source.title: authorized project source material voiceNeutral: true","Emotion, instinct, needs, and daily rhythm is moving through the life area of beliefs, higher learning, travel, philosophy, and meaning. Frame this as a chapter or emphasis, not a one-day event.","Matters connected to beliefs, higher learning, travel, philosophy, and meaning may become more visible, active, pressured, or available for adjustment.",letting a temporary mood make the decision,Name the feeling before responding to it.,"Translate this into a practical focus area: one decision, boundary, conversation, or plan connected to beliefs, higher learning, travel, philosophy, and meaning.",Experience first. Astrology explains after. Do not write current sky as personality.,packages/astro-knowledge/data/transits/house/moon-9.json
Knowledge,transits/house,neptune-1,Neptune in the 1st House,"tldr: Neptune blurs and dissolves the field of self. body: For a long season, work tied to the self, body, and personal initiative is where imagination and idealism shows up. Frame it as a chapter, not a day. shadow: Escapism and confusion spilling into self. source.title: full knowledge-base import voiceNeutral: true","Imagination, longing, vision, sensitivity, and uncertainty is moving through the life area of self, body, identity, and first response. Frame this as a chapter or emphasis, not a one-day event.","Matters connected to self, body, identity, and first response may become more visible, active, pressured, or available for adjustment.",mistaking a feeling for a fact,Write the insight down before it becomes vague again.,"Translate this into a practical focus area: one decision, boundary, conversation, or plan connected to self, body, identity, and first response.",Experience first. Astrology explains after. Do not write current sky as personality.,packages/astro-knowledge/data/transits/house/neptune-1.json
Knowledge,transits/house,neptune-10,Neptune in the 10th House,"tldr: Neptune blurs and dissolves the field of career. body: For a long season, work tied to career, reputation, and public standing is where imagination and idealism shows up. Frame it as a chapter, not a day. shadow: Escapism and confusion spilling into career. source.title: full knowledge-base import voiceNeutral: true","Imagination, longing, vision, sensitivity, and uncertainty is moving through the life area of career, reputation, authority, public role, and contribution. Frame this as a chapter or emphasis, not a one-day event.","Matters connected to career, reputation, authority, public role, and contribution may become more visible, active, pressured, or available for adjustment.",mistaking a feeling for a fact,Write the insight down before it becomes vague again.,"Translate this into a practical focus area: one decision, boundary, conversation, or plan connected to career, reputation, authority, public role, and contribution.",Experience first. Astrology explains after. Do not write current sky as personality.,packages/astro-knowledge/data/transits/house/neptune-10.json
Knowledge,transits/house,neptune-11,Neptune in the 11th House,"tldr: Neptune blurs and dissolves the field of community. body: For a long season, work tied to friends, allies, groups, and long-range goals is where imagination and idealism shows up. Frame it as a chapter, not a day. shadow: Escapism and confusion spilling into community. source.title: full knowledge-base import voiceNeutral: true","Imagination, longing, vision, sensitivity, and uncertainty is moving through the life area of friendship, groups, community, hopes, allies, and future plans. Frame this as a chapter or emphasis, not a one-day event.","Matters connected to friendship, groups, community, hopes, allies, and future plans may become more visible, active, pressured, or available for adjustment.",mistaking a feeling for a fact,Write the insight down before it becomes vague again.,"Translate this into a practical focus area: one decision, boundary, conversation, or plan connected to friendship, groups, community, hopes, allies, and future plans.",Experience first. Astrology explains after. Do not write current sky as personality.,packages/astro-knowledge/data/transits/house/neptune-11.json
Knowledge,transits/house,neptune-12,Neptune in the 12th House,"tldr: Neptune blurs and dissolves the field of the hidden. body: For a long season, work tied to solitude, the hidden, loss, and the inner life is where imagination and idealism shows up. Frame it as a chapter, not a day. shadow: Escapism and confusion spilling into the hidden. source.title: full knowledge-base import voiceNeutral: true","Imagination, longing, vision, sensitivity, and uncertainty is moving through the life area of solitude, the unconscious, hidden things, retreat, isolation, and release. Frame this as a chapter or emphasis, not a one-day event.","Matters connected to solitude, the unconscious, hidden things, retreat, isolation, and release may become more visible, active, pressured, or available for adjustment.",mistaking a feeling for a fact,Write the insight down before it becomes vague again.,"Translate this into a practical focus area: one decision, boundary, conversation, or plan connected to solitude, the unconscious, hidden things, retreat, isolation, and release.",Experience first. Astrology explains after. Do not write current sky as personality.,packages/astro-knowledge/data/transits/house/neptune-12.json
Knowledge,transits/house,neptune-2,Neptune in the 2nd House,"tldr: Neptune blurs and dissolves the field of resources. body: For a long season, work tied to money, resources, and what you value is where imagination and idealism shows up. Frame it as a chapter, not a day. shadow: Escapism and confusion spilling into resources. source.title: full knowledge-base import voiceNeutral: true","Imagination, longing, vision, sensitivity, and uncertainty is moving through the life area of money, resources, possessions, and values. Frame this as a chapter or emphasis, not a one-day event.","Matters connected to money, resources, possessions, and values may become more visible, active, pressured, or available for adjustment.",mistaking a feeling for a fact,Write the insight down before it becomes vague again.,"Translate this into a practical focus area: one decision, boundary, conversation, or plan connected to money, resources, possessions, and values.",Experience first. Astrology explains after. Do not write current sky as personality.,packages/astro-knowledge/data/transits/house/neptune-2.json
Knowledge,transits/house,neptune-3,Neptune in the 3rd House,"tldr: Neptune blurs and dissolves the field of communication. body: For a long season, work tied to communication, learning, and the local is where imagination and idealism shows up. Frame it as a chapter, not a day. shadow: Escapism and confusion spilling into communication. source.title: full knowledge-base import voiceNeutral: true","Imagination, longing, vision, sensitivity, and uncertainty is moving through the life area of communication, siblings, local life, daily movement, and immediate environment. Frame this as a chapter or emphasis, not a one-day event.","Matters connected to communication, siblings, local life, daily movement, and immediate environment may become more visible, active, pressured, or available for adjustment.",mistaking a feeling for a fact,Write the insight down before it becomes vague again.,"Translate this into a practical focus area: one decision, boundary, conversation, or plan connected to communication, siblings, local life, daily movement, and immediate environment.",Experience first. Astrology explains after. Do not write current sky as personality.,packages/astro-knowledge/data/transits/house/neptune-3.json
Knowledge,transits/house,neptune-4,Neptune in the 4th House,"tldr: Neptune blurs and dissolves the field of home. body: For a long season, work tied to home, family, and foundations is where imagination and idealism shows up. Frame it as a chapter, not a day. shadow: Escapism and confusion spilling into home. source.title: full knowledge-base import voiceNeutral: true","Imagination, longing, vision, sensitivity, and uncertainty is moving through the life area of home, family, roots, privacy, and emotional foundation. Frame this as a chapter or emphasis, not a one-day event.","Matters connected to home, family, roots, privacy, and emotional foundation may become more visible, active, pressured, or available for adjustment.",mistaking a feeling for a fact,Write the insight down before it becomes vague again.,"Translate this into a practical focus area: one decision, boundary, conversation, or plan connected to home, family, roots, privacy, and emotional foundation.",Experience first. Astrology explains after. Do not write current sky as personality.,packages/astro-knowledge/data/transits/house/neptune-4.json
Knowledge,transits/house,neptune-5,Neptune in the 5th House,"tldr: Neptune blurs and dissolves the field of creativity. body: For a long season, work tied to creativity, romance, children, and play is where imagination and idealism shows up. Frame it as a chapter, not a day. shadow: Escapism and confusion spilling into creativity. source.title: full knowledge-base import voiceNeutral: true","Imagination, longing, vision, sensitivity, and uncertainty is moving through the life area of creativity, romance, play, joy, and self-expression. Frame this as a chapter or emphasis, not a one-day event.","Matters connected to creativity, romance, play, joy, and self-expression may become more visible, active, pressured, or available for adjustment.",mistaking a feeling for a fact,Write the insight down before it becomes vague again.,"Translate this into a practical focus area: one decision, boundary, conversation, or plan connected to creativity, romance, play, joy, and self-expression.",Experience first. Astrology explains after. Do not write current sky as personality.,packages/astro-knowledge/data/transits/house/neptune-5.json
Knowledge,transits/house,neptune-6,Neptune in the 6th House,"tldr: Neptune blurs and dissolves the field of work and health. body: For a long season, work tied to work, routine, health, and service is where imagination and idealism shows up. Frame it as a chapter, not a day. shadow: Escapism and confusion spilling into work and health. source.title: full knowledge-base import voiceNeutral: true","Imagination, longing, vision, sensitivity, and uncertainty is moving through the life area of work, routine, service, maintenance, health, and daily obligations. Frame this as a chapter or emphasis, not a one-day event.","Matters connected to work, routine, service, maintenance, health, and daily obligations may become more visible, active, pressured, or available for adjustment.",mistaking a feeling for a fact,Write the insight down before it becomes vague again.,"Translate this into a practical focus area: one decision, boundary, conversation, or plan connected to work, routine, service, maintenance, health, and daily obligations.",Experience first. Astrology explains after. Do not write current sky as personality.,packages/astro-knowledge/data/transits/house/neptune-6.json
Knowledge,transits/house,neptune-7,Neptune in the 7th House,"tldr: Neptune blurs and dissolves the field of partnership. body: For a long season, work tied to partners, clients, and one-to-one dealings is where imagination and idealism shows up. Frame it as a chapter, not a day. shadow: Escapism and confusion spilling into partnership. source.title: full knowledge-base import voiceNeutral: true","Imagination, longing, vision, sensitivity, and uncertainty is moving through the life area of partnership, collaboration, one-to-one bonds, and open others. Frame this as a chapter or emphasis, not a one-day event.","Matters connected to partnership, collaboration, one-to-one bonds, and open others may become more visible, active, pressured, or available for adjustment.",mistaking a feeling for a fact,Write the insight down before it becomes vague again.,"Translate this into a practical focus area: one decision, boundary, conversation, or plan connected to partnership, collaboration, one-to-one bonds, and open others.",Experience first. Astrology explains after. Do not write current sky as personality.,packages/astro-knowledge/data/transits/house/neptune-7.json
Knowledge,transits/house,neptune-8,Neptune in the 8th House,"tldr: Neptune blurs and dissolves the field of shared resources. body: For a long season, work tied to shared resources, intimacy, debt, and transformation is where imagination and idealism shows up. Frame it as a chapter, not a day. shadow: Escapism and confusion spilling into shared resources. source.title: full knowledge-base import voiceNeutral: true","Imagination, longing, vision, sensitivity, and uncertainty is moving through the life area of shared resources, intimacy, trust, debt, inheritance, and transformation. Frame this as a chapter or emphasis, not a one-day event.","Matters connected to shared resources, intimacy, trust, debt, inheritance, and transformation may become more visible, active, pressured, or available for adjustment.",mistaking a feeling for a fact,Write the insight down before it becomes vague again.,"Translate this into a practical focus area: one decision, boundary, conversation, or plan connected to shared resources, intimacy, trust, debt, inheritance, and transformation.",Experience first. Astrology explains after. Do not write current sky as personality.,packages/astro-knowledge/data/transits/house/neptune-8.json
Knowledge,transits/house,neptune-9,Neptune in the 9th House,"tldr: Neptune blurs and dissolves the field of meaning. body: For a long season, work tied to travel, higher learning, belief, and the big picture is where imagination and idealism shows up. Frame it as a chapter, not a day. shadow: Escapism and confusion spilling into meaning. source.title: full knowledge-base import voiceNeutral: true","Imagination, longing, vision, sensitivity, and uncertainty is moving through the life area of beliefs, higher learning, travel, philosophy, and meaning. Frame this as a chapter or emphasis, not a one-day event.","Matters connected to beliefs, higher learning, travel, philosophy, and meaning may become more visible, active, pressured, or available for adjustment.",mistaking a feeling for a fact,Write the insight down before it becomes vague again.,"Translate this into a practical focus area: one decision, boundary, conversation, or plan connected to beliefs, higher learning, travel, philosophy, and meaning.",Experience first. Astrology explains after. Do not write current sky as personality.,packages/astro-knowledge/data/transits/house/neptune-9.json
Knowledge,transits/house,pluto-1,Pluto in the 1st House,"tldr: Pluto intensifies and transforms the field of self. body: For a long season, work tied to the self, body, and personal initiative is where power and the urge to transform shows up. Frame it as a chapter, not a day. shadow: Control and obsession spilling into self. source.title: full knowledge-base import voiceNeutral: true","Depth, power, pressure, release, and transformation is moving through the life area of self, body, identity, and first response. Frame this as a chapter or emphasis, not a one-day event.","Matters connected to self, body, identity, and first response may become more visible, active, pressured, or available for adjustment.",trying to control what actually needs to be understood or released,Name what has become too intense to ignore.,"Translate this into a practical focus area: one decision, boundary, conversation, or plan connected to self, body, identity, and first response.",Experience first. Astrology explains after. Do not write current sky as personality.,packages/astro-knowledge/data/transits/house/pluto-1.json
Knowledge,transits/house,pluto-10,Pluto in the 10th House,"tldr: Pluto intensifies and transforms the field of career. body: For a long season, work tied to career, reputation, and public standing is where power and the urge to transform shows up. Frame it as a chapter, not a day. shadow: Control and obsession spilling into career. source.title: full knowledge-base import voiceNeutral: true","Depth, power, pressure, release, and transformation is moving through the life area of career, reputation, authority, public role, and contribution. Frame this as a chapter or emphasis, not a one-day event.","Matters connected to career, reputation, authority, public role, and contribution may become more visible, active, pressured, or available for adjustment.",trying to control what actually needs to be understood or released,Name what has become too intense to ignore.,"Translate this into a practical focus area: one decision, boundary, conversation, or plan connected to career, reputation, authority, public role, and contribution.",Experience first. Astrology explains after. Do not write current sky as personality.,packages/astro-knowledge/data/transits/house/pluto-10.json
Knowledge,transits/house,pluto-11,Pluto in the 11th House,"tldr: Pluto intensifies and transforms the field of community. body: For a long season, work tied to friends, allies, groups, and long-range goals is where power and the urge to transform shows up. Frame it as a chapter, not a day. shadow: Control and obsession spilling into community. source.title: full knowledge-base import voiceNeutral: true","Depth, power, pressure, release, and transformation is moving through the life area of friendship, groups, community, hopes, allies, and future plans. Frame this as a chapter or emphasis, not a one-day event.","Matters connected to friendship, groups, community, hopes, allies, and future plans may become more visible, active, pressured, or available for adjustment.",trying to control what actually needs to be understood or released,Name what has become too intense to ignore.,"Translate this into a practical focus area: one decision, boundary, conversation, or plan connected to friendship, groups, community, hopes, allies, and future plans.",Experience first. Astrology explains after. Do not write current sky as personality.,packages/astro-knowledge/data/transits/house/pluto-11.json
Knowledge,transits/house,pluto-12,Pluto in the 12th House,"tldr: Pluto intensifies and transforms the field of the hidden. body: For a long season, work tied to solitude, the hidden, loss, and the inner life is where power and the urge to transform shows up. Frame it as a chapter, not a day. shadow: Control and obsession spilling into the hidden. source.title: full knowledge-base import voiceNeutral: true","Depth, power, pressure, release, and transformation is moving through the life area of solitude, the unconscious, hidden things, retreat, isolation, and release. Frame this as a chapter or emphasis, not a one-day event.","Matters connected to solitude, the unconscious, hidden things, retreat, isolation, and release may become more visible, active, pressured, or available for adjustment.",trying to control what actually needs to be understood or released,Name what has become too intense to ignore.,"Translate this into a practical focus area: one decision, boundary, conversation, or plan connected to solitude, the unconscious, hidden things, retreat, isolation, and release.",Experience first. Astrology explains after. Do not write current sky as personality.,packages/astro-knowledge/data/transits/house/pluto-12.json
Knowledge,transits/house,pluto-2,Pluto in the 2nd House,"tldr: Pluto intensifies and transforms the field of resources. body: For a long season, work tied to money, resources, and what you value is where power and the urge to transform shows up. Frame it as a chapter, not a day. shadow: Control and obsession spilling into resources. source.title: full knowledge-base import voiceNeutral: true","Depth, power, pressure, release, and transformation is moving through the life area of money, resources, possessions, and values. Frame this as a chapter or emphasis, not a one-day event.","Matters connected to money, resources, possessions, and values may become more visible, active, pressured, or available for adjustment.",trying to control what actually needs to be understood or released,Name what has become too intense to ignore.,"Translate this into a practical focus area: one decision, boundary, conversation, or plan connected to money, resources, possessions, and values.",Experience first. Astrology explains after. Do not write current sky as personality.,packages/astro-knowledge/data/transits/house/pluto-2.json
Knowledge,transits/house,pluto-3,Pluto in the 3rd House,"tldr: Pluto intensifies and transforms the field of communication. body: For a long season, work tied to communication, learning, and the local is where power and the urge to transform shows up. Frame it as a chapter, not a day. shadow: Control and obsession spilling into communication. source.title: full knowledge-base import voiceNeutral: true","Depth, power, pressure, release, and transformation is moving through the life area of communication, siblings, local life, daily movement, and immediate environment. Frame this as a chapter or emphasis, not a one-day event.","Matters connected to communication, siblings, local life, daily movement, and immediate environment may become more visible, active, pressured, or available for adjustment.",trying to control what actually needs to be understood or released,Name what has become too intense to ignore.,"Translate this into a practical focus area: one decision, boundary, conversation, or plan connected to communication, siblings, local life, daily movement, and immediate environment.",Experience first. Astrology explains after. Do not write current sky as personality.,packages/astro-knowledge/data/transits/house/pluto-3.json
Knowledge,transits/house,pluto-4,Pluto in the 4th House,"tldr: Pluto intensifies and transforms the field of home. body: For a long season, work tied to home, family, and foundations is where power and the urge to transform shows up. Frame it as a chapter, not a day. shadow: Control and obsession spilling into home. source.title: full knowledge-base import voiceNeutral: true","Depth, power, pressure, release, and transformation is moving through the life area of home, family, roots, privacy, and emotional foundation. Frame this as a chapter or emphasis, not a one-day event.","Matters connected to home, family, roots, privacy, and emotional foundation may become more visible, active, pressured, or available for adjustment.",trying to control what actually needs to be understood or released,Name what has become too intense to ignore.,"Translate this into a practical focus area: one decision, boundary, conversation, or plan connected to home, family, roots, privacy, and emotional foundation.",Experience first. Astrology explains after. Do not write current sky as personality.,packages/astro-knowledge/data/transits/house/pluto-4.json
Knowledge,transits/house,pluto-5,Pluto in the 5th House,"tldr: Pluto intensifies and transforms the field of creativity. body: For a long season, work tied to creativity, romance, children, and play is where power and the urge to transform shows up. Frame it as a chapter, not a day. shadow: Control and obsession spilling into creativity. source.title: full knowledge-base import voiceNeutral: true","Depth, power, pressure, release, and transformation is moving through the life area of creativity, romance, play, joy, and self-expression. Frame this as a chapter or emphasis, not a one-day event.","Matters connected to creativity, romance, play, joy, and self-expression may become more visible, active, pressured, or available for adjustment.",trying to control what actually needs to be understood or released,Name what has become too intense to ignore.,"Translate this into a practical focus area: one decision, boundary, conversation, or plan connected to creativity, romance, play, joy, and self-expression.",Experience first. Astrology explains after. Do not write current sky as personality.,packages/astro-knowledge/data/transits/house/pluto-5.json
Knowledge,transits/house,pluto-6,Pluto in the 6th House,"tldr: Pluto intensifies and transforms the field of work and health. body: For a long season, work tied to work, routine, health, and service is where power and the urge to transform shows up. Frame it as a chapter, not a day. shadow: Control and obsession spilling into work and health. source.title: full knowledge-base import voiceNeutral: true","Depth, power, pressure, release, and transformation is moving through the life area of work, routine, service, maintenance, health, and daily obligations. Frame this as a chapter or emphasis, not a one-day event.","Matters connected to work, routine, service, maintenance, health, and daily obligations may become more visible, active, pressured, or available for adjustment.",trying to control what actually needs to be understood or released,Name what has become too intense to ignore.,"Translate this into a practical focus area: one decision, boundary, conversation, or plan connected to work, routine, service, maintenance, health, and daily obligations.",Experience first. Astrology explains after. Do not write current sky as personality.,packages/astro-knowledge/data/transits/house/pluto-6.json
Knowledge,transits/house,pluto-7,Pluto in the 7th House,"tldr: Pluto intensifies and transforms the field of partnership. body: For a long season, work tied to partners, clients, and one-to-one dealings is where power and the urge to transform shows up. Frame it as a chapter, not a day. shadow: Control and obsession spilling into partnership. source.title: full knowledge-base import voiceNeutral: true","Depth, power, pressure, release, and transformation is moving through the life area of partnership, collaboration, one-to-one bonds, and open others. Frame this as a chapter or emphasis, not a one-day event.","Matters connected to partnership, collaboration, one-to-one bonds, and open others may become more visible, active, pressured, or available for adjustment.",trying to control what actually needs to be understood or released,Name what has become too intense to ignore.,"Translate this into a practical focus area: one decision, boundary, conversation, or plan connected to partnership, collaboration, one-to-one bonds, and open others.",Experience first. Astrology explains after. Do not write current sky as personality.,packages/astro-knowledge/data/transits/house/pluto-7.json
Knowledge,transits/house,pluto-8,Pluto in the 8th House,"tldr: Pluto intensifies and transforms the field of shared resources. body: For a long season, work tied to shared resources, intimacy, debt, and transformation is where power and the urge to transform shows up. Frame it as a chapter, not a day. shadow: Control and obsession spilling into shared resources. source.title: full knowledge-base import voiceNeutral: true","Depth, power, pressure, release, and transformation is moving through the life area of shared resources, intimacy, trust, debt, inheritance, and transformation. Frame this as a chapter or emphasis, not a one-day event.","Matters connected to shared resources, intimacy, trust, debt, inheritance, and transformation may become more visible, active, pressured, or available for adjustment.",trying to control what actually needs to be understood or released,Name what has become too intense to ignore.,"Translate this into a practical focus area: one decision, boundary, conversation, or plan connected to shared resources, intimacy, trust, debt, inheritance, and transformation.",Experience first. Astrology explains after. Do not write current sky as personality.,packages/astro-knowledge/data/transits/house/pluto-8.json
Knowledge,transits/house,pluto-9,Pluto in the 9th House,"tldr: Pluto intensifies and transforms the field of meaning. body: For a long season, work tied to travel, higher learning, belief, and the big picture is where power and the urge to transform shows up. Frame it as a chapter, not a day. shadow: Control and obsession spilling into meaning. source.title: full knowledge-base import voiceNeutral: true","Depth, power, pressure, release, and transformation is moving through the life area of beliefs, higher learning, travel, philosophy, and meaning. Frame this as a chapter or emphasis, not a one-day event.","Matters connected to beliefs, higher learning, travel, philosophy, and meaning may become more visible, active, pressured, or available for adjustment.",trying to control what actually needs to be understood or released,Name what has become too intense to ignore.,"Translate this into a practical focus area: one decision, boundary, conversation, or plan connected to beliefs, higher learning, travel, philosophy, and meaning.",Experience first. Astrology explains after. Do not write current sky as personality.,packages/astro-knowledge/data/transits/house/pluto-9.json
Knowledge,transits/house,saturn-1,Saturn in the 1st House,"tldr: Saturn tests and slows the field of self. body: For a long season, work tied to the self, body, and personal initiative is where discipline and limitation shows up. Frame it as a chapter, not a day. shadow: Fear and rigidity spilling into self. source.title: full knowledge-base import voiceNeutral: true","Structure, limits, responsibility, time, and consequence is moving through the life area of self, body, identity, and first response. Frame this as a chapter or emphasis, not a one-day event.","Matters connected to self, body, identity, and first response may become more visible, active, pressured, or available for adjustment.",confusing caution with wisdom or delay with failure,Define the next responsibility and make it manageable.,"Translate this into a practical focus area: one decision, boundary, conversation, or plan connected to self, body, identity, and first response.",Experience first. Astrology explains after. Do not write current sky as personality.,packages/astro-knowledge/data/transits/house/saturn-1.json
Knowledge,transits/house,saturn-10,Saturn in the 10th House,"tldr: Saturn tests and slows the field of career. body: For a long season, work tied to career, reputation, and public standing is where discipline and limitation shows up. Frame it as a chapter, not a day. shadow: Fear and rigidity spilling into career. source.title: full knowledge-base import voiceNeutral: true","Structure, limits, responsibility, time, and consequence is moving through the life area of career, reputation, authority, public role, and contribution. Frame this as a chapter or emphasis, not a one-day event.","Matters connected to career, reputation, authority, public role, and contribution may become more visible, active, pressured, or available for adjustment.",confusing caution with wisdom or delay with failure,Define the next responsibility and make it manageable.,"Translate this into a practical focus area: one decision, boundary, conversation, or plan connected to career, reputation, authority, public role, and contribution.",Experience first. Astrology explains after. Do not write current sky as personality.,packages/astro-knowledge/data/transits/house/saturn-10.json
Knowledge,transits/house,saturn-11,Saturn in the 11th House,"tldr: Saturn tests and slows the field of community. body: For a long season, work tied to friends, allies, groups, and long-range goals is where discipline and limitation shows up. Frame it as a chapter, not a day. shadow: Fear and rigidity spilling into community. source.title: full knowledge-base import voiceNeutral: true","Structure, limits, responsibility, time, and consequence is moving through the life area of friendship, groups, community, hopes, allies, and future plans. Frame this as a chapter or emphasis, not a one-day event.","Matters connected to friendship, groups, community, hopes, allies, and future plans may become more visible, active, pressured, or available for adjustment.",confusing caution with wisdom or delay with failure,Define the next responsibility and make it manageable.,"Translate this into a practical focus area: one decision, boundary, conversation, or plan connected to friendship, groups, community, hopes, allies, and future plans.",Experience first. Astrology explains after. Do not write current sky as personality.,packages/astro-knowledge/data/transits/house/saturn-11.json
Knowledge,transits/house,saturn-12,Saturn in the 12th House,"tldr: Saturn tests and slows the field of the hidden. body: For a long season, work tied to solitude, the hidden, loss, and the inner life is where discipline and limitation shows up. Frame it as a chapter, not a day. shadow: Fear and rigidity spilling into the hidden. source.title: full knowledge-base import voiceNeutral: true","Structure, limits, responsibility, time, and consequence is moving through the life area of solitude, the unconscious, hidden things, retreat, isolation, and release. Frame this as a chapter or emphasis, not a one-day event.","Matters connected to solitude, the unconscious, hidden things, retreat, isolation, and release may become more visible, active, pressured, or available for adjustment.",confusing caution with wisdom or delay with failure,Define the next responsibility and make it manageable.,"Translate this into a practical focus area: one decision, boundary, conversation, or plan connected to solitude, the unconscious, hidden things, retreat, isolation, and release.",Experience first. Astrology explains after. Do not write current sky as personality.,packages/astro-knowledge/data/transits/house/saturn-12.json
Knowledge,transits/house,saturn-2,Saturn in the 2nd House,"tldr: Saturn tests and slows the field of resources. body: For a long season, work tied to money, resources, and what you value is where discipline and limitation shows up. Frame it as a chapter, not a day. shadow: Fear and rigidity spilling into resources. source.title: full knowledge-base import voiceNeutral: true","Structure, limits, responsibility, time, and consequence is moving through the life area of money, resources, possessions, and values. Frame this as a chapter or emphasis, not a one-day event.","Matters connected to money, resources, possessions, and values may become more visible, active, pressured, or available for adjustment.",confusing caution with wisdom or delay with failure,Define the next responsibility and make it manageable.,"Translate this into a practical focus area: one decision, boundary, conversation, or plan connected to money, resources, possessions, and values.",Experience first. Astrology explains after. Do not write current sky as personality.,packages/astro-knowledge/data/transits/house/saturn-2.json
Knowledge,transits/house,saturn-3,Saturn in the 3rd House,"tldr: Saturn tests and slows the field of communication. body: For a long season, work tied to communication, learning, and the local is where discipline and limitation shows up. Frame it as a chapter, not a day. shadow: Fear and rigidity spilling into communication. source.title: full knowledge-base import voiceNeutral: true","Structure, limits, responsibility, time, and consequence is moving through the life area of communication, siblings, local life, daily movement, and immediate environment. Frame this as a chapter or emphasis, not a one-day event.","Matters connected to communication, siblings, local life, daily movement, and immediate environment may become more visible, active, pressured, or available for adjustment.",confusing caution with wisdom or delay with failure,Define the next responsibility and make it manageable.,"Translate this into a practical focus area: one decision, boundary, conversation, or plan connected to communication, siblings, local life, daily movement, and immediate environment.",Experience first. Astrology explains after. Do not write current sky as personality.,packages/astro-knowledge/data/transits/house/saturn-3.json
Knowledge,transits/house,saturn-4,Saturn in the 4th House,"tldr: Saturn tests and slows the field of home. body: For a long season, work tied to home, family, and foundations is where discipline and limitation shows up. Frame it as a chapter, not a day. shadow: Fear and rigidity spilling into home. source.title: full knowledge-base import voiceNeutral: true","Structure, limits, responsibility, time, and consequence is moving through the life area of home, family, roots, privacy, and emotional foundation. Frame this as a chapter or emphasis, not a one-day event.","Matters connected to home, family, roots, privacy, and emotional foundation may become more visible, active, pressured, or available for adjustment.",confusing caution with wisdom or delay with failure,Define the next responsibility and make it manageable.,"Translate this into a practical focus area: one decision, boundary, conversation, or plan connected to home, family, roots, privacy, and emotional foundation.",Experience first. Astrology explains after. Do not write current sky as personality.,packages/astro-knowledge/data/transits/house/saturn-4.json
Knowledge,transits/house,saturn-5,Saturn in the 5th House,"tldr: Saturn tests and slows the field of creativity. body: For a long season, work tied to creativity, romance, children, and play is where discipline and limitation shows up. Frame it as a chapter, not a day. shadow: Fear and rigidity spilling into creativity. source.title: full knowledge-base import voiceNeutral: true","Structure, limits, responsibility, time, and consequence is moving through the life area of creativity, romance, play, joy, and self-expression. Frame this as a chapter or emphasis, not a one-day event.","Matters connected to creativity, romance, play, joy, and self-expression may become more visible, active, pressured, or available for adjustment.",confusing caution with wisdom or delay with failure,Define the next responsibility and make it manageable.,"Translate this into a practical focus area: one decision, boundary, conversation, or plan connected to creativity, romance, play, joy, and self-expression.",Experience first. Astrology explains after. Do not write current sky as personality.,packages/astro-knowledge/data/transits/house/saturn-5.json
Knowledge,transits/house,saturn-6,Saturn in the 6th House,"tldr: Saturn tests and slows the field of work and health. body: For a long season, work tied to work, routine, health, and service is where discipline and limitation shows up. Frame it as a chapter, not a day. shadow: Fear and rigidity spilling into work and health. source.title: full knowledge-base import voiceNeutral: true","Structure, limits, responsibility, time, and consequence is moving through the life area of work, routine, service, maintenance, health, and daily obligations. Frame this as a chapter or emphasis, not a one-day event.","Matters connected to work, routine, service, maintenance, health, and daily obligations may become more visible, active, pressured, or available for adjustment.",confusing caution with wisdom or delay with failure,Define the next responsibility and make it manageable.,"Translate this into a practical focus area: one decision, boundary, conversation, or plan connected to work, routine, service, maintenance, health, and daily obligations.",Experience first. Astrology explains after. Do not write current sky as personality.,packages/astro-knowledge/data/transits/house/saturn-6.json
Knowledge,transits/house,saturn-7,Saturn in the 7th House,"tldr: Saturn tests and slows the field of partnership. body: For a long season, work tied to partners, clients, and one-to-one dealings is where discipline and limitation shows up. Frame it as a chapter, not a day. shadow: Fear and rigidity spilling into partnership. source.title: full knowledge-base import voiceNeutral: true","Structure, limits, responsibility, time, and consequence is moving through the life area of partnership, collaboration, one-to-one bonds, and open others. Frame this as a chapter or emphasis, not a one-day event.","Matters connected to partnership, collaboration, one-to-one bonds, and open others may become more visible, active, pressured, or available for adjustment.",confusing caution with wisdom or delay with failure,Define the next responsibility and make it manageable.,"Translate this into a practical focus area: one decision, boundary, conversation, or plan connected to partnership, collaboration, one-to-one bonds, and open others.",Experience first. Astrology explains after. Do not write current sky as personality.,packages/astro-knowledge/data/transits/house/saturn-7.json
Knowledge,transits/house,saturn-8,Saturn in the 8th House,"tldr: Saturn tests and slows the field of shared resources. body: For a long season, work tied to shared resources, intimacy, debt, and transformation is where discipline and limitation shows up. Frame it as a chapter, not a day. shadow: Fear and rigidity spilling into shared resources. source.title: full knowledge-base import voiceNeutral: true","Structure, limits, responsibility, time, and consequence is moving through the life area of shared resources, intimacy, trust, debt, inheritance, and transformation. Frame this as a chapter or emphasis, not a one-day event.","Matters connected to shared resources, intimacy, trust, debt, inheritance, and transformation may become more visible, active, pressured, or available for adjustment.",confusing caution with wisdom or delay with failure,Define the next responsibility and make it manageable.,"Translate this into a practical focus area: one decision, boundary, conversation, or plan connected to shared resources, intimacy, trust, debt, inheritance, and transformation.",Experience first. Astrology explains after. Do not write current sky as personality.,packages/astro-knowledge/data/transits/house/saturn-8.json
Knowledge,transits/house,saturn-9,Saturn in the 9th House,"tldr: Saturn tests and slows the field of meaning. body: For a long season, work tied to travel, higher learning, belief, and the big picture is where discipline and limitation shows up. Frame it as a chapter, not a day. shadow: Fear and rigidity spilling into meaning. source.title: full knowledge-base import voiceNeutral: true","Structure, limits, responsibility, time, and consequence is moving through the life area of beliefs, higher learning, travel, philosophy, and meaning. Frame this as a chapter or emphasis, not a one-day event.","Matters connected to beliefs, higher learning, travel, philosophy, and meaning may become more visible, active, pressured, or available for adjustment.",confusing caution with wisdom or delay with failure,Define the next responsibility and make it manageable.,"Translate this into a practical focus area: one decision, boundary, conversation, or plan connected to beliefs, higher learning, travel, philosophy, and meaning.",Experience first. Astrology explains after. Do not write current sky as personality.,packages/astro-knowledge/data/transits/house/saturn-9.json
Knowledge,transits/house,sun-1,Sun in the 1st House,"tldr: Sun through the 1st house brings focus to self, body, identity, and first moves. body: Sun transiting the 1st house illuminates self, body, identity, and first moves. For about a month, attention, vitality, and conscious focus move through this part of life, making it harder to ignore what needs attention here. This is a visibility transit: it shows where your life force wants to be recognized, strengthened, and chosen consciously. shadow: Ego inflation, overexposure, or over-identifying with the moment. source.title: authorized project source material voiceNeutral: true","Attention, vitality, visibility, and confidence is moving through the life area of self, body, identity, and first response. Frame this as a chapter or emphasis, not a one-day event.","Matters connected to self, body, identity, and first response may become more visible, active, pressured, or available for adjustment.","needing certainty, approval, or control before acting",Choose the one place your attention matters most.,"Translate this into a practical focus area: one decision, boundary, conversation, or plan connected to self, body, identity, and first response.",Experience first. Astrology explains after. Do not write current sky as personality.,packages/astro-knowledge/data/transits/house/sun-1.json
Knowledge,transits/house,sun-10,Sun in the 10th House,"tldr: Sun through the 10th house brings focus to career, reputation, authority, and public contribution. body: Sun transiting the 10th house illuminates career, reputation, authority, and public contribution. For about a month, attention, vitality, and conscious focus move through this part of life, making it harder to ignore what needs attention here. This is a visibility transit: it shows where your life force wants to be recognized, strengthened, and chosen consciously. shadow: Ego inflation, overexposure, or measuring worth only by public success. source.title: authorized project source material voiceNeutral: true","Attention, vitality, visibility, and confidence is moving through the life area of career, reputation, authority, public role, and contribution. Frame this as a chapter or emphasis, not a one-day event.","Matters connected to career, reputation, authority, public role, and contribution may become more visible, active, pressured, or available for adjustment.","needing certainty, approval, or control before acting",Choose the one place your attention matters most.,"Translate this into a practical focus area: one decision, boundary, conversation, or plan connected to career, reputation, authority, public role, and contribution.",Experience first. Astrology explains after. Do not write current sky as personality.,packages/astro-knowledge/data/transits/house/sun-10.json
Knowledge,transits/house,sun-11,Sun in the 11th House,"tldr: Sun through the 11th house brings focus to friends, networks, community, hopes, and collective work. body: Sun transiting the 11th house illuminates friends, networks, community, hopes, and collective work. For about a month, attention, vitality, and conscious focus move through this part of life, making it harder to ignore what needs attention here. This is a visibility transit: it shows where your life force wants to be recognized, strengthened, and chosen consciously. shadow: Ego inflation, overexposure, or belonging without discernment. source.title: authorized project source material voiceNeutral: true","Attention, vitality, visibility, and confidence is moving through the life area of friendship, groups, community, hopes, allies, and future plans. Frame this as a chapter or emphasis, not a one-day event.","Matters connected to friendship, groups, community, hopes, allies, and future plans may become more visible, active, pressured, or available for adjustment.","needing certainty, approval, or control before acting",Choose the one place your attention matters most.,"Translate this into a practical focus area: one decision, boundary, conversation, or plan connected to friendship, groups, community, hopes, allies, and future plans.",Experience first. Astrology explains after. Do not write current sky as personality.,packages/astro-knowledge/data/transits/house/sun-11.json
Knowledge,transits/house,sun-12,Sun in the 12th House,"tldr: Sun through the 12th house brings focus to rest, solitude, endings, hidden patterns, dreams, and spiritual retreat. body: Sun transiting the 12th house illuminates rest, solitude, endings, hidden patterns, dreams, and spiritual retreat. For about a month, attention, vitality, and conscious focus move through this part of life, making it harder to ignore what needs attention here. This is a visibility transit: it shows where your life force wants to be recognized, strengthened, and chosen consciously. shadow: Ego inflation, overexposure, or escape, isolation, or avoiding what needs care. source.title: authorized project source material voiceNeutral: true","Attention, vitality, visibility, and confidence is moving through the life area of solitude, the unconscious, hidden things, retreat, isolation, and release. Frame this as a chapter or emphasis, not a one-day event.","Matters connected to solitude, the unconscious, hidden things, retreat, isolation, and release may become more visible, active, pressured, or available for adjustment.","needing certainty, approval, or control before acting",Choose the one place your attention matters most.,"Translate this into a practical focus area: one decision, boundary, conversation, or plan connected to solitude, the unconscious, hidden things, retreat, isolation, and release.",Experience first. Astrology explains after. Do not write current sky as personality.,packages/astro-knowledge/data/transits/house/sun-12.json
Knowledge,transits/house,sun-2,Sun in the 2nd House,"tldr: Sun through the 2nd house brings focus to money, resources, values, and self-worth. body: Sun transiting the 2nd house illuminates money, resources, values, and self-worth. For about a month, attention, vitality, and conscious focus move through this part of life, making it harder to ignore what needs attention here. This is a visibility transit: it shows where your life force wants to be recognized, strengthened, and chosen consciously. shadow: Ego inflation, overexposure, or equating worth with what is owned or earned. source.title: authorized project source material voiceNeutral: true","Attention, vitality, visibility, and confidence is moving through the life area of money, resources, possessions, and values. Frame this as a chapter or emphasis, not a one-day event.","Matters connected to money, resources, possessions, and values may become more visible, active, pressured, or available for adjustment.","needing certainty, approval, or control before acting",Choose the one place your attention matters most.,"Translate this into a practical focus area: one decision, boundary, conversation, or plan connected to money, resources, possessions, and values.",Experience first. Astrology explains after. Do not write current sky as personality.,packages/astro-knowledge/data/transits/house/sun-2.json
Knowledge,transits/house,sun-3,Sun in the 3rd House,"tldr: Sun through the 3rd house brings focus to communication, learning, siblings, neighbors, and daily movement. body: Sun transiting the 3rd house illuminates communication, learning, siblings, neighbors, and daily movement. For about a month, attention, vitality, and conscious focus move through this part of life, making it harder to ignore what needs attention here. This is a visibility transit: it shows where your life force wants to be recognized, strengthened, and chosen consciously. shadow: Ego inflation, overexposure, or scattered attention or reactive speech. source.title: authorized project source material voiceNeutral: true","Attention, vitality, visibility, and confidence is moving through the life area of communication, siblings, local life, daily movement, and immediate environment. Frame this as a chapter or emphasis, not a one-day event.","Matters connected to communication, siblings, local life, daily movement, and immediate environment may become more visible, active, pressured, or available for adjustment.","needing certainty, approval, or control before acting",Choose the one place your attention matters most.,"Translate this into a practical focus area: one decision, boundary, conversation, or plan connected to communication, siblings, local life, daily movement, and immediate environment.",Experience first. Astrology explains after. Do not write current sky as personality.,packages/astro-knowledge/data/transits/house/sun-3.json
Knowledge,transits/house,sun-4,Sun in the 4th House,"tldr: Sun through the 4th house brings focus to home, family, roots, privacy, and emotional foundations. body: Sun transiting the 4th house illuminates home, family, roots, privacy, and emotional foundations. For about a month, attention, vitality, and conscious focus move through this part of life, making it harder to ignore what needs attention here. This is a visibility transit: it shows where your life force wants to be recognized, strengthened, and chosen consciously. shadow: Ego inflation, overexposure, or retreating into old patterns. source.title: authorized project source material voiceNeutral: true","Attention, vitality, visibility, and confidence is moving through the life area of home, family, roots, privacy, and emotional foundation. Frame this as a chapter or emphasis, not a one-day event.","Matters connected to home, family, roots, privacy, and emotional foundation may become more visible, active, pressured, or available for adjustment.","needing certainty, approval, or control before acting",Choose the one place your attention matters most.,"Translate this into a practical focus area: one decision, boundary, conversation, or plan connected to home, family, roots, privacy, and emotional foundation.",Experience first. Astrology explains after. Do not write current sky as personality.,packages/astro-knowledge/data/transits/house/sun-4.json
Knowledge,transits/house,sun-5,Sun in the 5th House,"tldr: Sun through the 5th house brings focus to creativity, pleasure, romance, children, and joy. body: Sun transiting the 5th house illuminates creativity, pleasure, romance, children, and joy. For about a month, attention, vitality, and conscious focus move through this part of life, making it harder to ignore what needs attention here. This is a visibility transit: it shows where your life force wants to be recognized, strengthened, and chosen consciously. shadow: Ego inflation, overexposure, or performing for validation. source.title: authorized project source material voiceNeutral: true","Attention, vitality, visibility, and confidence is moving through the life area of creativity, romance, play, joy, and self-expression. Frame this as a chapter or emphasis, not a one-day event.","Matters connected to creativity, romance, play, joy, and self-expression may become more visible, active, pressured, or available for adjustment.","needing certainty, approval, or control before acting",Choose the one place your attention matters most.,"Translate this into a practical focus area: one decision, boundary, conversation, or plan connected to creativity, romance, play, joy, and self-expression.",Experience first. Astrology explains after. Do not write current sky as personality.,packages/astro-knowledge/data/transits/house/sun-5.json
Knowledge,transits/house,sun-6,Sun in the 6th House,"tldr: Sun through the 6th house brings focus to work routines, health, service, labor, and maintenance. body: Sun transiting the 6th house illuminates work routines, health, service, labor, and maintenance. For about a month, attention, vitality, and conscious focus move through this part of life, making it harder to ignore what needs attention here. This is a visibility transit: it shows where your life force wants to be recognized, strengthened, and chosen consciously. shadow: Ego inflation, overexposure, or overwork or neglecting the body. source.title: authorized project source material voiceNeutral: true","Attention, vitality, visibility, and confidence is moving through the life area of work, routine, service, maintenance, health, and daily obligations. Frame this as a chapter or emphasis, not a one-day event.","Matters connected to work, routine, service, maintenance, health, and daily obligations may become more visible, active, pressured, or available for adjustment.","needing certainty, approval, or control before acting",Choose the one place your attention matters most.,"Translate this into a practical focus area: one decision, boundary, conversation, or plan connected to work, routine, service, maintenance, health, and daily obligations.",Experience first. Astrology explains after. Do not write current sky as personality.,packages/astro-knowledge/data/transits/house/sun-6.json
Knowledge,transits/house,sun-7,Sun in the 7th House,"tldr: Sun through the 7th house brings focus to partnerships, clients, contracts, and direct others. body: Sun transiting the 7th house illuminates partnerships, clients, contracts, and direct others. For about a month, attention, vitality, and conscious focus move through this part of life, making it harder to ignore what needs attention here. This is a visibility transit: it shows where your life force wants to be recognized, strengthened, and chosen consciously. shadow: Ego inflation, overexposure, or handing your agency to someone else. source.title: authorized project source material voiceNeutral: true","Attention, vitality, visibility, and confidence is moving through the life area of partnership, collaboration, one-to-one bonds, and open others. Frame this as a chapter or emphasis, not a one-day event.","Matters connected to partnership, collaboration, one-to-one bonds, and open others may become more visible, active, pressured, or available for adjustment.","needing certainty, approval, or control before acting",Choose the one place your attention matters most.,"Translate this into a practical focus area: one decision, boundary, conversation, or plan connected to partnership, collaboration, one-to-one bonds, and open others.",Experience first. Astrology explains after. Do not write current sky as personality.,packages/astro-knowledge/data/transits/house/sun-7.json
Knowledge,transits/house,sun-8,Sun in the 8th House,"tldr: Sun through the 8th house brings focus to shared resources, debt, intimacy, grief, and entanglement. body: Sun transiting the 8th house illuminates shared resources, debt, intimacy, grief, and entanglement. For about a month, attention, vitality, and conscious focus move through this part of life, making it harder to ignore what needs attention here. This is a visibility transit: it shows where your life force wants to be recognized, strengthened, and chosen consciously. shadow: Ego inflation, overexposure, or control, avoidance, or crisis attachment. source.title: authorized project source material voiceNeutral: true","Attention, vitality, visibility, and confidence is moving through the life area of shared resources, intimacy, trust, debt, inheritance, and transformation. Frame this as a chapter or emphasis, not a one-day event.","Matters connected to shared resources, intimacy, trust, debt, inheritance, and transformation may become more visible, active, pressured, or available for adjustment.","needing certainty, approval, or control before acting",Choose the one place your attention matters most.,"Translate this into a practical focus area: one decision, boundary, conversation, or plan connected to shared resources, intimacy, trust, debt, inheritance, and transformation.",Experience first. Astrology explains after. Do not write current sky as personality.,packages/astro-knowledge/data/transits/house/sun-8.json
Knowledge,transits/house,sun-9,Sun in the 9th House,"tldr: Sun through the 9th house brings focus to travel, study, belief, publishing, law, and spiritual perspective. body: Sun transiting the 9th house illuminates travel, study, belief, publishing, law, and spiritual perspective. For about a month, attention, vitality, and conscious focus move through this part of life, making it harder to ignore what needs attention here. This is a visibility transit: it shows where your life force wants to be recognized, strengthened, and chosen consciously. shadow: Ego inflation, overexposure, or using certainty to avoid humility. source.title: authorized project source material voiceNeutral: true","Attention, vitality, visibility, and confidence is moving through the life area of beliefs, higher learning, travel, philosophy, and meaning. Frame this as a chapter or emphasis, not a one-day event.","Matters connected to beliefs, higher learning, travel, philosophy, and meaning may become more visible, active, pressured, or available for adjustment.","needing certainty, approval, or control before acting",Choose the one place your attention matters most.,"Translate this into a practical focus area: one decision, boundary, conversation, or plan connected to beliefs, higher learning, travel, philosophy, and meaning.",Experience first. Astrology explains after. Do not write current sky as personality.,packages/astro-knowledge/data/transits/house/sun-9.json
Knowledge,transits/house,uranus-1,Uranus in the 1st House,"tldr: Uranus disrupts and shakes up the field of self. body: For a long season, work tied to the self, body, and personal initiative is where the urge to disrupt and break free shows up. Frame it as a chapter, not a day. shadow: Instability spilling into self. source.title: full knowledge-base import voiceNeutral: true","Change, disruption, freedom, and originality is moving through the life area of self, body, identity, and first response. Frame this as a chapter or emphasis, not a one-day event.","Matters connected to self, body, identity, and first response may become more visible, active, pressured, or available for adjustment.",breaking pattern for the sake of escape rather than truth,Pause before treating disruption as direction.,"Translate this into a practical focus area: one decision, boundary, conversation, or plan connected to self, body, identity, and first response.",Experience first. Astrology explains after. Do not write current sky as personality.,packages/astro-knowledge/data/transits/house/uranus-1.json
Knowledge,transits/house,uranus-10,Uranus in the 10th House,"tldr: Uranus disrupts and shakes up the field of career. body: For a long season, work tied to career, reputation, and public standing is where the urge to disrupt and break free shows up. Frame it as a chapter, not a day. shadow: Instability spilling into career. source.title: full knowledge-base import voiceNeutral: true","Change, disruption, freedom, and originality is moving through the life area of career, reputation, authority, public role, and contribution. Frame this as a chapter or emphasis, not a one-day event.","Matters connected to career, reputation, authority, public role, and contribution may become more visible, active, pressured, or available for adjustment.",breaking pattern for the sake of escape rather than truth,Pause before treating disruption as direction.,"Translate this into a practical focus area: one decision, boundary, conversation, or plan connected to career, reputation, authority, public role, and contribution.",Experience first. Astrology explains after. Do not write current sky as personality.,packages/astro-knowledge/data/transits/house/uranus-10.json
Knowledge,transits/house,uranus-11,Uranus in the 11th House,"tldr: Uranus disrupts and shakes up the field of community. body: For a long season, work tied to friends, allies, groups, and long-range goals is where the urge to disrupt and break free shows up. Frame it as a chapter, not a day. shadow: Instability spilling into community. source.title: full knowledge-base import voiceNeutral: true","Change, disruption, freedom, and originality is moving through the life area of friendship, groups, community, hopes, allies, and future plans. Frame this as a chapter or emphasis, not a one-day event.","Matters connected to friendship, groups, community, hopes, allies, and future plans may become more visible, active, pressured, or available for adjustment.",breaking pattern for the sake of escape rather than truth,Pause before treating disruption as direction.,"Translate this into a practical focus area: one decision, boundary, conversation, or plan connected to friendship, groups, community, hopes, allies, and future plans.",Experience first. Astrology explains after. Do not write current sky as personality.,packages/astro-knowledge/data/transits/house/uranus-11.json
Knowledge,transits/house,uranus-12,Uranus in the 12th House,"tldr: Uranus disrupts and shakes up the field of the hidden. body: For a long season, work tied to solitude, the hidden, loss, and the inner life is where the urge to disrupt and break free shows up. Frame it as a chapter, not a day. shadow: Instability spilling into the hidden. source.title: full knowledge-base import voiceNeutral: true","Change, disruption, freedom, and originality is moving through the life area of solitude, the unconscious, hidden things, retreat, isolation, and release. Frame this as a chapter or emphasis, not a one-day event.","Matters connected to solitude, the unconscious, hidden things, retreat, isolation, and release may become more visible, active, pressured, or available for adjustment.",breaking pattern for the sake of escape rather than truth,Pause before treating disruption as direction.,"Translate this into a practical focus area: one decision, boundary, conversation, or plan connected to solitude, the unconscious, hidden things, retreat, isolation, and release.",Experience first. Astrology explains after. Do not write current sky as personality.,packages/astro-knowledge/data/transits/house/uranus-12.json
Knowledge,transits/house,uranus-2,Uranus in the 2nd House,"tldr: Uranus disrupts and shakes up the field of resources. body: For a long season, work tied to money, resources, and what you value is where the urge to disrupt and break free shows up. Frame it as a chapter, not a day. shadow: Instability spilling into resources. source.title: full knowledge-base import voiceNeutral: true","Change, disruption, freedom, and originality is moving through the life area of money, resources, possessions, and values. Frame this as a chapter or emphasis, not a one-day event.","Matters connected to money, resources, possessions, and values may become more visible, active, pressured, or available for adjustment.",breaking pattern for the sake of escape rather than truth,Pause before treating disruption as direction.,"Translate this into a practical focus area: one decision, boundary, conversation, or plan connected to money, resources, possessions, and values.",Experience first. Astrology explains after. Do not write current sky as personality.,packages/astro-knowledge/data/transits/house/uranus-2.json
Knowledge,transits/house,uranus-3,Uranus in the 3rd House,"tldr: Uranus disrupts and shakes up the field of communication. body: For a long season, work tied to communication, learning, and the local is where the urge to disrupt and break free shows up. Frame it as a chapter, not a day. shadow: Instability spilling into communication. source.title: full knowledge-base import voiceNeutral: true","Change, disruption, freedom, and originality is moving through the life area of communication, siblings, local life, daily movement, and immediate environment. Frame this as a chapter or emphasis, not a one-day event.","Matters connected to communication, siblings, local life, daily movement, and immediate environment may become more visible, active, pressured, or available for adjustment.",breaking pattern for the sake of escape rather than truth,Pause before treating disruption as direction.,"Translate this into a practical focus area: one decision, boundary, conversation, or plan connected to communication, siblings, local life, daily movement, and immediate environment.",Experience first. Astrology explains after. Do not write current sky as personality.,packages/astro-knowledge/data/transits/house/uranus-3.json
Knowledge,transits/house,uranus-4,Uranus in the 4th House,"tldr: Uranus disrupts and shakes up the field of home. body: For a long season, work tied to home, family, and foundations is where the urge to disrupt and break free shows up. Frame it as a chapter, not a day. shadow: Instability spilling into home. source.title: full knowledge-base import voiceNeutral: true","Change, disruption, freedom, and originality is moving through the life area of home, family, roots, privacy, and emotional foundation. Frame this as a chapter or emphasis, not a one-day event.","Matters connected to home, family, roots, privacy, and emotional foundation may become more visible, active, pressured, or available for adjustment.",breaking pattern for the sake of escape rather than truth,Pause before treating disruption as direction.,"Translate this into a practical focus area: one decision, boundary, conversation, or plan connected to home, family, roots, privacy, and emotional foundation.",Experience first. Astrology explains after. Do not write current sky as personality.,packages/astro-knowledge/data/transits/house/uranus-4.json
Knowledge,transits/house,uranus-5,Uranus in the 5th House,"tldr: Uranus disrupts and shakes up the field of creativity. body: For a long season, work tied to creativity, romance, children, and play is where the urge to disrupt and break free shows up. Frame it as a chapter, not a day. shadow: Instability spilling into creativity. source.title: full knowledge-base import voiceNeutral: true","Change, disruption, freedom, and originality is moving through the life area of creativity, romance, play, joy, and self-expression. Frame this as a chapter or emphasis, not a one-day event.","Matters connected to creativity, romance, play, joy, and self-expression may become more visible, active, pressured, or available for adjustment.",breaking pattern for the sake of escape rather than truth,Pause before treating disruption as direction.,"Translate this into a practical focus area: one decision, boundary, conversation, or plan connected to creativity, romance, play, joy, and self-expression.",Experience first. Astrology explains after. Do not write current sky as personality.,packages/astro-knowledge/data/transits/house/uranus-5.json
Knowledge,transits/house,uranus-6,Uranus in the 6th House,"tldr: Uranus disrupts and shakes up the field of work and health. body: For a long season, work tied to work, routine, health, and service is where the urge to disrupt and break free shows up. Frame it as a chapter, not a day. shadow: Instability spilling into work and health. source.title: full knowledge-base import voiceNeutral: true","Change, disruption, freedom, and originality is moving through the life area of work, routine, service, maintenance, health, and daily obligations. Frame this as a chapter or emphasis, not a one-day event.","Matters connected to work, routine, service, maintenance, health, and daily obligations may become more visible, active, pressured, or available for adjustment.",breaking pattern for the sake of escape rather than truth,Pause before treating disruption as direction.,"Translate this into a practical focus area: one decision, boundary, conversation, or plan connected to work, routine, service, maintenance, health, and daily obligations.",Experience first. Astrology explains after. Do not write current sky as personality.,packages/astro-knowledge/data/transits/house/uranus-6.json
Knowledge,transits/house,uranus-7,Uranus in the 7th House,"tldr: Uranus disrupts and shakes up the field of partnership. body: For a long season, work tied to partners, clients, and one-to-one dealings is where the urge to disrupt and break free shows up. Frame it as a chapter, not a day. shadow: Instability spilling into partnership. source.title: full knowledge-base import voiceNeutral: true","Change, disruption, freedom, and originality is moving through the life area of partnership, collaboration, one-to-one bonds, and open others. Frame this as a chapter or emphasis, not a one-day event.","Matters connected to partnership, collaboration, one-to-one bonds, and open others may become more visible, active, pressured, or available for adjustment.",breaking pattern for the sake of escape rather than truth,Pause before treating disruption as direction.,"Translate this into a practical focus area: one decision, boundary, conversation, or plan connected to partnership, collaboration, one-to-one bonds, and open others.",Experience first. Astrology explains after. Do not write current sky as personality.,packages/astro-knowledge/data/transits/house/uranus-7.json
Knowledge,transits/house,uranus-8,Uranus in the 8th House,"tldr: Uranus disrupts and shakes up the field of shared resources. body: For a long season, work tied to shared resources, intimacy, debt, and transformation is where the urge to disrupt and break free shows up. Frame it as a chapter, not a day. shadow: Instability spilling into shared resources. source.title: full knowledge-base import voiceNeutral: true","Change, disruption, freedom, and originality is moving through the life area of shared resources, intimacy, trust, debt, inheritance, and transformation. Frame this as a chapter or emphasis, not a one-day event.","Matters connected to shared resources, intimacy, trust, debt, inheritance, and transformation may become more visible, active, pressured, or available for adjustment.",breaking pattern for the sake of escape rather than truth,Pause before treating disruption as direction.,"Translate this into a practical focus area: one decision, boundary, conversation, or plan connected to shared resources, intimacy, trust, debt, inheritance, and transformation.",Experience first. Astrology explains after. Do not write current sky as personality.,packages/astro-knowledge/data/transits/house/uranus-8.json
Knowledge,transits/house,uranus-9,Uranus in the 9th House,"tldr: Uranus disrupts and shakes up the field of meaning. body: For a long season, work tied to travel, higher learning, belief, and the big picture is where the urge to disrupt and break free shows up. Frame it as a chapter, not a day. shadow: Instability spilling into meaning. source.title: full knowledge-base import voiceNeutral: true","Change, disruption, freedom, and originality is moving through the life area of beliefs, higher learning, travel, philosophy, and meaning. Frame this as a chapter or emphasis, not a one-day event.","Matters connected to beliefs, higher learning, travel, philosophy, and meaning may become more visible, active, pressured, or available for adjustment.",breaking pattern for the sake of escape rather than truth,Pause before treating disruption as direction.,"Translate this into a practical focus area: one decision, boundary, conversation, or plan connected to beliefs, higher learning, travel, philosophy, and meaning.",Experience first. Astrology explains after. Do not write current sky as personality.,packages/astro-knowledge/data/transits/house/uranus-9.json
Knowledge,transits/house,venus-1,Venus in the 1st House,"tldr: Venus through the 1st house brings focus to self, body, identity, and first moves. body: Venus transiting the 1st house softens self, body, identity, and first moves. For about three to four weeks, ease, attraction, value, pleasure, and relational support move through this part of life, making it harder to ignore what needs attention here. This is a receiving transit: it can bring support, pleasure, repair, and opportunities to value this area with more grace. shadow: Avoidance, indulgence, people-pleasing, or over-identifying with the moment. source.title: authorized project source material voiceNeutral: true","Connection, value, pleasure, attraction, and ease is moving through the life area of self, body, identity, and first response. Frame this as a chapter or emphasis, not a one-day event.","Matters connected to self, body, identity, and first response may become more visible, active, pressured, or available for adjustment.",keeping things pleasant while avoiding what needs to be named,Name what would actually feel supportive.,"Translate this into a practical focus area: one decision, boundary, conversation, or plan connected to self, body, identity, and first response.",Experience first. Astrology explains after. Do not write current sky as personality.,packages/astro-knowledge/data/transits/house/venus-1.json
Knowledge,transits/house,venus-10,Venus in the 10th House,"tldr: Venus through the 10th house brings focus to career, reputation, authority, and public contribution. body: Venus transiting the 10th house softens career, reputation, authority, and public contribution. For about three to four weeks, ease, attraction, value, pleasure, and relational support move through this part of life, making it harder to ignore what needs attention here. This is a receiving transit: it can bring support, pleasure, repair, and opportunities to value this area with more grace. shadow: Avoidance, indulgence, people-pleasing, or measuring worth only by public success. source.title: authorized project source material voiceNeutral: true","Connection, value, pleasure, attraction, and ease is moving through the life area of career, reputation, authority, public role, and contribution. Frame this as a chapter or emphasis, not a one-day event.","Matters connected to career, reputation, authority, public role, and contribution may become more visible, active, pressured, or available for adjustment.",keeping things pleasant while avoiding what needs to be named,Name what would actually feel supportive.,"Translate this into a practical focus area: one decision, boundary, conversation, or plan connected to career, reputation, authority, public role, and contribution.",Experience first. Astrology explains after. Do not write current sky as personality.,packages/astro-knowledge/data/transits/house/venus-10.json
Knowledge,transits/house,venus-11,Venus in the 11th House,"tldr: Venus through the 11th house brings focus to friends, networks, community, hopes, and collective work. body: Venus transiting the 11th house softens friends, networks, community, hopes, and collective work. For about three to four weeks, ease, attraction, value, pleasure, and relational support move through this part of life, making it harder to ignore what needs attention here. This is a receiving transit: it can bring support, pleasure, repair, and opportunities to value this area with more grace. shadow: Avoidance, indulgence, people-pleasing, or belonging without discernment. source.title: authorized project source material voiceNeutral: true","Connection, value, pleasure, attraction, and ease is moving through the life area of friendship, groups, community, hopes, allies, and future plans. Frame this as a chapter or emphasis, not a one-day event.","Matters connected to friendship, groups, community, hopes, allies, and future plans may become more visible, active, pressured, or available for adjustment.",keeping things pleasant while avoiding what needs to be named,Name what would actually feel supportive.,"Translate this into a practical focus area: one decision, boundary, conversation, or plan connected to friendship, groups, community, hopes, allies, and future plans.",Experience first. Astrology explains after. Do not write current sky as personality.,packages/astro-knowledge/data/transits/house/venus-11.json
Knowledge,transits/house,venus-12,Venus in the 12th House,"tldr: Venus through the 12th house brings focus to rest, solitude, endings, hidden patterns, dreams, and spiritual retreat. body: Venus transiting the 12th house softens rest, solitude, endings, hidden patterns, dreams, and spiritual retreat. For about three to four weeks, ease, attraction, value, pleasure, and relational support move through this part of life, making it harder to ignore what needs attention here. This is a receiving transit: it can bring support, pleasure, repair, and opportunities to value this area with more grace. shadow: Avoidance, indulgence, people-pleasing, or escape, isolation, or avoiding what needs care. source.title: authorized project source material voiceNeutral: true","Connection, value, pleasure, attraction, and ease is moving through the life area of solitude, the unconscious, hidden things, retreat, isolation, and release. Frame this as a chapter or emphasis, not a one-day event.","Matters connected to solitude, the unconscious, hidden things, retreat, isolation, and release may become more visible, active, pressured, or available for adjustment.",keeping things pleasant while avoiding what needs to be named,Name what would actually feel supportive.,"Translate this into a practical focus area: one decision, boundary, conversation, or plan connected to solitude, the unconscious, hidden things, retreat, isolation, and release.",Experience first. Astrology explains after. Do not write current sky as personality.,packages/astro-knowledge/data/transits/house/venus-12.json
Knowledge,transits/house,venus-2,Venus in the 2nd House,"tldr: Venus through the 2nd house brings focus to money, resources, values, and self-worth. body: Venus transiting the 2nd house softens money, resources, values, and self-worth. For about three to four weeks, ease, attraction, value, pleasure, and relational support move through this part of life, making it harder to ignore what needs attention here. This is a receiving transit: it can bring support, pleasure, repair, and opportunities to value this area with more grace. shadow: Avoidance, indulgence, people-pleasing, or equating worth with what is owned or earned. source.title: authorized project source material voiceNeutral: true","Connection, value, pleasure, attraction, and ease is moving through the life area of money, resources, possessions, and values. Frame this as a chapter or emphasis, not a one-day event.","Matters connected to money, resources, possessions, and values may become more visible, active, pressured, or available for adjustment.",keeping things pleasant while avoiding what needs to be named,Name what would actually feel supportive.,"Translate this into a practical focus area: one decision, boundary, conversation, or plan connected to money, resources, possessions, and values.",Experience first. Astrology explains after. Do not write current sky as personality.,packages/astro-knowledge/data/transits/house/venus-2.json
Knowledge,transits/house,venus-3,Venus in the 3rd House,"tldr: Venus through the 3rd house brings focus to communication, learning, siblings, neighbors, and daily movement. body: Venus transiting the 3rd house softens communication, learning, siblings, neighbors, and daily movement. For about three to four weeks, ease, attraction, value, pleasure, and relational support move through this part of life, making it harder to ignore what needs attention here. This is a receiving transit: it can bring support, pleasure, repair, and opportunities to value this area with more grace. shadow: Avoidance, indulgence, people-pleasing, or scattered attention or reactive speech. source.title: authorized project source material voiceNeutral: true","Connection, value, pleasure, attraction, and ease is moving through the life area of communication, siblings, local life, daily movement, and immediate environment. Frame this as a chapter or emphasis, not a one-day event.","Matters connected to communication, siblings, local life, daily movement, and immediate environment may become more visible, active, pressured, or available for adjustment.",keeping things pleasant while avoiding what needs to be named,Name what would actually feel supportive.,"Translate this into a practical focus area: one decision, boundary, conversation, or plan connected to communication, siblings, local life, daily movement, and immediate environment.",Experience first. Astrology explains after. Do not write current sky as personality.,packages/astro-knowledge/data/transits/house/venus-3.json
Knowledge,transits/house,venus-4,Venus in the 4th House,"tldr: Venus through the 4th house brings focus to home, family, roots, privacy, and emotional foundations. body: Venus transiting the 4th house softens home, family, roots, privacy, and emotional foundations. For about three to four weeks, ease, attraction, value, pleasure, and relational support move through this part of life, making it harder to ignore what needs attention here. This is a receiving transit: it can bring support, pleasure, repair, and opportunities to value this area with more grace. shadow: Avoidance, indulgence, people-pleasing, or retreating into old patterns. source.title: authorized project source material voiceNeutral: true","Connection, value, pleasure, attraction, and ease is moving through the life area of home, family, roots, privacy, and emotional foundation. Frame this as a chapter or emphasis, not a one-day event.","Matters connected to home, family, roots, privacy, and emotional foundation may become more visible, active, pressured, or available for adjustment.",keeping things pleasant while avoiding what needs to be named,Name what would actually feel supportive.,"Translate this into a practical focus area: one decision, boundary, conversation, or plan connected to home, family, roots, privacy, and emotional foundation.",Experience first. Astrology explains after. Do not write current sky as personality.,packages/astro-knowledge/data/transits/house/venus-4.json
Knowledge,transits/house,venus-5,Venus in the 5th House,"tldr: Venus through the 5th house brings focus to creativity, pleasure, romance, children, and joy. body: Venus transiting the 5th house softens creativity, pleasure, romance, children, and joy. For about three to four weeks, ease, attraction, value, pleasure, and relational support move through this part of life, making it harder to ignore what needs attention here. This is a receiving transit: it can bring support, pleasure, repair, and opportunities to value this area with more grace. shadow: Avoidance, indulgence, people-pleasing, or performing for validation. source.title: authorized project source material voiceNeutral: true","Connection, value, pleasure, attraction, and ease is moving through the life area of creativity, romance, play, joy, and self-expression. Frame this as a chapter or emphasis, not a one-day event.","Matters connected to creativity, romance, play, joy, and self-expression may become more visible, active, pressured, or available for adjustment.",keeping things pleasant while avoiding what needs to be named,Name what would actually feel supportive.,"Translate this into a practical focus area: one decision, boundary, conversation, or plan connected to creativity, romance, play, joy, and self-expression.",Experience first. Astrology explains after. Do not write current sky as personality.,packages/astro-knowledge/data/transits/house/venus-5.json
Knowledge,transits/house,venus-6,Venus in the 6th House,"tldr: Venus through the 6th house brings focus to work routines, health, service, labor, and maintenance. body: Venus transiting the 6th house softens work routines, health, service, labor, and maintenance. For about three to four weeks, ease, attraction, value, pleasure, and relational support move through this part of life, making it harder to ignore what needs attention here. This is a receiving transit: it can bring support, pleasure, repair, and opportunities to value this area with more grace. shadow: Avoidance, indulgence, people-pleasing, or overwork or neglecting the body. source.title: authorized project source material voiceNeutral: true","Connection, value, pleasure, attraction, and ease is moving through the life area of work, routine, service, maintenance, health, and daily obligations. Frame this as a chapter or emphasis, not a one-day event.","Matters connected to work, routine, service, maintenance, health, and daily obligations may become more visible, active, pressured, or available for adjustment.",keeping things pleasant while avoiding what needs to be named,Name what would actually feel supportive.,"Translate this into a practical focus area: one decision, boundary, conversation, or plan connected to work, routine, service, maintenance, health, and daily obligations.",Experience first. Astrology explains after. Do not write current sky as personality.,packages/astro-knowledge/data/transits/house/venus-6.json
Knowledge,transits/house,venus-7,Venus in the 7th House,"tldr: Venus through the 7th house brings focus to partnerships, clients, contracts, and direct others. body: Venus transiting the 7th house softens partnerships, clients, contracts, and direct others. For about three to four weeks, ease, attraction, value, pleasure, and relational support move through this part of life, making it harder to ignore what needs attention here. This is a receiving transit: it can bring support, pleasure, repair, and opportunities to value this area with more grace. shadow: Avoidance, indulgence, people-pleasing, or handing your agency to someone else. source.title: authorized project source material voiceNeutral: true","Connection, value, pleasure, attraction, and ease is moving through the life area of partnership, collaboration, one-to-one bonds, and open others. Frame this as a chapter or emphasis, not a one-day event.","Matters connected to partnership, collaboration, one-to-one bonds, and open others may become more visible, active, pressured, or available for adjustment.",keeping things pleasant while avoiding what needs to be named,Name what would actually feel supportive.,"Translate this into a practical focus area: one decision, boundary, conversation, or plan connected to partnership, collaboration, one-to-one bonds, and open others.",Experience first. Astrology explains after. Do not write current sky as personality.,packages/astro-knowledge/data/transits/house/venus-7.json
Knowledge,transits/house,venus-8,Venus in the 8th House,"tldr: Venus through the 8th house brings focus to shared resources, debt, intimacy, grief, and entanglement. body: Venus transiting the 8th house softens shared resources, debt, intimacy, grief, and entanglement. For about three to four weeks, ease, attraction, value, pleasure, and relational support move through this part of life, making it harder to ignore what needs attention here. This is a receiving transit: it can bring support, pleasure, repair, and opportunities to value this area with more grace. shadow: Avoidance, indulgence, people-pleasing, or control, avoidance, or crisis attachment. source.title: authorized project source material voiceNeutral: true","Connection, value, pleasure, attraction, and ease is moving through the life area of shared resources, intimacy, trust, debt, inheritance, and transformation. Frame this as a chapter or emphasis, not a one-day event.","Matters connected to shared resources, intimacy, trust, debt, inheritance, and transformation may become more visible, active, pressured, or available for adjustment.",keeping things pleasant while avoiding what needs to be named,Name what would actually feel supportive.,"Translate this into a practical focus area: one decision, boundary, conversation, or plan connected to shared resources, intimacy, trust, debt, inheritance, and transformation.",Experience first. Astrology explains after. Do not write current sky as personality.,packages/astro-knowledge/data/transits/house/venus-8.json
Knowledge,transits/house,venus-9,Venus in the 9th House,"tldr: Venus through the 9th house brings focus to travel, study, belief, publishing, law, and spiritual perspective. body: Venus transiting the 9th house softens travel, study, belief, publishing, law, and spiritual perspective. For about three to four weeks, ease, attraction, value, pleasure, and relational support move through this part of life, making it harder to ignore what needs attention here. This is a receiving transit: it can bring support, pleasure, repair, and opportunities to value this area with more grace. shadow: Avoidance, indulgence, people-pleasing, or using certainty to avoid humility. source.title: authorized project source material voiceNeutral: true","Connection, value, pleasure, attraction, and ease is moving through the life area of beliefs, higher learning, travel, philosophy, and meaning. Frame this as a chapter or emphasis, not a one-day event.","Matters connected to beliefs, higher learning, travel, philosophy, and meaning may become more visible, active, pressured, or available for adjustment.",keeping things pleasant while avoiding what needs to be named,Name what would actually feel supportive.,"Translate this into a practical focus area: one decision, boundary, conversation, or plan connected to beliefs, higher learning, travel, philosophy, and meaning.",Experience first. Astrology explains after. Do not write current sky as personality.,packages/astro-knowledge/data/transits/house/venus-9.json
Knowledge,transits,jupiter-conjunction-neptune,Jupiter Conjunction Neptune,"tldr: Jupiter conjunction Neptune. cyclic.meaning: A new cycle of growth and imagination is sown: instinctive, full of potential, not yet conscious of itself. shadow: Excess and overreach fused with illusion and escapism, with no distance to tell them apart. voiceNeutral: true","Growth, belief, opportunity, and expansion meets imagination, longing, vision, sensitivity, and uncertainty through a fusion pattern. Two themes become concentrated and harder to separate.","Growth, belief, opportunity, and expansion and imagination, longing, vision, sensitivity, and uncertainty may meet through fusion, making the pattern more noticeable in ordinary choices.",Acting from the intensity before identifying the separate parts.,Test the opportunity against reality before expanding it.,"Use this as a fusion signal: turn the insight into one concrete decision, note, test, or follow-up rather than keeping it abstract.",Experience first. Astrology explains after. Do not write current sky as personality.,packages/astro-knowledge/data/transits/jupiter-conjunction-neptune.json
Knowledge,transits,jupiter-conjunction-pluto,Jupiter Conjunction Pluto,"tldr: Jupiter conjunction Pluto. cyclic.meaning: A new cycle of growth and power is sown: instinctive, full of potential, not yet conscious of itself. shadow: Excess and overreach fused with control and obsession, with no distance to tell them apart. voiceNeutral: true","Growth, belief, opportunity, and expansion meets depth, power, pressure, release, and transformation through a fusion pattern. Two themes become concentrated and harder to separate.","Growth, belief, opportunity, and expansion and depth, power, pressure, release, and transformation may meet through fusion, making the pattern more noticeable in ordinary choices.",Acting from the intensity before identifying the separate parts.,Test the opportunity against reality before expanding it.,"Use this as a fusion signal: turn the insight into one concrete decision, note, test, or follow-up rather than keeping it abstract.",Experience first. Astrology explains after. Do not write current sky as personality.,packages/astro-knowledge/data/transits/jupiter-conjunction-pluto.json
Knowledge,transits,jupiter-conjunction-saturn,Jupiter Conjunction Saturn,"tldr: Jupiter conjunction Saturn. cyclic.meaning: A new cycle of growth and limit is sown: instinctive, full of potential, not yet conscious of itself. shadow: Excess and overreach fused with fear and rigidity, with no distance to tell them apart. voiceNeutral: true","Growth, belief, opportunity, and expansion meets structure, limits, responsibility, time, and consequence through a fusion pattern. Two themes become concentrated and harder to separate.","Growth, belief, opportunity, and expansion and structure, limits, responsibility, time, and consequence may meet through fusion, making the pattern more noticeable in ordinary choices.",Acting from the intensity before identifying the separate parts.,Test the opportunity against reality before expanding it.,"Use this as a fusion signal: turn the insight into one concrete decision, note, test, or follow-up rather than keeping it abstract.",Experience first. Astrology explains after. Do not write current sky as personality.,packages/astro-knowledge/data/transits/jupiter-conjunction-saturn.json
Knowledge,transits,jupiter-conjunction-uranus,Jupiter Conjunction Uranus,"tldr: Jupiter conjunction Uranus. cyclic.meaning: A new cycle of growth and disruption is sown: instinctive, full of potential, not yet conscious of itself. shadow: Excess and overreach fused with instability for its own sake, with no distance to tell them apart. voiceNeutral: true","Growth, belief, opportunity, and expansion meets change, disruption, freedom, and originality through a fusion pattern. Two themes become concentrated and harder to separate.","Growth, belief, opportunity, and expansion and change, disruption, freedom, and originality may meet through fusion, making the pattern more noticeable in ordinary choices.",Acting from the intensity before identifying the separate parts.,Test the opportunity against reality before expanding it.,"Use this as a fusion signal: turn the insight into one concrete decision, note, test, or follow-up rather than keeping it abstract.",Experience first. Astrology explains after. Do not write current sky as personality.,packages/astro-knowledge/data/transits/jupiter-conjunction-uranus.json
Knowledge,transits,jupiter-opposition-neptune,Jupiter Opposition Neptune,"tldr: Jupiter opposition Neptune. cyclic.meaning: Growth and imagination reach full awareness and face each other: culmination, objectivity, fulfillment or confrontation. shadow: Excess and overreach collides with illusion and escapism; forcing or splitting it instead of working it through. voiceNeutral: true","Growth, belief, opportunity, and expansion meets imagination, longing, vision, sensitivity, and uncertainty through a polarity pattern. Two themes face each other and ask for awareness rather than a quick split.","Growth, belief, opportunity, and expansion and imagination, longing, vision, sensitivity, and uncertainty may meet through polarity, making the pattern more noticeable in ordinary choices.",Turning tension into a standoff instead of a clearer understanding.,Test the opportunity against reality before expanding it.,"Use this as a polarity signal: turn the insight into one concrete decision, note, test, or follow-up rather than keeping it abstract.",Experience first. Astrology explains after. Do not write current sky as personality.,packages/astro-knowledge/data/transits/jupiter-opposition-neptune.json
Knowledge,transits,jupiter-opposition-pluto,Jupiter Opposition Pluto,"tldr: Jupiter opposition Pluto. cyclic.meaning: Growth and power reach full awareness and face each other: culmination, objectivity, fulfillment or confrontation. shadow: Excess and overreach collides with control and obsession; forcing or splitting it instead of working it through. voiceNeutral: true","Growth, belief, opportunity, and expansion meets depth, power, pressure, release, and transformation through a polarity pattern. Two themes face each other and ask for awareness rather than a quick split.","Growth, belief, opportunity, and expansion and depth, power, pressure, release, and transformation may meet through polarity, making the pattern more noticeable in ordinary choices.",Turning tension into a standoff instead of a clearer understanding.,Test the opportunity against reality before expanding it.,"Use this as a polarity signal: turn the insight into one concrete decision, note, test, or follow-up rather than keeping it abstract.",Experience first. Astrology explains after. Do not write current sky as personality.,packages/astro-knowledge/data/transits/jupiter-opposition-pluto.json
Knowledge,transits,jupiter-opposition-saturn,Jupiter Opposition Saturn,"tldr: Jupiter opposition Saturn. cyclic.meaning: Growth and limit reach full awareness and face each other: culmination, objectivity, fulfillment or confrontation. shadow: Excess and overreach collides with fear and rigidity; forcing or splitting it instead of working it through. voiceNeutral: true","Growth, belief, opportunity, and expansion meets structure, limits, responsibility, time, and consequence through a polarity pattern. Two themes face each other and ask for awareness rather than a quick split.","Growth, belief, opportunity, and expansion and structure, limits, responsibility, time, and consequence may meet through polarity, making the pattern more noticeable in ordinary choices.",Turning tension into a standoff instead of a clearer understanding.,Test the opportunity against reality before expanding it.,"Use this as a polarity signal: turn the insight into one concrete decision, note, test, or follow-up rather than keeping it abstract.",Experience first. Astrology explains after. Do not write current sky as personality.,packages/astro-knowledge/data/transits/jupiter-opposition-saturn.json
Knowledge,transits,jupiter-opposition-uranus,Jupiter Opposition Uranus,"tldr: Jupiter opposition Uranus. cyclic.meaning: Growth and disruption reach full awareness and face each other: culmination, objectivity, fulfillment or confrontation. shadow: Excess and overreach collides with instability for its own sake; forcing or splitting it instead of working it through. voiceNeutral: true","Growth, belief, opportunity, and expansion meets change, disruption, freedom, and originality through a polarity pattern. Two themes face each other and ask for awareness rather than a quick split.","Growth, belief, opportunity, and expansion and change, disruption, freedom, and originality may meet through polarity, making the pattern more noticeable in ordinary choices.",Turning tension into a standoff instead of a clearer understanding.,Test the opportunity against reality before expanding it.,"Use this as a polarity signal: turn the insight into one concrete decision, note, test, or follow-up rather than keeping it abstract.",Experience first. Astrology explains after. Do not write current sky as personality.,packages/astro-knowledge/data/transits/jupiter-opposition-uranus.json
Knowledge,transits,jupiter-sextile-neptune,Jupiter Sextile Neptune,"tldr: Jupiter sextile Neptune. shadow: The ease lets excess and overreach and illusion and escapism go unchecked, or the opening pass unused. voiceNeutral: true","Growth, belief, opportunity, and expansion meets imagination, longing, vision, sensitivity, and uncertainty through a opening pattern. A supportive opening becomes available, but it has to be actively used.","Growth, belief, opportunity, and expansion and imagination, longing, vision, sensitivity, and uncertainty may meet through opening, making the pattern more noticeable in ordinary choices.",Coasting on the good idea without turning it into anything concrete.,Choose one next step and give the opening a container.,"Use this as a opening signal: turn the insight into one concrete decision, note, test, or follow-up rather than keeping it abstract.",Experience first. Astrology explains after. Do not write current sky as personality.,packages/astro-knowledge/data/transits/jupiter-sextile-neptune.json
Knowledge,transits,jupiter-sextile-pluto,Jupiter Sextile Pluto,"tldr: Jupiter sextile Pluto. shadow: The ease lets excess and overreach and control and obsession go unchecked, or the opening pass unused. voiceNeutral: true","Growth, belief, opportunity, and expansion meets depth, power, pressure, release, and transformation through a opening pattern. A supportive opening becomes available, but it has to be actively used.","Growth, belief, opportunity, and expansion and depth, power, pressure, release, and transformation may meet through opening, making the pattern more noticeable in ordinary choices.",Coasting on the good idea without turning it into anything concrete.,Choose one next step and give the opening a container.,"Use this as a opening signal: turn the insight into one concrete decision, note, test, or follow-up rather than keeping it abstract.",Experience first. Astrology explains after. Do not write current sky as personality.,packages/astro-knowledge/data/transits/jupiter-sextile-pluto.json
Knowledge,transits,jupiter-sextile-saturn,Jupiter Sextile Saturn,"tldr: Jupiter sextile Saturn. shadow: The ease lets excess and overreach and fear and rigidity go unchecked, or the opening pass unused. voiceNeutral: true","Growth, belief, opportunity, and expansion meets structure, limits, responsibility, time, and consequence through a opening pattern. A supportive opening becomes available, but it has to be actively used.","Growth, belief, opportunity, and expansion and structure, limits, responsibility, time, and consequence may meet through opening, making the pattern more noticeable in ordinary choices.",Coasting on the good idea without turning it into anything concrete.,Choose one next step and give the opening a container.,"Use this as a opening signal: turn the insight into one concrete decision, note, test, or follow-up rather than keeping it abstract.",Experience first. Astrology explains after. Do not write current sky as personality.,packages/astro-knowledge/data/transits/jupiter-sextile-saturn.json
Knowledge,transits,jupiter-sextile-uranus,Jupiter Sextile Uranus,"tldr: Jupiter sextile Uranus. shadow: The ease lets excess and overreach and instability for its own sake go unchecked, or the opening pass unused. voiceNeutral: true","Growth, belief, opportunity, and expansion meets change, disruption, freedom, and originality through a opening pattern. A supportive opening becomes available, but it has to be actively used.","Growth, belief, opportunity, and expansion and change, disruption, freedom, and originality may meet through opening, making the pattern more noticeable in ordinary choices.",Coasting on the good idea without turning it into anything concrete.,Choose one next step and give the opening a container.,"Use this as a opening signal: turn the insight into one concrete decision, note, test, or follow-up rather than keeping it abstract.",Experience first. Astrology explains after. Do not write current sky as personality.,packages/astro-knowledge/data/transits/jupiter-sextile-uranus.json
Knowledge,transits,jupiter-square-neptune,Jupiter Square Neptune,tldr: Jupiter square Neptune. shadow: Excess and overreach collides with illusion and escapism; forcing or splitting it instead of working it through. voiceNeutral: true,"Growth, belief, opportunity, and expansion meets imagination, longing, vision, sensitivity, and uncertainty through a friction pattern. Two themes create pressure that asks for a cleaner adjustment.","Growth, belief, opportunity, and expansion and imagination, longing, vision, sensitivity, and uncertainty may meet through friction, making the pattern more noticeable in ordinary choices.",Forcing a decision just to end the discomfort.,Test the opportunity against reality before expanding it.,"Use this as a friction signal: turn the insight into one concrete decision, note, test, or follow-up rather than keeping it abstract.",Experience first. Astrology explains after. Do not write current sky as personality.,packages/astro-knowledge/data/transits/jupiter-square-neptune.json
Knowledge,transits,jupiter-square-pluto,Jupiter Square Pluto,tldr: Jupiter square Pluto. shadow: Excess and overreach collides with control and obsession; forcing or splitting it instead of working it through. voiceNeutral: true,"Growth, belief, opportunity, and expansion meets depth, power, pressure, release, and transformation through a friction pattern. Two themes create pressure that asks for a cleaner adjustment.","Growth, belief, opportunity, and expansion and depth, power, pressure, release, and transformation may meet through friction, making the pattern more noticeable in ordinary choices.",Forcing a decision just to end the discomfort.,Test the opportunity against reality before expanding it.,"Use this as a friction signal: turn the insight into one concrete decision, note, test, or follow-up rather than keeping it abstract.",Experience first. Astrology explains after. Do not write current sky as personality.,packages/astro-knowledge/data/transits/jupiter-square-pluto.json
Knowledge,transits,jupiter-square-saturn,Jupiter Square Saturn,tldr: Jupiter square Saturn. shadow: Excess and overreach collides with fear and rigidity; forcing or splitting it instead of working it through. voiceNeutral: true,"Growth, belief, opportunity, and expansion meets structure, limits, responsibility, time, and consequence through a friction pattern. Two themes create pressure that asks for a cleaner adjustment.","Growth, belief, opportunity, and expansion and structure, limits, responsibility, time, and consequence may meet through friction, making the pattern more noticeable in ordinary choices.",Forcing a decision just to end the discomfort.,Test the opportunity against reality before expanding it.,"Use this as a friction signal: turn the insight into one concrete decision, note, test, or follow-up rather than keeping it abstract.",Experience first. Astrology explains after. Do not write current sky as personality.,packages/astro-knowledge/data/transits/jupiter-square-saturn.json
Knowledge,transits,jupiter-square-uranus,Jupiter Square Uranus,tldr: Jupiter square Uranus. shadow: Excess and overreach collides with instability for its own sake; forcing or splitting it instead of working it through. voiceNeutral: true,"Growth, belief, opportunity, and expansion meets change, disruption, freedom, and originality through a friction pattern. Two themes create pressure that asks for a cleaner adjustment.","Growth, belief, opportunity, and expansion and change, disruption, freedom, and originality may meet through friction, making the pattern more noticeable in ordinary choices.",Forcing a decision just to end the discomfort.,Test the opportunity against reality before expanding it.,"Use this as a friction signal: turn the insight into one concrete decision, note, test, or follow-up rather than keeping it abstract.",Experience first. Astrology explains after. Do not write current sky as personality.,packages/astro-knowledge/data/transits/jupiter-square-uranus.json
Knowledge,transits,jupiter-trine-neptune,Jupiter Trine Neptune,"tldr: Jupiter trine Neptune. shadow: The ease lets excess and overreach and illusion and escapism go unchecked, or the opening pass unused. voiceNeutral: true","Growth, belief, opportunity, and expansion meets imagination, longing, vision, sensitivity, and uncertainty through a flow pattern. Two themes move with unusual ease and can reinforce each other.","Growth, belief, opportunity, and expansion and imagination, longing, vision, sensitivity, and uncertainty may meet through flow, making the pattern more noticeable in ordinary choices.",Letting the ease pass unused because nothing feels urgent.,Use the opening while it is simple.,"Use this as a flow signal: turn the insight into one concrete decision, note, test, or follow-up rather than keeping it abstract.",Experience first. Astrology explains after. Do not write current sky as personality.,packages/astro-knowledge/data/transits/jupiter-trine-neptune.json
Knowledge,transits,jupiter-trine-pluto,Jupiter Trine Pluto,"tldr: Jupiter trine Pluto. shadow: The ease lets excess and overreach and control and obsession go unchecked, or the opening pass unused. voiceNeutral: true","Growth, belief, opportunity, and expansion meets depth, power, pressure, release, and transformation through a flow pattern. Two themes move with unusual ease and can reinforce each other.","Growth, belief, opportunity, and expansion and depth, power, pressure, release, and transformation may meet through flow, making the pattern more noticeable in ordinary choices.",Letting the ease pass unused because nothing feels urgent.,Use the opening while it is simple.,"Use this as a flow signal: turn the insight into one concrete decision, note, test, or follow-up rather than keeping it abstract.",Experience first. Astrology explains after. Do not write current sky as personality.,packages/astro-knowledge/data/transits/jupiter-trine-pluto.json
Knowledge,transits,jupiter-trine-saturn,Jupiter Trine Saturn,"tldr: Jupiter trine Saturn. shadow: The ease lets excess and overreach and fear and rigidity go unchecked, or the opening pass unused. voiceNeutral: true","Growth, belief, opportunity, and expansion meets structure, limits, responsibility, time, and consequence through a flow pattern. Two themes move with unusual ease and can reinforce each other.","Growth, belief, opportunity, and expansion and structure, limits, responsibility, time, and consequence may meet through flow, making the pattern more noticeable in ordinary choices.",Letting the ease pass unused because nothing feels urgent.,Use the opening while it is simple.,"Use this as a flow signal: turn the insight into one concrete decision, note, test, or follow-up rather than keeping it abstract.",Experience first. Astrology explains after. Do not write current sky as personality.,packages/astro-knowledge/data/transits/jupiter-trine-saturn.json
Knowledge,transits,jupiter-trine-uranus,Jupiter Trine Uranus,"tldr: Jupiter trine Uranus. shadow: The ease lets excess and overreach and instability for its own sake go unchecked, or the opening pass unused. voiceNeutral: true","Growth, belief, opportunity, and expansion meets change, disruption, freedom, and originality through a flow pattern. Two themes move with unusual ease and can reinforce each other.","Growth, belief, opportunity, and expansion and change, disruption, freedom, and originality may meet through flow, making the pattern more noticeable in ordinary choices.",Letting the ease pass unused because nothing feels urgent.,Use the opening while it is simple.,"Use this as a flow signal: turn the insight into one concrete decision, note, test, or follow-up rather than keeping it abstract.",Experience first. Astrology explains after. Do not write current sky as personality.,packages/astro-knowledge/data/transits/jupiter-trine-uranus.json
Knowledge,transits,mars-conjunction-jupiter,Mars Conjunction Jupiter,"tldr: Mars conjunction Jupiter. cyclic.meaning: A new cycle of drive and growth is sown: instinctive, full of potential, not yet conscious of itself. shadow: Anger and recklessness fused with excess and overreach, with no distance to tell them apart. voiceNeutral: true","Action, heat, courage, friction, and desire meets growth, belief, opportunity, and expansion through a fusion pattern. Two themes become concentrated and harder to separate.","Action, heat, courage, friction, and desire and growth, belief, opportunity, and expansion may meet through fusion, making the pattern more noticeable in ordinary choices.",Acting from the intensity before identifying the separate parts.,Choose one action instead of forcing the whole outcome.,"Use this as a fusion signal: turn the insight into one concrete decision, note, test, or follow-up rather than keeping it abstract.",Experience first. Astrology explains after. Do not write current sky as personality.,packages/astro-knowledge/data/transits/mars-conjunction-jupiter.json
Knowledge,transits,mars-conjunction-neptune,Mars Conjunction Neptune,"tldr: Mars conjunction Neptune. cyclic.meaning: A new cycle of drive and imagination is sown: instinctive, full of potential, not yet conscious of itself. shadow: Anger and recklessness fused with illusion and escapism, with no distance to tell them apart. voiceNeutral: true","Action, heat, courage, friction, and desire meets imagination, longing, vision, sensitivity, and uncertainty through a fusion pattern. Two themes become concentrated and harder to separate.","Action, heat, courage, friction, and desire and imagination, longing, vision, sensitivity, and uncertainty may meet through fusion, making the pattern more noticeable in ordinary choices.",Acting from the intensity before identifying the separate parts.,Choose one action instead of forcing the whole outcome.,"Use this as a fusion signal: turn the insight into one concrete decision, note, test, or follow-up rather than keeping it abstract.",Experience first. Astrology explains after. Do not write current sky as personality.,packages/astro-knowledge/data/transits/mars-conjunction-neptune.json
Knowledge,transits,mars-conjunction-pluto,Mars Conjunction Pluto,"tldr: Mars conjunction Pluto. cyclic.meaning: A new cycle of drive and power is sown: instinctive, full of potential, not yet conscious of itself. shadow: Anger and recklessness fused with control and obsession, with no distance to tell them apart. voiceNeutral: true","Action, heat, courage, friction, and desire meets depth, power, pressure, release, and transformation through a fusion pattern. Two themes become concentrated and harder to separate.","Action, heat, courage, friction, and desire and depth, power, pressure, release, and transformation may meet through fusion, making the pattern more noticeable in ordinary choices.",Acting from the intensity before identifying the separate parts.,Choose one action instead of forcing the whole outcome.,"Use this as a fusion signal: turn the insight into one concrete decision, note, test, or follow-up rather than keeping it abstract.",Experience first. Astrology explains after. Do not write current sky as personality.,packages/astro-knowledge/data/transits/mars-conjunction-pluto.json
Knowledge,transits,mars-conjunction-saturn,Mars Conjunction Saturn,"tldr: Mars conjunction Saturn. cyclic.meaning: A new cycle of drive and limit is sown: instinctive, full of potential, not yet conscious of itself. shadow: Anger and recklessness fused with fear and rigidity, with no distance to tell them apart. voiceNeutral: true","Action, heat, courage, friction, and desire meets structure, limits, responsibility, time, and consequence through a fusion pattern. Two themes become concentrated and harder to separate.","Action, heat, courage, friction, and desire and structure, limits, responsibility, time, and consequence may meet through fusion, making the pattern more noticeable in ordinary choices.",Acting from the intensity before identifying the separate parts.,Choose one action instead of forcing the whole outcome.,"Use this as a fusion signal: turn the insight into one concrete decision, note, test, or follow-up rather than keeping it abstract.",Experience first. Astrology explains after. Do not write current sky as personality.,packages/astro-knowledge/data/transits/mars-conjunction-saturn.json
Knowledge,transits,mars-conjunction-uranus,Mars Conjunction Uranus,"tldr: Mars conjunction Uranus. cyclic.meaning: A new cycle of drive and disruption is sown: instinctive, full of potential, not yet conscious of itself. shadow: Anger and recklessness fused with instability for its own sake, with no distance to tell them apart. voiceNeutral: true","Action, heat, courage, friction, and desire meets change, disruption, freedom, and originality through a fusion pattern. Two themes become concentrated and harder to separate.",The need for freedom or speed may override patience if the pressure is not named.,Acting from the intensity before identifying the separate parts.,Choose one action instead of forcing the whole outcome.,"Use this as a fusion signal: turn the insight into one concrete decision, note, test, or follow-up rather than keeping it abstract.",Experience first. Astrology explains after. Do not write current sky as personality.,packages/astro-knowledge/data/transits/mars-conjunction-uranus.json
Knowledge,transits,mars-opposition-jupiter,Mars Opposition Jupiter,"tldr: Mars opposition Jupiter. cyclic.meaning: Drive and growth reach full awareness and face each other: culmination, objectivity, fulfillment or confrontation. shadow: Anger and recklessness collides with excess and overreach; forcing or splitting it instead of working it through. voiceNeutral: true","Action, heat, courage, friction, and desire meets growth, belief, opportunity, and expansion through a polarity pattern. Two themes face each other and ask for awareness rather than a quick split.","Action, heat, courage, friction, and desire and growth, belief, opportunity, and expansion may meet through polarity, making the pattern more noticeable in ordinary choices.",Turning tension into a standoff instead of a clearer understanding.,Choose one action instead of forcing the whole outcome.,"Use this as a polarity signal: turn the insight into one concrete decision, note, test, or follow-up rather than keeping it abstract.",Experience first. Astrology explains after. Do not write current sky as personality.,packages/astro-knowledge/data/transits/mars-opposition-jupiter.json
Knowledge,transits,mars-opposition-neptune,Mars Opposition Neptune,"tldr: Mars opposition Neptune. cyclic.meaning: Drive and imagination reach full awareness and face each other: culmination, objectivity, fulfillment or confrontation. shadow: Anger and recklessness collides with illusion and escapism; forcing or splitting it instead of working it through. voiceNeutral: true","Action, heat, courage, friction, and desire meets imagination, longing, vision, sensitivity, and uncertainty through a polarity pattern. Two themes face each other and ask for awareness rather than a quick split.","Action, heat, courage, friction, and desire and imagination, longing, vision, sensitivity, and uncertainty may meet through polarity, making the pattern more noticeable in ordinary choices.",Turning tension into a standoff instead of a clearer understanding.,Choose one action instead of forcing the whole outcome.,"Use this as a polarity signal: turn the insight into one concrete decision, note, test, or follow-up rather than keeping it abstract.",Experience first. Astrology explains after. Do not write current sky as personality.,packages/astro-knowledge/data/transits/mars-opposition-neptune.json
Knowledge,transits,mars-opposition-pluto,Mars Opposition Pluto,"tldr: Mars opposition Pluto. cyclic.meaning: Drive and power reach full awareness and face each other: culmination, objectivity, fulfillment or confrontation. shadow: Anger and recklessness collides with control and obsession; forcing or splitting it instead of working it through. voiceNeutral: true","Action, heat, courage, friction, and desire meets depth, power, pressure, release, and transformation through a polarity pattern. Two themes face each other and ask for awareness rather than a quick split.","Action, heat, courage, friction, and desire and depth, power, pressure, release, and transformation may meet through polarity, making the pattern more noticeable in ordinary choices.",Turning tension into a standoff instead of a clearer understanding.,Choose one action instead of forcing the whole outcome.,"Use this as a polarity signal: turn the insight into one concrete decision, note, test, or follow-up rather than keeping it abstract.",Experience first. Astrology explains after. Do not write current sky as personality.,packages/astro-knowledge/data/transits/mars-opposition-pluto.json
Knowledge,transits,mars-opposition-saturn,Mars Opposition Saturn,"tldr: Mars opposition Saturn. cyclic.meaning: Drive and limit reach full awareness and face each other: culmination, objectivity, fulfillment or confrontation. shadow: Anger and recklessness collides with fear and rigidity; forcing or splitting it instead of working it through. voiceNeutral: true","Action, heat, courage, friction, and desire meets structure, limits, responsibility, time, and consequence through a polarity pattern. Two themes face each other and ask for awareness rather than a quick split.","Action, heat, courage, friction, and desire and structure, limits, responsibility, time, and consequence may meet through polarity, making the pattern more noticeable in ordinary choices.",Turning tension into a standoff instead of a clearer understanding.,Choose one action instead of forcing the whole outcome.,"Use this as a polarity signal: turn the insight into one concrete decision, note, test, or follow-up rather than keeping it abstract.",Experience first. Astrology explains after. Do not write current sky as personality.,packages/astro-knowledge/data/transits/mars-opposition-saturn.json
Knowledge,transits,mars-opposition-uranus,Mars Opposition Uranus,"tldr: Mars opposition Uranus. cyclic.meaning: Drive and disruption reach full awareness and face each other: culmination, objectivity, fulfillment or confrontation. shadow: Anger and recklessness collides with instability for its own sake; forcing or splitting it instead of working it through. voiceNeutral: true","Action, heat, courage, friction, and desire meets change, disruption, freedom, and originality through a polarity pattern. Two themes face each other and ask for awareness rather than a quick split.",The need for freedom or speed may override patience if the pressure is not named.,Turning tension into a standoff instead of a clearer understanding.,Choose one action instead of forcing the whole outcome.,"Use this as a polarity signal: turn the insight into one concrete decision, note, test, or follow-up rather than keeping it abstract.",Experience first. Astrology explains after. Do not write current sky as personality.,packages/astro-knowledge/data/transits/mars-opposition-uranus.json
Knowledge,transits,mars-sextile-jupiter,Mars Sextile Jupiter,"tldr: Mars sextile Jupiter. shadow: The ease lets anger and recklessness and excess and overreach go unchecked, or the opening pass unused. voiceNeutral: true","Action, heat, courage, friction, and desire meets growth, belief, opportunity, and expansion through a opening pattern. A supportive opening becomes available, but it has to be actively used.","Action, heat, courage, friction, and desire and growth, belief, opportunity, and expansion may meet through opening, making the pattern more noticeable in ordinary choices.",Coasting on the good idea without turning it into anything concrete.,Choose one next step and give the opening a container.,"Use this as a opening signal: turn the insight into one concrete decision, note, test, or follow-up rather than keeping it abstract.",Experience first. Astrology explains after. Do not write current sky as personality.,packages/astro-knowledge/data/transits/mars-sextile-jupiter.json
Knowledge,transits,mars-sextile-neptune,Mars Sextile Neptune,"tldr: Mars sextile Neptune. shadow: The ease lets anger and recklessness and illusion and escapism go unchecked, or the opening pass unused. voiceNeutral: true","Action, heat, courage, friction, and desire meets imagination, longing, vision, sensitivity, and uncertainty through a opening pattern. A supportive opening becomes available, but it has to be actively used.","Action, heat, courage, friction, and desire and imagination, longing, vision, sensitivity, and uncertainty may meet through opening, making the pattern more noticeable in ordinary choices.",Coasting on the good idea without turning it into anything concrete.,Choose one next step and give the opening a container.,"Use this as a opening signal: turn the insight into one concrete decision, note, test, or follow-up rather than keeping it abstract.",Experience first. Astrology explains after. Do not write current sky as personality.,packages/astro-knowledge/data/transits/mars-sextile-neptune.json
Knowledge,transits,mars-sextile-pluto,Mars Sextile Pluto,"tldr: Mars sextile Pluto. shadow: The ease lets anger and recklessness and control and obsession go unchecked, or the opening pass unused. voiceNeutral: true","Action, heat, courage, friction, and desire meets depth, power, pressure, release, and transformation through a opening pattern. A supportive opening becomes available, but it has to be actively used.","Action, heat, courage, friction, and desire and depth, power, pressure, release, and transformation may meet through opening, making the pattern more noticeable in ordinary choices.",Coasting on the good idea without turning it into anything concrete.,Choose one next step and give the opening a container.,"Use this as a opening signal: turn the insight into one concrete decision, note, test, or follow-up rather than keeping it abstract.",Experience first. Astrology explains after. Do not write current sky as personality.,packages/astro-knowledge/data/transits/mars-sextile-pluto.json
Knowledge,transits,mars-sextile-saturn,Mars Sextile Saturn,"tldr: Mars sextile Saturn. shadow: The ease lets anger and recklessness and fear and rigidity go unchecked, or the opening pass unused. voiceNeutral: true","Action, heat, courage, friction, and desire meets structure, limits, responsibility, time, and consequence through a opening pattern. A supportive opening becomes available, but it has to be actively used.","Action, heat, courage, friction, and desire and structure, limits, responsibility, time, and consequence may meet through opening, making the pattern more noticeable in ordinary choices.",Coasting on the good idea without turning it into anything concrete.,Choose one next step and give the opening a container.,"Use this as a opening signal: turn the insight into one concrete decision, note, test, or follow-up rather than keeping it abstract.",Experience first. Astrology explains after. Do not write current sky as personality.,packages/astro-knowledge/data/transits/mars-sextile-saturn.json
Knowledge,transits,mars-sextile-uranus,Mars Sextile Uranus,"tldr: Mars sextile Uranus. shadow: The ease lets anger and recklessness and instability for its own sake go unchecked, or the opening pass unused. voiceNeutral: true","Action, heat, courage, friction, and desire meets change, disruption, freedom, and originality through a opening pattern. A supportive opening becomes available, but it has to be actively used.",The need for freedom or speed may override patience if the pressure is not named.,Coasting on the good idea without turning it into anything concrete.,Choose one next step and give the opening a container.,"Use this as a opening signal: turn the insight into one concrete decision, note, test, or follow-up rather than keeping it abstract.",Experience first. Astrology explains after. Do not write current sky as personality.,packages/astro-knowledge/data/transits/mars-sextile-uranus.json
Knowledge,transits,mars-square-jupiter,Mars Square Jupiter,tldr: Mars square Jupiter. shadow: Anger and recklessness collides with excess and overreach; forcing or splitting it instead of working it through. voiceNeutral: true,"Action, heat, courage, friction, and desire meets growth, belief, opportunity, and expansion through a friction pattern. Two themes create pressure that asks for a cleaner adjustment.","Action, heat, courage, friction, and desire and growth, belief, opportunity, and expansion may meet through friction, making the pattern more noticeable in ordinary choices.",Forcing a decision just to end the discomfort.,Choose one action instead of forcing the whole outcome.,"Use this as a friction signal: turn the insight into one concrete decision, note, test, or follow-up rather than keeping it abstract.",Experience first. Astrology explains after. Do not write current sky as personality.,packages/astro-knowledge/data/transits/mars-square-jupiter.json
Knowledge,transits,mars-square-neptune,Mars Square Neptune,tldr: Mars square Neptune. shadow: Anger and recklessness collides with illusion and escapism; forcing or splitting it instead of working it through. voiceNeutral: true,"Action, heat, courage, friction, and desire meets imagination, longing, vision, sensitivity, and uncertainty through a friction pattern. Two themes create pressure that asks for a cleaner adjustment.","Action, heat, courage, friction, and desire and imagination, longing, vision, sensitivity, and uncertainty may meet through friction, making the pattern more noticeable in ordinary choices.",Forcing a decision just to end the discomfort.,Choose one action instead of forcing the whole outcome.,"Use this as a friction signal: turn the insight into one concrete decision, note, test, or follow-up rather than keeping it abstract.",Experience first. Astrology explains after. Do not write current sky as personality.,packages/astro-knowledge/data/transits/mars-square-neptune.json
Knowledge,transits,mars-square-pluto,Mars Square Pluto,tldr: Mars square Pluto. shadow: Anger and recklessness collides with control and obsession; forcing or splitting it instead of working it through. voiceNeutral: true,"Action, heat, courage, friction, and desire meets depth, power, pressure, release, and transformation through a friction pattern. Two themes create pressure that asks for a cleaner adjustment.","Action, heat, courage, friction, and desire and depth, power, pressure, release, and transformation may meet through friction, making the pattern more noticeable in ordinary choices.",Forcing a decision just to end the discomfort.,Choose one action instead of forcing the whole outcome.,"Use this as a friction signal: turn the insight into one concrete decision, note, test, or follow-up rather than keeping it abstract.",Experience first. Astrology explains after. Do not write current sky as personality.,packages/astro-knowledge/data/transits/mars-square-pluto.json
Knowledge,transits,mars-square-saturn,Mars Square Saturn,tldr: Mars square Saturn. shadow: Anger and recklessness collides with fear and rigidity; forcing or splitting it instead of working it through. voiceNeutral: true,"Action, heat, courage, friction, and desire meets structure, limits, responsibility, time, and consequence through a friction pattern. Two themes create pressure that asks for a cleaner adjustment.","Action, heat, courage, friction, and desire and structure, limits, responsibility, time, and consequence may meet through friction, making the pattern more noticeable in ordinary choices.",Forcing a decision just to end the discomfort.,Choose one action instead of forcing the whole outcome.,"Use this as a friction signal: turn the insight into one concrete decision, note, test, or follow-up rather than keeping it abstract.",Experience first. Astrology explains after. Do not write current sky as personality.,packages/astro-knowledge/data/transits/mars-square-saturn.json
Knowledge,transits,mars-square-uranus,Mars Square Uranus,tldr: Mars square Uranus. shadow: Anger and recklessness collides with instability for its own sake; forcing or splitting it instead of working it through. voiceNeutral: true,"Action, heat, courage, friction, and desire meets change, disruption, freedom, and originality through a friction pattern. Two themes create pressure that asks for a cleaner adjustment.",The need for freedom or speed may override patience if the pressure is not named.,Forcing a decision just to end the discomfort.,Choose one action instead of forcing the whole outcome.,"Use this as a friction signal: turn the insight into one concrete decision, note, test, or follow-up rather than keeping it abstract.",Experience first. Astrology explains after. Do not write current sky as personality.,packages/astro-knowledge/data/transits/mars-square-uranus.json
Knowledge,transits,mars-trine-jupiter,Mars Trine Jupiter,"tldr: Mars trine Jupiter. shadow: The ease lets anger and recklessness and excess and overreach go unchecked, or the opening pass unused. voiceNeutral: true","Action, heat, courage, friction, and desire meets growth, belief, opportunity, and expansion through a flow pattern. Two themes move with unusual ease and can reinforce each other.","Action, heat, courage, friction, and desire and growth, belief, opportunity, and expansion may meet through flow, making the pattern more noticeable in ordinary choices.",Letting the ease pass unused because nothing feels urgent.,Use the opening while it is simple.,"Use this as a flow signal: turn the insight into one concrete decision, note, test, or follow-up rather than keeping it abstract.",Experience first. Astrology explains after. Do not write current sky as personality.,packages/astro-knowledge/data/transits/mars-trine-jupiter.json
Knowledge,transits,mars-trine-neptune,Mars Trine Neptune,"tldr: Mars trine Neptune. shadow: The ease lets anger and recklessness and illusion and escapism go unchecked, or the opening pass unused. voiceNeutral: true","Action, heat, courage, friction, and desire meets imagination, longing, vision, sensitivity, and uncertainty through a flow pattern. Two themes move with unusual ease and can reinforce each other.","Action, heat, courage, friction, and desire and imagination, longing, vision, sensitivity, and uncertainty may meet through flow, making the pattern more noticeable in ordinary choices.",Letting the ease pass unused because nothing feels urgent.,Use the opening while it is simple.,"Use this as a flow signal: turn the insight into one concrete decision, note, test, or follow-up rather than keeping it abstract.",Experience first. Astrology explains after. Do not write current sky as personality.,packages/astro-knowledge/data/transits/mars-trine-neptune.json
Knowledge,transits,mars-trine-pluto,Mars Trine Pluto,"tldr: Mars trine Pluto. shadow: The ease lets anger and recklessness and control and obsession go unchecked, or the opening pass unused. voiceNeutral: true","Action, heat, courage, friction, and desire meets depth, power, pressure, release, and transformation through a flow pattern. Two themes move with unusual ease and can reinforce each other.","Action, heat, courage, friction, and desire and depth, power, pressure, release, and transformation may meet through flow, making the pattern more noticeable in ordinary choices.",Letting the ease pass unused because nothing feels urgent.,Use the opening while it is simple.,"Use this as a flow signal: turn the insight into one concrete decision, note, test, or follow-up rather than keeping it abstract.",Experience first. Astrology explains after. Do not write current sky as personality.,packages/astro-knowledge/data/transits/mars-trine-pluto.json
Knowledge,transits,mars-trine-saturn,Mars Trine Saturn,"tldr: Mars trine Saturn. shadow: The ease lets anger and recklessness and fear and rigidity go unchecked, or the opening pass unused. voiceNeutral: true","Action, heat, courage, friction, and desire meets structure, limits, responsibility, time, and consequence through a flow pattern. Two themes move with unusual ease and can reinforce each other.","Action, heat, courage, friction, and desire and structure, limits, responsibility, time, and consequence may meet through flow, making the pattern more noticeable in ordinary choices.",Letting the ease pass unused because nothing feels urgent.,Use the opening while it is simple.,"Use this as a flow signal: turn the insight into one concrete decision, note, test, or follow-up rather than keeping it abstract.",Experience first. Astrology explains after. Do not write current sky as personality.,packages/astro-knowledge/data/transits/mars-trine-saturn.json
Knowledge,transits,mars-trine-uranus,Mars Trine Uranus,"tldr: Mars trine Uranus. shadow: The ease lets anger and recklessness and instability for its own sake go unchecked, or the opening pass unused. voiceNeutral: true","Action, heat, courage, friction, and desire meets change, disruption, freedom, and originality through a flow pattern. Two themes move with unusual ease and can reinforce each other.",The need for freedom or speed may override patience if the pressure is not named.,Letting the ease pass unused because nothing feels urgent.,Use the opening while it is simple.,"Use this as a flow signal: turn the insight into one concrete decision, note, test, or follow-up rather than keeping it abstract.",Experience first. Astrology explains after. Do not write current sky as personality.,packages/astro-knowledge/data/transits/mars-trine-uranus.json
Knowledge,transits,mercury-conjunction-jupiter,Mercury Conjunction Jupiter,"tldr: Mercury conjunction Jupiter. cyclic.meaning: A new cycle of thinking and growth is sown: instinctive, full of potential, not yet conscious of itself. shadow: Scattered overthinking fused with excess and overreach, with no distance to tell them apart. voiceNeutral: true","Language, information, decisions, and nervous energy meets growth, belief, opportunity, and expansion through a fusion pattern. Two themes become concentrated and harder to separate.","Language, information, decisions, and nervous energy and growth, belief, opportunity, and expansion may meet through fusion, making the pattern more noticeable in ordinary choices.",Acting from the intensity before identifying the separate parts.,Clarify the facts before committing.,"Use this as a fusion signal: turn the insight into one concrete decision, note, test, or follow-up rather than keeping it abstract.",Experience first. Astrology explains after. Do not write current sky as personality.,packages/astro-knowledge/data/transits/mercury-conjunction-jupiter.json
Knowledge,transits,mercury-conjunction-mars,Mercury Conjunction Mars,"tldr: Mercury conjunction Mars. cyclic.meaning: A new cycle of thinking and drive is sown: instinctive, full of potential, not yet conscious of itself. shadow: Scattered overthinking fused with anger and recklessness, with no distance to tell them apart. voiceNeutral: true","Language, information, decisions, and nervous energy meets action, heat, courage, friction, and desire through a fusion pattern. Two themes become concentrated and harder to separate.","Language, information, decisions, and nervous energy and action, heat, courage, friction, and desire may meet through fusion, making the pattern more noticeable in ordinary choices.",Acting from the intensity before identifying the separate parts.,Clarify the facts before committing.,"Use this as a fusion signal: turn the insight into one concrete decision, note, test, or follow-up rather than keeping it abstract.",Experience first. Astrology explains after. Do not write current sky as personality.,packages/astro-knowledge/data/transits/mercury-conjunction-mars.json
Knowledge,transits,mercury-conjunction-neptune,Mercury Conjunction Neptune,"tldr: Mercury conjunction Neptune. cyclic.meaning: A new cycle of thinking and imagination is sown: instinctive, full of potential, not yet conscious of itself. shadow: Scattered overthinking fused with illusion and escapism, with no distance to tell them apart. voiceNeutral: true","Language, information, decisions, and nervous energy meets imagination, longing, vision, sensitivity, and uncertainty through a fusion pattern. Two themes become concentrated and harder to separate.","A conversation, message, or assumption may need clarification before it can be trusted.",Acting from the intensity before identifying the separate parts.,Clarify the facts before committing.,"Use this as a fusion signal: turn the insight into one concrete decision, note, test, or follow-up rather than keeping it abstract.",Experience first. Astrology explains after. Do not write current sky as personality.,packages/astro-knowledge/data/transits/mercury-conjunction-neptune.json
Knowledge,transits,mercury-conjunction-pluto,Mercury Conjunction Pluto,"tldr: Mercury conjunction Pluto. cyclic.meaning: A new cycle of thinking and power is sown: instinctive, full of potential, not yet conscious of itself. shadow: Scattered overthinking fused with control and obsession, with no distance to tell them apart. voiceNeutral: true","Language, information, decisions, and nervous energy meets depth, power, pressure, release, and transformation through a fusion pattern. Two themes become concentrated and harder to separate.","Language, information, decisions, and nervous energy and depth, power, pressure, release, and transformation may meet through fusion, making the pattern more noticeable in ordinary choices.",Acting from the intensity before identifying the separate parts.,Clarify the facts before committing.,"Use this as a fusion signal: turn the insight into one concrete decision, note, test, or follow-up rather than keeping it abstract.",Experience first. Astrology explains after. Do not write current sky as personality.,packages/astro-knowledge/data/transits/mercury-conjunction-pluto.json
Knowledge,transits,mercury-conjunction-saturn,Mercury Conjunction Saturn,"tldr: Mercury conjunction Saturn. cyclic.meaning: A new cycle of thinking and limit is sown: instinctive, full of potential, not yet conscious of itself. shadow: Scattered overthinking fused with fear and rigidity, with no distance to tell them apart. voiceNeutral: true","Language, information, decisions, and nervous energy meets structure, limits, responsibility, time, and consequence through a fusion pattern. Two themes become concentrated and harder to separate.","Language, information, decisions, and nervous energy and structure, limits, responsibility, time, and consequence may meet through fusion, making the pattern more noticeable in ordinary choices.",Acting from the intensity before identifying the separate parts.,Clarify the facts before committing.,"Use this as a fusion signal: turn the insight into one concrete decision, note, test, or follow-up rather than keeping it abstract.",Experience first. Astrology explains after. Do not write current sky as personality.,packages/astro-knowledge/data/transits/mercury-conjunction-saturn.json
Knowledge,transits,mercury-conjunction-uranus,Mercury Conjunction Uranus,"tldr: Mercury conjunction Uranus. cyclic.meaning: A new cycle of thinking and disruption is sown: instinctive, full of potential, not yet conscious of itself. shadow: Scattered overthinking fused with instability for its own sake, with no distance to tell them apart. voiceNeutral: true","Language, information, decisions, and nervous energy meets change, disruption, freedom, and originality through a fusion pattern. Two themes become concentrated and harder to separate.","Language, information, decisions, and nervous energy and change, disruption, freedom, and originality may meet through fusion, making the pattern more noticeable in ordinary choices.",Acting from the intensity before identifying the separate parts.,Clarify the facts before committing.,"Use this as a fusion signal: turn the insight into one concrete decision, note, test, or follow-up rather than keeping it abstract.",Experience first. Astrology explains after. Do not write current sky as personality.,packages/astro-knowledge/data/transits/mercury-conjunction-uranus.json
Knowledge,transits,mercury-conjunction-venus,Mercury Conjunction Venus,"tldr: Mercury conjunction Venus. cyclic.meaning: A new cycle of thinking and connection is sown: instinctive, full of potential, not yet conscious of itself. shadow: Scattered overthinking fused with indulgence and vanity, with no distance to tell them apart. voiceNeutral: true","Language, information, decisions, and nervous energy meets connection, value, pleasure, attraction, and ease through a fusion pattern. Two themes become concentrated and harder to separate.","Language, information, decisions, and nervous energy and connection, value, pleasure, attraction, and ease may meet through fusion, making the pattern more noticeable in ordinary choices.",Acting from the intensity before identifying the separate parts.,Clarify the facts before committing.,"Use this as a fusion signal: turn the insight into one concrete decision, note, test, or follow-up rather than keeping it abstract.",Experience first. Astrology explains after. Do not write current sky as personality.,packages/astro-knowledge/data/transits/mercury-conjunction-venus.json
Knowledge,transits,mercury-opposition-jupiter,Mercury Opposition Jupiter,"tldr: Mercury opposition Jupiter. cyclic.meaning: Thinking and growth reach full awareness and face each other: culmination, objectivity, fulfillment or confrontation. shadow: Scattered overthinking collides with excess and overreach; forcing or splitting it instead of working it through. voiceNeutral: true","Language, information, decisions, and nervous energy meets growth, belief, opportunity, and expansion through a polarity pattern. Two themes face each other and ask for awareness rather than a quick split.","Language, information, decisions, and nervous energy and growth, belief, opportunity, and expansion may meet through polarity, making the pattern more noticeable in ordinary choices.",Turning tension into a standoff instead of a clearer understanding.,Clarify the facts before committing.,"Use this as a polarity signal: turn the insight into one concrete decision, note, test, or follow-up rather than keeping it abstract.",Experience first. Astrology explains after. Do not write current sky as personality.,packages/astro-knowledge/data/transits/mercury-opposition-jupiter.json
Knowledge,transits,mercury-opposition-mars,Mercury Opposition Mars,"tldr: Mercury opposition Mars. cyclic.meaning: Thinking and drive reach full awareness and face each other: culmination, objectivity, fulfillment or confrontation. shadow: Scattered overthinking collides with anger and recklessness; forcing or splitting it instead of working it through. voiceNeutral: true","Language, information, decisions, and nervous energy meets action, heat, courage, friction, and desire through a polarity pattern. Two themes face each other and ask for awareness rather than a quick split.","Language, information, decisions, and nervous energy and action, heat, courage, friction, and desire may meet through polarity, making the pattern more noticeable in ordinary choices.",Turning tension into a standoff instead of a clearer understanding.,Clarify the facts before committing.,"Use this as a polarity signal: turn the insight into one concrete decision, note, test, or follow-up rather than keeping it abstract.",Experience first. Astrology explains after. Do not write current sky as personality.,packages/astro-knowledge/data/transits/mercury-opposition-mars.json
Knowledge,transits,mercury-opposition-neptune,Mercury Opposition Neptune,"tldr: Mercury opposition Neptune. cyclic.meaning: Thinking and imagination reach full awareness and face each other: culmination, objectivity, fulfillment or confrontation. shadow: Scattered overthinking collides with illusion and escapism; forcing or splitting it instead of working it through. voiceNeutral: true","Language, information, decisions, and nervous energy meets imagination, longing, vision, sensitivity, and uncertainty through a polarity pattern. Two themes face each other and ask for awareness rather than a quick split.","A conversation, message, or assumption may need clarification before it can be trusted.",Turning tension into a standoff instead of a clearer understanding.,Clarify the facts before committing.,"Use this as a polarity signal: turn the insight into one concrete decision, note, test, or follow-up rather than keeping it abstract.",Experience first. Astrology explains after. Do not write current sky as personality.,packages/astro-knowledge/data/transits/mercury-opposition-neptune.json
Knowledge,transits,mercury-opposition-pluto,Mercury Opposition Pluto,"tldr: Mercury opposition Pluto. cyclic.meaning: Thinking and power reach full awareness and face each other: culmination, objectivity, fulfillment or confrontation. shadow: Scattered overthinking collides with control and obsession; forcing or splitting it instead of working it through. voiceNeutral: true","Language, information, decisions, and nervous energy meets depth, power, pressure, release, and transformation through a polarity pattern. Two themes face each other and ask for awareness rather than a quick split.","Language, information, decisions, and nervous energy and depth, power, pressure, release, and transformation may meet through polarity, making the pattern more noticeable in ordinary choices.",Turning tension into a standoff instead of a clearer understanding.,Clarify the facts before committing.,"Use this as a polarity signal: turn the insight into one concrete decision, note, test, or follow-up rather than keeping it abstract.",Experience first. Astrology explains after. Do not write current sky as personality.,packages/astro-knowledge/data/transits/mercury-opposition-pluto.json
Knowledge,transits,mercury-opposition-saturn,Mercury Opposition Saturn,"tldr: Mercury opposition Saturn. cyclic.meaning: Thinking and limit reach full awareness and face each other: culmination, objectivity, fulfillment or confrontation. shadow: Scattered overthinking collides with fear and rigidity; forcing or splitting it instead of working it through. voiceNeutral: true","Language, information, decisions, and nervous energy meets structure, limits, responsibility, time, and consequence through a polarity pattern. Two themes face each other and ask for awareness rather than a quick split.","Language, information, decisions, and nervous energy and structure, limits, responsibility, time, and consequence may meet through polarity, making the pattern more noticeable in ordinary choices.",Turning tension into a standoff instead of a clearer understanding.,Clarify the facts before committing.,"Use this as a polarity signal: turn the insight into one concrete decision, note, test, or follow-up rather than keeping it abstract.",Experience first. Astrology explains after. Do not write current sky as personality.,packages/astro-knowledge/data/transits/mercury-opposition-saturn.json
Knowledge,transits,mercury-opposition-uranus,Mercury Opposition Uranus,"tldr: Mercury opposition Uranus. cyclic.meaning: Thinking and disruption reach full awareness and face each other: culmination, objectivity, fulfillment or confrontation. shadow: Scattered overthinking collides with instability for its own sake; forcing or splitting it instead of working it through. voiceNeutral: true","Language, information, decisions, and nervous energy meets change, disruption, freedom, and originality through a polarity pattern. Two themes face each other and ask for awareness rather than a quick split.","Language, information, decisions, and nervous energy and change, disruption, freedom, and originality may meet through polarity, making the pattern more noticeable in ordinary choices.",Turning tension into a standoff instead of a clearer understanding.,Clarify the facts before committing.,"Use this as a polarity signal: turn the insight into one concrete decision, note, test, or follow-up rather than keeping it abstract.",Experience first. Astrology explains after. Do not write current sky as personality.,packages/astro-knowledge/data/transits/mercury-opposition-uranus.json
Knowledge,transits,mercury-sextile-jupiter,Mercury Sextile Jupiter,"tldr: Mercury sextile Jupiter. shadow: The ease lets scattered overthinking and excess and overreach go unchecked, or the opening pass unused. voiceNeutral: true","Language, information, decisions, and nervous energy meets growth, belief, opportunity, and expansion through a opening pattern. A supportive opening becomes available, but it has to be actively used.","Language, information, decisions, and nervous energy and growth, belief, opportunity, and expansion may meet through opening, making the pattern more noticeable in ordinary choices.",Coasting on the good idea without turning it into anything concrete.,Choose one next step and give the opening a container.,"Use this as a opening signal: turn the insight into one concrete decision, note, test, or follow-up rather than keeping it abstract.",Experience first. Astrology explains after. Do not write current sky as personality.,packages/astro-knowledge/data/transits/mercury-sextile-jupiter.json
Knowledge,transits,mercury-sextile-mars,Mercury Sextile Mars,"tldr: Mercury sextile Mars. shadow: The ease lets scattered overthinking and anger and recklessness go unchecked, or the opening pass unused. voiceNeutral: true","Language, information, decisions, and nervous energy meets action, heat, courage, friction, and desire through a opening pattern. A supportive opening becomes available, but it has to be actively used.","Language, information, decisions, and nervous energy and action, heat, courage, friction, and desire may meet through opening, making the pattern more noticeable in ordinary choices.",Coasting on the good idea without turning it into anything concrete.,Choose one next step and give the opening a container.,"Use this as a opening signal: turn the insight into one concrete decision, note, test, or follow-up rather than keeping it abstract.",Experience first. Astrology explains after. Do not write current sky as personality.,packages/astro-knowledge/data/transits/mercury-sextile-mars.json
Knowledge,transits,mercury-sextile-neptune,Mercury Sextile Neptune,"tldr: Mercury sextile Neptune. shadow: The ease lets scattered overthinking and illusion and escapism go unchecked, or the opening pass unused. voiceNeutral: true","Language, information, decisions, and nervous energy meets imagination, longing, vision, sensitivity, and uncertainty through a opening pattern. A supportive opening becomes available, but it has to be actively used.","A conversation, message, or assumption may need clarification before it can be trusted.",Coasting on the good idea without turning it into anything concrete.,Choose one next step and give the opening a container.,"Use this as a opening signal: turn the insight into one concrete decision, note, test, or follow-up rather than keeping it abstract.",Experience first. Astrology explains after. Do not write current sky as personality.,packages/astro-knowledge/data/transits/mercury-sextile-neptune.json
Knowledge,transits,mercury-sextile-pluto,Mercury Sextile Pluto,"tldr: Mercury sextile Pluto. shadow: The ease lets scattered overthinking and control and obsession go unchecked, or the opening pass unused. voiceNeutral: true","Language, information, decisions, and nervous energy meets depth, power, pressure, release, and transformation through a opening pattern. A supportive opening becomes available, but it has to be actively used.","Language, information, decisions, and nervous energy and depth, power, pressure, release, and transformation may meet through opening, making the pattern more noticeable in ordinary choices.",Coasting on the good idea without turning it into anything concrete.,Choose one next step and give the opening a container.,"Use this as a opening signal: turn the insight into one concrete decision, note, test, or follow-up rather than keeping it abstract.",Experience first. Astrology explains after. Do not write current sky as personality.,packages/astro-knowledge/data/transits/mercury-sextile-pluto.json
Knowledge,transits,mercury-sextile-saturn,Mercury Sextile Saturn,"tldr: Mercury sextile Saturn. shadow: The ease lets scattered overthinking and fear and rigidity go unchecked, or the opening pass unused. voiceNeutral: true","Language, information, decisions, and nervous energy meets structure, limits, responsibility, time, and consequence through a opening pattern. A supportive opening becomes available, but it has to be actively used.","Language, information, decisions, and nervous energy and structure, limits, responsibility, time, and consequence may meet through opening, making the pattern more noticeable in ordinary choices.",Coasting on the good idea without turning it into anything concrete.,Choose one next step and give the opening a container.,"Use this as a opening signal: turn the insight into one concrete decision, note, test, or follow-up rather than keeping it abstract.",Experience first. Astrology explains after. Do not write current sky as personality.,packages/astro-knowledge/data/transits/mercury-sextile-saturn.json
Knowledge,transits,mercury-sextile-uranus,Mercury Sextile Uranus,"tldr: Mercury sextile Uranus. shadow: The ease lets scattered overthinking and instability for its own sake go unchecked, or the opening pass unused. voiceNeutral: true","Language, information, decisions, and nervous energy meets change, disruption, freedom, and originality through a opening pattern. A supportive opening becomes available, but it has to be actively used.","Language, information, decisions, and nervous energy and change, disruption, freedom, and originality may meet through opening, making the pattern more noticeable in ordinary choices.",Coasting on the good idea without turning it into anything concrete.,Choose one next step and give the opening a container.,"Use this as a opening signal: turn the insight into one concrete decision, note, test, or follow-up rather than keeping it abstract.",Experience first. Astrology explains after. Do not write current sky as personality.,packages/astro-knowledge/data/transits/mercury-sextile-uranus.json
Knowledge,transits,mercury-sextile-venus,Mercury Sextile Venus,"tldr: Mercury sextile Venus. shadow: The ease lets scattered overthinking and indulgence and vanity go unchecked, or the opening pass unused. voiceNeutral: true","Language, information, decisions, and nervous energy meets connection, value, pleasure, attraction, and ease through a opening pattern. A supportive opening becomes available, but it has to be actively used.","Language, information, decisions, and nervous energy and connection, value, pleasure, attraction, and ease may meet through opening, making the pattern more noticeable in ordinary choices.",Coasting on the good idea without turning it into anything concrete.,Choose one next step and give the opening a container.,"Use this as a opening signal: turn the insight into one concrete decision, note, test, or follow-up rather than keeping it abstract.",Experience first. Astrology explains after. Do not write current sky as personality.,packages/astro-knowledge/data/transits/mercury-sextile-venus.json
Knowledge,transits,mercury-square-jupiter,Mercury Square Jupiter,tldr: Mercury square Jupiter. shadow: Scattered overthinking collides with excess and overreach; forcing or splitting it instead of working it through. voiceNeutral: true,"Language, information, decisions, and nervous energy meets growth, belief, opportunity, and expansion through a friction pattern. Two themes create pressure that asks for a cleaner adjustment.","Language, information, decisions, and nervous energy and growth, belief, opportunity, and expansion may meet through friction, making the pattern more noticeable in ordinary choices.",Forcing a decision just to end the discomfort.,Clarify the facts before committing.,"Use this as a friction signal: turn the insight into one concrete decision, note, test, or follow-up rather than keeping it abstract.",Experience first. Astrology explains after. Do not write current sky as personality.,packages/astro-knowledge/data/transits/mercury-square-jupiter.json
Knowledge,transits,mercury-square-mars,Mercury Square Mars,tldr: Mercury square Mars. shadow: Scattered overthinking collides with anger and recklessness; forcing or splitting it instead of working it through. voiceNeutral: true,"Language, information, decisions, and nervous energy meets action, heat, courage, friction, and desire through a friction pattern. Two themes create pressure that asks for a cleaner adjustment.","Language, information, decisions, and nervous energy and action, heat, courage, friction, and desire may meet through friction, making the pattern more noticeable in ordinary choices.",Forcing a decision just to end the discomfort.,Clarify the facts before committing.,"Use this as a friction signal: turn the insight into one concrete decision, note, test, or follow-up rather than keeping it abstract.",Experience first. Astrology explains after. Do not write current sky as personality.,packages/astro-knowledge/data/transits/mercury-square-mars.json
Knowledge,transits,mercury-square-neptune,Mercury Square Neptune,tldr: Mercury square Neptune. shadow: Scattered overthinking collides with illusion and escapism; forcing or splitting it instead of working it through. voiceNeutral: true,"Language, information, decisions, and nervous energy meets imagination, longing, vision, sensitivity, and uncertainty through a friction pattern. Two themes create pressure that asks for a cleaner adjustment.","A conversation, message, or assumption may need clarification before it can be trusted.",Forcing a decision just to end the discomfort.,Clarify the facts before committing.,"Use this as a friction signal: turn the insight into one concrete decision, note, test, or follow-up rather than keeping it abstract.",Experience first. Astrology explains after. Do not write current sky as personality.,packages/astro-knowledge/data/transits/mercury-square-neptune.json
Knowledge,transits,mercury-square-pluto,Mercury Square Pluto,tldr: Mercury square Pluto. shadow: Scattered overthinking collides with control and obsession; forcing or splitting it instead of working it through. voiceNeutral: true,"Language, information, decisions, and nervous energy meets depth, power, pressure, release, and transformation through a friction pattern. Two themes create pressure that asks for a cleaner adjustment.","Language, information, decisions, and nervous energy and depth, power, pressure, release, and transformation may meet through friction, making the pattern more noticeable in ordinary choices.",Forcing a decision just to end the discomfort.,Clarify the facts before committing.,"Use this as a friction signal: turn the insight into one concrete decision, note, test, or follow-up rather than keeping it abstract.",Experience first. Astrology explains after. Do not write current sky as personality.,packages/astro-knowledge/data/transits/mercury-square-pluto.json
Knowledge,transits,mercury-square-saturn,Mercury Square Saturn,tldr: Mercury square Saturn. shadow: Scattered overthinking collides with fear and rigidity; forcing or splitting it instead of working it through. voiceNeutral: true,"Language, information, decisions, and nervous energy meets structure, limits, responsibility, time, and consequence through a friction pattern. Two themes create pressure that asks for a cleaner adjustment.","Language, information, decisions, and nervous energy and structure, limits, responsibility, time, and consequence may meet through friction, making the pattern more noticeable in ordinary choices.",Forcing a decision just to end the discomfort.,Clarify the facts before committing.,"Use this as a friction signal: turn the insight into one concrete decision, note, test, or follow-up rather than keeping it abstract.",Experience first. Astrology explains after. Do not write current sky as personality.,packages/astro-knowledge/data/transits/mercury-square-saturn.json
Knowledge,transits,mercury-square-uranus,Mercury Square Uranus,tldr: Mercury square Uranus. shadow: Scattered overthinking collides with instability for its own sake; forcing or splitting it instead of working it through. voiceNeutral: true,"Language, information, decisions, and nervous energy meets change, disruption, freedom, and originality through a friction pattern. Two themes create pressure that asks for a cleaner adjustment.","Language, information, decisions, and nervous energy and change, disruption, freedom, and originality may meet through friction, making the pattern more noticeable in ordinary choices.",Forcing a decision just to end the discomfort.,Clarify the facts before committing.,"Use this as a friction signal: turn the insight into one concrete decision, note, test, or follow-up rather than keeping it abstract.",Experience first. Astrology explains after. Do not write current sky as personality.,packages/astro-knowledge/data/transits/mercury-square-uranus.json
Knowledge,transits,mercury-trine-jupiter,Mercury Trine Jupiter,"tldr: Mercury trine Jupiter. shadow: The ease lets scattered overthinking and excess and overreach go unchecked, or the opening pass unused. voiceNeutral: true","Language, information, decisions, and nervous energy meets growth, belief, opportunity, and expansion through a flow pattern. Two themes move with unusual ease and can reinforce each other.","Language, information, decisions, and nervous energy and growth, belief, opportunity, and expansion may meet through flow, making the pattern more noticeable in ordinary choices.",Letting the ease pass unused because nothing feels urgent.,Use the opening while it is simple.,"Use this as a flow signal: turn the insight into one concrete decision, note, test, or follow-up rather than keeping it abstract.",Experience first. Astrology explains after. Do not write current sky as personality.,packages/astro-knowledge/data/transits/mercury-trine-jupiter.json
Knowledge,transits,mercury-trine-mars,Mercury Trine Mars,"tldr: Mercury trine Mars. shadow: The ease lets scattered overthinking and anger and recklessness go unchecked, or the opening pass unused. voiceNeutral: true","Language, information, decisions, and nervous energy meets action, heat, courage, friction, and desire through a flow pattern. Two themes move with unusual ease and can reinforce each other.","Language, information, decisions, and nervous energy and action, heat, courage, friction, and desire may meet through flow, making the pattern more noticeable in ordinary choices.",Letting the ease pass unused because nothing feels urgent.,Use the opening while it is simple.,"Use this as a flow signal: turn the insight into one concrete decision, note, test, or follow-up rather than keeping it abstract.",Experience first. Astrology explains after. Do not write current sky as personality.,packages/astro-knowledge/data/transits/mercury-trine-mars.json
Knowledge,transits,mercury-trine-neptune,Mercury Trine Neptune,"tldr: Mercury trine Neptune. shadow: The ease lets scattered overthinking and illusion and escapism go unchecked, or the opening pass unused. voiceNeutral: true","Language, information, decisions, and nervous energy meets imagination, longing, vision, sensitivity, and uncertainty through a flow pattern. Two themes move with unusual ease and can reinforce each other.","A conversation, message, or assumption may need clarification before it can be trusted.",Letting the ease pass unused because nothing feels urgent.,Use the opening while it is simple.,"Use this as a flow signal: turn the insight into one concrete decision, note, test, or follow-up rather than keeping it abstract.",Experience first. Astrology explains after. Do not write current sky as personality.,packages/astro-knowledge/data/transits/mercury-trine-neptune.json
Knowledge,transits,mercury-trine-pluto,Mercury Trine Pluto,"tldr: Mercury trine Pluto. shadow: The ease lets scattered overthinking and control and obsession go unchecked, or the opening pass unused. voiceNeutral: true","Language, information, decisions, and nervous energy meets depth, power, pressure, release, and transformation through a flow pattern. Two themes move with unusual ease and can reinforce each other.","Language, information, decisions, and nervous energy and depth, power, pressure, release, and transformation may meet through flow, making the pattern more noticeable in ordinary choices.",Letting the ease pass unused because nothing feels urgent.,Use the opening while it is simple.,"Use this as a flow signal: turn the insight into one concrete decision, note, test, or follow-up rather than keeping it abstract.",Experience first. Astrology explains after. Do not write current sky as personality.,packages/astro-knowledge/data/transits/mercury-trine-pluto.json
Knowledge,transits,mercury-trine-saturn,Mercury Trine Saturn,"tldr: Mercury trine Saturn. shadow: The ease lets scattered overthinking and fear and rigidity go unchecked, or the opening pass unused. voiceNeutral: true","Language, information, decisions, and nervous energy meets structure, limits, responsibility, time, and consequence through a flow pattern. Two themes move with unusual ease and can reinforce each other.","Language, information, decisions, and nervous energy and structure, limits, responsibility, time, and consequence may meet through flow, making the pattern more noticeable in ordinary choices.",Letting the ease pass unused because nothing feels urgent.,Use the opening while it is simple.,"Use this as a flow signal: turn the insight into one concrete decision, note, test, or follow-up rather than keeping it abstract.",Experience first. Astrology explains after. Do not write current sky as personality.,packages/astro-knowledge/data/transits/mercury-trine-saturn.json
Knowledge,transits,mercury-trine-uranus,Mercury Trine Uranus,"tldr: Mercury trine Uranus. shadow: The ease lets scattered overthinking and instability for its own sake go unchecked, or the opening pass unused. voiceNeutral: true","Language, information, decisions, and nervous energy meets change, disruption, freedom, and originality through a flow pattern. Two themes move with unusual ease and can reinforce each other.","Language, information, decisions, and nervous energy and change, disruption, freedom, and originality may meet through flow, making the pattern more noticeable in ordinary choices.",Letting the ease pass unused because nothing feels urgent.,Use the opening while it is simple.,"Use this as a flow signal: turn the insight into one concrete decision, note, test, or follow-up rather than keeping it abstract.",Experience first. Astrology explains after. Do not write current sky as personality.,packages/astro-knowledge/data/transits/mercury-trine-uranus.json
Knowledge,transits,moon-conjunction-jupiter,Moon Conjunction Jupiter,"tldr: the Moon conjunction Jupiter. cyclic.meaning: A new cycle of feeling and growth is sown: instinctive, full of potential, not yet conscious of itself. shadow: Moodiness and over-need fused with excess and overreach, with no distance to tell them apart. voiceNeutral: true","Emotion, instinct, needs, and daily rhythm meets growth, belief, opportunity, and expansion through a fusion pattern. Two themes become concentrated and harder to separate.","Emotion, instinct, needs, and daily rhythm and growth, belief, opportunity, and expansion may meet through fusion, making the pattern more noticeable in ordinary choices.",Acting from the intensity before identifying the separate parts.,Name the feeling before responding to it.,"Use this as a fusion signal: turn the insight into one concrete decision, note, test, or follow-up rather than keeping it abstract.",Experience first. Astrology explains after. Do not write current sky as personality.,packages/astro-knowledge/data/transits/moon-conjunction-jupiter.json
Knowledge,transits,moon-conjunction-mars,Moon Conjunction Mars,"tldr: the Moon conjunction Mars. cyclic.meaning: A new cycle of feeling and drive is sown: instinctive, full of potential, not yet conscious of itself. shadow: Moodiness and over-need fused with anger and recklessness, with no distance to tell them apart. voiceNeutral: true","Emotion, instinct, needs, and daily rhythm meets action, heat, courage, friction, and desire through a fusion pattern. Two themes become concentrated and harder to separate.","Emotions and action may move at different speeds, making frustration easier to trigger.",Acting from the intensity before identifying the separate parts.,Name the feeling before responding to it.,"Use this as a fusion signal: turn the insight into one concrete decision, note, test, or follow-up rather than keeping it abstract.",Experience first. Astrology explains after. Do not write current sky as personality.,packages/astro-knowledge/data/transits/moon-conjunction-mars.json
Knowledge,transits,moon-conjunction-mercury,Moon Conjunction Mercury,"tldr: the Moon conjunction Mercury. cyclic.meaning: A new cycle of feeling and thinking is sown: instinctive, full of potential, not yet conscious of itself. shadow: Moodiness and over-need fused with scattered overthinking, with no distance to tell them apart. voiceNeutral: true","Emotion, instinct, needs, and daily rhythm meets language, information, decisions, and nervous energy through a fusion pattern. Two themes become concentrated and harder to separate.","Emotion, instinct, needs, and daily rhythm and language, information, decisions, and nervous energy may meet through fusion, making the pattern more noticeable in ordinary choices.",Acting from the intensity before identifying the separate parts.,Name the feeling before responding to it.,"Use this as a fusion signal: turn the insight into one concrete decision, note, test, or follow-up rather than keeping it abstract.",Experience first. Astrology explains after. Do not write current sky as personality.,packages/astro-knowledge/data/transits/moon-conjunction-mercury.json
Knowledge,transits,moon-conjunction-neptune,Moon Conjunction Neptune,"tldr: the Moon conjunction Neptune. cyclic.meaning: A new cycle of feeling and imagination is sown: instinctive, full of potential, not yet conscious of itself. shadow: Moodiness and over-need fused with illusion and escapism, with no distance to tell them apart. voiceNeutral: true","Emotion, instinct, needs, and daily rhythm meets imagination, longing, vision, sensitivity, and uncertainty through a fusion pattern. Two themes become concentrated and harder to separate.","Emotion, instinct, needs, and daily rhythm and imagination, longing, vision, sensitivity, and uncertainty may meet through fusion, making the pattern more noticeable in ordinary choices.",Acting from the intensity before identifying the separate parts.,Name the feeling before responding to it.,"Use this as a fusion signal: turn the insight into one concrete decision, note, test, or follow-up rather than keeping it abstract.",Experience first. Astrology explains after. Do not write current sky as personality.,packages/astro-knowledge/data/transits/moon-conjunction-neptune.json
Knowledge,transits,moon-conjunction-pluto,Moon Conjunction Pluto,"tldr: the Moon conjunction Pluto. cyclic.meaning: A new cycle of feeling and power is sown: instinctive, full of potential, not yet conscious of itself. shadow: Moodiness and over-need fused with control and obsession, with no distance to tell them apart. voiceNeutral: true","Emotion, instinct, needs, and daily rhythm meets depth, power, pressure, release, and transformation through a fusion pattern. Two themes become concentrated and harder to separate.","Emotion, instinct, needs, and daily rhythm and depth, power, pressure, release, and transformation may meet through fusion, making the pattern more noticeable in ordinary choices.",Acting from the intensity before identifying the separate parts.,Name the feeling before responding to it.,"Use this as a fusion signal: turn the insight into one concrete decision, note, test, or follow-up rather than keeping it abstract.",Experience first. Astrology explains after. Do not write current sky as personality.,packages/astro-knowledge/data/transits/moon-conjunction-pluto.json
Knowledge,transits,moon-conjunction-saturn,Moon Conjunction Saturn,"tldr: the Moon conjunction Saturn. cyclic.meaning: A new cycle of feeling and limit is sown: instinctive, full of potential, not yet conscious of itself. shadow: Moodiness and over-need fused with fear and rigidity, with no distance to tell them apart. voiceNeutral: true","Emotion, instinct, needs, and daily rhythm meets structure, limits, responsibility, time, and consequence through a fusion pattern. Two themes become concentrated and harder to separate.",Feelings that seemed difficult to manage may become easier to organize.,Acting from the intensity before identifying the separate parts.,Name the feeling before responding to it.,"Use this as a fusion signal: turn the insight into one concrete decision, note, test, or follow-up rather than keeping it abstract.",Experience first. Astrology explains after. Do not write current sky as personality.,packages/astro-knowledge/data/transits/moon-conjunction-saturn.json
Knowledge,transits,moon-conjunction-uranus,Moon Conjunction Uranus,"tldr: the Moon conjunction Uranus. cyclic.meaning: A new cycle of feeling and disruption is sown: instinctive, full of potential, not yet conscious of itself. shadow: Moodiness and over-need fused with instability for its own sake, with no distance to tell them apart. voiceNeutral: true","Emotion, instinct, needs, and daily rhythm meets change, disruption, freedom, and originality through a fusion pattern. Two themes become concentrated and harder to separate.","Emotion, instinct, needs, and daily rhythm and change, disruption, freedom, and originality may meet through fusion, making the pattern more noticeable in ordinary choices.",Acting from the intensity before identifying the separate parts.,Name the feeling before responding to it.,"Use this as a fusion signal: turn the insight into one concrete decision, note, test, or follow-up rather than keeping it abstract.",Experience first. Astrology explains after. Do not write current sky as personality.,packages/astro-knowledge/data/transits/moon-conjunction-uranus.json
Knowledge,transits,moon-conjunction-venus,Moon Conjunction Venus,"tldr: the Moon conjunction Venus. cyclic.meaning: A new cycle of feeling and connection is sown: instinctive, full of potential, not yet conscious of itself. shadow: Moodiness and over-need fused with indulgence and vanity, with no distance to tell them apart. voiceNeutral: true","Emotion, instinct, needs, and daily rhythm meets connection, value, pleasure, attraction, and ease through a fusion pattern. Two themes become concentrated and harder to separate.","Emotion, instinct, needs, and daily rhythm and connection, value, pleasure, attraction, and ease may meet through fusion, making the pattern more noticeable in ordinary choices.",Acting from the intensity before identifying the separate parts.,Name the feeling before responding to it.,"Use this as a fusion signal: turn the insight into one concrete decision, note, test, or follow-up rather than keeping it abstract.",Experience first. Astrology explains after. Do not write current sky as personality.,packages/astro-knowledge/data/transits/moon-conjunction-venus.json
Knowledge,transits,moon-opposition-jupiter,Moon Opposition Jupiter,"tldr: the Moon opposition Jupiter. cyclic.meaning: Feeling and growth reach full awareness and face each other: culmination, objectivity, fulfillment or confrontation. shadow: Moodiness and over-need collides with excess and overreach; forcing or splitting it instead of working it through. voiceNeutral: true","Emotion, instinct, needs, and daily rhythm meets growth, belief, opportunity, and expansion through a polarity pattern. Two themes face each other and ask for awareness rather than a quick split.","Emotion, instinct, needs, and daily rhythm and growth, belief, opportunity, and expansion may meet through polarity, making the pattern more noticeable in ordinary choices.",Turning tension into a standoff instead of a clearer understanding.,Name the feeling before responding to it.,"Use this as a polarity signal: turn the insight into one concrete decision, note, test, or follow-up rather than keeping it abstract.",Experience first. Astrology explains after. Do not write current sky as personality.,packages/astro-knowledge/data/transits/moon-opposition-jupiter.json
Knowledge,transits,moon-opposition-mars,Moon Opposition Mars,"tldr: the Moon opposition Mars. cyclic.meaning: Feeling and drive reach full awareness and face each other: culmination, objectivity, fulfillment or confrontation. shadow: Moodiness and over-need collides with anger and recklessness; forcing or splitting it instead of working it through. voiceNeutral: true","Emotion, instinct, needs, and daily rhythm meets action, heat, courage, friction, and desire through a polarity pattern. Two themes face each other and ask for awareness rather than a quick split.","Emotions and action may move at different speeds, making frustration easier to trigger.",Turning tension into a standoff instead of a clearer understanding.,Name the feeling before responding to it.,"Use this as a polarity signal: turn the insight into one concrete decision, note, test, or follow-up rather than keeping it abstract.",Experience first. Astrology explains after. Do not write current sky as personality.,packages/astro-knowledge/data/transits/moon-opposition-mars.json
Knowledge,transits,moon-opposition-mercury,Moon Opposition Mercury,"tldr: the Moon opposition Mercury. cyclic.meaning: Feeling and thinking reach full awareness and face each other: culmination, objectivity, fulfillment or confrontation. shadow: Moodiness and over-need collides with scattered overthinking; forcing or splitting it instead of working it through. voiceNeutral: true","Emotion, instinct, needs, and daily rhythm meets language, information, decisions, and nervous energy through a polarity pattern. Two themes face each other and ask for awareness rather than a quick split.","Emotion, instinct, needs, and daily rhythm and language, information, decisions, and nervous energy may meet through polarity, making the pattern more noticeable in ordinary choices.",Turning tension into a standoff instead of a clearer understanding.,Name the feeling before responding to it.,"Use this as a polarity signal: turn the insight into one concrete decision, note, test, or follow-up rather than keeping it abstract.",Experience first. Astrology explains after. Do not write current sky as personality.,packages/astro-knowledge/data/transits/moon-opposition-mercury.json
Knowledge,transits,moon-opposition-neptune,Moon Opposition Neptune,"tldr: the Moon opposition Neptune. cyclic.meaning: Feeling and imagination reach full awareness and face each other: culmination, objectivity, fulfillment or confrontation. shadow: Moodiness and over-need collides with illusion and escapism; forcing or splitting it instead of working it through. voiceNeutral: true","Emotion, instinct, needs, and daily rhythm meets imagination, longing, vision, sensitivity, and uncertainty through a polarity pattern. Two themes face each other and ask for awareness rather than a quick split.","Emotion, instinct, needs, and daily rhythm and imagination, longing, vision, sensitivity, and uncertainty may meet through polarity, making the pattern more noticeable in ordinary choices.",Turning tension into a standoff instead of a clearer understanding.,Name the feeling before responding to it.,"Use this as a polarity signal: turn the insight into one concrete decision, note, test, or follow-up rather than keeping it abstract.",Experience first. Astrology explains after. Do not write current sky as personality.,packages/astro-knowledge/data/transits/moon-opposition-neptune.json
Knowledge,transits,moon-opposition-pluto,Moon Opposition Pluto,"tldr: the Moon opposition Pluto. cyclic.meaning: Feeling and power reach full awareness and face each other: culmination, objectivity, fulfillment or confrontation. shadow: Moodiness and over-need collides with control and obsession; forcing or splitting it instead of working it through. voiceNeutral: true","Emotion, instinct, needs, and daily rhythm meets depth, power, pressure, release, and transformation through a polarity pattern. Two themes face each other and ask for awareness rather than a quick split.","Emotion, instinct, needs, and daily rhythm and depth, power, pressure, release, and transformation may meet through polarity, making the pattern more noticeable in ordinary choices.",Turning tension into a standoff instead of a clearer understanding.,Name the feeling before responding to it.,"Use this as a polarity signal: turn the insight into one concrete decision, note, test, or follow-up rather than keeping it abstract.",Experience first. Astrology explains after. Do not write current sky as personality.,packages/astro-knowledge/data/transits/moon-opposition-pluto.json
Knowledge,transits,moon-opposition-saturn,Moon Opposition Saturn,"tldr: the Moon opposition Saturn. cyclic.meaning: Feeling and limit reach full awareness and face each other: culmination, objectivity, fulfillment or confrontation. shadow: Moodiness and over-need collides with fear and rigidity; forcing or splitting it instead of working it through. voiceNeutral: true","Emotion, instinct, needs, and daily rhythm meets structure, limits, responsibility, time, and consequence through a polarity pattern. Two themes face each other and ask for awareness rather than a quick split.",Feelings that seemed difficult to manage may become easier to organize.,Turning tension into a standoff instead of a clearer understanding.,Name the feeling before responding to it.,"Use this as a polarity signal: turn the insight into one concrete decision, note, test, or follow-up rather than keeping it abstract.",Experience first. Astrology explains after. Do not write current sky as personality.,packages/astro-knowledge/data/transits/moon-opposition-saturn.json
Knowledge,transits,moon-opposition-uranus,Moon Opposition Uranus,"tldr: the Moon opposition Uranus. cyclic.meaning: Feeling and disruption reach full awareness and face each other: culmination, objectivity, fulfillment or confrontation. shadow: Moodiness and over-need collides with instability for its own sake; forcing or splitting it instead of working it through. voiceNeutral: true","Emotion, instinct, needs, and daily rhythm meets change, disruption, freedom, and originality through a polarity pattern. Two themes face each other and ask for awareness rather than a quick split.","Emotion, instinct, needs, and daily rhythm and change, disruption, freedom, and originality may meet through polarity, making the pattern more noticeable in ordinary choices.",Turning tension into a standoff instead of a clearer understanding.,Name the feeling before responding to it.,"Use this as a polarity signal: turn the insight into one concrete decision, note, test, or follow-up rather than keeping it abstract.",Experience first. Astrology explains after. Do not write current sky as personality.,packages/astro-knowledge/data/transits/moon-opposition-uranus.json
Knowledge,transits,moon-opposition-venus,Moon Opposition Venus,"tldr: the Moon opposition Venus. cyclic.meaning: Feeling and connection reach full awareness and face each other: culmination, objectivity, fulfillment or confrontation. shadow: Moodiness and over-need collides with indulgence and vanity; forcing or splitting it instead of working it through. voiceNeutral: true","Emotion, instinct, needs, and daily rhythm meets connection, value, pleasure, attraction, and ease through a polarity pattern. Two themes face each other and ask for awareness rather than a quick split.","Emotion, instinct, needs, and daily rhythm and connection, value, pleasure, attraction, and ease may meet through polarity, making the pattern more noticeable in ordinary choices.",Turning tension into a standoff instead of a clearer understanding.,Name the feeling before responding to it.,"Use this as a polarity signal: turn the insight into one concrete decision, note, test, or follow-up rather than keeping it abstract.",Experience first. Astrology explains after. Do not write current sky as personality.,packages/astro-knowledge/data/transits/moon-opposition-venus.json
Knowledge,transits,moon-sextile-jupiter,Moon Sextile Jupiter,"tldr: the Moon sextile Jupiter. shadow: The ease lets moodiness and over-need and excess and overreach go unchecked, or the opening pass unused. voiceNeutral: true","Emotion, instinct, needs, and daily rhythm meets growth, belief, opportunity, and expansion through a opening pattern. A supportive opening becomes available, but it has to be actively used.","Emotion, instinct, needs, and daily rhythm and growth, belief, opportunity, and expansion may meet through opening, making the pattern more noticeable in ordinary choices.",Coasting on the good idea without turning it into anything concrete.,Choose one next step and give the opening a container.,"Use this as a opening signal: turn the insight into one concrete decision, note, test, or follow-up rather than keeping it abstract.",Experience first. Astrology explains after. Do not write current sky as personality.,packages/astro-knowledge/data/transits/moon-sextile-jupiter.json
Knowledge,transits,moon-sextile-mars,Moon Sextile Mars,"tldr: the Moon sextile Mars. shadow: The ease lets moodiness and over-need and anger and recklessness go unchecked, or the opening pass unused. voiceNeutral: true","Emotion, instinct, needs, and daily rhythm meets action, heat, courage, friction, and desire through a opening pattern. A supportive opening becomes available, but it has to be actively used.","Emotions and action may move at different speeds, making frustration easier to trigger.",Coasting on the good idea without turning it into anything concrete.,Choose one next step and give the opening a container.,"Use this as a opening signal: turn the insight into one concrete decision, note, test, or follow-up rather than keeping it abstract.",Experience first. Astrology explains after. Do not write current sky as personality.,packages/astro-knowledge/data/transits/moon-sextile-mars.json
Knowledge,transits,moon-sextile-mercury,Moon Sextile Mercury,"tldr: the Moon sextile Mercury. shadow: The ease lets moodiness and over-need and scattered overthinking go unchecked, or the opening pass unused. voiceNeutral: true","Emotion, instinct, needs, and daily rhythm meets language, information, decisions, and nervous energy through a opening pattern. A supportive opening becomes available, but it has to be actively used.","Emotion, instinct, needs, and daily rhythm and language, information, decisions, and nervous energy may meet through opening, making the pattern more noticeable in ordinary choices.",Coasting on the good idea without turning it into anything concrete.,Choose one next step and give the opening a container.,"Use this as a opening signal: turn the insight into one concrete decision, note, test, or follow-up rather than keeping it abstract.",Experience first. Astrology explains after. Do not write current sky as personality.,packages/astro-knowledge/data/transits/moon-sextile-mercury.json
Knowledge,transits,moon-sextile-neptune,Moon Sextile Neptune,"tldr: the Moon sextile Neptune. shadow: The ease lets moodiness and over-need and illusion and escapism go unchecked, or the opening pass unused. voiceNeutral: true","Emotion, instinct, needs, and daily rhythm meets imagination, longing, vision, sensitivity, and uncertainty through a opening pattern. A supportive opening becomes available, but it has to be actively used.","Emotion, instinct, needs, and daily rhythm and imagination, longing, vision, sensitivity, and uncertainty may meet through opening, making the pattern more noticeable in ordinary choices.",Coasting on the good idea without turning it into anything concrete.,Choose one next step and give the opening a container.,"Use this as a opening signal: turn the insight into one concrete decision, note, test, or follow-up rather than keeping it abstract.",Experience first. Astrology explains after. Do not write current sky as personality.,packages/astro-knowledge/data/transits/moon-sextile-neptune.json
Knowledge,transits,moon-sextile-pluto,Moon Sextile Pluto,"tldr: the Moon sextile Pluto. shadow: The ease lets moodiness and over-need and control and obsession go unchecked, or the opening pass unused. voiceNeutral: true","Emotion, instinct, needs, and daily rhythm meets depth, power, pressure, release, and transformation through a opening pattern. A supportive opening becomes available, but it has to be actively used.","Emotion, instinct, needs, and daily rhythm and depth, power, pressure, release, and transformation may meet through opening, making the pattern more noticeable in ordinary choices.",Coasting on the good idea without turning it into anything concrete.,Choose one next step and give the opening a container.,"Use this as a opening signal: turn the insight into one concrete decision, note, test, or follow-up rather than keeping it abstract.",Experience first. Astrology explains after. Do not write current sky as personality.,packages/astro-knowledge/data/transits/moon-sextile-pluto.json
Knowledge,transits,moon-sextile-saturn,Moon Sextile Saturn,"tldr: the Moon sextile Saturn. shadow: The ease lets moodiness and over-need and fear and rigidity go unchecked, or the opening pass unused. voiceNeutral: true","Emotion, instinct, needs, and daily rhythm meets structure, limits, responsibility, time, and consequence through a opening pattern. A supportive opening becomes available, but it has to be actively used.",Feelings that seemed difficult to manage may become easier to organize.,Coasting on the good idea without turning it into anything concrete.,Choose one next step and give the opening a container.,"Use this as a opening signal: turn the insight into one concrete decision, note, test, or follow-up rather than keeping it abstract.",Experience first. Astrology explains after. Do not write current sky as personality.,packages/astro-knowledge/data/transits/moon-sextile-saturn.json
Knowledge,transits,moon-sextile-uranus,Moon Sextile Uranus,"tldr: the Moon sextile Uranus. shadow: The ease lets moodiness and over-need and instability for its own sake go unchecked, or the opening pass unused. voiceNeutral: true","Emotion, instinct, needs, and daily rhythm meets change, disruption, freedom, and originality through a opening pattern. A supportive opening becomes available, but it has to be actively used.","Emotion, instinct, needs, and daily rhythm and change, disruption, freedom, and originality may meet through opening, making the pattern more noticeable in ordinary choices.",Coasting on the good idea without turning it into anything concrete.,Choose one next step and give the opening a container.,"Use this as a opening signal: turn the insight into one concrete decision, note, test, or follow-up rather than keeping it abstract.",Experience first. Astrology explains after. Do not write current sky as personality.,packages/astro-knowledge/data/transits/moon-sextile-uranus.json
Knowledge,transits,moon-sextile-venus,Moon Sextile Venus,"tldr: the Moon sextile Venus. shadow: The ease lets moodiness and over-need and indulgence and vanity go unchecked, or the opening pass unused. voiceNeutral: true","Emotion, instinct, needs, and daily rhythm meets connection, value, pleasure, attraction, and ease through a opening pattern. A supportive opening becomes available, but it has to be actively used.","Emotion, instinct, needs, and daily rhythm and connection, value, pleasure, attraction, and ease may meet through opening, making the pattern more noticeable in ordinary choices.",Coasting on the good idea without turning it into anything concrete.,Choose one next step and give the opening a container.,"Use this as a opening signal: turn the insight into one concrete decision, note, test, or follow-up rather than keeping it abstract.",Experience first. Astrology explains after. Do not write current sky as personality.,packages/astro-knowledge/data/transits/moon-sextile-venus.json
Knowledge,transits,moon-square-jupiter,Moon Square Jupiter,tldr: the Moon square Jupiter. shadow: Moodiness and over-need collides with excess and overreach; forcing or splitting it instead of working it through. voiceNeutral: true,"Emotion, instinct, needs, and daily rhythm meets growth, belief, opportunity, and expansion through a friction pattern. Two themes create pressure that asks for a cleaner adjustment.","Emotion, instinct, needs, and daily rhythm and growth, belief, opportunity, and expansion may meet through friction, making the pattern more noticeable in ordinary choices.",Forcing a decision just to end the discomfort.,Name the feeling before responding to it.,"Use this as a friction signal: turn the insight into one concrete decision, note, test, or follow-up rather than keeping it abstract.",Experience first. Astrology explains after. Do not write current sky as personality.,packages/astro-knowledge/data/transits/moon-square-jupiter.json
Knowledge,transits,moon-square-mars,Moon Square Mars,tldr: the Moon square Mars. shadow: Moodiness and over-need collides with anger and recklessness; forcing or splitting it instead of working it through. voiceNeutral: true,"Emotion, instinct, needs, and daily rhythm meets action, heat, courage, friction, and desire through a friction pattern. Two themes create pressure that asks for a cleaner adjustment.","Emotions and action may move at different speeds, making frustration easier to trigger.",Forcing a decision just to end the discomfort.,Name the feeling before responding to it.,"Use this as a friction signal: turn the insight into one concrete decision, note, test, or follow-up rather than keeping it abstract.",Experience first. Astrology explains after. Do not write current sky as personality.,packages/astro-knowledge/data/transits/moon-square-mars.json
Knowledge,transits,moon-square-mercury,Moon Square Mercury,tldr: the Moon square Mercury. shadow: Moodiness and over-need collides with scattered overthinking; forcing or splitting it instead of working it through. voiceNeutral: true,"Emotion, instinct, needs, and daily rhythm meets language, information, decisions, and nervous energy through a friction pattern. Two themes create pressure that asks for a cleaner adjustment.","Emotion, instinct, needs, and daily rhythm and language, information, decisions, and nervous energy may meet through friction, making the pattern more noticeable in ordinary choices.",Forcing a decision just to end the discomfort.,Name the feeling before responding to it.,"Use this as a friction signal: turn the insight into one concrete decision, note, test, or follow-up rather than keeping it abstract.",Experience first. Astrology explains after. Do not write current sky as personality.,packages/astro-knowledge/data/transits/moon-square-mercury.json
Knowledge,transits,moon-square-neptune,Moon Square Neptune,tldr: the Moon square Neptune. shadow: Moodiness and over-need collides with illusion and escapism; forcing or splitting it instead of working it through. voiceNeutral: true,"Emotion, instinct, needs, and daily rhythm meets imagination, longing, vision, sensitivity, and uncertainty through a friction pattern. Two themes create pressure that asks for a cleaner adjustment.","Emotion, instinct, needs, and daily rhythm and imagination, longing, vision, sensitivity, and uncertainty may meet through friction, making the pattern more noticeable in ordinary choices.",Forcing a decision just to end the discomfort.,Name the feeling before responding to it.,"Use this as a friction signal: turn the insight into one concrete decision, note, test, or follow-up rather than keeping it abstract.",Experience first. Astrology explains after. Do not write current sky as personality.,packages/astro-knowledge/data/transits/moon-square-neptune.json
Knowledge,transits,moon-square-pluto,Moon Square Pluto,tldr: the Moon square Pluto. shadow: Moodiness and over-need collides with control and obsession; forcing or splitting it instead of working it through. voiceNeutral: true,"Emotion, instinct, needs, and daily rhythm meets depth, power, pressure, release, and transformation through a friction pattern. Two themes create pressure that asks for a cleaner adjustment.","Emotion, instinct, needs, and daily rhythm and depth, power, pressure, release, and transformation may meet through friction, making the pattern more noticeable in ordinary choices.",Forcing a decision just to end the discomfort.,Name the feeling before responding to it.,"Use this as a friction signal: turn the insight into one concrete decision, note, test, or follow-up rather than keeping it abstract.",Experience first. Astrology explains after. Do not write current sky as personality.,packages/astro-knowledge/data/transits/moon-square-pluto.json
Knowledge,transits,moon-square-saturn,Moon Square Saturn,tldr: the Moon square Saturn. shadow: Moodiness and over-need collides with fear and rigidity; forcing or splitting it instead of working it through. voiceNeutral: true,"Emotion, instinct, needs, and daily rhythm meets structure, limits, responsibility, time, and consequence through a friction pattern. Two themes create pressure that asks for a cleaner adjustment.",Feelings that seemed difficult to manage may become easier to organize.,Forcing a decision just to end the discomfort.,Name the feeling before responding to it.,"Use this as a friction signal: turn the insight into one concrete decision, note, test, or follow-up rather than keeping it abstract.",Experience first. Astrology explains after. Do not write current sky as personality.,packages/astro-knowledge/data/transits/moon-square-saturn.json
Knowledge,transits,moon-square-uranus,Moon Square Uranus,tldr: the Moon square Uranus. shadow: Moodiness and over-need collides with instability for its own sake; forcing or splitting it instead of working it through. voiceNeutral: true,"Emotion, instinct, needs, and daily rhythm meets change, disruption, freedom, and originality through a friction pattern. Two themes create pressure that asks for a cleaner adjustment.","Emotion, instinct, needs, and daily rhythm and change, disruption, freedom, and originality may meet through friction, making the pattern more noticeable in ordinary choices.",Forcing a decision just to end the discomfort.,Name the feeling before responding to it.,"Use this as a friction signal: turn the insight into one concrete decision, note, test, or follow-up rather than keeping it abstract.",Experience first. Astrology explains after. Do not write current sky as personality.,packages/astro-knowledge/data/transits/moon-square-uranus.json
Knowledge,transits,moon-square-venus,Moon Square Venus,tldr: the Moon square Venus. shadow: Moodiness and over-need collides with indulgence and vanity; forcing or splitting it instead of working it through. voiceNeutral: true,"Emotion, instinct, needs, and daily rhythm meets connection, value, pleasure, attraction, and ease through a friction pattern. Two themes create pressure that asks for a cleaner adjustment.","Emotion, instinct, needs, and daily rhythm and connection, value, pleasure, attraction, and ease may meet through friction, making the pattern more noticeable in ordinary choices.",Forcing a decision just to end the discomfort.,Name the feeling before responding to it.,"Use this as a friction signal: turn the insight into one concrete decision, note, test, or follow-up rather than keeping it abstract.",Experience first. Astrology explains after. Do not write current sky as personality.,packages/astro-knowledge/data/transits/moon-square-venus.json
Knowledge,transits,moon-trine-jupiter,Moon Trine Jupiter,"tldr: the Moon trine Jupiter. shadow: The ease lets moodiness and over-need and excess and overreach go unchecked, or the opening pass unused. voiceNeutral: true","Emotion, instinct, needs, and daily rhythm meets growth, belief, opportunity, and expansion through a flow pattern. Two themes move with unusual ease and can reinforce each other.","Emotion, instinct, needs, and daily rhythm and growth, belief, opportunity, and expansion may meet through flow, making the pattern more noticeable in ordinary choices.",Letting the ease pass unused because nothing feels urgent.,Use the opening while it is simple.,"Use this as a flow signal: turn the insight into one concrete decision, note, test, or follow-up rather than keeping it abstract.",Experience first. Astrology explains after. Do not write current sky as personality.,packages/astro-knowledge/data/transits/moon-trine-jupiter.json
Knowledge,transits,moon-trine-mars,Moon Trine Mars,"tldr: the Moon trine Mars. shadow: The ease lets moodiness and over-need and anger and recklessness go unchecked, or the opening pass unused. voiceNeutral: true","Emotion, instinct, needs, and daily rhythm meets action, heat, courage, friction, and desire through a flow pattern. Two themes move with unusual ease and can reinforce each other.","Emotions and action may move at different speeds, making frustration easier to trigger.",Letting the ease pass unused because nothing feels urgent.,Use the opening while it is simple.,"Use this as a flow signal: turn the insight into one concrete decision, note, test, or follow-up rather than keeping it abstract.",Experience first. Astrology explains after. Do not write current sky as personality.,packages/astro-knowledge/data/transits/moon-trine-mars.json
Knowledge,transits,moon-trine-mercury,Moon Trine Mercury,"tldr: the Moon trine Mercury. shadow: The ease lets moodiness and over-need and scattered overthinking go unchecked, or the opening pass unused. voiceNeutral: true","Emotion, instinct, needs, and daily rhythm meets language, information, decisions, and nervous energy through a flow pattern. Two themes move with unusual ease and can reinforce each other.","Emotion, instinct, needs, and daily rhythm and language, information, decisions, and nervous energy may meet through flow, making the pattern more noticeable in ordinary choices.",Letting the ease pass unused because nothing feels urgent.,Use the opening while it is simple.,"Use this as a flow signal: turn the insight into one concrete decision, note, test, or follow-up rather than keeping it abstract.",Experience first. Astrology explains after. Do not write current sky as personality.,packages/astro-knowledge/data/transits/moon-trine-mercury.json
Knowledge,transits,moon-trine-neptune,Moon Trine Neptune,"tldr: the Moon trine Neptune. shadow: The ease lets moodiness and over-need and illusion and escapism go unchecked, or the opening pass unused. voiceNeutral: true","Emotion, instinct, needs, and daily rhythm meets imagination, longing, vision, sensitivity, and uncertainty through a flow pattern. Two themes move with unusual ease and can reinforce each other.","Emotion, instinct, needs, and daily rhythm and imagination, longing, vision, sensitivity, and uncertainty may meet through flow, making the pattern more noticeable in ordinary choices.",Letting the ease pass unused because nothing feels urgent.,Use the opening while it is simple.,"Use this as a flow signal: turn the insight into one concrete decision, note, test, or follow-up rather than keeping it abstract.",Experience first. Astrology explains after. Do not write current sky as personality.,packages/astro-knowledge/data/transits/moon-trine-neptune.json
Knowledge,transits,moon-trine-pluto,Moon Trine Pluto,"tldr: the Moon trine Pluto. shadow: The ease lets moodiness and over-need and control and obsession go unchecked, or the opening pass unused. voiceNeutral: true","Emotion, instinct, needs, and daily rhythm meets depth, power, pressure, release, and transformation through a flow pattern. Two themes move with unusual ease and can reinforce each other.","Emotion, instinct, needs, and daily rhythm and depth, power, pressure, release, and transformation may meet through flow, making the pattern more noticeable in ordinary choices.",Letting the ease pass unused because nothing feels urgent.,Use the opening while it is simple.,"Use this as a flow signal: turn the insight into one concrete decision, note, test, or follow-up rather than keeping it abstract.",Experience first. Astrology explains after. Do not write current sky as personality.,packages/astro-knowledge/data/transits/moon-trine-pluto.json
Knowledge,transits,moon-trine-saturn,Moon Trine Saturn,"tldr: the Moon trine Saturn. shadow: The ease lets moodiness and over-need and fear and rigidity go unchecked, or the opening pass unused. voiceNeutral: true","Emotion, instinct, needs, and daily rhythm meets structure, limits, responsibility, time, and consequence through a flow pattern. Two themes move with unusual ease and can reinforce each other.",Feelings that seemed difficult to manage may become easier to organize.,Letting the ease pass unused because nothing feels urgent.,Use the opening while it is simple.,"Use this as a flow signal: turn the insight into one concrete decision, note, test, or follow-up rather than keeping it abstract.",Experience first. Astrology explains after. Do not write current sky as personality.,packages/astro-knowledge/data/transits/moon-trine-saturn.json
Knowledge,transits,moon-trine-uranus,Moon Trine Uranus,"tldr: the Moon trine Uranus. shadow: The ease lets moodiness and over-need and instability for its own sake go unchecked, or the opening pass unused. voiceNeutral: true","Emotion, instinct, needs, and daily rhythm meets change, disruption, freedom, and originality through a flow pattern. Two themes move with unusual ease and can reinforce each other.","Emotion, instinct, needs, and daily rhythm and change, disruption, freedom, and originality may meet through flow, making the pattern more noticeable in ordinary choices.",Letting the ease pass unused because nothing feels urgent.,Use the opening while it is simple.,"Use this as a flow signal: turn the insight into one concrete decision, note, test, or follow-up rather than keeping it abstract.",Experience first. Astrology explains after. Do not write current sky as personality.,packages/astro-knowledge/data/transits/moon-trine-uranus.json
Knowledge,transits,moon-trine-venus,Moon Trine Venus,"tldr: the Moon trine Venus. shadow: The ease lets moodiness and over-need and indulgence and vanity go unchecked, or the opening pass unused. voiceNeutral: true","Emotion, instinct, needs, and daily rhythm meets connection, value, pleasure, attraction, and ease through a flow pattern. Two themes move with unusual ease and can reinforce each other.","Emotion, instinct, needs, and daily rhythm and connection, value, pleasure, attraction, and ease may meet through flow, making the pattern more noticeable in ordinary choices.",Letting the ease pass unused because nothing feels urgent.,Use the opening while it is simple.,"Use this as a flow signal: turn the insight into one concrete decision, note, test, or follow-up rather than keeping it abstract.",Experience first. Astrology explains after. Do not write current sky as personality.,packages/astro-knowledge/data/transits/moon-trine-venus.json
Knowledge,transits,neptune-conjunction-pluto,Neptune Conjunction Pluto,"tldr: Neptune conjunction Pluto. cyclic.meaning: A new cycle of imagination and power is sown: instinctive, full of potential, not yet conscious of itself. shadow: Illusion and escapism fused with control and obsession, with no distance to tell them apart. voiceNeutral: true","Imagination, longing, vision, sensitivity, and uncertainty meets depth, power, pressure, release, and transformation through a fusion pattern. Two themes become concentrated and harder to separate.","A recurring idea, vision, or possibility may begin to feel more substantial and worth taking seriously.",Acting from the intensity before identifying the separate parts.,Write the insight down before it becomes vague again.,"Use this as a fusion signal: turn the insight into one concrete decision, note, test, or follow-up rather than keeping it abstract.",Experience first. Astrology explains after. Do not write current sky as personality.,packages/astro-knowledge/data/transits/neptune-conjunction-pluto.json
Knowledge,transits,neptune-opposition-pluto,Neptune Opposition Pluto,"tldr: Neptune opposition Pluto. cyclic.meaning: Imagination and power reach full awareness and face each other: culmination, objectivity, fulfillment or confrontation. shadow: Illusion and escapism collides with control and obsession; forcing or splitting it instead of working it through. voiceNeutral: true","Imagination, longing, vision, sensitivity, and uncertainty meets depth, power, pressure, release, and transformation through a polarity pattern. Two themes face each other and ask for awareness rather than a quick split.","A recurring idea, vision, or possibility may begin to feel more substantial and worth taking seriously.",Turning tension into a standoff instead of a clearer understanding.,Write the insight down before it becomes vague again.,"Use this as a polarity signal: turn the insight into one concrete decision, note, test, or follow-up rather than keeping it abstract.",Experience first. Astrology explains after. Do not write current sky as personality.,packages/astro-knowledge/data/transits/neptune-opposition-pluto.json
Knowledge,transits,neptune-sextile-pluto,Neptune Sextile Pluto,"tldr: Neptune sextile Pluto. shadow: The ease lets illusion and escapism and control and obsession go unchecked, or the opening pass unused. voiceNeutral: true","Imagination, longing, vision, sensitivity, and uncertainty meets depth, power, pressure, release, and transformation through a opening pattern. A supportive opening becomes available, but it has to be actively used.","A recurring idea, vision, or possibility may begin to feel more substantial and worth taking seriously.",Coasting on the good idea without turning it into anything concrete.,Choose one next step and give the opening a container.,"Use this as a opening signal: turn the insight into one concrete decision, note, test, or follow-up rather than keeping it abstract.",Experience first. Astrology explains after. Do not write current sky as personality.,packages/astro-knowledge/data/transits/neptune-sextile-pluto.json
Knowledge,transits,neptune-square-pluto,Neptune Square Pluto,tldr: Neptune square Pluto. shadow: Illusion and escapism collides with control and obsession; forcing or splitting it instead of working it through. voiceNeutral: true,"Imagination, longing, vision, sensitivity, and uncertainty meets depth, power, pressure, release, and transformation through a friction pattern. Two themes create pressure that asks for a cleaner adjustment.","A recurring idea, vision, or possibility may begin to feel more substantial and worth taking seriously.",Forcing a decision just to end the discomfort.,Write the insight down before it becomes vague again.,"Use this as a friction signal: turn the insight into one concrete decision, note, test, or follow-up rather than keeping it abstract.",Experience first. Astrology explains after. Do not write current sky as personality.,packages/astro-knowledge/data/transits/neptune-square-pluto.json
Knowledge,transits,neptune-trine-pluto,Neptune Trine Pluto,"tldr: Neptune trine Pluto. shadow: The ease lets illusion and escapism and control and obsession go unchecked, or the opening pass unused. voiceNeutral: true","Imagination, longing, vision, sensitivity, and uncertainty meets depth, power, pressure, release, and transformation through a flow pattern. Two themes move with unusual ease and can reinforce each other.","A recurring idea, vision, or possibility may begin to feel more substantial and worth taking seriously.",Letting the ease pass unused because nothing feels urgent.,Use the opening while it is simple.,"Use this as a flow signal: turn the insight into one concrete decision, note, test, or follow-up rather than keeping it abstract.",Experience first. Astrology explains after. Do not write current sky as personality.,packages/astro-knowledge/data/transits/neptune-trine-pluto.json
Knowledge,transits,saturn-conjunction-neptune,Saturn Conjunction Neptune,"tldr: Saturn conjunction Neptune. cyclic.meaning: A new cycle of limit and imagination is sown: instinctive, full of potential, not yet conscious of itself. shadow: Fear and rigidity fused with illusion and escapism, with no distance to tell them apart. voiceNeutral: true","Structure, limits, responsibility, time, and consequence meets imagination, longing, vision, sensitivity, and uncertainty through a fusion pattern. Two themes become concentrated and harder to separate.","Structure, limits, responsibility, time, and consequence and imagination, longing, vision, sensitivity, and uncertainty may meet through fusion, making the pattern more noticeable in ordinary choices.",Acting from the intensity before identifying the separate parts.,Define the next responsibility and make it manageable.,"Use this as a fusion signal: turn the insight into one concrete decision, note, test, or follow-up rather than keeping it abstract.",Experience first. Astrology explains after. Do not write current sky as personality.,packages/astro-knowledge/data/transits/saturn-conjunction-neptune.json
Knowledge,transits,saturn-conjunction-pluto,Saturn Conjunction Pluto,"tldr: Saturn conjunction Pluto. cyclic.meaning: A new cycle of limit and power is sown: instinctive, full of potential, not yet conscious of itself. shadow: Fear and rigidity fused with control and obsession, with no distance to tell them apart. voiceNeutral: true","Structure, limits, responsibility, time, and consequence meets depth, power, pressure, release, and transformation through a fusion pattern. Two themes become concentrated and harder to separate.","Structure, limits, responsibility, time, and consequence and depth, power, pressure, release, and transformation may meet through fusion, making the pattern more noticeable in ordinary choices.",Acting from the intensity before identifying the separate parts.,Define the next responsibility and make it manageable.,"Use this as a fusion signal: turn the insight into one concrete decision, note, test, or follow-up rather than keeping it abstract.",Experience first. Astrology explains after. Do not write current sky as personality.,packages/astro-knowledge/data/transits/saturn-conjunction-pluto.json
Knowledge,transits,saturn-conjunction-uranus,Saturn Conjunction Uranus,"tldr: Saturn conjunction Uranus. cyclic.meaning: A new cycle of limit and disruption is sown: instinctive, full of potential, not yet conscious of itself. shadow: Fear and rigidity fused with instability for its own sake, with no distance to tell them apart. voiceNeutral: true","Structure, limits, responsibility, time, and consequence meets change, disruption, freedom, and originality through a fusion pattern. Two themes become concentrated and harder to separate.","Structure, limits, responsibility, time, and consequence and change, disruption, freedom, and originality may meet through fusion, making the pattern more noticeable in ordinary choices.",Acting from the intensity before identifying the separate parts.,Define the next responsibility and make it manageable.,"Use this as a fusion signal: turn the insight into one concrete decision, note, test, or follow-up rather than keeping it abstract.",Experience first. Astrology explains after. Do not write current sky as personality.,packages/astro-knowledge/data/transits/saturn-conjunction-uranus.json
Knowledge,transits,saturn-opposition-neptune,Saturn Opposition Neptune,"tldr: Saturn opposition Neptune. cyclic.meaning: Limit and imagination reach full awareness and face each other: culmination, objectivity, fulfillment or confrontation. shadow: Fear and rigidity collides with illusion and escapism; forcing or splitting it instead of working it through. voiceNeutral: true","Structure, limits, responsibility, time, and consequence meets imagination, longing, vision, sensitivity, and uncertainty through a polarity pattern. Two themes face each other and ask for awareness rather than a quick split.","Structure, limits, responsibility, time, and consequence and imagination, longing, vision, sensitivity, and uncertainty may meet through polarity, making the pattern more noticeable in ordinary choices.",Turning tension into a standoff instead of a clearer understanding.,Define the next responsibility and make it manageable.,"Use this as a polarity signal: turn the insight into one concrete decision, note, test, or follow-up rather than keeping it abstract.",Experience first. Astrology explains after. Do not write current sky as personality.,packages/astro-knowledge/data/transits/saturn-opposition-neptune.json
Knowledge,transits,saturn-opposition-pluto,Saturn Opposition Pluto,"tldr: Saturn opposition Pluto. cyclic.meaning: Limit and power reach full awareness and face each other: culmination, objectivity, fulfillment or confrontation. shadow: Fear and rigidity collides with control and obsession; forcing or splitting it instead of working it through. voiceNeutral: true","Structure, limits, responsibility, time, and consequence meets depth, power, pressure, release, and transformation through a polarity pattern. Two themes face each other and ask for awareness rather than a quick split.","Structure, limits, responsibility, time, and consequence and depth, power, pressure, release, and transformation may meet through polarity, making the pattern more noticeable in ordinary choices.",Turning tension into a standoff instead of a clearer understanding.,Define the next responsibility and make it manageable.,"Use this as a polarity signal: turn the insight into one concrete decision, note, test, or follow-up rather than keeping it abstract.",Experience first. Astrology explains after. Do not write current sky as personality.,packages/astro-knowledge/data/transits/saturn-opposition-pluto.json
Knowledge,transits,saturn-opposition-uranus,Saturn Opposition Uranus,"tldr: Saturn opposition Uranus. cyclic.meaning: Limit and disruption reach full awareness and face each other: culmination, objectivity, fulfillment or confrontation. shadow: Fear and rigidity collides with instability for its own sake; forcing or splitting it instead of working it through. voiceNeutral: true","Structure, limits, responsibility, time, and consequence meets change, disruption, freedom, and originality through a polarity pattern. Two themes face each other and ask for awareness rather than a quick split.","Structure, limits, responsibility, time, and consequence and change, disruption, freedom, and originality may meet through polarity, making the pattern more noticeable in ordinary choices.",Turning tension into a standoff instead of a clearer understanding.,Define the next responsibility and make it manageable.,"Use this as a polarity signal: turn the insight into one concrete decision, note, test, or follow-up rather than keeping it abstract.",Experience first. Astrology explains after. Do not write current sky as personality.,packages/astro-knowledge/data/transits/saturn-opposition-uranus.json
Knowledge,transits,saturn-sextile-neptune,Saturn Sextile Neptune,"tldr: Saturn sextile Neptune. shadow: The ease lets fear and rigidity and illusion and escapism go unchecked, or the opening pass unused. voiceNeutral: true","Structure, limits, responsibility, time, and consequence meets imagination, longing, vision, sensitivity, and uncertainty through a opening pattern. A supportive opening becomes available, but it has to be actively used.","Structure, limits, responsibility, time, and consequence and imagination, longing, vision, sensitivity, and uncertainty may meet through opening, making the pattern more noticeable in ordinary choices.",Coasting on the good idea without turning it into anything concrete.,Choose one next step and give the opening a container.,"Use this as a opening signal: turn the insight into one concrete decision, note, test, or follow-up rather than keeping it abstract.",Experience first. Astrology explains after. Do not write current sky as personality.,packages/astro-knowledge/data/transits/saturn-sextile-neptune.json
Knowledge,transits,saturn-sextile-pluto,Saturn Sextile Pluto,"tldr: Saturn sextile Pluto. shadow: The ease lets fear and rigidity and control and obsession go unchecked, or the opening pass unused. voiceNeutral: true","Structure, limits, responsibility, time, and consequence meets depth, power, pressure, release, and transformation through a opening pattern. A supportive opening becomes available, but it has to be actively used.","Structure, limits, responsibility, time, and consequence and depth, power, pressure, release, and transformation may meet through opening, making the pattern more noticeable in ordinary choices.",Coasting on the good idea without turning it into anything concrete.,Choose one next step and give the opening a container.,"Use this as a opening signal: turn the insight into one concrete decision, note, test, or follow-up rather than keeping it abstract.",Experience first. Astrology explains after. Do not write current sky as personality.,packages/astro-knowledge/data/transits/saturn-sextile-pluto.json
Knowledge,transits,saturn-sextile-uranus,Saturn Sextile Uranus,"tldr: Saturn sextile Uranus. shadow: The ease lets fear and rigidity and instability for its own sake go unchecked, or the opening pass unused. voiceNeutral: true","Structure, limits, responsibility, time, and consequence meets change, disruption, freedom, and originality through a opening pattern. A supportive opening becomes available, but it has to be actively used.","Structure, limits, responsibility, time, and consequence and change, disruption, freedom, and originality may meet through opening, making the pattern more noticeable in ordinary choices.",Coasting on the good idea without turning it into anything concrete.,Choose one next step and give the opening a container.,"Use this as a opening signal: turn the insight into one concrete decision, note, test, or follow-up rather than keeping it abstract.",Experience first. Astrology explains after. Do not write current sky as personality.,packages/astro-knowledge/data/transits/saturn-sextile-uranus.json
Knowledge,transits,saturn-square-neptune,Saturn Square Neptune,tldr: Saturn square Neptune. shadow: Fear and rigidity collides with illusion and escapism; forcing or splitting it instead of working it through. voiceNeutral: true,"Structure, limits, responsibility, time, and consequence meets imagination, longing, vision, sensitivity, and uncertainty through a friction pattern. Two themes create pressure that asks for a cleaner adjustment.","Structure, limits, responsibility, time, and consequence and imagination, longing, vision, sensitivity, and uncertainty may meet through friction, making the pattern more noticeable in ordinary choices.",Forcing a decision just to end the discomfort.,Define the next responsibility and make it manageable.,"Use this as a friction signal: turn the insight into one concrete decision, note, test, or follow-up rather than keeping it abstract.",Experience first. Astrology explains after. Do not write current sky as personality.,packages/astro-knowledge/data/transits/saturn-square-neptune.json
Knowledge,transits,saturn-square-pluto,Saturn Square Pluto,tldr: Saturn square Pluto. shadow: Fear and rigidity collides with control and obsession; forcing or splitting it instead of working it through. voiceNeutral: true,"Structure, limits, responsibility, time, and consequence meets depth, power, pressure, release, and transformation through a friction pattern. Two themes create pressure that asks for a cleaner adjustment.","Structure, limits, responsibility, time, and consequence and depth, power, pressure, release, and transformation may meet through friction, making the pattern more noticeable in ordinary choices.",Forcing a decision just to end the discomfort.,Define the next responsibility and make it manageable.,"Use this as a friction signal: turn the insight into one concrete decision, note, test, or follow-up rather than keeping it abstract.",Experience first. Astrology explains after. Do not write current sky as personality.,packages/astro-knowledge/data/transits/saturn-square-pluto.json
Knowledge,transits,saturn-square-uranus,Saturn Square Uranus,tldr: Saturn square Uranus. shadow: Fear and rigidity collides with instability for its own sake; forcing or splitting it instead of working it through. voiceNeutral: true,"Structure, limits, responsibility, time, and consequence meets change, disruption, freedom, and originality through a friction pattern. Two themes create pressure that asks for a cleaner adjustment.","Structure, limits, responsibility, time, and consequence and change, disruption, freedom, and originality may meet through friction, making the pattern more noticeable in ordinary choices.",Forcing a decision just to end the discomfort.,Define the next responsibility and make it manageable.,"Use this as a friction signal: turn the insight into one concrete decision, note, test, or follow-up rather than keeping it abstract.",Experience first. Astrology explains after. Do not write current sky as personality.,packages/astro-knowledge/data/transits/saturn-square-uranus.json
Knowledge,transits,saturn-trine-neptune,Saturn Trine Neptune,"tldr: Saturn trine Neptune. shadow: The ease lets fear and rigidity and illusion and escapism go unchecked, or the opening pass unused. voiceNeutral: true","Structure, limits, responsibility, time, and consequence meets imagination, longing, vision, sensitivity, and uncertainty through a flow pattern. Two themes move with unusual ease and can reinforce each other.","Structure, limits, responsibility, time, and consequence and imagination, longing, vision, sensitivity, and uncertainty may meet through flow, making the pattern more noticeable in ordinary choices.",Letting the ease pass unused because nothing feels urgent.,Use the opening while it is simple.,"Use this as a flow signal: turn the insight into one concrete decision, note, test, or follow-up rather than keeping it abstract.",Experience first. Astrology explains after. Do not write current sky as personality.,packages/astro-knowledge/data/transits/saturn-trine-neptune.json
Knowledge,transits,saturn-trine-pluto,Saturn Trine Pluto,"tldr: Saturn trine Pluto. shadow: The ease lets fear and rigidity and control and obsession go unchecked, or the opening pass unused. voiceNeutral: true","Structure, limits, responsibility, time, and consequence meets depth, power, pressure, release, and transformation through a flow pattern. Two themes move with unusual ease and can reinforce each other.","Structure, limits, responsibility, time, and consequence and depth, power, pressure, release, and transformation may meet through flow, making the pattern more noticeable in ordinary choices.",Letting the ease pass unused because nothing feels urgent.,Use the opening while it is simple.,"Use this as a flow signal: turn the insight into one concrete decision, note, test, or follow-up rather than keeping it abstract.",Experience first. Astrology explains after. Do not write current sky as personality.,packages/astro-knowledge/data/transits/saturn-trine-pluto.json
Knowledge,transits,saturn-trine-uranus,Saturn Trine Uranus,"tldr: Saturn trine Uranus. shadow: The ease lets fear and rigidity and instability for its own sake go unchecked, or the opening pass unused. voiceNeutral: true","Structure, limits, responsibility, time, and consequence meets change, disruption, freedom, and originality through a flow pattern. Two themes move with unusual ease and can reinforce each other.","Structure, limits, responsibility, time, and consequence and change, disruption, freedom, and originality may meet through flow, making the pattern more noticeable in ordinary choices.",Letting the ease pass unused because nothing feels urgent.,Use the opening while it is simple.,"Use this as a flow signal: turn the insight into one concrete decision, note, test, or follow-up rather than keeping it abstract.",Experience first. Astrology explains after. Do not write current sky as personality.,packages/astro-knowledge/data/transits/saturn-trine-uranus.json
Knowledge,transits,sun-conjunction-jupiter,Sun Conjunction Jupiter,"tldr: the Sun conjunction Jupiter. cyclic.meaning: A new cycle of selfhood and growth is sown: instinctive, full of potential, not yet conscious of itself. shadow: Egotism and needing to be the center fused with excess and overreach, with no distance to tell them apart. voiceNeutral: true","Attention, vitality, visibility, and confidence meets growth, belief, opportunity, and expansion through a fusion pattern. Two themes become concentrated and harder to separate.","Attention, vitality, visibility, and confidence and growth, belief, opportunity, and expansion may meet through fusion, making the pattern more noticeable in ordinary choices.",Acting from the intensity before identifying the separate parts.,Choose the one place your attention matters most.,"Use this as a fusion signal: turn the insight into one concrete decision, note, test, or follow-up rather than keeping it abstract.",Experience first. Astrology explains after. Do not write current sky as personality.,packages/astro-knowledge/data/transits/sun-conjunction-jupiter.json
Knowledge,transits,sun-conjunction-mars,Sun Conjunction Mars,"tldr: the Sun conjunction Mars. cyclic.meaning: A new cycle of selfhood and drive is sown: instinctive, full of potential, not yet conscious of itself. shadow: Egotism and needing to be the center fused with anger and recklessness, with no distance to tell them apart. voiceNeutral: true","Attention, vitality, visibility, and confidence meets action, heat, courage, friction, and desire through a fusion pattern. Two themes become concentrated and harder to separate.","Attention, vitality, visibility, and confidence and action, heat, courage, friction, and desire may meet through fusion, making the pattern more noticeable in ordinary choices.",Acting from the intensity before identifying the separate parts.,Choose the one place your attention matters most.,"Use this as a fusion signal: turn the insight into one concrete decision, note, test, or follow-up rather than keeping it abstract.",Experience first. Astrology explains after. Do not write current sky as personality.,packages/astro-knowledge/data/transits/sun-conjunction-mars.json
Knowledge,transits,sun-conjunction-mercury,Sun Conjunction Mercury,"tldr: Sun conjunction Mercury. cyclic.meaning: A new cycle of thinking and selfhood is sown: instinctive, full of potential, not yet conscious of itself. shadow: Scattered overthinking fused with egotism and needing to be the center, with no distance to tell them apart. voiceNeutral: true","Attention, vitality, visibility, and confidence meets language, information, decisions, and nervous energy through a fusion pattern. Two themes become concentrated and harder to separate.","Attention, vitality, visibility, and confidence and language, information, decisions, and nervous energy may meet through fusion, making the pattern more noticeable in ordinary choices.",Acting from the intensity before identifying the separate parts.,Choose the one place your attention matters most.,"Use this as a fusion signal: turn the insight into one concrete decision, note, test, or follow-up rather than keeping it abstract.",Experience first. Astrology explains after. Do not write current sky as personality.,packages/astro-knowledge/data/transits/sun-conjunction-mercury.json
Knowledge,transits,sun-conjunction-moon,Sun Conjunction Moon,"tldr: Sun conjunction the Moon. cyclic.meaning: A new cycle of feeling and selfhood is sown: instinctive, full of potential, not yet conscious of itself. shadow: Moodiness and over-need fused with egotism and needing to be the center, with no distance to tell them apart. voiceNeutral: true","Attention, vitality, visibility, and confidence meets emotion, instinct, needs, and daily rhythm through a fusion pattern. Two themes become concentrated and harder to separate.","Attention, vitality, visibility, and confidence and emotion, instinct, needs, and daily rhythm may meet through fusion, making the pattern more noticeable in ordinary choices.",Acting from the intensity before identifying the separate parts.,Choose the one place your attention matters most.,"Use this as a fusion signal: turn the insight into one concrete decision, note, test, or follow-up rather than keeping it abstract.",Experience first. Astrology explains after. Do not write current sky as personality.,packages/astro-knowledge/data/transits/sun-conjunction-moon.json
Knowledge,transits,sun-conjunction-neptune,Sun Conjunction Neptune,"tldr: the Sun conjunction Neptune. cyclic.meaning: A new cycle of selfhood and imagination is sown: instinctive, full of potential, not yet conscious of itself. shadow: Egotism and needing to be the center fused with illusion and escapism, with no distance to tell them apart. voiceNeutral: true","Attention, vitality, visibility, and confidence meets imagination, longing, vision, sensitivity, and uncertainty through a fusion pattern. Two themes become concentrated and harder to separate.","Attention, vitality, visibility, and confidence and imagination, longing, vision, sensitivity, and uncertainty may meet through fusion, making the pattern more noticeable in ordinary choices.",Acting from the intensity before identifying the separate parts.,Choose the one place your attention matters most.,"Use this as a fusion signal: turn the insight into one concrete decision, note, test, or follow-up rather than keeping it abstract.",Experience first. Astrology explains after. Do not write current sky as personality.,packages/astro-knowledge/data/transits/sun-conjunction-neptune.json
Knowledge,transits,sun-conjunction-pluto,Sun Conjunction Pluto,"tldr: the Sun conjunction Pluto. cyclic.meaning: A new cycle of selfhood and power is sown: instinctive, full of potential, not yet conscious of itself. shadow: Egotism and needing to be the center fused with control and obsession, with no distance to tell them apart. voiceNeutral: true","Attention, vitality, visibility, and confidence meets depth, power, pressure, release, and transformation through a fusion pattern. Two themes become concentrated and harder to separate.","Attention, vitality, visibility, and confidence and depth, power, pressure, release, and transformation may meet through fusion, making the pattern more noticeable in ordinary choices.",Acting from the intensity before identifying the separate parts.,Choose the one place your attention matters most.,"Use this as a fusion signal: turn the insight into one concrete decision, note, test, or follow-up rather than keeping it abstract.",Experience first. Astrology explains after. Do not write current sky as personality.,packages/astro-knowledge/data/transits/sun-conjunction-pluto.json
Knowledge,transits,sun-conjunction-saturn,Sun Conjunction Saturn,"tldr: the Sun conjunction Saturn. cyclic.meaning: A new cycle of selfhood and limit is sown: instinctive, full of potential, not yet conscious of itself. shadow: Egotism and needing to be the center fused with fear and rigidity, with no distance to tell them apart. voiceNeutral: true","Attention, vitality, visibility, and confidence meets structure, limits, responsibility, time, and consequence through a fusion pattern. Two themes become concentrated and harder to separate.",Scattered effort may become easier to focus into a real responsibility or next step.,Acting from the intensity before identifying the separate parts.,Choose the one place your attention matters most.,"Use this as a fusion signal: turn the insight into one concrete decision, note, test, or follow-up rather than keeping it abstract.",Experience first. Astrology explains after. Do not write current sky as personality.,packages/astro-knowledge/data/transits/sun-conjunction-saturn.json
Knowledge,transits,sun-conjunction-uranus,Sun Conjunction Uranus,"tldr: the Sun conjunction Uranus. cyclic.meaning: A new cycle of selfhood and disruption is sown: instinctive, full of potential, not yet conscious of itself. shadow: Egotism and needing to be the center fused with instability for its own sake, with no distance to tell them apart. voiceNeutral: true","Attention, vitality, visibility, and confidence meets change, disruption, freedom, and originality through a fusion pattern. Two themes become concentrated and harder to separate.","Attention, vitality, visibility, and confidence and change, disruption, freedom, and originality may meet through fusion, making the pattern more noticeable in ordinary choices.",Acting from the intensity before identifying the separate parts.,Choose the one place your attention matters most.,"Use this as a fusion signal: turn the insight into one concrete decision, note, test, or follow-up rather than keeping it abstract.",Experience first. Astrology explains after. Do not write current sky as personality.,packages/astro-knowledge/data/transits/sun-conjunction-uranus.json
Knowledge,transits,sun-conjunction-venus,Sun Conjunction Venus,"tldr: Sun conjunction Venus. cyclic.meaning: A new cycle of connection and selfhood is sown: instinctive, full of potential, not yet conscious of itself. shadow: Indulgence and vanity fused with egotism and needing to be the center, with no distance to tell them apart. voiceNeutral: true","Attention, vitality, visibility, and confidence meets connection, value, pleasure, attraction, and ease through a fusion pattern. Two themes become concentrated and harder to separate.","Attention, vitality, visibility, and confidence and connection, value, pleasure, attraction, and ease may meet through fusion, making the pattern more noticeable in ordinary choices.",Acting from the intensity before identifying the separate parts.,Choose the one place your attention matters most.,"Use this as a fusion signal: turn the insight into one concrete decision, note, test, or follow-up rather than keeping it abstract.",Experience first. Astrology explains after. Do not write current sky as personality.,packages/astro-knowledge/data/transits/sun-conjunction-venus.json
Knowledge,transits,sun-opposition-jupiter,Sun Opposition Jupiter,"tldr: the Sun opposition Jupiter. cyclic.meaning: Selfhood and growth reach full awareness and face each other: culmination, objectivity, fulfillment or confrontation. shadow: Egotism and needing to be the center collides with excess and overreach; forcing or splitting it instead of working it through. voiceNeutral: true","Attention, vitality, visibility, and confidence meets growth, belief, opportunity, and expansion through a polarity pattern. Two themes face each other and ask for awareness rather than a quick split.","Attention, vitality, visibility, and confidence and growth, belief, opportunity, and expansion may meet through polarity, making the pattern more noticeable in ordinary choices.",Turning tension into a standoff instead of a clearer understanding.,Choose the one place your attention matters most.,"Use this as a polarity signal: turn the insight into one concrete decision, note, test, or follow-up rather than keeping it abstract.",Experience first. Astrology explains after. Do not write current sky as personality.,packages/astro-knowledge/data/transits/sun-opposition-jupiter.json
Knowledge,transits,sun-opposition-mars,Sun Opposition Mars,"tldr: the Sun opposition Mars. cyclic.meaning: Selfhood and drive reach full awareness and face each other: culmination, objectivity, fulfillment or confrontation. shadow: Egotism and needing to be the center collides with anger and recklessness; forcing or splitting it instead of working it through. voiceNeutral: true","Attention, vitality, visibility, and confidence meets action, heat, courage, friction, and desire through a polarity pattern. Two themes face each other and ask for awareness rather than a quick split.","Attention, vitality, visibility, and confidence and action, heat, courage, friction, and desire may meet through polarity, making the pattern more noticeable in ordinary choices.",Turning tension into a standoff instead of a clearer understanding.,Choose the one place your attention matters most.,"Use this as a polarity signal: turn the insight into one concrete decision, note, test, or follow-up rather than keeping it abstract.",Experience first. Astrology explains after. Do not write current sky as personality.,packages/astro-knowledge/data/transits/sun-opposition-mars.json
Knowledge,transits,sun-opposition-moon,Sun Opposition Moon,"tldr: Sun opposition the Moon. cyclic.meaning: Feeling and selfhood reach full awareness and face each other: culmination, objectivity, fulfillment or confrontation. shadow: Moodiness and over-need collides with egotism and needing to be the center; forcing or splitting it instead of working it through. voiceNeutral: true","Attention, vitality, visibility, and confidence meets emotion, instinct, needs, and daily rhythm through a polarity pattern. Two themes face each other and ask for awareness rather than a quick split.","Attention, vitality, visibility, and confidence and emotion, instinct, needs, and daily rhythm may meet through polarity, making the pattern more noticeable in ordinary choices.",Turning tension into a standoff instead of a clearer understanding.,Choose the one place your attention matters most.,"Use this as a polarity signal: turn the insight into one concrete decision, note, test, or follow-up rather than keeping it abstract.",Experience first. Astrology explains after. Do not write current sky as personality.,packages/astro-knowledge/data/transits/sun-opposition-moon.json
Knowledge,transits,sun-opposition-neptune,Sun Opposition Neptune,"tldr: the Sun opposition Neptune. cyclic.meaning: Selfhood and imagination reach full awareness and face each other: culmination, objectivity, fulfillment or confrontation. shadow: Egotism and needing to be the center collides with illusion and escapism; forcing or splitting it instead of working it through. voiceNeutral: true","Attention, vitality, visibility, and confidence meets imagination, longing, vision, sensitivity, and uncertainty through a polarity pattern. Two themes face each other and ask for awareness rather than a quick split.","Attention, vitality, visibility, and confidence and imagination, longing, vision, sensitivity, and uncertainty may meet through polarity, making the pattern more noticeable in ordinary choices.",Turning tension into a standoff instead of a clearer understanding.,Choose the one place your attention matters most.,"Use this as a polarity signal: turn the insight into one concrete decision, note, test, or follow-up rather than keeping it abstract.",Experience first. Astrology explains after. Do not write current sky as personality.,packages/astro-knowledge/data/transits/sun-opposition-neptune.json
Knowledge,transits,sun-opposition-pluto,Sun Opposition Pluto,"tldr: the Sun opposition Pluto. cyclic.meaning: Selfhood and power reach full awareness and face each other: culmination, objectivity, fulfillment or confrontation. shadow: Egotism and needing to be the center collides with control and obsession; forcing or splitting it instead of working it through. voiceNeutral: true","Attention, vitality, visibility, and confidence meets depth, power, pressure, release, and transformation through a polarity pattern. Two themes face each other and ask for awareness rather than a quick split.","Attention, vitality, visibility, and confidence and depth, power, pressure, release, and transformation may meet through polarity, making the pattern more noticeable in ordinary choices.",Turning tension into a standoff instead of a clearer understanding.,Choose the one place your attention matters most.,"Use this as a polarity signal: turn the insight into one concrete decision, note, test, or follow-up rather than keeping it abstract.",Experience first. Astrology explains after. Do not write current sky as personality.,packages/astro-knowledge/data/transits/sun-opposition-pluto.json
Knowledge,transits,sun-opposition-saturn,Sun Opposition Saturn,"tldr: the Sun opposition Saturn. cyclic.meaning: Selfhood and limit reach full awareness and face each other: culmination, objectivity, fulfillment or confrontation. shadow: Egotism and needing to be the center collides with fear and rigidity; forcing or splitting it instead of working it through. voiceNeutral: true","Attention, vitality, visibility, and confidence meets structure, limits, responsibility, time, and consequence through a polarity pattern. Two themes face each other and ask for awareness rather than a quick split.",Scattered effort may become easier to focus into a real responsibility or next step.,Turning tension into a standoff instead of a clearer understanding.,Choose the one place your attention matters most.,"Use this as a polarity signal: turn the insight into one concrete decision, note, test, or follow-up rather than keeping it abstract.",Experience first. Astrology explains after. Do not write current sky as personality.,packages/astro-knowledge/data/transits/sun-opposition-saturn.json
Knowledge,transits,sun-opposition-uranus,Sun Opposition Uranus,"tldr: the Sun opposition Uranus. cyclic.meaning: Selfhood and disruption reach full awareness and face each other: culmination, objectivity, fulfillment or confrontation. shadow: Egotism and needing to be the center collides with instability for its own sake; forcing or splitting it instead of working it through. voiceNeutral: true","Attention, vitality, visibility, and confidence meets change, disruption, freedom, and originality through a polarity pattern. Two themes face each other and ask for awareness rather than a quick split.","Attention, vitality, visibility, and confidence and change, disruption, freedom, and originality may meet through polarity, making the pattern more noticeable in ordinary choices.",Turning tension into a standoff instead of a clearer understanding.,Choose the one place your attention matters most.,"Use this as a polarity signal: turn the insight into one concrete decision, note, test, or follow-up rather than keeping it abstract.",Experience first. Astrology explains after. Do not write current sky as personality.,packages/astro-knowledge/data/transits/sun-opposition-uranus.json
Knowledge,transits,sun-sextile-jupiter,Sun Sextile Jupiter,"tldr: the Sun sextile Jupiter. shadow: The ease lets egotism and needing to be the center and excess and overreach go unchecked, or the opening pass unused. voiceNeutral: true","Attention, vitality, visibility, and confidence meets growth, belief, opportunity, and expansion through a opening pattern. A supportive opening becomes available, but it has to be actively used.","Attention, vitality, visibility, and confidence and growth, belief, opportunity, and expansion may meet through opening, making the pattern more noticeable in ordinary choices.",Coasting on the good idea without turning it into anything concrete.,Choose one next step and give the opening a container.,"Use this as a opening signal: turn the insight into one concrete decision, note, test, or follow-up rather than keeping it abstract.",Experience first. Astrology explains after. Do not write current sky as personality.,packages/astro-knowledge/data/transits/sun-sextile-jupiter.json
Knowledge,transits,sun-sextile-mars,Sun Sextile Mars,"tldr: the Sun sextile Mars. shadow: The ease lets egotism and needing to be the center and anger and recklessness go unchecked, or the opening pass unused. voiceNeutral: true","Attention, vitality, visibility, and confidence meets action, heat, courage, friction, and desire through a opening pattern. A supportive opening becomes available, but it has to be actively used.","Attention, vitality, visibility, and confidence and action, heat, courage, friction, and desire may meet through opening, making the pattern more noticeable in ordinary choices.",Coasting on the good idea without turning it into anything concrete.,Choose one next step and give the opening a container.,"Use this as a opening signal: turn the insight into one concrete decision, note, test, or follow-up rather than keeping it abstract.",Experience first. Astrology explains after. Do not write current sky as personality.,packages/astro-knowledge/data/transits/sun-sextile-mars.json
Knowledge,transits,sun-sextile-moon,Sun Sextile Moon,"tldr: Sun sextile the Moon. shadow: The ease lets moodiness and over-need and egotism and needing to be the center go unchecked, or the opening pass unused. voiceNeutral: true","Attention, vitality, visibility, and confidence meets emotion, instinct, needs, and daily rhythm through a opening pattern. A supportive opening becomes available, but it has to be actively used.","Attention, vitality, visibility, and confidence and emotion, instinct, needs, and daily rhythm may meet through opening, making the pattern more noticeable in ordinary choices.",Coasting on the good idea without turning it into anything concrete.,Choose one next step and give the opening a container.,"Use this as a opening signal: turn the insight into one concrete decision, note, test, or follow-up rather than keeping it abstract.",Experience first. Astrology explains after. Do not write current sky as personality.,packages/astro-knowledge/data/transits/sun-sextile-moon.json
Knowledge,transits,sun-sextile-neptune,Sun Sextile Neptune,"tldr: the Sun sextile Neptune. shadow: The ease lets egotism and needing to be the center and illusion and escapism go unchecked, or the opening pass unused. voiceNeutral: true","Attention, vitality, visibility, and confidence meets imagination, longing, vision, sensitivity, and uncertainty through a opening pattern. A supportive opening becomes available, but it has to be actively used.","Attention, vitality, visibility, and confidence and imagination, longing, vision, sensitivity, and uncertainty may meet through opening, making the pattern more noticeable in ordinary choices.",Coasting on the good idea without turning it into anything concrete.,Choose one next step and give the opening a container.,"Use this as a opening signal: turn the insight into one concrete decision, note, test, or follow-up rather than keeping it abstract.",Experience first. Astrology explains after. Do not write current sky as personality.,packages/astro-knowledge/data/transits/sun-sextile-neptune.json
Knowledge,transits,sun-sextile-pluto,Sun Sextile Pluto,"tldr: the Sun sextile Pluto. shadow: The ease lets egotism and needing to be the center and control and obsession go unchecked, or the opening pass unused. voiceNeutral: true","Attention, vitality, visibility, and confidence meets depth, power, pressure, release, and transformation through a opening pattern. A supportive opening becomes available, but it has to be actively used.","Attention, vitality, visibility, and confidence and depth, power, pressure, release, and transformation may meet through opening, making the pattern more noticeable in ordinary choices.",Coasting on the good idea without turning it into anything concrete.,Choose one next step and give the opening a container.,"Use this as a opening signal: turn the insight into one concrete decision, note, test, or follow-up rather than keeping it abstract.",Experience first. Astrology explains after. Do not write current sky as personality.,packages/astro-knowledge/data/transits/sun-sextile-pluto.json
Knowledge,transits,sun-sextile-saturn,Sun Sextile Saturn,"tldr: the Sun sextile Saturn. shadow: The ease lets egotism and needing to be the center and fear and rigidity go unchecked, or the opening pass unused. voiceNeutral: true","Attention, vitality, visibility, and confidence meets structure, limits, responsibility, time, and consequence through a opening pattern. A supportive opening becomes available, but it has to be actively used.",Scattered effort may become easier to focus into a real responsibility or next step.,Coasting on the good idea without turning it into anything concrete.,Choose one next step and give the opening a container.,"Use this as a opening signal: turn the insight into one concrete decision, note, test, or follow-up rather than keeping it abstract.",Experience first. Astrology explains after. Do not write current sky as personality.,packages/astro-knowledge/data/transits/sun-sextile-saturn.json
Knowledge,transits,sun-sextile-uranus,Sun Sextile Uranus,"tldr: the Sun sextile Uranus. shadow: The ease lets egotism and needing to be the center and instability for its own sake go unchecked, or the opening pass unused. voiceNeutral: true","Attention, vitality, visibility, and confidence meets change, disruption, freedom, and originality through a opening pattern. A supportive opening becomes available, but it has to be actively used.","Attention, vitality, visibility, and confidence and change, disruption, freedom, and originality may meet through opening, making the pattern more noticeable in ordinary choices.",Coasting on the good idea without turning it into anything concrete.,Choose one next step and give the opening a container.,"Use this as a opening signal: turn the insight into one concrete decision, note, test, or follow-up rather than keeping it abstract.",Experience first. Astrology explains after. Do not write current sky as personality.,packages/astro-knowledge/data/transits/sun-sextile-uranus.json
Knowledge,transits,sun-square-jupiter,Sun Square Jupiter,tldr: the Sun square Jupiter. shadow: Egotism and needing to be the center collides with excess and overreach; forcing or splitting it instead of working it through. voiceNeutral: true,"Attention, vitality, visibility, and confidence meets growth, belief, opportunity, and expansion through a friction pattern. Two themes create pressure that asks for a cleaner adjustment.","Attention, vitality, visibility, and confidence and growth, belief, opportunity, and expansion may meet through friction, making the pattern more noticeable in ordinary choices.",Forcing a decision just to end the discomfort.,Choose the one place your attention matters most.,"Use this as a friction signal: turn the insight into one concrete decision, note, test, or follow-up rather than keeping it abstract.",Experience first. Astrology explains after. Do not write current sky as personality.,packages/astro-knowledge/data/transits/sun-square-jupiter.json
Knowledge,transits,sun-square-mars,Sun Square Mars,tldr: the Sun square Mars. shadow: Egotism and needing to be the center collides with anger and recklessness; forcing or splitting it instead of working it through. voiceNeutral: true,"Attention, vitality, visibility, and confidence meets action, heat, courage, friction, and desire through a friction pattern. Two themes create pressure that asks for a cleaner adjustment.","Attention, vitality, visibility, and confidence and action, heat, courage, friction, and desire may meet through friction, making the pattern more noticeable in ordinary choices.",Forcing a decision just to end the discomfort.,Choose the one place your attention matters most.,"Use this as a friction signal: turn the insight into one concrete decision, note, test, or follow-up rather than keeping it abstract.",Experience first. Astrology explains after. Do not write current sky as personality.,packages/astro-knowledge/data/transits/sun-square-mars.json
Knowledge,transits,sun-square-moon,Sun Square Moon,tldr: Sun square the Moon. shadow: Moodiness and over-need collides with egotism and needing to be the center; forcing or splitting it instead of working it through. voiceNeutral: true,"Attention, vitality, visibility, and confidence meets emotion, instinct, needs, and daily rhythm through a friction pattern. Two themes create pressure that asks for a cleaner adjustment.","Attention, vitality, visibility, and confidence and emotion, instinct, needs, and daily rhythm may meet through friction, making the pattern more noticeable in ordinary choices.",Forcing a decision just to end the discomfort.,Choose the one place your attention matters most.,"Use this as a friction signal: turn the insight into one concrete decision, note, test, or follow-up rather than keeping it abstract.",Experience first. Astrology explains after. Do not write current sky as personality.,packages/astro-knowledge/data/transits/sun-square-moon.json
Knowledge,transits,sun-square-neptune,Sun Square Neptune,tldr: the Sun square Neptune. shadow: Egotism and needing to be the center collides with illusion and escapism; forcing or splitting it instead of working it through. voiceNeutral: true,"Attention, vitality, visibility, and confidence meets imagination, longing, vision, sensitivity, and uncertainty through a friction pattern. Two themes create pressure that asks for a cleaner adjustment.","Attention, vitality, visibility, and confidence and imagination, longing, vision, sensitivity, and uncertainty may meet through friction, making the pattern more noticeable in ordinary choices.",Forcing a decision just to end the discomfort.,Choose the one place your attention matters most.,"Use this as a friction signal: turn the insight into one concrete decision, note, test, or follow-up rather than keeping it abstract.",Experience first. Astrology explains after. Do not write current sky as personality.,packages/astro-knowledge/data/transits/sun-square-neptune.json
Knowledge,transits,sun-square-pluto,Sun Square Pluto,tldr: the Sun square Pluto. shadow: Egotism and needing to be the center collides with control and obsession; forcing or splitting it instead of working it through. voiceNeutral: true,"Attention, vitality, visibility, and confidence meets depth, power, pressure, release, and transformation through a friction pattern. Two themes create pressure that asks for a cleaner adjustment.","Attention, vitality, visibility, and confidence and depth, power, pressure, release, and transformation may meet through friction, making the pattern more noticeable in ordinary choices.",Forcing a decision just to end the discomfort.,Choose the one place your attention matters most.,"Use this as a friction signal: turn the insight into one concrete decision, note, test, or follow-up rather than keeping it abstract.",Experience first. Astrology explains after. Do not write current sky as personality.,packages/astro-knowledge/data/transits/sun-square-pluto.json
Knowledge,transits,sun-square-saturn,Sun Square Saturn,tldr: the Sun square Saturn. shadow: Egotism and needing to be the center collides with fear and rigidity; forcing or splitting it instead of working it through. voiceNeutral: true,"Attention, vitality, visibility, and confidence meets structure, limits, responsibility, time, and consequence through a friction pattern. Two themes create pressure that asks for a cleaner adjustment.",Scattered effort may become easier to focus into a real responsibility or next step.,Forcing a decision just to end the discomfort.,Choose the one place your attention matters most.,"Use this as a friction signal: turn the insight into one concrete decision, note, test, or follow-up rather than keeping it abstract.",Experience first. Astrology explains after. Do not write current sky as personality.,packages/astro-knowledge/data/transits/sun-square-saturn.json
Knowledge,transits,sun-square-uranus,Sun Square Uranus,tldr: the Sun square Uranus. shadow: Egotism and needing to be the center collides with instability for its own sake; forcing or splitting it instead of working it through. voiceNeutral: true,"Attention, vitality, visibility, and confidence meets change, disruption, freedom, and originality through a friction pattern. Two themes create pressure that asks for a cleaner adjustment.","Attention, vitality, visibility, and confidence and change, disruption, freedom, and originality may meet through friction, making the pattern more noticeable in ordinary choices.",Forcing a decision just to end the discomfort.,Choose the one place your attention matters most.,"Use this as a friction signal: turn the insight into one concrete decision, note, test, or follow-up rather than keeping it abstract.",Experience first. Astrology explains after. Do not write current sky as personality.,packages/astro-knowledge/data/transits/sun-square-uranus.json
Knowledge,transits,sun-trine-jupiter,Sun Trine Jupiter,"tldr: the Sun trine Jupiter. shadow: The ease lets egotism and needing to be the center and excess and overreach go unchecked, or the opening pass unused. voiceNeutral: true","Attention, vitality, visibility, and confidence meets growth, belief, opportunity, and expansion through a flow pattern. Two themes move with unusual ease and can reinforce each other.","Attention, vitality, visibility, and confidence and growth, belief, opportunity, and expansion may meet through flow, making the pattern more noticeable in ordinary choices.",Letting the ease pass unused because nothing feels urgent.,Use the opening while it is simple.,"Use this as a flow signal: turn the insight into one concrete decision, note, test, or follow-up rather than keeping it abstract.",Experience first. Astrology explains after. Do not write current sky as personality.,packages/astro-knowledge/data/transits/sun-trine-jupiter.json
Knowledge,transits,sun-trine-mars,Sun Trine Mars,"tldr: the Sun trine Mars. shadow: The ease lets egotism and needing to be the center and anger and recklessness go unchecked, or the opening pass unused. voiceNeutral: true","Attention, vitality, visibility, and confidence meets action, heat, courage, friction, and desire through a flow pattern. Two themes move with unusual ease and can reinforce each other.","Attention, vitality, visibility, and confidence and action, heat, courage, friction, and desire may meet through flow, making the pattern more noticeable in ordinary choices.",Letting the ease pass unused because nothing feels urgent.,Use the opening while it is simple.,"Use this as a flow signal: turn the insight into one concrete decision, note, test, or follow-up rather than keeping it abstract.",Experience first. Astrology explains after. Do not write current sky as personality.,packages/astro-knowledge/data/transits/sun-trine-mars.json
Knowledge,transits,sun-trine-moon,Sun Trine Moon,"tldr: Sun trine the Moon. shadow: The ease lets moodiness and over-need and egotism and needing to be the center go unchecked, or the opening pass unused. voiceNeutral: true","Attention, vitality, visibility, and confidence meets emotion, instinct, needs, and daily rhythm through a flow pattern. Two themes move with unusual ease and can reinforce each other.","Attention, vitality, visibility, and confidence and emotion, instinct, needs, and daily rhythm may meet through flow, making the pattern more noticeable in ordinary choices.",Letting the ease pass unused because nothing feels urgent.,Use the opening while it is simple.,"Use this as a flow signal: turn the insight into one concrete decision, note, test, or follow-up rather than keeping it abstract.",Experience first. Astrology explains after. Do not write current sky as personality.,packages/astro-knowledge/data/transits/sun-trine-moon.json
Knowledge,transits,sun-trine-neptune,Sun Trine Neptune,"tldr: the Sun trine Neptune. shadow: The ease lets egotism and needing to be the center and illusion and escapism go unchecked, or the opening pass unused. voiceNeutral: true","Attention, vitality, visibility, and confidence meets imagination, longing, vision, sensitivity, and uncertainty through a flow pattern. Two themes move with unusual ease and can reinforce each other.","Attention, vitality, visibility, and confidence and imagination, longing, vision, sensitivity, and uncertainty may meet through flow, making the pattern more noticeable in ordinary choices.",Letting the ease pass unused because nothing feels urgent.,Use the opening while it is simple.,"Use this as a flow signal: turn the insight into one concrete decision, note, test, or follow-up rather than keeping it abstract.",Experience first. Astrology explains after. Do not write current sky as personality.,packages/astro-knowledge/data/transits/sun-trine-neptune.json
Knowledge,transits,sun-trine-pluto,Sun Trine Pluto,"tldr: the Sun trine Pluto. shadow: The ease lets egotism and needing to be the center and control and obsession go unchecked, or the opening pass unused. voiceNeutral: true","Attention, vitality, visibility, and confidence meets depth, power, pressure, release, and transformation through a flow pattern. Two themes move with unusual ease and can reinforce each other.","Attention, vitality, visibility, and confidence and depth, power, pressure, release, and transformation may meet through flow, making the pattern more noticeable in ordinary choices.",Letting the ease pass unused because nothing feels urgent.,Use the opening while it is simple.,"Use this as a flow signal: turn the insight into one concrete decision, note, test, or follow-up rather than keeping it abstract.",Experience first. Astrology explains after. Do not write current sky as personality.,packages/astro-knowledge/data/transits/sun-trine-pluto.json
Knowledge,transits,sun-trine-saturn,Sun Trine Saturn,"tldr: the Sun trine Saturn. shadow: The ease lets egotism and needing to be the center and fear and rigidity go unchecked, or the opening pass unused. voiceNeutral: true","Attention, vitality, visibility, and confidence meets structure, limits, responsibility, time, and consequence through a flow pattern. Two themes move with unusual ease and can reinforce each other.",Scattered effort may become easier to focus into a real responsibility or next step.,Letting the ease pass unused because nothing feels urgent.,Use the opening while it is simple.,"Use this as a flow signal: turn the insight into one concrete decision, note, test, or follow-up rather than keeping it abstract.",Experience first. Astrology explains after. Do not write current sky as personality.,packages/astro-knowledge/data/transits/sun-trine-saturn.json
Knowledge,transits,sun-trine-uranus,Sun Trine Uranus,"tldr: the Sun trine Uranus. shadow: The ease lets egotism and needing to be the center and instability for its own sake go unchecked, or the opening pass unused. voiceNeutral: true","Attention, vitality, visibility, and confidence meets change, disruption, freedom, and originality through a flow pattern. Two themes move with unusual ease and can reinforce each other.","Attention, vitality, visibility, and confidence and change, disruption, freedom, and originality may meet through flow, making the pattern more noticeable in ordinary choices.",Letting the ease pass unused because nothing feels urgent.,Use the opening while it is simple.,"Use this as a flow signal: turn the insight into one concrete decision, note, test, or follow-up rather than keeping it abstract.",Experience first. Astrology explains after. Do not write current sky as personality.,packages/astro-knowledge/data/transits/sun-trine-uranus.json
Knowledge,transits,uranus-conjunction-neptune,Uranus Conjunction Neptune,"tldr: Uranus conjunction Neptune. cyclic.meaning: A new cycle of disruption and imagination is sown: instinctive, full of potential, not yet conscious of itself. shadow: Instability for its own sake fused with illusion and escapism, with no distance to tell them apart. voiceNeutral: true","Change, disruption, freedom, and originality meets imagination, longing, vision, sensitivity, and uncertainty through a fusion pattern. Two themes become concentrated and harder to separate.","Change, disruption, freedom, and originality and imagination, longing, vision, sensitivity, and uncertainty may meet through fusion, making the pattern more noticeable in ordinary choices.",Acting from the intensity before identifying the separate parts.,Pause before treating disruption as direction.,"Use this as a fusion signal: turn the insight into one concrete decision, note, test, or follow-up rather than keeping it abstract.",Experience first. Astrology explains after. Do not write current sky as personality.,packages/astro-knowledge/data/transits/uranus-conjunction-neptune.json
Knowledge,transits,uranus-conjunction-pluto,Uranus Conjunction Pluto,"tldr: Uranus conjunction Pluto. cyclic.meaning: A new cycle of disruption and power is sown: instinctive, full of potential, not yet conscious of itself. shadow: Instability for its own sake fused with control and obsession, with no distance to tell them apart. voiceNeutral: true","Change, disruption, freedom, and originality meets depth, power, pressure, release, and transformation through a fusion pattern. Two themes become concentrated and harder to separate.","Change, disruption, freedom, and originality and depth, power, pressure, release, and transformation may meet through fusion, making the pattern more noticeable in ordinary choices.",Acting from the intensity before identifying the separate parts.,Pause before treating disruption as direction.,"Use this as a fusion signal: turn the insight into one concrete decision, note, test, or follow-up rather than keeping it abstract.",Experience first. Astrology explains after. Do not write current sky as personality.,packages/astro-knowledge/data/transits/uranus-conjunction-pluto.json
Knowledge,transits,uranus-opposition-neptune,Uranus Opposition Neptune,"tldr: Uranus opposition Neptune. cyclic.meaning: Disruption and imagination reach full awareness and face each other: culmination, objectivity, fulfillment or confrontation. shadow: Instability for its own sake collides with illusion and escapism; forcing or splitting it instead of working it through. voiceNeutral: true","Change, disruption, freedom, and originality meets imagination, longing, vision, sensitivity, and uncertainty through a polarity pattern. Two themes face each other and ask for awareness rather than a quick split.","Change, disruption, freedom, and originality and imagination, longing, vision, sensitivity, and uncertainty may meet through polarity, making the pattern more noticeable in ordinary choices.",Turning tension into a standoff instead of a clearer understanding.,Pause before treating disruption as direction.,"Use this as a polarity signal: turn the insight into one concrete decision, note, test, or follow-up rather than keeping it abstract.",Experience first. Astrology explains after. Do not write current sky as personality.,packages/astro-knowledge/data/transits/uranus-opposition-neptune.json
Knowledge,transits,uranus-opposition-pluto,Uranus Opposition Pluto,"tldr: Uranus opposition Pluto. cyclic.meaning: Disruption and power reach full awareness and face each other: culmination, objectivity, fulfillment or confrontation. shadow: Instability for its own sake collides with control and obsession; forcing or splitting it instead of working it through. voiceNeutral: true","Change, disruption, freedom, and originality meets depth, power, pressure, release, and transformation through a polarity pattern. Two themes face each other and ask for awareness rather than a quick split.","Change, disruption, freedom, and originality and depth, power, pressure, release, and transformation may meet through polarity, making the pattern more noticeable in ordinary choices.",Turning tension into a standoff instead of a clearer understanding.,Pause before treating disruption as direction.,"Use this as a polarity signal: turn the insight into one concrete decision, note, test, or follow-up rather than keeping it abstract.",Experience first. Astrology explains after. Do not write current sky as personality.,packages/astro-knowledge/data/transits/uranus-opposition-pluto.json
Knowledge,transits,uranus-sextile-neptune,Uranus Sextile Neptune,"tldr: Uranus sextile Neptune. shadow: The ease lets instability for its own sake and illusion and escapism go unchecked, or the opening pass unused. voiceNeutral: true","Change, disruption, freedom, and originality meets imagination, longing, vision, sensitivity, and uncertainty through a opening pattern. A supportive opening becomes available, but it has to be actively used.","Change, disruption, freedom, and originality and imagination, longing, vision, sensitivity, and uncertainty may meet through opening, making the pattern more noticeable in ordinary choices.",Coasting on the good idea without turning it into anything concrete.,Choose one next step and give the opening a container.,"Use this as a opening signal: turn the insight into one concrete decision, note, test, or follow-up rather than keeping it abstract.",Experience first. Astrology explains after. Do not write current sky as personality.,packages/astro-knowledge/data/transits/uranus-sextile-neptune.json
Knowledge,transits,uranus-sextile-pluto,Uranus Sextile Pluto,"tldr: Uranus sextile Pluto. shadow: The ease lets instability for its own sake and control and obsession go unchecked, or the opening pass unused. voiceNeutral: true","Change, disruption, freedom, and originality meets depth, power, pressure, release, and transformation through a opening pattern. A supportive opening becomes available, but it has to be actively used.","Change, disruption, freedom, and originality and depth, power, pressure, release, and transformation may meet through opening, making the pattern more noticeable in ordinary choices.",Coasting on the good idea without turning it into anything concrete.,Choose one next step and give the opening a container.,"Use this as a opening signal: turn the insight into one concrete decision, note, test, or follow-up rather than keeping it abstract.",Experience first. Astrology explains after. Do not write current sky as personality.,packages/astro-knowledge/data/transits/uranus-sextile-pluto.json
Knowledge,transits,uranus-square-neptune,Uranus Square Neptune,tldr: Uranus square Neptune. shadow: Instability for its own sake collides with illusion and escapism; forcing or splitting it instead of working it through. voiceNeutral: true,"Change, disruption, freedom, and originality meets imagination, longing, vision, sensitivity, and uncertainty through a friction pattern. Two themes create pressure that asks for a cleaner adjustment.","Change, disruption, freedom, and originality and imagination, longing, vision, sensitivity, and uncertainty may meet through friction, making the pattern more noticeable in ordinary choices.",Forcing a decision just to end the discomfort.,Pause before treating disruption as direction.,"Use this as a friction signal: turn the insight into one concrete decision, note, test, or follow-up rather than keeping it abstract.",Experience first. Astrology explains after. Do not write current sky as personality.,packages/astro-knowledge/data/transits/uranus-square-neptune.json
Knowledge,transits,uranus-square-pluto,Uranus Square Pluto,tldr: Uranus square Pluto. shadow: Instability for its own sake collides with control and obsession; forcing or splitting it instead of working it through. voiceNeutral: true,"Change, disruption, freedom, and originality meets depth, power, pressure, release, and transformation through a friction pattern. Two themes create pressure that asks for a cleaner adjustment.","Change, disruption, freedom, and originality and depth, power, pressure, release, and transformation may meet through friction, making the pattern more noticeable in ordinary choices.",Forcing a decision just to end the discomfort.,Pause before treating disruption as direction.,"Use this as a friction signal: turn the insight into one concrete decision, note, test, or follow-up rather than keeping it abstract.",Experience first. Astrology explains after. Do not write current sky as personality.,packages/astro-knowledge/data/transits/uranus-square-pluto.json
Knowledge,transits,uranus-trine-neptune,Uranus Trine Neptune,"tldr: Uranus trine Neptune. shadow: The ease lets instability for its own sake and illusion and escapism go unchecked, or the opening pass unused. voiceNeutral: true","Change, disruption, freedom, and originality meets imagination, longing, vision, sensitivity, and uncertainty through a flow pattern. Two themes move with unusual ease and can reinforce each other.","Change, disruption, freedom, and originality and imagination, longing, vision, sensitivity, and uncertainty may meet through flow, making the pattern more noticeable in ordinary choices.",Letting the ease pass unused because nothing feels urgent.,Use the opening while it is simple.,"Use this as a flow signal: turn the insight into one concrete decision, note, test, or follow-up rather than keeping it abstract.",Experience first. Astrology explains after. Do not write current sky as personality.,packages/astro-knowledge/data/transits/uranus-trine-neptune.json
Knowledge,transits,uranus-trine-pluto,Uranus Trine Pluto,"tldr: Uranus trine Pluto. shadow: The ease lets instability for its own sake and control and obsession go unchecked, or the opening pass unused. voiceNeutral: true","Change, disruption, freedom, and originality meets depth, power, pressure, release, and transformation through a flow pattern. Two themes move with unusual ease and can reinforce each other.","Change, disruption, freedom, and originality and depth, power, pressure, release, and transformation may meet through flow, making the pattern more noticeable in ordinary choices.",Letting the ease pass unused because nothing feels urgent.,Use the opening while it is simple.,"Use this as a flow signal: turn the insight into one concrete decision, note, test, or follow-up rather than keeping it abstract.",Experience first. Astrology explains after. Do not write current sky as personality.,packages/astro-knowledge/data/transits/uranus-trine-pluto.json
Knowledge,transits,venus-conjunction-jupiter,Venus Conjunction Jupiter,"tldr: Venus conjunction Jupiter. cyclic.meaning: A new cycle of connection and growth is sown: instinctive, full of potential, not yet conscious of itself. shadow: Indulgence and vanity fused with excess and overreach, with no distance to tell them apart. voiceNeutral: true","Connection, value, pleasure, attraction, and ease meets growth, belief, opportunity, and expansion through a fusion pattern. Two themes become concentrated and harder to separate.","Connection, generosity, and pleasure may grow more easily when they are actively welcomed.",Acting from the intensity before identifying the separate parts.,Name what would actually feel supportive.,"Use this as a fusion signal: turn the insight into one concrete decision, note, test, or follow-up rather than keeping it abstract.",Experience first. Astrology explains after. Do not write current sky as personality.,packages/astro-knowledge/data/transits/venus-conjunction-jupiter.json
Knowledge,transits,venus-conjunction-mars,Venus Conjunction Mars,"tldr: Venus conjunction Mars. cyclic.meaning: A new cycle of connection and drive is sown: instinctive, full of potential, not yet conscious of itself. shadow: Indulgence and vanity fused with anger and recklessness, with no distance to tell them apart. voiceNeutral: true","Connection, value, pleasure, attraction, and ease meets action, heat, courage, friction, and desire through a fusion pattern. Two themes become concentrated and harder to separate.","Connection, value, pleasure, attraction, and ease and action, heat, courage, friction, and desire may meet through fusion, making the pattern more noticeable in ordinary choices.",Acting from the intensity before identifying the separate parts.,Name what would actually feel supportive.,"Use this as a fusion signal: turn the insight into one concrete decision, note, test, or follow-up rather than keeping it abstract.",Experience first. Astrology explains after. Do not write current sky as personality.,packages/astro-knowledge/data/transits/venus-conjunction-mars.json
Knowledge,transits,venus-conjunction-neptune,Venus Conjunction Neptune,"tldr: Venus conjunction Neptune. cyclic.meaning: A new cycle of connection and imagination is sown: instinctive, full of potential, not yet conscious of itself. shadow: Indulgence and vanity fused with illusion and escapism, with no distance to tell them apart. voiceNeutral: true","Connection, value, pleasure, attraction, and ease meets imagination, longing, vision, sensitivity, and uncertainty through a fusion pattern. Two themes become concentrated and harder to separate.","Connection, value, pleasure, attraction, and ease and imagination, longing, vision, sensitivity, and uncertainty may meet through fusion, making the pattern more noticeable in ordinary choices.",Acting from the intensity before identifying the separate parts.,Name what would actually feel supportive.,"Use this as a fusion signal: turn the insight into one concrete decision, note, test, or follow-up rather than keeping it abstract.",Experience first. Astrology explains after. Do not write current sky as personality.,packages/astro-knowledge/data/transits/venus-conjunction-neptune.json
Knowledge,transits,venus-conjunction-pluto,Venus Conjunction Pluto,"tldr: Venus conjunction Pluto. cyclic.meaning: A new cycle of connection and power is sown: instinctive, full of potential, not yet conscious of itself. shadow: Indulgence and vanity fused with control and obsession, with no distance to tell them apart. voiceNeutral: true","Connection, value, pleasure, attraction, and ease meets depth, power, pressure, release, and transformation through a fusion pattern. Two themes become concentrated and harder to separate.","Connection, value, pleasure, attraction, and ease and depth, power, pressure, release, and transformation may meet through fusion, making the pattern more noticeable in ordinary choices.",Acting from the intensity before identifying the separate parts.,Name what would actually feel supportive.,"Use this as a fusion signal: turn the insight into one concrete decision, note, test, or follow-up rather than keeping it abstract.",Experience first. Astrology explains after. Do not write current sky as personality.,packages/astro-knowledge/data/transits/venus-conjunction-pluto.json
Knowledge,transits,venus-conjunction-saturn,Venus Conjunction Saturn,"tldr: Venus conjunction Saturn. cyclic.meaning: A new cycle of connection and limit is sown: instinctive, full of potential, not yet conscious of itself. shadow: Indulgence and vanity fused with fear and rigidity, with no distance to tell them apart. voiceNeutral: true","Connection, value, pleasure, attraction, and ease meets structure, limits, responsibility, time, and consequence through a fusion pattern. Two themes become concentrated and harder to separate.","Connection, value, pleasure, attraction, and ease and structure, limits, responsibility, time, and consequence may meet through fusion, making the pattern more noticeable in ordinary choices.",Acting from the intensity before identifying the separate parts.,Name what would actually feel supportive.,"Use this as a fusion signal: turn the insight into one concrete decision, note, test, or follow-up rather than keeping it abstract.",Experience first. Astrology explains after. Do not write current sky as personality.,packages/astro-knowledge/data/transits/venus-conjunction-saturn.json
Knowledge,transits,venus-conjunction-uranus,Venus Conjunction Uranus,"tldr: Venus conjunction Uranus. cyclic.meaning: A new cycle of connection and disruption is sown: instinctive, full of potential, not yet conscious of itself. shadow: Indulgence and vanity fused with instability for its own sake, with no distance to tell them apart. voiceNeutral: true","Connection, value, pleasure, attraction, and ease meets change, disruption, freedom, and originality through a fusion pattern. Two themes become concentrated and harder to separate.","Connection, value, pleasure, attraction, and ease and change, disruption, freedom, and originality may meet through fusion, making the pattern more noticeable in ordinary choices.",Acting from the intensity before identifying the separate parts.,Name what would actually feel supportive.,"Use this as a fusion signal: turn the insight into one concrete decision, note, test, or follow-up rather than keeping it abstract.",Experience first. Astrology explains after. Do not write current sky as personality.,packages/astro-knowledge/data/transits/venus-conjunction-uranus.json
Knowledge,transits,venus-opposition-jupiter,Venus Opposition Jupiter,"tldr: Venus opposition Jupiter. cyclic.meaning: Connection and growth reach full awareness and face each other: culmination, objectivity, fulfillment or confrontation. shadow: Indulgence and vanity collides with excess and overreach; forcing or splitting it instead of working it through. voiceNeutral: true","Connection, value, pleasure, attraction, and ease meets growth, belief, opportunity, and expansion through a polarity pattern. Two themes face each other and ask for awareness rather than a quick split.","Connection, generosity, and pleasure may grow more easily when they are actively welcomed.",Turning tension into a standoff instead of a clearer understanding.,Name what would actually feel supportive.,"Use this as a polarity signal: turn the insight into one concrete decision, note, test, or follow-up rather than keeping it abstract.",Experience first. Astrology explains after. Do not write current sky as personality.,packages/astro-knowledge/data/transits/venus-opposition-jupiter.json
Knowledge,transits,venus-opposition-mars,Venus Opposition Mars,"tldr: Venus opposition Mars. cyclic.meaning: Connection and drive reach full awareness and face each other: culmination, objectivity, fulfillment or confrontation. shadow: Indulgence and vanity collides with anger and recklessness; forcing or splitting it instead of working it through. voiceNeutral: true","Connection, value, pleasure, attraction, and ease meets action, heat, courage, friction, and desire through a polarity pattern. Two themes face each other and ask for awareness rather than a quick split.","Connection, value, pleasure, attraction, and ease and action, heat, courage, friction, and desire may meet through polarity, making the pattern more noticeable in ordinary choices.",Turning tension into a standoff instead of a clearer understanding.,Name what would actually feel supportive.,"Use this as a polarity signal: turn the insight into one concrete decision, note, test, or follow-up rather than keeping it abstract.",Experience first. Astrology explains after. Do not write current sky as personality.,packages/astro-knowledge/data/transits/venus-opposition-mars.json
Knowledge,transits,venus-opposition-neptune,Venus Opposition Neptune,"tldr: Venus opposition Neptune. cyclic.meaning: Connection and imagination reach full awareness and face each other: culmination, objectivity, fulfillment or confrontation. shadow: Indulgence and vanity collides with illusion and escapism; forcing or splitting it instead of working it through. voiceNeutral: true","Connection, value, pleasure, attraction, and ease meets imagination, longing, vision, sensitivity, and uncertainty through a polarity pattern. Two themes face each other and ask for awareness rather than a quick split.","Connection, value, pleasure, attraction, and ease and imagination, longing, vision, sensitivity, and uncertainty may meet through polarity, making the pattern more noticeable in ordinary choices.",Turning tension into a standoff instead of a clearer understanding.,Name what would actually feel supportive.,"Use this as a polarity signal: turn the insight into one concrete decision, note, test, or follow-up rather than keeping it abstract.",Experience first. Astrology explains after. Do not write current sky as personality.,packages/astro-knowledge/data/transits/venus-opposition-neptune.json
Knowledge,transits,venus-opposition-pluto,Venus Opposition Pluto,"tldr: Venus opposition Pluto. cyclic.meaning: Connection and power reach full awareness and face each other: culmination, objectivity, fulfillment or confrontation. shadow: Indulgence and vanity collides with control and obsession; forcing or splitting it instead of working it through. voiceNeutral: true","Connection, value, pleasure, attraction, and ease meets depth, power, pressure, release, and transformation through a polarity pattern. Two themes face each other and ask for awareness rather than a quick split.","Connection, value, pleasure, attraction, and ease and depth, power, pressure, release, and transformation may meet through polarity, making the pattern more noticeable in ordinary choices.",Turning tension into a standoff instead of a clearer understanding.,Name what would actually feel supportive.,"Use this as a polarity signal: turn the insight into one concrete decision, note, test, or follow-up rather than keeping it abstract.",Experience first. Astrology explains after. Do not write current sky as personality.,packages/astro-knowledge/data/transits/venus-opposition-pluto.json
Knowledge,transits,venus-opposition-saturn,Venus Opposition Saturn,"tldr: Venus opposition Saturn. cyclic.meaning: Connection and limit reach full awareness and face each other: culmination, objectivity, fulfillment or confrontation. shadow: Indulgence and vanity collides with fear and rigidity; forcing or splitting it instead of working it through. voiceNeutral: true","Connection, value, pleasure, attraction, and ease meets structure, limits, responsibility, time, and consequence through a polarity pattern. Two themes face each other and ask for awareness rather than a quick split.","Connection, value, pleasure, attraction, and ease and structure, limits, responsibility, time, and consequence may meet through polarity, making the pattern more noticeable in ordinary choices.",Turning tension into a standoff instead of a clearer understanding.,Name what would actually feel supportive.,"Use this as a polarity signal: turn the insight into one concrete decision, note, test, or follow-up rather than keeping it abstract.",Experience first. Astrology explains after. Do not write current sky as personality.,packages/astro-knowledge/data/transits/venus-opposition-saturn.json
Knowledge,transits,venus-opposition-uranus,Venus Opposition Uranus,"tldr: Venus opposition Uranus. cyclic.meaning: Connection and disruption reach full awareness and face each other: culmination, objectivity, fulfillment or confrontation. shadow: Indulgence and vanity collides with instability for its own sake; forcing or splitting it instead of working it through. voiceNeutral: true","Connection, value, pleasure, attraction, and ease meets change, disruption, freedom, and originality through a polarity pattern. Two themes face each other and ask for awareness rather than a quick split.","Connection, value, pleasure, attraction, and ease and change, disruption, freedom, and originality may meet through polarity, making the pattern more noticeable in ordinary choices.",Turning tension into a standoff instead of a clearer understanding.,Name what would actually feel supportive.,"Use this as a polarity signal: turn the insight into one concrete decision, note, test, or follow-up rather than keeping it abstract.",Experience first. Astrology explains after. Do not write current sky as personality.,packages/astro-knowledge/data/transits/venus-opposition-uranus.json
Knowledge,transits,venus-sextile-jupiter,Venus Sextile Jupiter,"tldr: Venus sextile Jupiter. shadow: The ease lets indulgence and vanity and excess and overreach go unchecked, or the opening pass unused. voiceNeutral: true","Connection, value, pleasure, attraction, and ease meets growth, belief, opportunity, and expansion through a opening pattern. A supportive opening becomes available, but it has to be actively used.","Connection, generosity, and pleasure may grow more easily when they are actively welcomed.",Coasting on the good idea without turning it into anything concrete.,Choose one next step and give the opening a container.,"Use this as a opening signal: turn the insight into one concrete decision, note, test, or follow-up rather than keeping it abstract.",Experience first. Astrology explains after. Do not write current sky as personality.,packages/astro-knowledge/data/transits/venus-sextile-jupiter.json
Knowledge,transits,venus-sextile-mars,Venus Sextile Mars,"tldr: Venus sextile Mars. shadow: The ease lets indulgence and vanity and anger and recklessness go unchecked, or the opening pass unused. voiceNeutral: true","Connection, value, pleasure, attraction, and ease meets action, heat, courage, friction, and desire through a opening pattern. A supportive opening becomes available, but it has to be actively used.","Connection, value, pleasure, attraction, and ease and action, heat, courage, friction, and desire may meet through opening, making the pattern more noticeable in ordinary choices.",Coasting on the good idea without turning it into anything concrete.,Choose one next step and give the opening a container.,"Use this as a opening signal: turn the insight into one concrete decision, note, test, or follow-up rather than keeping it abstract.",Experience first. Astrology explains after. Do not write current sky as personality.,packages/astro-knowledge/data/transits/venus-sextile-mars.json
Knowledge,transits,venus-sextile-neptune,Venus Sextile Neptune,"tldr: Venus sextile Neptune. shadow: The ease lets indulgence and vanity and illusion and escapism go unchecked, or the opening pass unused. voiceNeutral: true","Connection, value, pleasure, attraction, and ease meets imagination, longing, vision, sensitivity, and uncertainty through a opening pattern. A supportive opening becomes available, but it has to be actively used.","Connection, value, pleasure, attraction, and ease and imagination, longing, vision, sensitivity, and uncertainty may meet through opening, making the pattern more noticeable in ordinary choices.",Coasting on the good idea without turning it into anything concrete.,Choose one next step and give the opening a container.,"Use this as a opening signal: turn the insight into one concrete decision, note, test, or follow-up rather than keeping it abstract.",Experience first. Astrology explains after. Do not write current sky as personality.,packages/astro-knowledge/data/transits/venus-sextile-neptune.json
Knowledge,transits,venus-sextile-pluto,Venus Sextile Pluto,"tldr: Venus sextile Pluto. shadow: The ease lets indulgence and vanity and control and obsession go unchecked, or the opening pass unused. voiceNeutral: true","Connection, value, pleasure, attraction, and ease meets depth, power, pressure, release, and transformation through a opening pattern. A supportive opening becomes available, but it has to be actively used.","Connection, value, pleasure, attraction, and ease and depth, power, pressure, release, and transformation may meet through opening, making the pattern more noticeable in ordinary choices.",Coasting on the good idea without turning it into anything concrete.,Choose one next step and give the opening a container.,"Use this as a opening signal: turn the insight into one concrete decision, note, test, or follow-up rather than keeping it abstract.",Experience first. Astrology explains after. Do not write current sky as personality.,packages/astro-knowledge/data/transits/venus-sextile-pluto.json
Knowledge,transits,venus-sextile-saturn,Venus Sextile Saturn,"tldr: Venus sextile Saturn. shadow: The ease lets indulgence and vanity and fear and rigidity go unchecked, or the opening pass unused. voiceNeutral: true","Connection, value, pleasure, attraction, and ease meets structure, limits, responsibility, time, and consequence through a opening pattern. A supportive opening becomes available, but it has to be actively used.","Connection, value, pleasure, attraction, and ease and structure, limits, responsibility, time, and consequence may meet through opening, making the pattern more noticeable in ordinary choices.",Coasting on the good idea without turning it into anything concrete.,Choose one next step and give the opening a container.,"Use this as a opening signal: turn the insight into one concrete decision, note, test, or follow-up rather than keeping it abstract.",Experience first. Astrology explains after. Do not write current sky as personality.,packages/astro-knowledge/data/transits/venus-sextile-saturn.json
Knowledge,transits,venus-sextile-uranus,Venus Sextile Uranus,"tldr: Venus sextile Uranus. shadow: The ease lets indulgence and vanity and instability for its own sake go unchecked, or the opening pass unused. voiceNeutral: true","Connection, value, pleasure, attraction, and ease meets change, disruption, freedom, and originality through a opening pattern. A supportive opening becomes available, but it has to be actively used.","Connection, value, pleasure, attraction, and ease and change, disruption, freedom, and originality may meet through opening, making the pattern more noticeable in ordinary choices.",Coasting on the good idea without turning it into anything concrete.,Choose one next step and give the opening a container.,"Use this as a opening signal: turn the insight into one concrete decision, note, test, or follow-up rather than keeping it abstract.",Experience first. Astrology explains after. Do not write current sky as personality.,packages/astro-knowledge/data/transits/venus-sextile-uranus.json
Knowledge,transits,venus-square-jupiter,Venus Square Jupiter,tldr: Venus square Jupiter. shadow: Indulgence and vanity collides with excess and overreach; forcing or splitting it instead of working it through. voiceNeutral: true,"Connection, value, pleasure, attraction, and ease meets growth, belief, opportunity, and expansion through a friction pattern. Two themes create pressure that asks for a cleaner adjustment.","Connection, generosity, and pleasure may grow more easily when they are actively welcomed.",Forcing a decision just to end the discomfort.,Name what would actually feel supportive.,"Use this as a friction signal: turn the insight into one concrete decision, note, test, or follow-up rather than keeping it abstract.",Experience first. Astrology explains after. Do not write current sky as personality.,packages/astro-knowledge/data/transits/venus-square-jupiter.json
Knowledge,transits,venus-square-mars,Venus Square Mars,tldr: Venus square Mars. shadow: Indulgence and vanity collides with anger and recklessness; forcing or splitting it instead of working it through. voiceNeutral: true,"Connection, value, pleasure, attraction, and ease meets action, heat, courage, friction, and desire through a friction pattern. Two themes create pressure that asks for a cleaner adjustment.","Connection, value, pleasure, attraction, and ease and action, heat, courage, friction, and desire may meet through friction, making the pattern more noticeable in ordinary choices.",Forcing a decision just to end the discomfort.,Name what would actually feel supportive.,"Use this as a friction signal: turn the insight into one concrete decision, note, test, or follow-up rather than keeping it abstract.",Experience first. Astrology explains after. Do not write current sky as personality.,packages/astro-knowledge/data/transits/venus-square-mars.json
Knowledge,transits,venus-square-neptune,Venus Square Neptune,tldr: Venus square Neptune. shadow: Indulgence and vanity collides with illusion and escapism; forcing or splitting it instead of working it through. voiceNeutral: true,"Connection, value, pleasure, attraction, and ease meets imagination, longing, vision, sensitivity, and uncertainty through a friction pattern. Two themes create pressure that asks for a cleaner adjustment.","Connection, value, pleasure, attraction, and ease and imagination, longing, vision, sensitivity, and uncertainty may meet through friction, making the pattern more noticeable in ordinary choices.",Forcing a decision just to end the discomfort.,Name what would actually feel supportive.,"Use this as a friction signal: turn the insight into one concrete decision, note, test, or follow-up rather than keeping it abstract.",Experience first. Astrology explains after. Do not write current sky as personality.,packages/astro-knowledge/data/transits/venus-square-neptune.json
Knowledge,transits,venus-square-pluto,Venus Square Pluto,tldr: Venus square Pluto. shadow: Indulgence and vanity collides with control and obsession; forcing or splitting it instead of working it through. voiceNeutral: true,"Connection, value, pleasure, attraction, and ease meets depth, power, pressure, release, and transformation through a friction pattern. Two themes create pressure that asks for a cleaner adjustment.","Connection, value, pleasure, attraction, and ease and depth, power, pressure, release, and transformation may meet through friction, making the pattern more noticeable in ordinary choices.",Forcing a decision just to end the discomfort.,Name what would actually feel supportive.,"Use this as a friction signal: turn the insight into one concrete decision, note, test, or follow-up rather than keeping it abstract.",Experience first. Astrology explains after. Do not write current sky as personality.,packages/astro-knowledge/data/transits/venus-square-pluto.json
Knowledge,transits,venus-square-saturn,Venus Square Saturn,tldr: Venus square Saturn. shadow: Indulgence and vanity collides with fear and rigidity; forcing or splitting it instead of working it through. voiceNeutral: true,"Connection, value, pleasure, attraction, and ease meets structure, limits, responsibility, time, and consequence through a friction pattern. Two themes create pressure that asks for a cleaner adjustment.","Connection, value, pleasure, attraction, and ease and structure, limits, responsibility, time, and consequence may meet through friction, making the pattern more noticeable in ordinary choices.",Forcing a decision just to end the discomfort.,Name what would actually feel supportive.,"Use this as a friction signal: turn the insight into one concrete decision, note, test, or follow-up rather than keeping it abstract.",Experience first. Astrology explains after. Do not write current sky as personality.,packages/astro-knowledge/data/transits/venus-square-saturn.json
Knowledge,transits,venus-square-uranus,Venus Square Uranus,tldr: Venus square Uranus. shadow: Indulgence and vanity collides with instability for its own sake; forcing or splitting it instead of working it through. voiceNeutral: true,"Connection, value, pleasure, attraction, and ease meets change, disruption, freedom, and originality through a friction pattern. Two themes create pressure that asks for a cleaner adjustment.","Connection, value, pleasure, attraction, and ease and change, disruption, freedom, and originality may meet through friction, making the pattern more noticeable in ordinary choices.",Forcing a decision just to end the discomfort.,Name what would actually feel supportive.,"Use this as a friction signal: turn the insight into one concrete decision, note, test, or follow-up rather than keeping it abstract.",Experience first. Astrology explains after. Do not write current sky as personality.,packages/astro-knowledge/data/transits/venus-square-uranus.json
Knowledge,transits,venus-trine-jupiter,Venus Trine Jupiter,"tldr: Venus trine Jupiter. shadow: The ease lets indulgence and vanity and excess and overreach go unchecked, or the opening pass unused. voiceNeutral: true","Connection, value, pleasure, attraction, and ease meets growth, belief, opportunity, and expansion through a flow pattern. Two themes move with unusual ease and can reinforce each other.","Connection, generosity, and pleasure may grow more easily when they are actively welcomed.",Letting the ease pass unused because nothing feels urgent.,Use the opening while it is simple.,"Use this as a flow signal: turn the insight into one concrete decision, note, test, or follow-up rather than keeping it abstract.",Experience first. Astrology explains after. Do not write current sky as personality.,packages/astro-knowledge/data/transits/venus-trine-jupiter.json
Knowledge,transits,venus-trine-mars,Venus Trine Mars,"tldr: Venus trine Mars. shadow: The ease lets indulgence and vanity and anger and recklessness go unchecked, or the opening pass unused. voiceNeutral: true","Connection, value, pleasure, attraction, and ease meets action, heat, courage, friction, and desire through a flow pattern. Two themes move with unusual ease and can reinforce each other.","Connection, value, pleasure, attraction, and ease and action, heat, courage, friction, and desire may meet through flow, making the pattern more noticeable in ordinary choices.",Letting the ease pass unused because nothing feels urgent.,Use the opening while it is simple.,"Use this as a flow signal: turn the insight into one concrete decision, note, test, or follow-up rather than keeping it abstract.",Experience first. Astrology explains after. Do not write current sky as personality.,packages/astro-knowledge/data/transits/venus-trine-mars.json
Knowledge,transits,venus-trine-neptune,Venus Trine Neptune,"tldr: Venus trine Neptune. shadow: The ease lets indulgence and vanity and illusion and escapism go unchecked, or the opening pass unused. voiceNeutral: true","Connection, value, pleasure, attraction, and ease meets imagination, longing, vision, sensitivity, and uncertainty through a flow pattern. Two themes move with unusual ease and can reinforce each other.","Connection, value, pleasure, attraction, and ease and imagination, longing, vision, sensitivity, and uncertainty may meet through flow, making the pattern more noticeable in ordinary choices.",Letting the ease pass unused because nothing feels urgent.,Use the opening while it is simple.,"Use this as a flow signal: turn the insight into one concrete decision, note, test, or follow-up rather than keeping it abstract.",Experience first. Astrology explains after. Do not write current sky as personality.,packages/astro-knowledge/data/transits/venus-trine-neptune.json
Knowledge,transits,venus-trine-pluto,Venus Trine Pluto,"tldr: Venus trine Pluto. shadow: The ease lets indulgence and vanity and control and obsession go unchecked, or the opening pass unused. voiceNeutral: true","Connection, value, pleasure, attraction, and ease meets depth, power, pressure, release, and transformation through a flow pattern. Two themes move with unusual ease and can reinforce each other.","Connection, value, pleasure, attraction, and ease and depth, power, pressure, release, and transformation may meet through flow, making the pattern more noticeable in ordinary choices.",Letting the ease pass unused because nothing feels urgent.,Use the opening while it is simple.,"Use this as a flow signal: turn the insight into one concrete decision, note, test, or follow-up rather than keeping it abstract.",Experience first. Astrology explains after. Do not write current sky as personality.,packages/astro-knowledge/data/transits/venus-trine-pluto.json
Knowledge,transits,venus-trine-saturn,Venus Trine Saturn,"tldr: Venus trine Saturn. shadow: The ease lets indulgence and vanity and fear and rigidity go unchecked, or the opening pass unused. voiceNeutral: true","Connection, value, pleasure, attraction, and ease meets structure, limits, responsibility, time, and consequence through a flow pattern. Two themes move with unusual ease and can reinforce each other.","Connection, value, pleasure, attraction, and ease and structure, limits, responsibility, time, and consequence may meet through flow, making the pattern more noticeable in ordinary choices.",Letting the ease pass unused because nothing feels urgent.,Use the opening while it is simple.,"Use this as a flow signal: turn the insight into one concrete decision, note, test, or follow-up rather than keeping it abstract.",Experience first. Astrology explains after. Do not write current sky as personality.,packages/astro-knowledge/data/transits/venus-trine-saturn.json
Knowledge,transits,venus-trine-uranus,Venus Trine Uranus,"tldr: Venus trine Uranus. shadow: The ease lets indulgence and vanity and instability for its own sake go unchecked, or the opening pass unused. voiceNeutral: true","Connection, value, pleasure, attraction, and ease meets change, disruption, freedom, and originality through a flow pattern. Two themes move with unusual ease and can reinforce each other.","Connection, value, pleasure, attraction, and ease and change, disruption, freedom, and originality may meet through flow, making the pattern more noticeable in ordinary choices.",Letting the ease pass unused because nothing feels urgent.,Use the opening while it is simple.,"Use this as a flow signal: turn the insight into one concrete decision, note, test, or follow-up rather than keeping it abstract.",Experience first. Astrology explains after. Do not write current sky as personality.,packages/astro-knowledge/data/transits/venus-trine-uranus.json
