surface,item_type,id,title,original_source_meaning,base_meaning_rewrite,observable_tendency,where_it_helps,where_it_can_become_difficult,closing_reflection,voice_notes,source_file
You,insights/natal-aspects,jupiter-conjunction-neptune,Natal Jupiter Conjunction Neptune,"displayTitle: Expansive And Inspired summary: Growth and belief merge imagination and longing. This concentrated pattern asks you to use optimism and compassion with awareness. body: Growth and belief merge imagination and longing. This concentrated pattern asks you to use optimism and compassion with awareness. Expansion meets imagination. Idealism and vision on a large scale. These drives sit close together, so the pattern may feel natural, immediate, and hard to separate. In practice, this can show up through growth and belief, imagination and longing, and the choices you make when overreach or confusion starts running the room. gift: The gift is optimism, compassion, and a more conscious way to work with growth and belief and imagination and longing. shadow: The shadow is overreach, confusion, and repeating the same pattern without noticing what it is trying to teach. integration: Let growth and belief and imagination and longing cooperate without making either one carry the whole story. Inspired vision; test it against logic before committing. do[0]: Name how growth and belief and imagination and longing are both involved do[1]: Use the easy opening deliberately do[2]: Turn optimism and compassion into one concrete choice dont[0]: Let overreach make the decision dont[1]: Assume what feels natural is automatically balanced dont[2]: Ignore the needs of growth and belief or imagination and longing voiceNeutral: true","This aspect creates a fusion between growth, belief, opportunity, and expansion and imagination, longing, vision, sensitivity, and uncertainty.","Growth, belief, opportunity, and expansion and imagination, longing, vision, sensitivity, and uncertainty may meet through fusion, making the pattern more noticeable in ordinary choices.",It can help by making the relationship between these two needs more available to conscious use.,Acting from the intensity before identifying the separate parts.,The work is learning when this aspect is offering information and when it is running the pattern for you.,"Describe tendencies, not fixed identity. Keep astrology traceable. Avoid prediction.",packages/astro-knowledge/data/insights/natal-aspects/jupiter-conjunction-neptune.json
You,insights/natal-aspects,jupiter-conjunction-pluto,Natal Jupiter Conjunction Pluto,"displayTitle: Expansive And Intense summary: Growth and belief merge power and transformation. This concentrated pattern asks you to use optimism and depth with awareness. body: Growth and belief merge power and transformation. This concentrated pattern asks you to use optimism and depth with awareness. Expansion meets power. Large-scale ambition, intense conviction, and a drive to overhaul inherited beliefs. These drives sit close together, so the pattern may feel natural, immediate, and hard to separate. In practice, this can show up through growth and belief, power and transformation, and the choices you make when overreach or control starts running the room. gift: The gift is optimism, depth, and a more conscious way to work with growth and belief and power and transformation. shadow: The shadow is overreach, control, and repeating the same pattern without noticing what it is trying to teach. integration: Let growth and belief and power and transformation cooperate without making either one carry the whole story. Big, transformative ambition; the intensity can overshoot. do[0]: Name how growth and belief and power and transformation are both involved do[1]: Use the easy opening deliberately do[2]: Turn optimism and depth into one concrete choice dont[0]: Let overreach make the decision dont[1]: Assume what feels natural is automatically balanced dont[2]: Ignore the needs of growth and belief or power and transformation voiceNeutral: true","This aspect creates a fusion between growth, belief, opportunity, and expansion and depth, power, pressure, release, and transformation.","Growth, belief, opportunity, and expansion and depth, power, pressure, release, and transformation may meet through fusion, making the pattern more noticeable in ordinary choices.",It can help by making the relationship between these two needs more available to conscious use.,Acting from the intensity before identifying the separate parts.,The work is learning when this aspect is offering information and when it is running the pattern for you.,"Describe tendencies, not fixed identity. Keep astrology traceable. Avoid prediction.",packages/astro-knowledge/data/insights/natal-aspects/jupiter-conjunction-pluto.json
You,insights/natal-aspects,jupiter-conjunction-saturn,Natal Jupiter Conjunction Saturn,"displayTitle: Expansive And Steady summary: Growth and belief merge discipline and limits. This concentrated pattern asks you to use optimism and maturity with awareness. body: Growth and belief merge discipline and limits. This concentrated pattern asks you to use optimism and maturity with awareness. Expansion meets contraction. The swing between optimism and restraint, growth and discipline. These drives sit close together, so the pattern may feel natural, immediate, and hard to separate. In practice, this can show up through growth and belief, discipline and limits, and the choices you make when overreach or fear starts running the room. gift: The gift is optimism, maturity, and a more conscious way to work with growth and belief and discipline and limits. shadow: The shadow is overreach, fear, and repeating the same pattern without noticing what it is trying to teach. integration: Let growth and belief and discipline and limits cooperate without making either one carry the whole story. Balancing risk against prudence; unmanaged, it reads as inconsistency. do[0]: Name how growth and belief and discipline and limits are both involved do[1]: Use the easy opening deliberately do[2]: Turn optimism and maturity into one concrete choice dont[0]: Let overreach make the decision dont[1]: Assume what feels natural is automatically balanced dont[2]: Ignore the needs of growth and belief or discipline and limits voiceNeutral: true","This aspect creates a fusion between growth, belief, opportunity, and expansion and structure, limits, responsibility, time, and consequence.","Growth, belief, opportunity, and expansion and structure, limits, responsibility, time, and consequence may meet through fusion, making the pattern more noticeable in ordinary choices.",It can help by making the relationship between these two needs more available to conscious use.,Acting from the intensity before identifying the separate parts.,The work is learning when this aspect is offering information and when it is running the pattern for you.,"Describe tendencies, not fixed identity. Keep astrology traceable. Avoid prediction.",packages/astro-knowledge/data/insights/natal-aspects/jupiter-conjunction-saturn.json
You,insights/natal-aspects,jupiter-conjunction-uranus,Natal Jupiter Conjunction Uranus,"displayTitle: Expansive And Original summary: Growth and belief merge freedom and disruption. This concentrated pattern asks you to use optimism and originality with awareness. body: Growth and belief merge freedom and disruption. This concentrated pattern asks you to use optimism and originality with awareness. Expansion meets disruption. Attraction to unconventional ideas and systems of thought. These drives sit close together, so the pattern may feel natural, immediate, and hard to separate. In practice, this can show up through growth and belief, freedom and disruption, and the choices you make when overreach or instability starts running the room. gift: The gift is optimism, originality, and a more conscious way to work with growth and belief and freedom and disruption. shadow: The shadow is overreach, instability, and repeating the same pattern without noticing what it is trying to teach. integration: Let growth and belief and freedom and disruption cooperate without making either one carry the whole story. Innovative thinking whose reception depends heavily on how it's framed. do[0]: Name how growth and belief and freedom and disruption are both involved do[1]: Use the easy opening deliberately do[2]: Turn optimism and originality into one concrete choice dont[0]: Let overreach make the decision dont[1]: Assume what feels natural is automatically balanced dont[2]: Ignore the needs of growth and belief or freedom and disruption voiceNeutral: true","This aspect creates a fusion between growth, belief, opportunity, and expansion and change, disruption, freedom, and originality.","Growth, belief, opportunity, and expansion and change, disruption, freedom, and originality may meet through fusion, making the pattern more noticeable in ordinary choices.",It can help by making the relationship between these two needs more available to conscious use.,Acting from the intensity before identifying the separate parts.,The work is learning when this aspect is offering information and when it is running the pattern for you.,"Describe tendencies, not fixed identity. Keep astrology traceable. Avoid prediction.",packages/astro-knowledge/data/insights/natal-aspects/jupiter-conjunction-uranus.json
You,insights/natal-aspects,jupiter-opposition-neptune,Natal Jupiter Opposition Neptune,"displayTitle: Expansive Across Inspired summary: Growth and belief mirror imagination and longing. This polarized pattern asks you to use optimism and compassion with awareness. body: Growth and belief mirror imagination and longing. This polarized pattern asks you to use optimism and compassion with awareness. Gullibility and wishful thinking mistaken for reality. The two sides may appear through contrast, projection, or relationships until you learn to hold both directly. In practice, this can show up through growth and belief, imagination and longing, and the choices you make when overreach or confusion starts running the room. gift: The gift is optimism, compassion, and a more conscious way to work with growth and belief and imagination and longing. shadow: The shadow is overreach, confusion, and repeating the same pattern without noticing what it is trying to teach. integration: Let growth and belief and imagination and longing cooperate without making either one carry the whole story. Inspired vision; test it against logic before committing. do[0]: Name how growth and belief and imagination and longing are both involved do[1]: Pause before choosing the most familiar reaction do[2]: Turn optimism and compassion into one concrete choice dont[0]: Let overreach make the decision dont[1]: Treat tension as proof that something is wrong dont[2]: Ignore the needs of growth and belief or imagination and longing voiceNeutral: true","This aspect creates a polarity between growth, belief, opportunity, and expansion and imagination, longing, vision, sensitivity, and uncertainty.","Growth, belief, opportunity, and expansion and imagination, longing, vision, sensitivity, and uncertainty may meet through polarity, making the pattern more noticeable in ordinary choices.",It can help by making the relationship between these two needs more available to conscious use.,Turning tension into a standoff instead of a clearer understanding.,The work is learning when this aspect is offering information and when it is running the pattern for you.,"Describe tendencies, not fixed identity. Keep astrology traceable. Avoid prediction.",packages/astro-knowledge/data/insights/natal-aspects/jupiter-opposition-neptune.json
You,insights/natal-aspects,jupiter-opposition-pluto,Natal Jupiter Opposition Pluto,"displayTitle: Expansive Across Intense summary: Growth and belief mirror power and transformation. This polarized pattern asks you to use optimism and depth with awareness. body: Growth and belief mirror power and transformation. This polarized pattern asks you to use optimism and depth with awareness. Conviction hardens into zealotry or overreach. The two sides may appear through contrast, projection, or relationships until you learn to hold both directly. In practice, this can show up through growth and belief, power and transformation, and the choices you make when overreach or control starts running the room. gift: The gift is optimism, depth, and a more conscious way to work with growth and belief and power and transformation. shadow: The shadow is overreach, control, and repeating the same pattern without noticing what it is trying to teach. integration: Let growth and belief and power and transformation cooperate without making either one carry the whole story. Big, transformative ambition; the intensity can overshoot. do[0]: Name how growth and belief and power and transformation are both involved do[1]: Pause before choosing the most familiar reaction do[2]: Turn optimism and depth into one concrete choice dont[0]: Let overreach make the decision dont[1]: Treat tension as proof that something is wrong dont[2]: Ignore the needs of growth and belief or power and transformation voiceNeutral: true","This aspect creates a polarity between growth, belief, opportunity, and expansion and depth, power, pressure, release, and transformation.","Growth, belief, opportunity, and expansion and depth, power, pressure, release, and transformation may meet through polarity, making the pattern more noticeable in ordinary choices.",It can help by making the relationship between these two needs more available to conscious use.,Turning tension into a standoff instead of a clearer understanding.,The work is learning when this aspect is offering information and when it is running the pattern for you.,"Describe tendencies, not fixed identity. Keep astrology traceable. Avoid prediction.",packages/astro-knowledge/data/insights/natal-aspects/jupiter-opposition-pluto.json
You,insights/natal-aspects,jupiter-opposition-saturn,Natal Jupiter Opposition Saturn,"displayTitle: Expansive Across Steady summary: Growth and belief mirror discipline and limits. This polarized pattern asks you to use optimism and maturity with awareness. body: Growth and belief mirror discipline and limits. This polarized pattern asks you to use optimism and maturity with awareness. Lurching between extremes, from let-loose to grind, without a steady middle. The two sides may appear through contrast, projection, or relationships until you learn to hold both directly. In practice, this can show up through growth and belief, discipline and limits, and the choices you make when overreach or fear starts running the room. gift: The gift is optimism, maturity, and a more conscious way to work with growth and belief and discipline and limits. shadow: The shadow is overreach, fear, and repeating the same pattern without noticing what it is trying to teach. integration: Let growth and belief and discipline and limits cooperate without making either one carry the whole story. Balancing risk against prudence; unmanaged, it reads as inconsistency. do[0]: Name how growth and belief and discipline and limits are both involved do[1]: Pause before choosing the most familiar reaction do[2]: Turn optimism and maturity into one concrete choice dont[0]: Let overreach make the decision dont[1]: Treat tension as proof that something is wrong dont[2]: Ignore the needs of growth and belief or discipline and limits voiceNeutral: true","This aspect creates a polarity between growth, belief, opportunity, and expansion and structure, limits, responsibility, time, and consequence.","Growth, belief, opportunity, and expansion and structure, limits, responsibility, time, and consequence may meet through polarity, making the pattern more noticeable in ordinary choices.",It can help by making the relationship between these two needs more available to conscious use.,Turning tension into a standoff instead of a clearer understanding.,The work is learning when this aspect is offering information and when it is running the pattern for you.,"Describe tendencies, not fixed identity. Keep astrology traceable. Avoid prediction.",packages/astro-knowledge/data/insights/natal-aspects/jupiter-opposition-saturn.json
You,insights/natal-aspects,jupiter-opposition-uranus,Natal Jupiter Opposition Uranus,"displayTitle: Expansive Across Original summary: Growth and belief mirror freedom and disruption. This polarized pattern asks you to use optimism and originality with awareness. body: Growth and belief mirror freedom and disruption. This polarized pattern asks you to use optimism and originality with awareness. Seen as eccentric or a crank, no matter the merit of the idea. The two sides may appear through contrast, projection, or relationships until you learn to hold both directly. In practice, this can show up through growth and belief, freedom and disruption, and the choices you make when overreach or instability starts running the room. gift: The gift is optimism, originality, and a more conscious way to work with growth and belief and freedom and disruption. shadow: The shadow is overreach, instability, and repeating the same pattern without noticing what it is trying to teach. integration: Let growth and belief and freedom and disruption cooperate without making either one carry the whole story. Innovative thinking whose reception depends heavily on how it's framed. do[0]: Name how growth and belief and freedom and disruption are both involved do[1]: Pause before choosing the most familiar reaction do[2]: Turn optimism and originality into one concrete choice dont[0]: Let overreach make the decision dont[1]: Treat tension as proof that something is wrong dont[2]: Ignore the needs of growth and belief or freedom and disruption voiceNeutral: true","This aspect creates a polarity between growth, belief, opportunity, and expansion and change, disruption, freedom, and originality.","Growth, belief, opportunity, and expansion and change, disruption, freedom, and originality may meet through polarity, making the pattern more noticeable in ordinary choices.",It can help by making the relationship between these two needs more available to conscious use.,Turning tension into a standoff instead of a clearer understanding.,The work is learning when this aspect is offering information and when it is running the pattern for you.,"Describe tendencies, not fixed identity. Keep astrology traceable. Avoid prediction.",packages/astro-knowledge/data/insights/natal-aspects/jupiter-opposition-uranus.json
You,insights/natal-aspects,jupiter-sextile-neptune,Natal Jupiter Sextile Neptune,"displayTitle: Expansive With Inspired summary: Growth and belief support imagination and longing. This cooperative pattern asks you to use optimism and compassion with awareness. body: Growth and belief support imagination and longing. This cooperative pattern asks you to use optimism and compassion with awareness. Imaginative ideas that turn out to have practical application. The connection is available when you choose to use it; it works best through deliberate practice. In practice, this can show up through growth and belief, imagination and longing, and the choices you make when overreach or confusion starts running the room. gift: The gift is optimism, compassion, and a more conscious way to work with growth and belief and imagination and longing. shadow: The shadow is overreach, confusion, and repeating the same pattern without noticing what it is trying to teach. integration: Let growth and belief and imagination and longing cooperate without making either one carry the whole story. Inspired vision; test it against logic before committing. do[0]: Name how growth and belief and imagination and longing are both involved do[1]: Use the easy opening deliberately do[2]: Turn optimism and compassion into one concrete choice dont[0]: Let overreach make the decision dont[1]: Take the talent for granted dont[2]: Ignore the needs of growth and belief or imagination and longing voiceNeutral: true","This aspect creates a opening between growth, belief, opportunity, and expansion and imagination, longing, vision, sensitivity, and uncertainty.","Growth, belief, opportunity, and expansion and imagination, longing, vision, sensitivity, and uncertainty may meet through opening, making the pattern more noticeable in ordinary choices.",It can help by making the relationship between these two needs more available to conscious use.,Coasting on the good idea without turning it into anything concrete.,The work is learning when this aspect is offering information and when it is running the pattern for you.,"Describe tendencies, not fixed identity. Keep astrology traceable. Avoid prediction.",packages/astro-knowledge/data/insights/natal-aspects/jupiter-sextile-neptune.json
You,insights/natal-aspects,jupiter-sextile-pluto,Natal Jupiter Sextile Pluto,"displayTitle: Expansive With Intense summary: Growth and belief support power and transformation. This cooperative pattern asks you to use optimism and depth with awareness. body: Growth and belief support power and transformation. This cooperative pattern asks you to use optimism and depth with awareness. Transformative ambition pursued with focus. The connection is available when you choose to use it; it works best through deliberate practice. In practice, this can show up through growth and belief, power and transformation, and the choices you make when overreach or control starts running the room. gift: The gift is optimism, depth, and a more conscious way to work with growth and belief and power and transformation. shadow: The shadow is overreach, control, and repeating the same pattern without noticing what it is trying to teach. integration: Let growth and belief and power and transformation cooperate without making either one carry the whole story. Big, transformative ambition; the intensity can overshoot. do[0]: Name how growth and belief and power and transformation are both involved do[1]: Use the easy opening deliberately do[2]: Turn optimism and depth into one concrete choice dont[0]: Let overreach make the decision dont[1]: Take the talent for granted dont[2]: Ignore the needs of growth and belief or power and transformation voiceNeutral: true","This aspect creates a opening between growth, belief, opportunity, and expansion and depth, power, pressure, release, and transformation.","Growth, belief, opportunity, and expansion and depth, power, pressure, release, and transformation may meet through opening, making the pattern more noticeable in ordinary choices.",It can help by making the relationship between these two needs more available to conscious use.,Coasting on the good idea without turning it into anything concrete.,The work is learning when this aspect is offering information and when it is running the pattern for you.,"Describe tendencies, not fixed identity. Keep astrology traceable. Avoid prediction.",packages/astro-knowledge/data/insights/natal-aspects/jupiter-sextile-pluto.json
You,insights/natal-aspects,jupiter-sextile-saturn,Natal Jupiter Sextile Saturn,"displayTitle: Expansive With Steady summary: Growth and belief support discipline and limits. This cooperative pattern asks you to use optimism and maturity with awareness. body: Growth and belief support discipline and limits. This cooperative pattern asks you to use optimism and maturity with awareness. Ambition grounded by realism; you grow at a sustainable pace. The connection is available when you choose to use it; it works best through deliberate practice. In practice, this can show up through growth and belief, discipline and limits, and the choices you make when overreach or fear starts running the room. gift: The gift is optimism, maturity, and a more conscious way to work with growth and belief and discipline and limits. shadow: The shadow is overreach, fear, and repeating the same pattern without noticing what it is trying to teach. integration: Let growth and belief and discipline and limits cooperate without making either one carry the whole story. Balancing risk against prudence; unmanaged, it reads as inconsistency. do[0]: Name how growth and belief and discipline and limits are both involved do[1]: Use the easy opening deliberately do[2]: Turn optimism and maturity into one concrete choice dont[0]: Let overreach make the decision dont[1]: Take the talent for granted dont[2]: Ignore the needs of growth and belief or discipline and limits voiceNeutral: true","This aspect creates a opening between growth, belief, opportunity, and expansion and structure, limits, responsibility, time, and consequence.","Growth, belief, opportunity, and expansion and structure, limits, responsibility, time, and consequence may meet through opening, making the pattern more noticeable in ordinary choices.",It can help by making the relationship between these two needs more available to conscious use.,Coasting on the good idea without turning it into anything concrete.,The work is learning when this aspect is offering information and when it is running the pattern for you.,"Describe tendencies, not fixed identity. Keep astrology traceable. Avoid prediction.",packages/astro-knowledge/data/insights/natal-aspects/jupiter-sextile-saturn.json
You,insights/natal-aspects,jupiter-sextile-uranus,Natal Jupiter Sextile Uranus,"displayTitle: Expansive With Original summary: Growth and belief support freedom and disruption. This cooperative pattern asks you to use optimism and originality with awareness. body: Growth and belief support freedom and disruption. This cooperative pattern asks you to use optimism and originality with awareness. Seen as forward-thinking and ahead of the curve; you get away with it. The connection is available when you choose to use it; it works best through deliberate practice. In practice, this can show up through growth and belief, freedom and disruption, and the choices you make when overreach or instability starts running the room. gift: The gift is optimism, originality, and a more conscious way to work with growth and belief and freedom and disruption. shadow: The shadow is overreach, instability, and repeating the same pattern without noticing what it is trying to teach. integration: Let growth and belief and freedom and disruption cooperate without making either one carry the whole story. Innovative thinking whose reception depends heavily on how it's framed. do[0]: Name how growth and belief and freedom and disruption are both involved do[1]: Use the easy opening deliberately do[2]: Turn optimism and originality into one concrete choice dont[0]: Let overreach make the decision dont[1]: Take the talent for granted dont[2]: Ignore the needs of growth and belief or freedom and disruption voiceNeutral: true","This aspect creates a opening between growth, belief, opportunity, and expansion and change, disruption, freedom, and originality.","Growth, belief, opportunity, and expansion and change, disruption, freedom, and originality may meet through opening, making the pattern more noticeable in ordinary choices.",It can help by making the relationship between these two needs more available to conscious use.,Coasting on the good idea without turning it into anything concrete.,The work is learning when this aspect is offering information and when it is running the pattern for you.,"Describe tendencies, not fixed identity. Keep astrology traceable. Avoid prediction.",packages/astro-knowledge/data/insights/natal-aspects/jupiter-sextile-uranus.json
You,insights/natal-aspects,jupiter-square-neptune,Natal Jupiter Square Neptune,"displayTitle: Faithful Or Inflated summary: Your hope is large, and your imagination can make possibility feel close. Discernment keeps the vision from floating away. body: Jupiter square Neptune describes big faith, spiritual longing, and a powerful imagination for what life could become. You may be drawn toward ideals, art, mysticism, rescue, or stories that promise meaning beyond the ordinary. This can inspire generosity and vision, but it can also blur judgment, inflate expectations, or make disappointment harder when reality arrives. The gift is inspired belief. The growth is learning to test the dream without killing it. gift: Vision, compassion, spiritual openness, imagination, and the ability to inspire hope. shadow: Overidealism, escapism, vague promises, and believing the feeling before checking the foundation. integration: Give the dream a budget, a timeline, and honest witnesses. Faith becomes stronger when it can meet reality without collapsing. do[0]: Ground vision in one concrete commitment do[1]: Ask what the promise requires do[2]: Let inspiration be checked by trusted feedback dont[0]: Confuse longing with guidance dont[1]: Rescue people to prove the ideal dont[2]: Ignore practical limits because the story feels meaningful voiceNeutral: true","This aspect creates a friction between growth, belief, opportunity, and expansion and imagination, longing, vision, sensitivity, and uncertainty.","Growth, belief, opportunity, and expansion and imagination, longing, vision, sensitivity, and uncertainty may meet through friction, making the pattern more noticeable in ordinary choices.",It can help by making the relationship between these two needs more available to conscious use.,Forcing a decision just to end the discomfort.,The work is learning when this aspect is offering information and when it is running the pattern for you.,"Describe tendencies, not fixed identity. Keep astrology traceable. Avoid prediction.",packages/astro-knowledge/data/insights/natal-aspects/jupiter-square-neptune.json
You,insights/natal-aspects,jupiter-square-pluto,Natal Jupiter Square Pluto,"displayTitle: Expansive Or Intense summary: Growth and belief press against power and transformation. This frictional pattern asks you to use optimism and depth with awareness. body: Growth and belief press against power and transformation. This frictional pattern asks you to use optimism and depth with awareness. Conviction hardens into zealotry or overreach. The friction makes the pattern noticeable, especially when pressure forces an adjustment. In practice, this can show up through growth and belief, power and transformation, and the choices you make when overreach or control starts running the room. gift: The gift is optimism, depth, and a more conscious way to work with growth and belief and power and transformation. shadow: The shadow is overreach, control, and repeating the same pattern without noticing what it is trying to teach. integration: Let growth and belief and power and transformation cooperate without making either one carry the whole story. Big, transformative ambition; the intensity can overshoot. do[0]: Name how growth and belief and power and transformation are both involved do[1]: Pause before choosing the most familiar reaction do[2]: Turn optimism and depth into one concrete choice dont[0]: Let overreach make the decision dont[1]: Treat tension as proof that something is wrong dont[2]: Ignore the needs of growth and belief or power and transformation voiceNeutral: true","This aspect creates a friction between growth, belief, opportunity, and expansion and depth, power, pressure, release, and transformation.","Growth, belief, opportunity, and expansion and depth, power, pressure, release, and transformation may meet through friction, making the pattern more noticeable in ordinary choices.",It can help by making the relationship between these two needs more available to conscious use.,Forcing a decision just to end the discomfort.,The work is learning when this aspect is offering information and when it is running the pattern for you.,"Describe tendencies, not fixed identity. Keep astrology traceable. Avoid prediction.",packages/astro-knowledge/data/insights/natal-aspects/jupiter-square-pluto.json
You,insights/natal-aspects,jupiter-square-saturn,Natal Jupiter Square Saturn,"displayTitle: Growing Or Holding Back summary: Part of you wants expansion; another part wants proof, timing, and control. Progress may come through negotiating both. body: Jupiter square Saturn describes tension between faith and caution, increase and restraint, opportunity and responsibility. You may swing between big ambition and self-doubt, or feel that every opening comes with a test attached. This aspect can make growth more deliberate and durable when both sides are respected. The gift is mature expansion. The growth is not letting fear shrink the vision or optimism ignore the work. gift: Strategic growth, responsible ambition, patience, and the ability to turn vision into structure. shadow: Stop-start momentum, scarcity thinking, overcorrection, and mistrusting opportunity until it has nearly passed. integration: Give the dream a structure and the structure a reason to live. Expansion works best when it has a container. do[0]: Plan growth in measurable stages do[1]: Let caution refine the opportunity do[2]: Check whether delay is wisdom or fear dont[0]: Shrink the goal to avoid disappointment dont[1]: Ignore limits because hope feels urgent dont[2]: Treat every setback as a final answer voiceNeutral: true","This aspect creates a friction between growth, belief, opportunity, and expansion and structure, limits, responsibility, time, and consequence.","Growth, belief, opportunity, and expansion and structure, limits, responsibility, time, and consequence may meet through friction, making the pattern more noticeable in ordinary choices.",It can help by making the relationship between these two needs more available to conscious use.,Forcing a decision just to end the discomfort.,The work is learning when this aspect is offering information and when it is running the pattern for you.,"Describe tendencies, not fixed identity. Keep astrology traceable. Avoid prediction.",packages/astro-knowledge/data/insights/natal-aspects/jupiter-square-saturn.json
You,insights/natal-aspects,jupiter-square-uranus,Natal Jupiter Square Uranus,"displayTitle: Expansive Or Original summary: Growth and belief press against freedom and disruption. This frictional pattern asks you to use optimism and originality with awareness. body: Growth and belief press against freedom and disruption. This frictional pattern asks you to use optimism and originality with awareness. Seen as eccentric or a crank, no matter the merit of the idea. The friction makes the pattern noticeable, especially when pressure forces an adjustment. In practice, this can show up through growth and belief, freedom and disruption, and the choices you make when overreach or instability starts running the room. gift: The gift is optimism, originality, and a more conscious way to work with growth and belief and freedom and disruption. shadow: The shadow is overreach, instability, and repeating the same pattern without noticing what it is trying to teach. integration: Let growth and belief and freedom and disruption cooperate without making either one carry the whole story. Innovative thinking whose reception depends heavily on how it's framed. do[0]: Name how growth and belief and freedom and disruption are both involved do[1]: Pause before choosing the most familiar reaction do[2]: Turn optimism and originality into one concrete choice dont[0]: Let overreach make the decision dont[1]: Treat tension as proof that something is wrong dont[2]: Ignore the needs of growth and belief or freedom and disruption voiceNeutral: true","This aspect creates a friction between growth, belief, opportunity, and expansion and change, disruption, freedom, and originality.","Growth, belief, opportunity, and expansion and change, disruption, freedom, and originality may meet through friction, making the pattern more noticeable in ordinary choices.",It can help by making the relationship between these two needs more available to conscious use.,Forcing a decision just to end the discomfort.,The work is learning when this aspect is offering information and when it is running the pattern for you.,"Describe tendencies, not fixed identity. Keep astrology traceable. Avoid prediction.",packages/astro-knowledge/data/insights/natal-aspects/jupiter-square-uranus.json
You,insights/natal-aspects,jupiter-trine-neptune,Natal Jupiter Trine Neptune,"displayTitle: Expansive Through Inspired summary: Growth and belief flow with imagination and longing. This fluid pattern asks you to use optimism and compassion with awareness. body: Growth and belief flow with imagination and longing. This fluid pattern asks you to use optimism and compassion with awareness. Imaginative ideas that turn out to have practical application. The pattern can flow easily, which is useful when it is conscious and easy to take for granted when it is not. In practice, this can show up through growth and belief, imagination and longing, and the choices you make when overreach or confusion starts running the room. gift: The gift is optimism, compassion, and a more conscious way to work with growth and belief and imagination and longing. shadow: The shadow is overreach, confusion, and repeating the same pattern without noticing what it is trying to teach. integration: Let growth and belief and imagination and longing cooperate without making either one carry the whole story. Inspired vision; test it against logic before committing. do[0]: Name how growth and belief and imagination and longing are both involved do[1]: Use the easy opening deliberately do[2]: Turn optimism and compassion into one concrete choice dont[0]: Let overreach make the decision dont[1]: Take the talent for granted dont[2]: Ignore the needs of growth and belief or imagination and longing voiceNeutral: true","This aspect creates a flow between growth, belief, opportunity, and expansion and imagination, longing, vision, sensitivity, and uncertainty.","Growth, belief, opportunity, and expansion and imagination, longing, vision, sensitivity, and uncertainty may meet through flow, making the pattern more noticeable in ordinary choices.",It can help by making the relationship between these two needs more available to conscious use.,Letting the ease pass unused because nothing feels urgent.,The work is learning when this aspect is offering information and when it is running the pattern for you.,"Describe tendencies, not fixed identity. Keep astrology traceable. Avoid prediction.",packages/astro-knowledge/data/insights/natal-aspects/jupiter-trine-neptune.json
You,insights/natal-aspects,jupiter-trine-pluto,Natal Jupiter Trine Pluto,"displayTitle: Expansive Through Intense summary: Growth and belief flow with power and transformation. This fluid pattern asks you to use optimism and depth with awareness. body: Growth and belief flow with power and transformation. This fluid pattern asks you to use optimism and depth with awareness. Transformative ambition pursued with focus. The pattern can flow easily, which is useful when it is conscious and easy to take for granted when it is not. In practice, this can show up through growth and belief, power and transformation, and the choices you make when overreach or control starts running the room. gift: The gift is optimism, depth, and a more conscious way to work with growth and belief and power and transformation. shadow: The shadow is overreach, control, and repeating the same pattern without noticing what it is trying to teach. integration: Let growth and belief and power and transformation cooperate without making either one carry the whole story. Big, transformative ambition; the intensity can overshoot. do[0]: Name how growth and belief and power and transformation are both involved do[1]: Use the easy opening deliberately do[2]: Turn optimism and depth into one concrete choice dont[0]: Let overreach make the decision dont[1]: Take the talent for granted dont[2]: Ignore the needs of growth and belief or power and transformation voiceNeutral: true","This aspect creates a flow between growth, belief, opportunity, and expansion and depth, power, pressure, release, and transformation.","Growth, belief, opportunity, and expansion and depth, power, pressure, release, and transformation may meet through flow, making the pattern more noticeable in ordinary choices.",It can help by making the relationship between these two needs more available to conscious use.,Letting the ease pass unused because nothing feels urgent.,The work is learning when this aspect is offering information and when it is running the pattern for you.,"Describe tendencies, not fixed identity. Keep astrology traceable. Avoid prediction.",packages/astro-knowledge/data/insights/natal-aspects/jupiter-trine-pluto.json
You,insights/natal-aspects,jupiter-trine-saturn,Natal Jupiter Trine Saturn,"displayTitle: Expansive Through Steady summary: Growth and belief flow with discipline and limits. This fluid pattern asks you to use optimism and maturity with awareness. body: Growth and belief flow with discipline and limits. This fluid pattern asks you to use optimism and maturity with awareness. Ambition grounded by realism; you grow at a sustainable pace. The pattern can flow easily, which is useful when it is conscious and easy to take for granted when it is not. In practice, this can show up through growth and belief, discipline and limits, and the choices you make when overreach or fear starts running the room. gift: The gift is optimism, maturity, and a more conscious way to work with growth and belief and discipline and limits. shadow: The shadow is overreach, fear, and repeating the same pattern without noticing what it is trying to teach. integration: Let growth and belief and discipline and limits cooperate without making either one carry the whole story. Balancing risk against prudence; unmanaged, it reads as inconsistency. do[0]: Name how growth and belief and discipline and limits are both involved do[1]: Use the easy opening deliberately do[2]: Turn optimism and maturity into one concrete choice dont[0]: Let overreach make the decision dont[1]: Take the talent for granted dont[2]: Ignore the needs of growth and belief or discipline and limits voiceNeutral: true","This aspect creates a flow between growth, belief, opportunity, and expansion and structure, limits, responsibility, time, and consequence.","Growth, belief, opportunity, and expansion and structure, limits, responsibility, time, and consequence may meet through flow, making the pattern more noticeable in ordinary choices.",It can help by making the relationship between these two needs more available to conscious use.,Letting the ease pass unused because nothing feels urgent.,The work is learning when this aspect is offering information and when it is running the pattern for you.,"Describe tendencies, not fixed identity. Keep astrology traceable. Avoid prediction.",packages/astro-knowledge/data/insights/natal-aspects/jupiter-trine-saturn.json
You,insights/natal-aspects,jupiter-trine-uranus,Natal Jupiter Trine Uranus,"displayTitle: Expansive Through Original summary: Growth and belief flow with freedom and disruption. This fluid pattern asks you to use optimism and originality with awareness. body: Growth and belief flow with freedom and disruption. This fluid pattern asks you to use optimism and originality with awareness. Seen as forward-thinking and ahead of the curve; you get away with it. The pattern can flow easily, which is useful when it is conscious and easy to take for granted when it is not. In practice, this can show up through growth and belief, freedom and disruption, and the choices you make when overreach or instability starts running the room. gift: The gift is optimism, originality, and a more conscious way to work with growth and belief and freedom and disruption. shadow: The shadow is overreach, instability, and repeating the same pattern without noticing what it is trying to teach. integration: Let growth and belief and freedom and disruption cooperate without making either one carry the whole story. Innovative thinking whose reception depends heavily on how it's framed. do[0]: Name how growth and belief and freedom and disruption are both involved do[1]: Use the easy opening deliberately do[2]: Turn optimism and originality into one concrete choice dont[0]: Let overreach make the decision dont[1]: Take the talent for granted dont[2]: Ignore the needs of growth and belief or freedom and disruption voiceNeutral: true","This aspect creates a flow between growth, belief, opportunity, and expansion and change, disruption, freedom, and originality.","Growth, belief, opportunity, and expansion and change, disruption, freedom, and originality may meet through flow, making the pattern more noticeable in ordinary choices.",It can help by making the relationship between these two needs more available to conscious use.,Letting the ease pass unused because nothing feels urgent.,The work is learning when this aspect is offering information and when it is running the pattern for you.,"Describe tendencies, not fixed identity. Keep astrology traceable. Avoid prediction.",packages/astro-knowledge/data/insights/natal-aspects/jupiter-trine-uranus.json
You,insights/natal-aspects,mars-conjunction-jupiter,Natal Mars Conjunction Jupiter,"displayTitle: Driven And Expansive summary: Drive and anger merge growth and belief. This concentrated pattern asks you to use courage and optimism with awareness. body: Drive and anger merge growth and belief. This concentrated pattern asks you to use courage and optimism with awareness. Energy meets expansion. Strong drive, confidence, and enthusiasm, sometimes to the point of recklessness. These drives sit close together, so the pattern may feel natural, immediate, and hard to separate. In practice, this can show up through drive and anger, growth and belief, and the choices you make when reactivity or overreach starts running the room. gift: The gift is courage, optimism, and a more conscious way to work with drive and anger and growth and belief. shadow: The shadow is reactivity, overreach, and repeating the same pattern without noticing what it is trying to teach. integration: Let drive and anger and growth and belief cooperate without making either one carry the whole story. Big drive and ambition; focus is what turns it into results rather than waste. do[0]: Name how drive and anger and growth and belief are both involved do[1]: Use the easy opening deliberately do[2]: Turn courage and optimism into one concrete choice dont[0]: Let reactivity make the decision dont[1]: Assume what feels natural is automatically balanced dont[2]: Ignore the needs of drive and anger or growth and belief voiceNeutral: true","This aspect creates a fusion between action, heat, courage, friction, and desire and growth, belief, opportunity, and expansion.","Action, heat, courage, friction, and desire and growth, belief, opportunity, and expansion may meet through fusion, making the pattern more noticeable in ordinary choices.",It can help by making the relationship between these two needs more available to conscious use.,Acting from the intensity before identifying the separate parts.,The work is learning when this aspect is offering information and when it is running the pattern for you.,"Describe tendencies, not fixed identity. Keep astrology traceable. Avoid prediction.",packages/astro-knowledge/data/insights/natal-aspects/mars-conjunction-jupiter.json
You,insights/natal-aspects,mars-conjunction-neptune,Natal Mars Conjunction Neptune,"displayTitle: Driven And Inspired summary: Drive and anger merge imagination and longing. This concentrated pattern asks you to use courage and compassion with awareness. body: Drive and anger merge imagination and longing. This concentrated pattern asks you to use courage and compassion with awareness. Drive meets imagination. Energy steered by vision and a persuasive, magnetic pull. These drives sit close together, so the pattern may feel natural, immediate, and hard to separate. In practice, this can show up through drive and anger, imagination and longing, and the choices you make when reactivity or confusion starts running the room. gift: The gift is courage, compassion, and a more conscious way to work with drive and anger and imagination and longing. shadow: The shadow is reactivity, confusion, and repeating the same pattern without noticing what it is trying to teach. integration: Let drive and anger and imagination and longing cooperate without making either one carry the whole story. Inspiring and persuasive; keep the aim concrete or the drive dissipates. do[0]: Name how drive and anger and imagination and longing are both involved do[1]: Use the easy opening deliberately do[2]: Turn courage and compassion into one concrete choice dont[0]: Let reactivity make the decision dont[1]: Assume what feels natural is automatically balanced dont[2]: Ignore the needs of drive and anger or imagination and longing voiceNeutral: true","This aspect creates a fusion between action, heat, courage, friction, and desire and imagination, longing, vision, sensitivity, and uncertainty.","Action, heat, courage, friction, and desire and imagination, longing, vision, sensitivity, and uncertainty may meet through fusion, making the pattern more noticeable in ordinary choices.",It can help by making the relationship between these two needs more available to conscious use.,Acting from the intensity before identifying the separate parts.,The work is learning when this aspect is offering information and when it is running the pattern for you.,"Describe tendencies, not fixed identity. Keep astrology traceable. Avoid prediction.",packages/astro-knowledge/data/insights/natal-aspects/mars-conjunction-neptune.json
You,insights/natal-aspects,mars-conjunction-pluto,Natal Mars Conjunction Pluto,"displayTitle: Driven And Intense summary: Drive and anger merge power and transformation. This concentrated pattern asks you to use courage and depth with awareness. body: Drive and anger merge power and transformation. This concentrated pattern asks you to use courage and depth with awareness. Drive meets power. Relentless force and a 'win at any cost' edge, with real capacity to eliminate or transform. These drives sit close together, so the pattern may feel natural, immediate, and hard to separate. In practice, this can show up through drive and anger, power and transformation, and the choices you make when reactivity or control starts running the room. gift: The gift is courage, depth, and a more conscious way to work with drive and anger and power and transformation. shadow: The shadow is reactivity, control, and repeating the same pattern without noticing what it is trying to teach. integration: Let drive and anger and power and transformation cooperate without making either one carry the whole story. Formidable drive; temper and overkill are the dangers. do[0]: Name how drive and anger and power and transformation are both involved do[1]: Use the easy opening deliberately do[2]: Turn courage and depth into one concrete choice dont[0]: Let reactivity make the decision dont[1]: Assume what feels natural is automatically balanced dont[2]: Ignore the needs of drive and anger or power and transformation voiceNeutral: true","This aspect creates a fusion between action, heat, courage, friction, and desire and depth, power, pressure, release, and transformation.","Action, heat, courage, friction, and desire and depth, power, pressure, release, and transformation may meet through fusion, making the pattern more noticeable in ordinary choices.",It can help by making the relationship between these two needs more available to conscious use.,Acting from the intensity before identifying the separate parts.,The work is learning when this aspect is offering information and when it is running the pattern for you.,"Describe tendencies, not fixed identity. Keep astrology traceable. Avoid prediction.",packages/astro-knowledge/data/insights/natal-aspects/mars-conjunction-pluto.json
You,insights/natal-aspects,mars-conjunction-saturn,Natal Mars Conjunction Saturn,"displayTitle: Driven And Steady summary: Drive and anger merge discipline and limits. This concentrated pattern asks you to use courage and maturity with awareness. body: Drive and anger merge discipline and limits. This concentrated pattern asks you to use courage and maturity with awareness. Drive meets limit. Disciplined endurance and the ability to pace yourself and keep going long after others quit. These drives sit close together, so the pattern may feel natural, immediate, and hard to separate. In practice, this can show up through drive and anger, discipline and limits, and the choices you make when reactivity or fear starts running the room. gift: The gift is courage, maturity, and a more conscious way to work with drive and anger and discipline and limits. shadow: The shadow is reactivity, fear, and repeating the same pattern without noticing what it is trying to teach. integration: Let drive and anger and discipline and limits cooperate without making either one carry the whole story. Endurance and discipline; the friction is the constant start-stop of push against restraint. do[0]: Name how drive and anger and discipline and limits are both involved do[1]: Use the easy opening deliberately do[2]: Turn courage and maturity into one concrete choice dont[0]: Let reactivity make the decision dont[1]: Assume what feels natural is automatically balanced dont[2]: Ignore the needs of drive and anger or discipline and limits voiceNeutral: true","This aspect creates a fusion between action, heat, courage, friction, and desire and structure, limits, responsibility, time, and consequence.","Action, heat, courage, friction, and desire and structure, limits, responsibility, time, and consequence may meet through fusion, making the pattern more noticeable in ordinary choices.",It can help by making the relationship between these two needs more available to conscious use.,Acting from the intensity before identifying the separate parts.,The work is learning when this aspect is offering information and when it is running the pattern for you.,"Describe tendencies, not fixed identity. Keep astrology traceable. Avoid prediction.",packages/astro-knowledge/data/insights/natal-aspects/mars-conjunction-saturn.json
You,insights/natal-aspects,mars-conjunction-uranus,Natal Mars Conjunction Uranus,"displayTitle: Driven And Original summary: Drive and anger merge freedom and disruption. This concentrated pattern asks you to use courage and originality with awareness. body: Drive and anger merge freedom and disruption. This concentrated pattern asks you to use courage and originality with awareness. Action meets disruption. Impulsive, risk-taking, rebellious energy, with impatience and a pull toward technology. These drives sit close together, so the pattern may feel natural, immediate, and hard to separate. In practice, this can show up through drive and anger, freedom and disruption, and the choices you make when reactivity or instability starts running the room. gift: The gift is courage, originality, and a more conscious way to work with drive and anger and freedom and disruption. shadow: The shadow is reactivity, instability, and repeating the same pattern without noticing what it is trying to teach. integration: Let drive and anger and freedom and disruption cooperate without making either one carry the whole story. Innovative and fast; the cost is recklessness and volatility. do[0]: Name how drive and anger and freedom and disruption are both involved do[1]: Use the easy opening deliberately do[2]: Turn courage and originality into one concrete choice dont[0]: Let reactivity make the decision dont[1]: Assume what feels natural is automatically balanced dont[2]: Ignore the needs of drive and anger or freedom and disruption voiceNeutral: true","This aspect creates a fusion between action, heat, courage, friction, and desire and change, disruption, freedom, and originality.",The need for freedom or speed may override patience if the pressure is not named.,It can help by making the relationship between these two needs more available to conscious use.,Acting from the intensity before identifying the separate parts.,The work is learning when this aspect is offering information and when it is running the pattern for you.,"Describe tendencies, not fixed identity. Keep astrology traceable. Avoid prediction.",packages/astro-knowledge/data/insights/natal-aspects/mars-conjunction-uranus.json
You,insights/natal-aspects,mars-opposition-jupiter,Natal Mars Opposition Jupiter,"displayTitle: Driven Across Expansive summary: Drive and anger mirror growth and belief. This polarized pattern asks you to use courage and optimism with awareness. body: Drive and anger mirror growth and belief. This polarized pattern asks you to use courage and optimism with awareness. Shortened temper and patience, and energy scattered across one ill-considered pursuit after another. The two sides may appear through contrast, projection, or relationships until you learn to hold both directly. In practice, this can show up through drive and anger, growth and belief, and the choices you make when reactivity or overreach starts running the room. gift: The gift is courage, optimism, and a more conscious way to work with drive and anger and growth and belief. shadow: The shadow is reactivity, overreach, and repeating the same pattern without noticing what it is trying to teach. integration: Let drive and anger and growth and belief cooperate without making either one carry the whole story. Big drive and ambition; focus is what turns it into results rather than waste. do[0]: Name how drive and anger and growth and belief are both involved do[1]: Pause before choosing the most familiar reaction do[2]: Turn courage and optimism into one concrete choice dont[0]: Let reactivity make the decision dont[1]: Treat tension as proof that something is wrong dont[2]: Ignore the needs of drive and anger or growth and belief voiceNeutral: true","This aspect creates a polarity between action, heat, courage, friction, and desire and growth, belief, opportunity, and expansion.","Action, heat, courage, friction, and desire and growth, belief, opportunity, and expansion may meet through polarity, making the pattern more noticeable in ordinary choices.",It can help by making the relationship between these two needs more available to conscious use.,Turning tension into a standoff instead of a clearer understanding.,The work is learning when this aspect is offering information and when it is running the pattern for you.,"Describe tendencies, not fixed identity. Keep astrology traceable. Avoid prediction.",packages/astro-knowledge/data/insights/natal-aspects/mars-opposition-jupiter.json
You,insights/natal-aspects,mars-opposition-neptune,Natal Mars Opposition Neptune,"displayTitle: Driven Across Inspired summary: Drive and anger mirror imagination and longing. This polarized pattern asks you to use courage and compassion with awareness. body: Drive and anger mirror imagination and longing. This polarized pattern asks you to use courage and compassion with awareness. Misdirected effort: setting off one way and ending up another, with energy quietly draining away. The two sides may appear through contrast, projection, or relationships until you learn to hold both directly. In practice, this can show up through drive and anger, imagination and longing, and the choices you make when reactivity or confusion starts running the room. gift: The gift is courage, compassion, and a more conscious way to work with drive and anger and imagination and longing. shadow: The shadow is reactivity, confusion, and repeating the same pattern without noticing what it is trying to teach. integration: Let drive and anger and imagination and longing cooperate without making either one carry the whole story. Inspiring and persuasive; keep the aim concrete or the drive dissipates. do[0]: Name how drive and anger and imagination and longing are both involved do[1]: Pause before choosing the most familiar reaction do[2]: Turn courage and compassion into one concrete choice dont[0]: Let reactivity make the decision dont[1]: Treat tension as proof that something is wrong dont[2]: Ignore the needs of drive and anger or imagination and longing voiceNeutral: true","This aspect creates a polarity between action, heat, courage, friction, and desire and imagination, longing, vision, sensitivity, and uncertainty.","Action, heat, courage, friction, and desire and imagination, longing, vision, sensitivity, and uncertainty may meet through polarity, making the pattern more noticeable in ordinary choices.",It can help by making the relationship between these two needs more available to conscious use.,Turning tension into a standoff instead of a clearer understanding.,The work is learning when this aspect is offering information and when it is running the pattern for you.,"Describe tendencies, not fixed identity. Keep astrology traceable. Avoid prediction.",packages/astro-knowledge/data/insights/natal-aspects/mars-opposition-neptune.json
You,insights/natal-aspects,mars-opposition-pluto,Natal Mars Opposition Pluto,"displayTitle: Forceful Or Combative summary: Your will can be formidable. Conflict may expose where power, fear, and desire are already charged. body: Mars opposition Pluto describes intense drive, strong survival instincts, and a complicated relationship with force. You may sense power dynamics quickly and resist being dominated, sometimes before anyone has made a move. This can give enormous stamina, courage, and capacity for transformation, but it can also turn conflict into a battle for control. The gift is focused power. The growth is learning when to apply force, when to stand down, and when the real fight is with an old pattern. gift: Stamina, courage, strategic force, and the ability to confront difficult realities directly. shadow: Power struggles, coercion, suppressed anger, and treating every challenge as a contest of wills. integration: Use intensity with consent and purpose. Power becomes cleaner when it is not trying to prove that no one can control you. do[0]: Pause before escalating do[1]: Channel force into focused work do[2]: Ask what power dynamic is being activated dont[0]: Fight just to avoid feeling vulnerable dont[1]: Use pressure to get honesty dont[2]: Assume backing down means losing voiceNeutral: true","This aspect creates a polarity between action, heat, courage, friction, and desire and depth, power, pressure, release, and transformation.","Action, heat, courage, friction, and desire and depth, power, pressure, release, and transformation may meet through polarity, making the pattern more noticeable in ordinary choices.",It can help by making the relationship between these two needs more available to conscious use.,Turning tension into a standoff instead of a clearer understanding.,The work is learning when this aspect is offering information and when it is running the pattern for you.,"Describe tendencies, not fixed identity. Keep astrology traceable. Avoid prediction.",packages/astro-knowledge/data/insights/natal-aspects/mars-opposition-pluto.json
You,insights/natal-aspects,mars-opposition-saturn,Natal Mars Opposition Saturn,"displayTitle: Driven Across Steady summary: Drive and anger mirror discipline and limits. This polarized pattern asks you to use courage and maturity with awareness. body: Drive and anger mirror discipline and limits. This polarized pattern asks you to use courage and maturity with awareness. Gas and brake at once: jerky, stop-start progress, frustration, and a need to avoid burning bridges in case of retreat. The two sides may appear through contrast, projection, or relationships until you learn to hold both directly. In practice, this can show up through drive and anger, discipline and limits, and the choices you make when reactivity or fear starts running the room. gift: The gift is courage, maturity, and a more conscious way to work with drive and anger and discipline and limits. shadow: The shadow is reactivity, fear, and repeating the same pattern without noticing what it is trying to teach. integration: Let drive and anger and discipline and limits cooperate without making either one carry the whole story. Endurance and discipline; the friction is the constant start-stop of push against restraint. do[0]: Name how drive and anger and discipline and limits are both involved do[1]: Pause before choosing the most familiar reaction do[2]: Turn courage and maturity into one concrete choice dont[0]: Let reactivity make the decision dont[1]: Treat tension as proof that something is wrong dont[2]: Ignore the needs of drive and anger or discipline and limits voiceNeutral: true","This aspect creates a polarity between action, heat, courage, friction, and desire and structure, limits, responsibility, time, and consequence.","Action, heat, courage, friction, and desire and structure, limits, responsibility, time, and consequence may meet through polarity, making the pattern more noticeable in ordinary choices.",It can help by making the relationship between these two needs more available to conscious use.,Turning tension into a standoff instead of a clearer understanding.,The work is learning when this aspect is offering information and when it is running the pattern for you.,"Describe tendencies, not fixed identity. Keep astrology traceable. Avoid prediction.",packages/astro-knowledge/data/insights/natal-aspects/mars-opposition-saturn.json
You,insights/natal-aspects,mars-opposition-uranus,Natal Mars Opposition Uranus,"displayTitle: Driven Across Original summary: Drive and anger mirror freedom and disruption. This polarized pattern asks you to use courage and originality with awareness. body: Drive and anger mirror freedom and disruption. This polarized pattern asks you to use courage and originality with awareness. Accident-proneness, a temper that goes off like a shot, and unpredictable tactics that either win big or backfire fast. The two sides may appear through contrast, projection, or relationships until you learn to hold both directly. In practice, this can show up through drive and anger, freedom and disruption, and the choices you make when reactivity or instability starts running the room. gift: The gift is courage, originality, and a more conscious way to work with drive and anger and freedom and disruption. shadow: The shadow is reactivity, instability, and repeating the same pattern without noticing what it is trying to teach. integration: Let drive and anger and freedom and disruption cooperate without making either one carry the whole story. Innovative and fast; the cost is recklessness and volatility. do[0]: Name how drive and anger and freedom and disruption are both involved do[1]: Pause before choosing the most familiar reaction do[2]: Turn courage and originality into one concrete choice dont[0]: Let reactivity make the decision dont[1]: Treat tension as proof that something is wrong dont[2]: Ignore the needs of drive and anger or freedom and disruption voiceNeutral: true","This aspect creates a polarity between action, heat, courage, friction, and desire and change, disruption, freedom, and originality.",The need for freedom or speed may override patience if the pressure is not named.,It can help by making the relationship between these two needs more available to conscious use.,Turning tension into a standoff instead of a clearer understanding.,The work is learning when this aspect is offering information and when it is running the pattern for you.,"Describe tendencies, not fixed identity. Keep astrology traceable. Avoid prediction.",packages/astro-knowledge/data/insights/natal-aspects/mars-opposition-uranus.json
You,insights/natal-aspects,mars-sextile-jupiter,Natal Mars Sextile Jupiter,"displayTitle: Driven With Expansive summary: Drive and anger support growth and belief. This cooperative pattern asks you to use courage and optimism with awareness. body: Drive and anger support growth and belief. This cooperative pattern asks you to use courage and optimism with awareness. High energy directed toward real accomplishment. The connection is available when you choose to use it; it works best through deliberate practice. In practice, this can show up through drive and anger, growth and belief, and the choices you make when reactivity or overreach starts running the room. gift: The gift is courage, optimism, and a more conscious way to work with drive and anger and growth and belief. shadow: The shadow is reactivity, overreach, and repeating the same pattern without noticing what it is trying to teach. integration: Let drive and anger and growth and belief cooperate without making either one carry the whole story. Big drive and ambition; focus is what turns it into results rather than waste. do[0]: Name how drive and anger and growth and belief are both involved do[1]: Use the easy opening deliberately do[2]: Turn courage and optimism into one concrete choice dont[0]: Let reactivity make the decision dont[1]: Take the talent for granted dont[2]: Ignore the needs of drive and anger or growth and belief voiceNeutral: true","This aspect creates a opening between action, heat, courage, friction, and desire and growth, belief, opportunity, and expansion.","Action, heat, courage, friction, and desire and growth, belief, opportunity, and expansion may meet through opening, making the pattern more noticeable in ordinary choices.",It can help by making the relationship between these two needs more available to conscious use.,Coasting on the good idea without turning it into anything concrete.,The work is learning when this aspect is offering information and when it is running the pattern for you.,"Describe tendencies, not fixed identity. Keep astrology traceable. Avoid prediction.",packages/astro-knowledge/data/insights/natal-aspects/mars-sextile-jupiter.json
You,insights/natal-aspects,mars-sextile-neptune,Natal Mars Sextile Neptune,"displayTitle: Driven With Inspired summary: Drive and anger support imagination and longing. This cooperative pattern asks you to use courage and compassion with awareness. body: Drive and anger support imagination and longing. This cooperative pattern asks you to use courage and compassion with awareness. Charismatic motivation; action aligned with imagination. The connection is available when you choose to use it; it works best through deliberate practice. In practice, this can show up through drive and anger, imagination and longing, and the choices you make when reactivity or confusion starts running the room. gift: The gift is courage, compassion, and a more conscious way to work with drive and anger and imagination and longing. shadow: The shadow is reactivity, confusion, and repeating the same pattern without noticing what it is trying to teach. integration: Let drive and anger and imagination and longing cooperate without making either one carry the whole story. Inspiring and persuasive; keep the aim concrete or the drive dissipates. do[0]: Name how drive and anger and imagination and longing are both involved do[1]: Use the easy opening deliberately do[2]: Turn courage and compassion into one concrete choice dont[0]: Let reactivity make the decision dont[1]: Take the talent for granted dont[2]: Ignore the needs of drive and anger or imagination and longing voiceNeutral: true","This aspect creates a opening between action, heat, courage, friction, and desire and imagination, longing, vision, sensitivity, and uncertainty.","Action, heat, courage, friction, and desire and imagination, longing, vision, sensitivity, and uncertainty may meet through opening, making the pattern more noticeable in ordinary choices.",It can help by making the relationship between these two needs more available to conscious use.,Coasting on the good idea without turning it into anything concrete.,The work is learning when this aspect is offering information and when it is running the pattern for you.,"Describe tendencies, not fixed identity. Keep astrology traceable. Avoid prediction.",packages/astro-knowledge/data/insights/natal-aspects/mars-sextile-neptune.json
You,insights/natal-aspects,mars-sextile-pluto,Natal Mars Sextile Pluto,"displayTitle: Driven With Intense summary: Drive and anger support power and transformation. This cooperative pattern asks you to use courage and depth with awareness. body: Drive and anger support power and transformation. This cooperative pattern asks you to use courage and depth with awareness. Strength and stamina without the strain. The connection is available when you choose to use it; it works best through deliberate practice. In practice, this can show up through drive and anger, power and transformation, and the choices you make when reactivity or control starts running the room. gift: The gift is courage, depth, and a more conscious way to work with drive and anger and power and transformation. shadow: The shadow is reactivity, control, and repeating the same pattern without noticing what it is trying to teach. integration: Let drive and anger and power and transformation cooperate without making either one carry the whole story. Formidable drive; temper and overkill are the dangers. do[0]: Name how drive and anger and power and transformation are both involved do[1]: Use the easy opening deliberately do[2]: Turn courage and depth into one concrete choice dont[0]: Let reactivity make the decision dont[1]: Take the talent for granted dont[2]: Ignore the needs of drive and anger or power and transformation voiceNeutral: true","This aspect creates a opening between action, heat, courage, friction, and desire and depth, power, pressure, release, and transformation.","Action, heat, courage, friction, and desire and depth, power, pressure, release, and transformation may meet through opening, making the pattern more noticeable in ordinary choices.",It can help by making the relationship between these two needs more available to conscious use.,Coasting on the good idea without turning it into anything concrete.,The work is learning when this aspect is offering information and when it is running the pattern for you.,"Describe tendencies, not fixed identity. Keep astrology traceable. Avoid prediction.",packages/astro-knowledge/data/insights/natal-aspects/mars-sextile-pluto.json
You,insights/natal-aspects,mars-sextile-saturn,Natal Mars Sextile Saturn,"displayTitle: Driven With Steady summary: Drive and anger support discipline and limits. This cooperative pattern asks you to use courage and maturity with awareness. body: Drive and anger support discipline and limits. This cooperative pattern asks you to use courage and maturity with awareness. Stamina and controlled, sustained effort. The connection is available when you choose to use it; it works best through deliberate practice. In practice, this can show up through drive and anger, discipline and limits, and the choices you make when reactivity or fear starts running the room. gift: The gift is courage, maturity, and a more conscious way to work with drive and anger and discipline and limits. shadow: The shadow is reactivity, fear, and repeating the same pattern without noticing what it is trying to teach. integration: Let drive and anger and discipline and limits cooperate without making either one carry the whole story. Endurance and discipline; the friction is the constant start-stop of push against restraint. do[0]: Name how drive and anger and discipline and limits are both involved do[1]: Use the easy opening deliberately do[2]: Turn courage and maturity into one concrete choice dont[0]: Let reactivity make the decision dont[1]: Take the talent for granted dont[2]: Ignore the needs of drive and anger or discipline and limits voiceNeutral: true","This aspect creates a opening between action, heat, courage, friction, and desire and structure, limits, responsibility, time, and consequence.","Action, heat, courage, friction, and desire and structure, limits, responsibility, time, and consequence may meet through opening, making the pattern more noticeable in ordinary choices.",It can help by making the relationship between these two needs more available to conscious use.,Coasting on the good idea without turning it into anything concrete.,The work is learning when this aspect is offering information and when it is running the pattern for you.,"Describe tendencies, not fixed identity. Keep astrology traceable. Avoid prediction.",packages/astro-knowledge/data/insights/natal-aspects/mars-sextile-saturn.json
You,insights/natal-aspects,mars-sextile-uranus,Natal Mars Sextile Uranus,"displayTitle: Driven With Original summary: Drive and anger support freedom and disruption. This cooperative pattern asks you to use courage and originality with awareness. body: Drive and anger support freedom and disruption. This cooperative pattern asks you to use courage and originality with awareness. Quick, original action and inventive problem-solving. The connection is available when you choose to use it; it works best through deliberate practice. In practice, this can show up through drive and anger, freedom and disruption, and the choices you make when reactivity or instability starts running the room. gift: The gift is courage, originality, and a more conscious way to work with drive and anger and freedom and disruption. shadow: The shadow is reactivity, instability, and repeating the same pattern without noticing what it is trying to teach. integration: Let drive and anger and freedom and disruption cooperate without making either one carry the whole story. Innovative and fast; the cost is recklessness and volatility. do[0]: Name how drive and anger and freedom and disruption are both involved do[1]: Use the easy opening deliberately do[2]: Turn courage and originality into one concrete choice dont[0]: Let reactivity make the decision dont[1]: Take the talent for granted dont[2]: Ignore the needs of drive and anger or freedom and disruption voiceNeutral: true","This aspect creates a opening between action, heat, courage, friction, and desire and change, disruption, freedom, and originality.",The need for freedom or speed may override patience if the pressure is not named.,It can help by making the relationship between these two needs more available to conscious use.,Coasting on the good idea without turning it into anything concrete.,The work is learning when this aspect is offering information and when it is running the pattern for you.,"Describe tendencies, not fixed identity. Keep astrology traceable. Avoid prediction.",packages/astro-knowledge/data/insights/natal-aspects/mars-sextile-uranus.json
You,insights/natal-aspects,mars-square-jupiter,Natal Mars Square Jupiter,"displayTitle: Driven Or Expansive summary: Drive and anger press against growth and belief. This frictional pattern asks you to use courage and optimism with awareness. body: Drive and anger press against growth and belief. This frictional pattern asks you to use courage and optimism with awareness. Shortened temper and patience, and energy scattered across one ill-considered pursuit after another. The friction makes the pattern noticeable, especially when pressure forces an adjustment. In practice, this can show up through drive and anger, growth and belief, and the choices you make when reactivity or overreach starts running the room. gift: The gift is courage, optimism, and a more conscious way to work with drive and anger and growth and belief. shadow: The shadow is reactivity, overreach, and repeating the same pattern without noticing what it is trying to teach. integration: Let drive and anger and growth and belief cooperate without making either one carry the whole story. Big drive and ambition; focus is what turns it into results rather than waste. do[0]: Name how drive and anger and growth and belief are both involved do[1]: Pause before choosing the most familiar reaction do[2]: Turn courage and optimism into one concrete choice dont[0]: Let reactivity make the decision dont[1]: Treat tension as proof that something is wrong dont[2]: Ignore the needs of drive and anger or growth and belief voiceNeutral: true","This aspect creates a friction between action, heat, courage, friction, and desire and growth, belief, opportunity, and expansion.","Action, heat, courage, friction, and desire and growth, belief, opportunity, and expansion may meet through friction, making the pattern more noticeable in ordinary choices.",It can help by making the relationship between these two needs more available to conscious use.,Forcing a decision just to end the discomfort.,The work is learning when this aspect is offering information and when it is running the pattern for you.,"Describe tendencies, not fixed identity. Keep astrology traceable. Avoid prediction.",packages/astro-knowledge/data/insights/natal-aspects/mars-square-jupiter.json
You,insights/natal-aspects,mars-square-neptune,Natal Mars Square Neptune,"displayTitle: Driven Or Inspired summary: Drive and anger press against imagination and longing. This frictional pattern asks you to use courage and compassion with awareness. body: Drive and anger press against imagination and longing. This frictional pattern asks you to use courage and compassion with awareness. Misdirected effort: setting off one way and ending up another, with energy quietly draining away. The friction makes the pattern noticeable, especially when pressure forces an adjustment. In practice, this can show up through drive and anger, imagination and longing, and the choices you make when reactivity or confusion starts running the room. gift: The gift is courage, compassion, and a more conscious way to work with drive and anger and imagination and longing. shadow: The shadow is reactivity, confusion, and repeating the same pattern without noticing what it is trying to teach. integration: Let drive and anger and imagination and longing cooperate without making either one carry the whole story. Inspiring and persuasive; keep the aim concrete or the drive dissipates. do[0]: Name how drive and anger and imagination and longing are both involved do[1]: Pause before choosing the most familiar reaction do[2]: Turn courage and compassion into one concrete choice dont[0]: Let reactivity make the decision dont[1]: Treat tension as proof that something is wrong dont[2]: Ignore the needs of drive and anger or imagination and longing voiceNeutral: true","This aspect creates a friction between action, heat, courage, friction, and desire and imagination, longing, vision, sensitivity, and uncertainty.","Action, heat, courage, friction, and desire and imagination, longing, vision, sensitivity, and uncertainty may meet through friction, making the pattern more noticeable in ordinary choices.",It can help by making the relationship between these two needs more available to conscious use.,Forcing a decision just to end the discomfort.,The work is learning when this aspect is offering information and when it is running the pattern for you.,"Describe tendencies, not fixed identity. Keep astrology traceable. Avoid prediction.",packages/astro-knowledge/data/insights/natal-aspects/mars-square-neptune.json
You,insights/natal-aspects,mars-square-pluto,Natal Mars Square Pluto,"displayTitle: Driven Or Intense summary: Drive and anger press against power and transformation. This frictional pattern asks you to use courage and depth with awareness. body: Drive and anger press against power and transformation. This frictional pattern asks you to use courage and depth with awareness. Volcanic temper and a tendency to destroy work before it's finished. The friction makes the pattern noticeable, especially when pressure forces an adjustment. In practice, this can show up through drive and anger, power and transformation, and the choices you make when reactivity or control starts running the room. gift: The gift is courage, depth, and a more conscious way to work with drive and anger and power and transformation. shadow: The shadow is reactivity, control, and repeating the same pattern without noticing what it is trying to teach. integration: Let drive and anger and power and transformation cooperate without making either one carry the whole story. Formidable drive; temper and overkill are the dangers. do[0]: Name how drive and anger and power and transformation are both involved do[1]: Pause before choosing the most familiar reaction do[2]: Turn courage and depth into one concrete choice dont[0]: Let reactivity make the decision dont[1]: Treat tension as proof that something is wrong dont[2]: Ignore the needs of drive and anger or power and transformation voiceNeutral: true","This aspect creates a friction between action, heat, courage, friction, and desire and depth, power, pressure, release, and transformation.","Action, heat, courage, friction, and desire and depth, power, pressure, release, and transformation may meet through friction, making the pattern more noticeable in ordinary choices.",It can help by making the relationship between these two needs more available to conscious use.,Forcing a decision just to end the discomfort.,The work is learning when this aspect is offering information and when it is running the pattern for you.,"Describe tendencies, not fixed identity. Keep astrology traceable. Avoid prediction.",packages/astro-knowledge/data/insights/natal-aspects/mars-square-pluto.json
You,insights/natal-aspects,mars-square-saturn,Natal Mars Square Saturn,"displayTitle: Blocked Or Built summary: Your drive may meet resistance early. That pressure can become frustration, or it can become extraordinary stamina. body: Mars square Saturn describes action shaped by limits. You may feel that effort takes more time, more control, or more permission than it seems to take for other people. Anger can build when movement is blocked, and fear can make you stop before you start. Yet this aspect also gives the capacity to work under pressure, master difficult skills, and keep going when quick motivation fails. The growth is learning to move steadily without turning every obstacle into a judgment against you. gift: Endurance, strategic effort, controlled force, and the ability to finish hard things. shadow: Frustration, suppressed anger, fear of starting, and pushing yourself until effort becomes punishment. integration: Work with resistance instead of only fighting it. Pace, structure, and direct anger give your drive a path. do[0]: Break hard goals into visible steps do[1]: Use frustration as information do[2]: Practice direct action before resentment builds dont[0]: Assume slow means impossible dont[1]: Turn discipline into self-attack dont[2]: Wait for permission to begin voiceNeutral: true","This aspect creates a friction between action, heat, courage, friction, and desire and structure, limits, responsibility, time, and consequence.","Action, heat, courage, friction, and desire and structure, limits, responsibility, time, and consequence may meet through friction, making the pattern more noticeable in ordinary choices.",It can help by making the relationship between these two needs more available to conscious use.,Forcing a decision just to end the discomfort.,The work is learning when this aspect is offering information and when it is running the pattern for you.,"Describe tendencies, not fixed identity. Keep astrology traceable. Avoid prediction.",packages/astro-knowledge/data/insights/natal-aspects/mars-square-saturn.json
You,insights/natal-aspects,mars-square-uranus,Natal Mars Square Uranus,"displayTitle: Restless Or Unstoppable summary: Your drive moves fast, and your nervous system does not like being handled. When pressure builds, you may break pattern before you explain yourself. body: Mars square Uranus describes a person with sharp ignition: quick reactions, a strong need for autonomy, and a low tolerance for being boxed in. You may act before the room has caught up, especially when you feel controlled, delayed, or underestimated. At its best, this aspect gives courage, speed, originality, and the ability to move when everyone else freezes. The growth is learning the difference between a clean act of freedom and a reflexive strike against anything that feels like a limit. gift: Fast, original action; courage under pressure; the ability to interrupt stale patterns and move toward a freer option. shadow: Impulsiveness, volatility, unnecessary risk, and fighting the constraint before checking whether it is real. integration: Give your body a direct outlet and your choices a short pause. You do not need to become tame; you need enough timing to make your freedom effective. do[0]: Move your body before making high-stakes decisions do[1]: Name the rule you are resisting do[2]: Choose one clean action instead of five reactive ones dont[0]: Mistake urgency for truth dont[1]: Start a conflict just to feel unstuck dont[2]: Treat every request as a threat to your independence voiceNeutral: true","This aspect creates a friction between action, heat, courage, friction, and desire and change, disruption, freedom, and originality.",The need for freedom or speed may override patience if the pressure is not named.,It can help by making the relationship between these two needs more available to conscious use.,Forcing a decision just to end the discomfort.,The work is learning when this aspect is offering information and when it is running the pattern for you.,"Describe tendencies, not fixed identity. Keep astrology traceable. Avoid prediction.",packages/astro-knowledge/data/insights/natal-aspects/mars-square-uranus.json
You,insights/natal-aspects,mars-trine-jupiter,Natal Mars Trine Jupiter,"displayTitle: Bold Or Overconfident summary: Your action grows when you believe in the direction. Courage and momentum can arrive together. body: Mars trine Jupiter describes confident action, physical enthusiasm, and a strong appetite for growth. You may move quickly when a goal feels meaningful, and your courage can inspire others to try more than they thought they could. This aspect supports enterprise, athletics, advocacy, travel, leadership, and work that requires momentum. The shadow is overreach: assuming energy will cover the details or taking a risk because the mood says yes. The gift is brave expansion. The growth is letting judgment steer the engine. gift: Courage, motivation, enterprise, confidence, and the ability to act on opportunity. shadow: Overconfidence, impatience, excess risk, and skipping preparation because momentum feels good. integration: Let enthusiasm move you, then give it a plan. The best leap still needs a landing place. do[0]: Act when purpose is clear do[1]: Pair confidence with preparation do[2]: Use momentum to help others move too dont[0]: Assume luck replaces skill dont[1]: Take the biggest risk just because it is available dont[2]: Turn excitement into pressure voiceNeutral: true","This aspect creates a flow between action, heat, courage, friction, and desire and growth, belief, opportunity, and expansion.","Action, heat, courage, friction, and desire and growth, belief, opportunity, and expansion may meet through flow, making the pattern more noticeable in ordinary choices.",It can help by making the relationship between these two needs more available to conscious use.,Letting the ease pass unused because nothing feels urgent.,The work is learning when this aspect is offering information and when it is running the pattern for you.,"Describe tendencies, not fixed identity. Keep astrology traceable. Avoid prediction.",packages/astro-knowledge/data/insights/natal-aspects/mars-trine-jupiter.json
You,insights/natal-aspects,mars-trine-neptune,Natal Mars Trine Neptune,"displayTitle: Driven Through Inspired summary: Drive and anger flow with imagination and longing. This fluid pattern asks you to use courage and compassion with awareness. body: Drive and anger flow with imagination and longing. This fluid pattern asks you to use courage and compassion with awareness. Charismatic motivation; action aligned with imagination. The pattern can flow easily, which is useful when it is conscious and easy to take for granted when it is not. In practice, this can show up through drive and anger, imagination and longing, and the choices you make when reactivity or confusion starts running the room. gift: The gift is courage, compassion, and a more conscious way to work with drive and anger and imagination and longing. shadow: The shadow is reactivity, confusion, and repeating the same pattern without noticing what it is trying to teach. integration: Let drive and anger and imagination and longing cooperate without making either one carry the whole story. Inspiring and persuasive; keep the aim concrete or the drive dissipates. do[0]: Name how drive and anger and imagination and longing are both involved do[1]: Use the easy opening deliberately do[2]: Turn courage and compassion into one concrete choice dont[0]: Let reactivity make the decision dont[1]: Take the talent for granted dont[2]: Ignore the needs of drive and anger or imagination and longing voiceNeutral: true","This aspect creates a flow between action, heat, courage, friction, and desire and imagination, longing, vision, sensitivity, and uncertainty.","Action, heat, courage, friction, and desire and imagination, longing, vision, sensitivity, and uncertainty may meet through flow, making the pattern more noticeable in ordinary choices.",It can help by making the relationship between these two needs more available to conscious use.,Letting the ease pass unused because nothing feels urgent.,The work is learning when this aspect is offering information and when it is running the pattern for you.,"Describe tendencies, not fixed identity. Keep astrology traceable. Avoid prediction.",packages/astro-knowledge/data/insights/natal-aspects/mars-trine-neptune.json
You,insights/natal-aspects,mars-trine-pluto,Natal Mars Trine Pluto,"displayTitle: Driven Through Intense summary: Drive and anger flow with power and transformation. This fluid pattern asks you to use courage and depth with awareness. body: Drive and anger flow with power and transformation. This fluid pattern asks you to use courage and depth with awareness. Strength and stamina without the strain. The pattern can flow easily, which is useful when it is conscious and easy to take for granted when it is not. In practice, this can show up through drive and anger, power and transformation, and the choices you make when reactivity or control starts running the room. gift: The gift is courage, depth, and a more conscious way to work with drive and anger and power and transformation. shadow: The shadow is reactivity, control, and repeating the same pattern without noticing what it is trying to teach. integration: Let drive and anger and power and transformation cooperate without making either one carry the whole story. Formidable drive; temper and overkill are the dangers. do[0]: Name how drive and anger and power and transformation are both involved do[1]: Use the easy opening deliberately do[2]: Turn courage and depth into one concrete choice dont[0]: Let reactivity make the decision dont[1]: Take the talent for granted dont[2]: Ignore the needs of drive and anger or power and transformation voiceNeutral: true","This aspect creates a flow between action, heat, courage, friction, and desire and depth, power, pressure, release, and transformation.","Action, heat, courage, friction, and desire and depth, power, pressure, release, and transformation may meet through flow, making the pattern more noticeable in ordinary choices.",It can help by making the relationship between these two needs more available to conscious use.,Letting the ease pass unused because nothing feels urgent.,The work is learning when this aspect is offering information and when it is running the pattern for you.,"Describe tendencies, not fixed identity. Keep astrology traceable. Avoid prediction.",packages/astro-knowledge/data/insights/natal-aspects/mars-trine-pluto.json
You,insights/natal-aspects,mars-trine-saturn,Natal Mars Trine Saturn,"displayTitle: Driven Through Steady summary: Drive and anger flow with discipline and limits. This fluid pattern asks you to use courage and maturity with awareness. body: Drive and anger flow with discipline and limits. This fluid pattern asks you to use courage and maturity with awareness. Stamina and controlled, sustained effort. The pattern can flow easily, which is useful when it is conscious and easy to take for granted when it is not. In practice, this can show up through drive and anger, discipline and limits, and the choices you make when reactivity or fear starts running the room. gift: The gift is courage, maturity, and a more conscious way to work with drive and anger and discipline and limits. shadow: The shadow is reactivity, fear, and repeating the same pattern without noticing what it is trying to teach. integration: Let drive and anger and discipline and limits cooperate without making either one carry the whole story. Endurance and discipline; the friction is the constant start-stop of push against restraint. do[0]: Name how drive and anger and discipline and limits are both involved do[1]: Use the easy opening deliberately do[2]: Turn courage and maturity into one concrete choice dont[0]: Let reactivity make the decision dont[1]: Take the talent for granted dont[2]: Ignore the needs of drive and anger or discipline and limits voiceNeutral: true","This aspect creates a flow between action, heat, courage, friction, and desire and structure, limits, responsibility, time, and consequence.","Action, heat, courage, friction, and desire and structure, limits, responsibility, time, and consequence may meet through flow, making the pattern more noticeable in ordinary choices.",It can help by making the relationship between these two needs more available to conscious use.,Letting the ease pass unused because nothing feels urgent.,The work is learning when this aspect is offering information and when it is running the pattern for you.,"Describe tendencies, not fixed identity. Keep astrology traceable. Avoid prediction.",packages/astro-knowledge/data/insights/natal-aspects/mars-trine-saturn.json
You,insights/natal-aspects,mars-trine-uranus,Natal Mars Trine Uranus,"displayTitle: Driven Through Original summary: Drive and anger flow with freedom and disruption. This fluid pattern asks you to use courage and originality with awareness. body: Drive and anger flow with freedom and disruption. This fluid pattern asks you to use courage and originality with awareness. Quick, original action and inventive problem-solving. The pattern can flow easily, which is useful when it is conscious and easy to take for granted when it is not. In practice, this can show up through drive and anger, freedom and disruption, and the choices you make when reactivity or instability starts running the room. gift: The gift is courage, originality, and a more conscious way to work with drive and anger and freedom and disruption. shadow: The shadow is reactivity, instability, and repeating the same pattern without noticing what it is trying to teach. integration: Let drive and anger and freedom and disruption cooperate without making either one carry the whole story. Innovative and fast; the cost is recklessness and volatility. do[0]: Name how drive and anger and freedom and disruption are both involved do[1]: Use the easy opening deliberately do[2]: Turn courage and originality into one concrete choice dont[0]: Let reactivity make the decision dont[1]: Take the talent for granted dont[2]: Ignore the needs of drive and anger or freedom and disruption voiceNeutral: true","This aspect creates a flow between action, heat, courage, friction, and desire and change, disruption, freedom, and originality.",The need for freedom or speed may override patience if the pressure is not named.,It can help by making the relationship between these two needs more available to conscious use.,Letting the ease pass unused because nothing feels urgent.,The work is learning when this aspect is offering information and when it is running the pattern for you.,"Describe tendencies, not fixed identity. Keep astrology traceable. Avoid prediction.",packages/astro-knowledge/data/insights/natal-aspects/mars-trine-uranus.json
You,insights/natal-aspects,mercury-conjunction-jupiter,Natal Mercury Conjunction Jupiter,"displayTitle: Perceptive And Expansive summary: Thinking and speech merge growth and belief. This concentrated pattern asks you to use clear thinking and optimism with awareness. body: Thinking and speech merge growth and belief. This concentrated pattern asks you to use clear thinking and optimism with awareness. Mind meets expansion. Easy movement between the big picture and the fine detail, with an optimistic cast to communication. These drives sit close together, so the pattern may feel natural, immediate, and hard to separate. In practice, this can show up through thinking and speech, growth and belief, and the choices you make when mental noise or overreach starts running the room. gift: The gift is clear thinking, optimism, and a more conscious way to work with thinking and speech and growth and belief. shadow: The shadow is mental noise, overreach, and repeating the same pattern without noticing what it is trying to teach. integration: Let thinking and speech and growth and belief cooperate without making either one carry the whole story. Strong for pairing vision with persuasion; watch overstatement. do[0]: Name how thinking and speech and growth and belief are both involved do[1]: Use the easy opening deliberately do[2]: Turn clear thinking and optimism into one concrete choice dont[0]: Let mental noise make the decision dont[1]: Assume what feels natural is automatically balanced dont[2]: Ignore the needs of thinking and speech or growth and belief voiceNeutral: true","This aspect creates a fusion between language, information, decisions, and nervous energy and growth, belief, opportunity, and expansion.","Language, information, decisions, and nervous energy and growth, belief, opportunity, and expansion may meet through fusion, making the pattern more noticeable in ordinary choices.",It can help by making the relationship between these two needs more available to conscious use.,Acting from the intensity before identifying the separate parts.,The work is learning when this aspect is offering information and when it is running the pattern for you.,"Describe tendencies, not fixed identity. Keep astrology traceable. Avoid prediction.",packages/astro-knowledge/data/insights/natal-aspects/mercury-conjunction-jupiter.json
You,insights/natal-aspects,mercury-conjunction-mars,Natal Mercury Conjunction Mars,"displayTitle: Perceptive And Driven summary: Thinking and speech merge drive and anger. This concentrated pattern asks you to use clear thinking and courage with awareness. body: Thinking and speech merge drive and anger. This concentrated pattern asks you to use clear thinking and courage with awareness. Mind meets drive. A sharp, restless intellect that attacks problems rather than mulling them, and doesn't shy from debate. These drives sit close together, so the pattern may feel natural, immediate, and hard to separate. In practice, this can show up through thinking and speech, drive and anger, and the choices you make when mental noise or reactivity starts running the room. gift: The gift is clear thinking, courage, and a more conscious way to work with thinking and speech and drive and anger. shadow: The shadow is mental noise, reactivity, and repeating the same pattern without noticing what it is trying to teach. integration: Let thinking and speech and drive and anger cooperate without making either one carry the whole story. Fast, cutting thinking; the task is channeling the edge productively. do[0]: Name how thinking and speech and drive and anger are both involved do[1]: Use the easy opening deliberately do[2]: Turn clear thinking and courage into one concrete choice dont[0]: Let mental noise make the decision dont[1]: Assume what feels natural is automatically balanced dont[2]: Ignore the needs of thinking and speech or drive and anger voiceNeutral: true","This aspect creates a fusion between language, information, decisions, and nervous energy and action, heat, courage, friction, and desire.","Language, information, decisions, and nervous energy and action, heat, courage, friction, and desire may meet through fusion, making the pattern more noticeable in ordinary choices.",It can help by making the relationship between these two needs more available to conscious use.,Acting from the intensity before identifying the separate parts.,The work is learning when this aspect is offering information and when it is running the pattern for you.,"Describe tendencies, not fixed identity. Keep astrology traceable. Avoid prediction.",packages/astro-knowledge/data/insights/natal-aspects/mercury-conjunction-mars.json
You,insights/natal-aspects,mercury-conjunction-neptune,Natal Mercury Conjunction Neptune,"displayTitle: Perceptive And Inspired summary: Thinking and speech merge imagination and longing. This concentrated pattern asks you to use clear thinking and compassion with awareness. body: Thinking and speech merge imagination and longing. This concentrated pattern asks you to use clear thinking and compassion with awareness. Mind meets imagination. Strong imagination and intuitive, associative thinking. These drives sit close together, so the pattern may feel natural, immediate, and hard to separate. In practice, this can show up through thinking and speech, imagination and longing, and the choices you make when mental noise or confusion starts running the room. gift: The gift is clear thinking, compassion, and a more conscious way to work with thinking and speech and imagination and longing. shadow: The shadow is mental noise, confusion, and repeating the same pattern without noticing what it is trying to teach. integration: Let thinking and speech and imagination and longing cooperate without making either one carry the whole story. Creative ideation; verify the details before acting on them. do[0]: Name how thinking and speech and imagination and longing are both involved do[1]: Use the easy opening deliberately do[2]: Turn clear thinking and compassion into one concrete choice dont[0]: Let mental noise make the decision dont[1]: Assume what feels natural is automatically balanced dont[2]: Ignore the needs of thinking and speech or imagination and longing voiceNeutral: true","This aspect creates a fusion between language, information, decisions, and nervous energy and imagination, longing, vision, sensitivity, and uncertainty.","A conversation, message, or assumption may need clarification before it can be trusted.",It can help by making the relationship between these two needs more available to conscious use.,Acting from the intensity before identifying the separate parts.,The work is learning when this aspect is offering information and when it is running the pattern for you.,"Describe tendencies, not fixed identity. Keep astrology traceable. Avoid prediction.",packages/astro-knowledge/data/insights/natal-aspects/mercury-conjunction-neptune.json
You,insights/natal-aspects,mercury-conjunction-pluto,Natal Mercury Conjunction Pluto,"displayTitle: Piercing Or Fixated summary: Your mind looks under the surface. Small talk may bore you because you are tracking motive, pattern, and what is not being said. body: Mercury conjunction Pluto describes investigative intelligence. You may think intensely, speak with force, and notice hidden layers in conversation. This can make you persuasive, strategic, and gifted at research, therapy, writing, or any work that requires getting beneath appearances. The shadow is fixation: repeating the same thought, interrogating instead of asking, or using language to control the room. The gift is truth-seeking. The growth is letting insight stay clean, precise, and humane. gift: Research ability, psychological insight, persuasive speech, and the courage to name what others avoid. shadow: Suspicion, obsession, verbal pressure, and using information as leverage. integration: Let the question be strong without turning it into an interrogation. Truth lands better when it does not need to dominate. do[0]: Use your focus for research and repair do[1]: Ask before going deeper do[2]: Give intense thoughts a place to land outside the conversation dont[0]: Assume every gap is a secret dont[1]: Use precision to corner someone dont[2]: Mistake mental control for clarity voiceNeutral: true","This aspect creates a fusion between language, information, decisions, and nervous energy and depth, power, pressure, release, and transformation.","Language, information, decisions, and nervous energy and depth, power, pressure, release, and transformation may meet through fusion, making the pattern more noticeable in ordinary choices.",It can help by making the relationship between these two needs more available to conscious use.,Acting from the intensity before identifying the separate parts.,The work is learning when this aspect is offering information and when it is running the pattern for you.,"Describe tendencies, not fixed identity. Keep astrology traceable. Avoid prediction.",packages/astro-knowledge/data/insights/natal-aspects/mercury-conjunction-pluto.json
You,insights/natal-aspects,mercury-conjunction-saturn,Natal Mercury Conjunction Saturn,"displayTitle: Perceptive And Steady summary: Thinking and speech merge discipline and limits. This concentrated pattern asks you to use clear thinking and maturity with awareness. body: Thinking and speech merge discipline and limits. This concentrated pattern asks you to use clear thinking and maturity with awareness. Mind meets discipline. Serious, deep, careful thinking; apparent slowness that is caution, not lack of intelligence. These drives sit close together, so the pattern may feel natural, immediate, and hard to separate. In practice, this can show up through thinking and speech, discipline and limits, and the choices you make when mental noise or fear starts running the room. gift: The gift is clear thinking, maturity, and a more conscious way to work with thinking and speech and discipline and limits. shadow: The shadow is mental noise, fear, and repeating the same pattern without noticing what it is trying to teach. integration: Let thinking and speech and discipline and limits cooperate without making either one carry the whole story. Thorough and exacting, with little patience for small talk. do[0]: Name how thinking and speech and discipline and limits are both involved do[1]: Use the easy opening deliberately do[2]: Turn clear thinking and maturity into one concrete choice dont[0]: Let mental noise make the decision dont[1]: Assume what feels natural is automatically balanced dont[2]: Ignore the needs of thinking and speech or discipline and limits voiceNeutral: true","This aspect creates a fusion between language, information, decisions, and nervous energy and structure, limits, responsibility, time, and consequence.","Language, information, decisions, and nervous energy and structure, limits, responsibility, time, and consequence may meet through fusion, making the pattern more noticeable in ordinary choices.",It can help by making the relationship between these two needs more available to conscious use.,Acting from the intensity before identifying the separate parts.,The work is learning when this aspect is offering information and when it is running the pattern for you.,"Describe tendencies, not fixed identity. Keep astrology traceable. Avoid prediction.",packages/astro-knowledge/data/insights/natal-aspects/mercury-conjunction-saturn.json
You,insights/natal-aspects,mercury-conjunction-uranus,Natal Mercury Conjunction Uranus,"displayTitle: Perceptive And Original summary: Thinking and speech merge freedom and disruption. This concentrated pattern asks you to use clear thinking and originality with awareness. body: Thinking and speech merge freedom and disruption. This concentrated pattern asks you to use clear thinking and originality with awareness. The mind meets disruption and originality. Fast, unconventional, leap-of-insight thinking that resists linear order. These drives sit close together, so the pattern may feel natural, immediate, and hard to separate. In practice, this can show up through thinking and speech, freedom and disruption, and the choices you make when mental noise or instability starts running the room. gift: The gift is clear thinking, originality, and a more conscious way to work with thinking and speech and freedom and disruption. shadow: The shadow is mental noise, instability, and repeating the same pattern without noticing what it is trying to teach. integration: Let thinking and speech and freedom and disruption cooperate without making either one carry the whole story. Strong for innovation, problem-solving, and tech; weak for routine detail and steady communication. do[0]: Name how thinking and speech and freedom and disruption are both involved do[1]: Use the easy opening deliberately do[2]: Turn clear thinking and originality into one concrete choice dont[0]: Let mental noise make the decision dont[1]: Assume what feels natural is automatically balanced dont[2]: Ignore the needs of thinking and speech or freedom and disruption voiceNeutral: true","This aspect creates a fusion between language, information, decisions, and nervous energy and change, disruption, freedom, and originality.","Language, information, decisions, and nervous energy and change, disruption, freedom, and originality may meet through fusion, making the pattern more noticeable in ordinary choices.",It can help by making the relationship between these two needs more available to conscious use.,Acting from the intensity before identifying the separate parts.,The work is learning when this aspect is offering information and when it is running the pattern for you.,"Describe tendencies, not fixed identity. Keep astrology traceable. Avoid prediction.",packages/astro-knowledge/data/insights/natal-aspects/mercury-conjunction-uranus.json
You,insights/natal-aspects,mercury-conjunction-venus,Natal Mercury Conjunction Venus,"displayTitle: Articulate Or Polished summary: Your words may reach for beauty, tact, and connection. You can make ideas easier to receive. body: Mercury conjunction Venus describes a mind with aesthetic and relational intelligence. You may speak with charm, write with rhythm, negotiate with grace, or notice how tone changes whether truth can land. This aspect can support art, design, language, music, mediation, sales, and social fluency. The shadow is over-polishing the message until the sharper truth disappears. The gift is graceful communication. The growth is letting pleasant language remain honest. gift: Tact, charm, artistic language, mediation, and the ability to make connection through words. shadow: People-pleasing speech, avoidance of conflict, flattery, and softening truth until it loses shape. integration: Use beauty to carry truth, not to hide it. A clear sentence can still be kind. do[0]: Say the beautiful version of the true thing do[1]: Use tone intentionally do[2]: Let creative language sharpen meaning dont[0]: Compliment instead of answering dont[1]: Make harmony more important than clarity dont[2]: Edit your real preference out of the sentence voiceNeutral: true","This aspect creates a fusion between language, information, decisions, and nervous energy and connection, value, pleasure, attraction, and ease.","Language, information, decisions, and nervous energy and connection, value, pleasure, attraction, and ease may meet through fusion, making the pattern more noticeable in ordinary choices.",It can help by making the relationship between these two needs more available to conscious use.,Acting from the intensity before identifying the separate parts.,The work is learning when this aspect is offering information and when it is running the pattern for you.,"Describe tendencies, not fixed identity. Keep astrology traceable. Avoid prediction.",packages/astro-knowledge/data/insights/natal-aspects/mercury-conjunction-venus.json
You,insights/natal-aspects,mercury-opposition-jupiter,Natal Mercury Opposition Jupiter,"displayTitle: Perceptive Across Expansive summary: Thinking and speech mirror growth and belief. This polarized pattern asks you to use clear thinking and optimism with awareness. body: Thinking and speech mirror growth and belief. This polarized pattern asks you to use clear thinking and optimism with awareness. Exaggeration, and swinging between getting lost in detail and ignoring it entirely. The two sides may appear through contrast, projection, or relationships until you learn to hold both directly. In practice, this can show up through thinking and speech, growth and belief, and the choices you make when mental noise or overreach starts running the room. gift: The gift is clear thinking, optimism, and a more conscious way to work with thinking and speech and growth and belief. shadow: The shadow is mental noise, overreach, and repeating the same pattern without noticing what it is trying to teach. integration: Let thinking and speech and growth and belief cooperate without making either one carry the whole story. Strong for pairing vision with persuasion; watch overstatement. do[0]: Name how thinking and speech and growth and belief are both involved do[1]: Pause before choosing the most familiar reaction do[2]: Turn clear thinking and optimism into one concrete choice dont[0]: Let mental noise make the decision dont[1]: Treat tension as proof that something is wrong dont[2]: Ignore the needs of thinking and speech or growth and belief voiceNeutral: true","This aspect creates a polarity between language, information, decisions, and nervous energy and growth, belief, opportunity, and expansion.","Language, information, decisions, and nervous energy and growth, belief, opportunity, and expansion may meet through polarity, making the pattern more noticeable in ordinary choices.",It can help by making the relationship between these two needs more available to conscious use.,Turning tension into a standoff instead of a clearer understanding.,The work is learning when this aspect is offering information and when it is running the pattern for you.,"Describe tendencies, not fixed identity. Keep astrology traceable. Avoid prediction.",packages/astro-knowledge/data/insights/natal-aspects/mercury-opposition-jupiter.json
You,insights/natal-aspects,mercury-opposition-mars,Natal Mercury Opposition Mars,"displayTitle: Perceptive Across Driven summary: Thinking and speech mirror drive and anger. This polarized pattern asks you to use clear thinking and courage with awareness. body: Thinking and speech mirror drive and anger. This polarized pattern asks you to use clear thinking and courage with awareness. Arguments and verbal aggression; the mind never switches off. The two sides may appear through contrast, projection, or relationships until you learn to hold both directly. In practice, this can show up through thinking and speech, drive and anger, and the choices you make when mental noise or reactivity starts running the room. gift: The gift is clear thinking, courage, and a more conscious way to work with thinking and speech and drive and anger. shadow: The shadow is mental noise, reactivity, and repeating the same pattern without noticing what it is trying to teach. integration: Let thinking and speech and drive and anger cooperate without making either one carry the whole story. Fast, cutting thinking; the task is channeling the edge productively. do[0]: Name how thinking and speech and drive and anger are both involved do[1]: Pause before choosing the most familiar reaction do[2]: Turn clear thinking and courage into one concrete choice dont[0]: Let mental noise make the decision dont[1]: Treat tension as proof that something is wrong dont[2]: Ignore the needs of thinking and speech or drive and anger voiceNeutral: true","This aspect creates a polarity between language, information, decisions, and nervous energy and action, heat, courage, friction, and desire.","Language, information, decisions, and nervous energy and action, heat, courage, friction, and desire may meet through polarity, making the pattern more noticeable in ordinary choices.",It can help by making the relationship between these two needs more available to conscious use.,Turning tension into a standoff instead of a clearer understanding.,The work is learning when this aspect is offering information and when it is running the pattern for you.,"Describe tendencies, not fixed identity. Keep astrology traceable. Avoid prediction.",packages/astro-knowledge/data/insights/natal-aspects/mercury-opposition-mars.json
You,insights/natal-aspects,mercury-opposition-neptune,Natal Mercury Opposition Neptune,"displayTitle: Imaginal Or Unclear summary: Your mind can move through symbol, mood, and possibility. Clarity may take effort because perception is not only literal. body: Mercury opposition Neptune describes a porous connection between thought and imagination. You may be gifted with metaphor, music, image, spiritual language, or empathic listening, but you may also struggle with vagueness, avoidance, or hearing what you hope is true. Other people may project onto your words, or you may project onto theirs. The gift is imaginative intelligence. The growth is learning to ask simple clarifying questions before the story becomes too large to check. gift: Imagination, empathy, symbolic thinking, and the ability to communicate subtle experience. shadow: Confusion, mixed signals, avoidance, idealization, and believing a story before checking the facts. integration: Use clear language as an ally to imagination. Specifics do not ruin the magic; they help the right meaning survive contact with real life. do[0]: Repeat agreements in plain language do[1]: Check whether you heard facts or feelings do[2]: Use art for what cannot be stated directly dont[0]: Let ambiguity make decisions for you dont[1]: Assume intuition means certainty dont[2]: Promise what you have not understood voiceNeutral: true","This aspect creates a polarity between language, information, decisions, and nervous energy and imagination, longing, vision, sensitivity, and uncertainty.","A conversation, message, or assumption may need clarification before it can be trusted.",It can help by making the relationship between these two needs more available to conscious use.,Turning tension into a standoff instead of a clearer understanding.,The work is learning when this aspect is offering information and when it is running the pattern for you.,"Describe tendencies, not fixed identity. Keep astrology traceable. Avoid prediction.",packages/astro-knowledge/data/insights/natal-aspects/mercury-opposition-neptune.json
You,insights/natal-aspects,mercury-opposition-pluto,Natal Mercury Opposition Pluto,"displayTitle: Perceptive Across Intense summary: Thinking and speech mirror power and transformation. This polarized pattern asks you to use clear thinking and depth with awareness. body: Thinking and speech mirror power and transformation. This polarized pattern asks you to use clear thinking and depth with awareness. Communication turns coercive or obsessive. The two sides may appear through contrast, projection, or relationships until you learn to hold both directly. In practice, this can show up through thinking and speech, power and transformation, and the choices you make when mental noise or control starts running the room. gift: The gift is clear thinking, depth, and a more conscious way to work with thinking and speech and power and transformation. shadow: The shadow is mental noise, control, and repeating the same pattern without noticing what it is trying to teach. integration: Let thinking and speech and power and transformation cooperate without making either one carry the whole story. Sales, persuasion, research, and anything requiring depth and force of message. do[0]: Name how thinking and speech and power and transformation are both involved do[1]: Pause before choosing the most familiar reaction do[2]: Turn clear thinking and depth into one concrete choice dont[0]: Let mental noise make the decision dont[1]: Treat tension as proof that something is wrong dont[2]: Ignore the needs of thinking and speech or power and transformation voiceNeutral: true","This aspect creates a polarity between language, information, decisions, and nervous energy and depth, power, pressure, release, and transformation.","Language, information, decisions, and nervous energy and depth, power, pressure, release, and transformation may meet through polarity, making the pattern more noticeable in ordinary choices.",It can help by making the relationship between these two needs more available to conscious use.,Turning tension into a standoff instead of a clearer understanding.,The work is learning when this aspect is offering information and when it is running the pattern for you.,"Describe tendencies, not fixed identity. Keep astrology traceable. Avoid prediction.",packages/astro-knowledge/data/insights/natal-aspects/mercury-opposition-pluto.json
You,insights/natal-aspects,mercury-opposition-saturn,Natal Mercury Opposition Saturn,"displayTitle: Perceptive Across Steady summary: Thinking and speech mirror discipline and limits. This polarized pattern asks you to use clear thinking and maturity with awareness. body: Thinking and speech mirror discipline and limits. This polarized pattern asks you to use clear thinking and maturity with awareness. Brooding and mental heaviness; the remedy is keeping the mind on useful work. The two sides may appear through contrast, projection, or relationships until you learn to hold both directly. In practice, this can show up through thinking and speech, discipline and limits, and the choices you make when mental noise or fear starts running the room. gift: The gift is clear thinking, maturity, and a more conscious way to work with thinking and speech and discipline and limits. shadow: The shadow is mental noise, fear, and repeating the same pattern without noticing what it is trying to teach. integration: Let thinking and speech and discipline and limits cooperate without making either one carry the whole story. Thorough and exacting, with little patience for small talk. do[0]: Name how thinking and speech and discipline and limits are both involved do[1]: Pause before choosing the most familiar reaction do[2]: Turn clear thinking and maturity into one concrete choice dont[0]: Let mental noise make the decision dont[1]: Treat tension as proof that something is wrong dont[2]: Ignore the needs of thinking and speech or discipline and limits voiceNeutral: true","This aspect creates a polarity between language, information, decisions, and nervous energy and structure, limits, responsibility, time, and consequence.","Language, information, decisions, and nervous energy and structure, limits, responsibility, time, and consequence may meet through polarity, making the pattern more noticeable in ordinary choices.",It can help by making the relationship between these two needs more available to conscious use.,Turning tension into a standoff instead of a clearer understanding.,The work is learning when this aspect is offering information and when it is running the pattern for you.,"Describe tendencies, not fixed identity. Keep astrology traceable. Avoid prediction.",packages/astro-knowledge/data/insights/natal-aspects/mercury-opposition-saturn.json
You,insights/natal-aspects,mercury-opposition-uranus,Natal Mercury Opposition Uranus,"displayTitle: Perceptive Across Original summary: Thinking and speech mirror freedom and disruption. This polarized pattern asks you to use clear thinking and originality with awareness. body: Thinking and speech mirror freedom and disruption. This polarized pattern asks you to use clear thinking and originality with awareness. Scattered, jumpy thinking, nervous tension, and impatience with slow or conventional reasoning. The two sides may appear through contrast, projection, or relationships until you learn to hold both directly. In practice, this can show up through thinking and speech, freedom and disruption, and the choices you make when mental noise or instability starts running the room. gift: The gift is clear thinking, originality, and a more conscious way to work with thinking and speech and freedom and disruption. shadow: The shadow is mental noise, instability, and repeating the same pattern without noticing what it is trying to teach. integration: Let thinking and speech and freedom and disruption cooperate without making either one carry the whole story. Strong for innovation, problem-solving, and tech; weak for routine detail and steady communication. do[0]: Name how thinking and speech and freedom and disruption are both involved do[1]: Pause before choosing the most familiar reaction do[2]: Turn clear thinking and originality into one concrete choice dont[0]: Let mental noise make the decision dont[1]: Treat tension as proof that something is wrong dont[2]: Ignore the needs of thinking and speech or freedom and disruption voiceNeutral: true","This aspect creates a polarity between language, information, decisions, and nervous energy and change, disruption, freedom, and originality.","Language, information, decisions, and nervous energy and change, disruption, freedom, and originality may meet through polarity, making the pattern more noticeable in ordinary choices.",It can help by making the relationship between these two needs more available to conscious use.,Turning tension into a standoff instead of a clearer understanding.,The work is learning when this aspect is offering information and when it is running the pattern for you.,"Describe tendencies, not fixed identity. Keep astrology traceable. Avoid prediction.",packages/astro-knowledge/data/insights/natal-aspects/mercury-opposition-uranus.json
You,insights/natal-aspects,mercury-sextile-jupiter,Natal Mercury Sextile Jupiter,"displayTitle: Perceptive With Expansive summary: Thinking and speech support growth and belief. This cooperative pattern asks you to use clear thinking and optimism with awareness. body: Thinking and speech support growth and belief. This cooperative pattern asks you to use clear thinking and optimism with awareness. Fluid shifting between generalities and specifics; the conjunction here generally reads as easy. The connection is available when you choose to use it; it works best through deliberate practice. In practice, this can show up through thinking and speech, growth and belief, and the choices you make when mental noise or overreach starts running the room. gift: The gift is clear thinking, optimism, and a more conscious way to work with thinking and speech and growth and belief. shadow: The shadow is mental noise, overreach, and repeating the same pattern without noticing what it is trying to teach. integration: Let thinking and speech and growth and belief cooperate without making either one carry the whole story. Strong for pairing vision with persuasion; watch overstatement. do[0]: Name how thinking and speech and growth and belief are both involved do[1]: Use the easy opening deliberately do[2]: Turn clear thinking and optimism into one concrete choice dont[0]: Let mental noise make the decision dont[1]: Take the talent for granted dont[2]: Ignore the needs of thinking and speech or growth and belief voiceNeutral: true","This aspect creates a opening between language, information, decisions, and nervous energy and growth, belief, opportunity, and expansion.","Language, information, decisions, and nervous energy and growth, belief, opportunity, and expansion may meet through opening, making the pattern more noticeable in ordinary choices.",It can help by making the relationship between these two needs more available to conscious use.,Coasting on the good idea without turning it into anything concrete.,The work is learning when this aspect is offering information and when it is running the pattern for you.,"Describe tendencies, not fixed identity. Keep astrology traceable. Avoid prediction.",packages/astro-knowledge/data/insights/natal-aspects/mercury-sextile-jupiter.json
You,insights/natal-aspects,mercury-sextile-mars,Natal Mercury Sextile Mars,"displayTitle: Perceptive With Driven summary: Thinking and speech support drive and anger. This cooperative pattern asks you to use clear thinking and courage with awareness. body: Thinking and speech support drive and anger. This cooperative pattern asks you to use clear thinking and courage with awareness. Quick, incisive thinking and confident argument. The connection is available when you choose to use it; it works best through deliberate practice. In practice, this can show up through thinking and speech, drive and anger, and the choices you make when mental noise or reactivity starts running the room. gift: The gift is clear thinking, courage, and a more conscious way to work with thinking and speech and drive and anger. shadow: The shadow is mental noise, reactivity, and repeating the same pattern without noticing what it is trying to teach. integration: Let thinking and speech and drive and anger cooperate without making either one carry the whole story. Fast, cutting thinking; the task is channeling the edge productively. do[0]: Name how thinking and speech and drive and anger are both involved do[1]: Use the easy opening deliberately do[2]: Turn clear thinking and courage into one concrete choice dont[0]: Let mental noise make the decision dont[1]: Take the talent for granted dont[2]: Ignore the needs of thinking and speech or drive and anger voiceNeutral: true","This aspect creates a opening between language, information, decisions, and nervous energy and action, heat, courage, friction, and desire.","Language, information, decisions, and nervous energy and action, heat, courage, friction, and desire may meet through opening, making the pattern more noticeable in ordinary choices.",It can help by making the relationship between these two needs more available to conscious use.,Coasting on the good idea without turning it into anything concrete.,The work is learning when this aspect is offering information and when it is running the pattern for you.,"Describe tendencies, not fixed identity. Keep astrology traceable. Avoid prediction.",packages/astro-knowledge/data/insights/natal-aspects/mercury-sextile-mars.json
You,insights/natal-aspects,mercury-sextile-neptune,Natal Mercury Sextile Neptune,"displayTitle: Perceptive With Inspired summary: Thinking and speech support imagination and longing. This cooperative pattern asks you to use clear thinking and compassion with awareness. body: Thinking and speech support imagination and longing. This cooperative pattern asks you to use clear thinking and compassion with awareness. Inspired ideation and a feel for the unspoken. The connection is available when you choose to use it; it works best through deliberate practice. In practice, this can show up through thinking and speech, imagination and longing, and the choices you make when mental noise or confusion starts running the room. gift: The gift is clear thinking, compassion, and a more conscious way to work with thinking and speech and imagination and longing. shadow: The shadow is mental noise, confusion, and repeating the same pattern without noticing what it is trying to teach. integration: Let thinking and speech and imagination and longing cooperate without making either one carry the whole story. Creative ideation; verify the details before acting on them. do[0]: Name how thinking and speech and imagination and longing are both involved do[1]: Use the easy opening deliberately do[2]: Turn clear thinking and compassion into one concrete choice dont[0]: Let mental noise make the decision dont[1]: Take the talent for granted dont[2]: Ignore the needs of thinking and speech or imagination and longing voiceNeutral: true","This aspect creates a opening between language, information, decisions, and nervous energy and imagination, longing, vision, sensitivity, and uncertainty.","A conversation, message, or assumption may need clarification before it can be trusted.",It can help by making the relationship between these two needs more available to conscious use.,Coasting on the good idea without turning it into anything concrete.,The work is learning when this aspect is offering information and when it is running the pattern for you.,"Describe tendencies, not fixed identity. Keep astrology traceable. Avoid prediction.",packages/astro-knowledge/data/insights/natal-aspects/mercury-sextile-neptune.json
You,insights/natal-aspects,mercury-sextile-pluto,Natal Mercury Sextile Pluto,"displayTitle: Perceptive With Intense summary: Thinking and speech support power and transformation. This cooperative pattern asks you to use clear thinking and depth with awareness. body: Thinking and speech support power and transformation. This cooperative pattern asks you to use clear thinking and depth with awareness. Persuasive depth and a talent for getting at hidden information. The connection is available when you choose to use it; it works best through deliberate practice. In practice, this can show up through thinking and speech, power and transformation, and the choices you make when mental noise or control starts running the room. gift: The gift is clear thinking, depth, and a more conscious way to work with thinking and speech and power and transformation. shadow: The shadow is mental noise, control, and repeating the same pattern without noticing what it is trying to teach. integration: Let thinking and speech and power and transformation cooperate without making either one carry the whole story. Sales, persuasion, research, and anything requiring depth and force of message. do[0]: Name how thinking and speech and power and transformation are both involved do[1]: Use the easy opening deliberately do[2]: Turn clear thinking and depth into one concrete choice dont[0]: Let mental noise make the decision dont[1]: Take the talent for granted dont[2]: Ignore the needs of thinking and speech or power and transformation voiceNeutral: true","This aspect creates a opening between language, information, decisions, and nervous energy and depth, power, pressure, release, and transformation.","Language, information, decisions, and nervous energy and depth, power, pressure, release, and transformation may meet through opening, making the pattern more noticeable in ordinary choices.",It can help by making the relationship between these two needs more available to conscious use.,Coasting on the good idea without turning it into anything concrete.,The work is learning when this aspect is offering information and when it is running the pattern for you.,"Describe tendencies, not fixed identity. Keep astrology traceable. Avoid prediction.",packages/astro-knowledge/data/insights/natal-aspects/mercury-sextile-pluto.json
You,insights/natal-aspects,mercury-sextile-saturn,Natal Mercury Sextile Saturn,"displayTitle: Perceptive With Steady summary: Thinking and speech support discipline and limits. This cooperative pattern asks you to use clear thinking and maturity with awareness. body: Thinking and speech support discipline and limits. This cooperative pattern asks you to use clear thinking and maturity with awareness. Rigor, depth, and thoroughness. The connection is available when you choose to use it; it works best through deliberate practice. In practice, this can show up through thinking and speech, discipline and limits, and the choices you make when mental noise or fear starts running the room. gift: The gift is clear thinking, maturity, and a more conscious way to work with thinking and speech and discipline and limits. shadow: The shadow is mental noise, fear, and repeating the same pattern without noticing what it is trying to teach. integration: Let thinking and speech and discipline and limits cooperate without making either one carry the whole story. Thorough and exacting, with little patience for small talk. do[0]: Name how thinking and speech and discipline and limits are both involved do[1]: Use the easy opening deliberately do[2]: Turn clear thinking and maturity into one concrete choice dont[0]: Let mental noise make the decision dont[1]: Take the talent for granted dont[2]: Ignore the needs of thinking and speech or discipline and limits voiceNeutral: true","This aspect creates a opening between language, information, decisions, and nervous energy and structure, limits, responsibility, time, and consequence.","Language, information, decisions, and nervous energy and structure, limits, responsibility, time, and consequence may meet through opening, making the pattern more noticeable in ordinary choices.",It can help by making the relationship between these two needs more available to conscious use.,Coasting on the good idea without turning it into anything concrete.,The work is learning when this aspect is offering information and when it is running the pattern for you.,"Describe tendencies, not fixed identity. Keep astrology traceable. Avoid prediction.",packages/astro-knowledge/data/insights/natal-aspects/mercury-sextile-saturn.json
You,insights/natal-aspects,mercury-sextile-uranus,Natal Mercury Sextile Uranus,"displayTitle: Perceptive With Original summary: Thinking and speech support freedom and disruption. This cooperative pattern asks you to use clear thinking and originality with awareness. body: Thinking and speech support freedom and disruption. This cooperative pattern asks you to use clear thinking and originality with awareness. Brilliant, inventive insight and quick grasp of new systems and technology. The connection is available when you choose to use it; it works best through deliberate practice. In practice, this can show up through thinking and speech, freedom and disruption, and the choices you make when mental noise or instability starts running the room. gift: The gift is clear thinking, originality, and a more conscious way to work with thinking and speech and freedom and disruption. shadow: The shadow is mental noise, instability, and repeating the same pattern without noticing what it is trying to teach. integration: Let thinking and speech and freedom and disruption cooperate without making either one carry the whole story. Strong for innovation, problem-solving, and tech; weak for routine detail and steady communication. do[0]: Name how thinking and speech and freedom and disruption are both involved do[1]: Use the easy opening deliberately do[2]: Turn clear thinking and originality into one concrete choice dont[0]: Let mental noise make the decision dont[1]: Take the talent for granted dont[2]: Ignore the needs of thinking and speech or freedom and disruption voiceNeutral: true","This aspect creates a opening between language, information, decisions, and nervous energy and change, disruption, freedom, and originality.","Language, information, decisions, and nervous energy and change, disruption, freedom, and originality may meet through opening, making the pattern more noticeable in ordinary choices.",It can help by making the relationship between these two needs more available to conscious use.,Coasting on the good idea without turning it into anything concrete.,The work is learning when this aspect is offering information and when it is running the pattern for you.,"Describe tendencies, not fixed identity. Keep astrology traceable. Avoid prediction.",packages/astro-knowledge/data/insights/natal-aspects/mercury-sextile-uranus.json
You,insights/natal-aspects,mercury-sextile-venus,Natal Mercury Sextile Venus,"displayTitle: Perceptive With Magnetic summary: Thinking and speech support love and values. This cooperative pattern asks you to use clear thinking and relational grace with awareness. body: Thinking and speech support love and values. This cooperative pattern asks you to use clear thinking and relational grace with awareness. Smooth, pleasant, persuasive communication. The connection is available when you choose to use it; it works best through deliberate practice. In practice, this can show up through thinking and speech, love and values, and the choices you make when mental noise or approval seeking starts running the room. gift: The gift is clear thinking, relational grace, and a more conscious way to work with thinking and speech and love and values. shadow: The shadow is mental noise, approval seeking, and repeating the same pattern without noticing what it is trying to teach. integration: Let thinking and speech and love and values cooperate without making either one carry the whole story. Diplomacy, the arts, and any work where pleasant, persuasive expression matters. do[0]: Name how thinking and speech and love and values are both involved do[1]: Use the easy opening deliberately do[2]: Turn clear thinking and relational grace into one concrete choice dont[0]: Let mental noise make the decision dont[1]: Take the talent for granted dont[2]: Ignore the needs of thinking and speech or love and values voiceNeutral: true","This aspect creates a opening between language, information, decisions, and nervous energy and connection, value, pleasure, attraction, and ease.","Language, information, decisions, and nervous energy and connection, value, pleasure, attraction, and ease may meet through opening, making the pattern more noticeable in ordinary choices.",It can help by making the relationship between these two needs more available to conscious use.,Coasting on the good idea without turning it into anything concrete.,The work is learning when this aspect is offering information and when it is running the pattern for you.,"Describe tendencies, not fixed identity. Keep astrology traceable. Avoid prediction.",packages/astro-knowledge/data/insights/natal-aspects/mercury-sextile-venus.json
You,insights/natal-aspects,mercury-square-jupiter,Natal Mercury Square Jupiter,"displayTitle: Perceptive Or Expansive summary: Thinking and speech press against growth and belief. This frictional pattern asks you to use clear thinking and optimism with awareness. body: Thinking and speech press against growth and belief. This frictional pattern asks you to use clear thinking and optimism with awareness. Exaggeration, and swinging between getting lost in detail and ignoring it entirely. The friction makes the pattern noticeable, especially when pressure forces an adjustment. In practice, this can show up through thinking and speech, growth and belief, and the choices you make when mental noise or overreach starts running the room. gift: The gift is clear thinking, optimism, and a more conscious way to work with thinking and speech and growth and belief. shadow: The shadow is mental noise, overreach, and repeating the same pattern without noticing what it is trying to teach. integration: Let thinking and speech and growth and belief cooperate without making either one carry the whole story. Strong for pairing vision with persuasion; watch overstatement. do[0]: Name how thinking and speech and growth and belief are both involved do[1]: Pause before choosing the most familiar reaction do[2]: Turn clear thinking and optimism into one concrete choice dont[0]: Let mental noise make the decision dont[1]: Treat tension as proof that something is wrong dont[2]: Ignore the needs of thinking and speech or growth and belief voiceNeutral: true","This aspect creates a friction between language, information, decisions, and nervous energy and growth, belief, opportunity, and expansion.","Language, information, decisions, and nervous energy and growth, belief, opportunity, and expansion may meet through friction, making the pattern more noticeable in ordinary choices.",It can help by making the relationship between these two needs more available to conscious use.,Forcing a decision just to end the discomfort.,The work is learning when this aspect is offering information and when it is running the pattern for you.,"Describe tendencies, not fixed identity. Keep astrology traceable. Avoid prediction.",packages/astro-knowledge/data/insights/natal-aspects/mercury-square-jupiter.json
You,insights/natal-aspects,mercury-square-mars,Natal Mercury Square Mars,"displayTitle: Sharp Or Combative summary: Your mind can move like a blade. Fast words, fast decisions, and fast irritation may arrive together. body: Mercury square Mars describes mental heat and verbal speed. You may debate, decide, defend, or challenge quickly, especially when something feels inefficient or dishonest. This aspect can make you a strong advocate, strategist, critic, or problem-solver. It can also make words come out harsher than intended or turn disagreement into attack. The gift is decisive intelligence. The growth is learning when sharpness clarifies and when it only cuts. gift: Quick thinking, direct speech, strategic argument, and the courage to name what needs action. shadow: Argumentativeness, impatience, verbal aggression, and reacting before listening is complete. integration: Let the mind stay fast while the mouth takes one breath. Precision is stronger than verbal force. do[0]: Ask one more question before arguing do[1]: Use direct language with a clear purpose do[2]: Channel mental heat into solving the problem dont[0]: Win the sentence and lose the person dont[1]: Treat interruption as efficiency dont[2]: Use sarcasm when you mean anger voiceNeutral: true","This aspect creates a friction between language, information, decisions, and nervous energy and action, heat, courage, friction, and desire.","Language, information, decisions, and nervous energy and action, heat, courage, friction, and desire may meet through friction, making the pattern more noticeable in ordinary choices.",It can help by making the relationship between these two needs more available to conscious use.,Forcing a decision just to end the discomfort.,The work is learning when this aspect is offering information and when it is running the pattern for you.,"Describe tendencies, not fixed identity. Keep astrology traceable. Avoid prediction.",packages/astro-knowledge/data/insights/natal-aspects/mercury-square-mars.json
You,insights/natal-aspects,mercury-square-neptune,Natal Mercury Square Neptune,"displayTitle: Perceptive Or Inspired summary: Thinking and speech press against imagination and longing. This frictional pattern asks you to use clear thinking and compassion with awareness. body: Thinking and speech press against imagination and longing. This frictional pattern asks you to use clear thinking and compassion with awareness. Slippery memory and blurred facts; what's real and what's imagined get confused. The friction makes the pattern noticeable, especially when pressure forces an adjustment. In practice, this can show up through thinking and speech, imagination and longing, and the choices you make when mental noise or confusion starts running the room. gift: The gift is clear thinking, compassion, and a more conscious way to work with thinking and speech and imagination and longing. shadow: The shadow is mental noise, confusion, and repeating the same pattern without noticing what it is trying to teach. integration: Let thinking and speech and imagination and longing cooperate without making either one carry the whole story. Creative ideation; verify the details before acting on them. do[0]: Name how thinking and speech and imagination and longing are both involved do[1]: Pause before choosing the most familiar reaction do[2]: Turn clear thinking and compassion into one concrete choice dont[0]: Let mental noise make the decision dont[1]: Treat tension as proof that something is wrong dont[2]: Ignore the needs of thinking and speech or imagination and longing voiceNeutral: true","This aspect creates a friction between language, information, decisions, and nervous energy and imagination, longing, vision, sensitivity, and uncertainty.","A conversation, message, or assumption may need clarification before it can be trusted.",It can help by making the relationship between these two needs more available to conscious use.,Forcing a decision just to end the discomfort.,The work is learning when this aspect is offering information and when it is running the pattern for you.,"Describe tendencies, not fixed identity. Keep astrology traceable. Avoid prediction.",packages/astro-knowledge/data/insights/natal-aspects/mercury-square-neptune.json
You,insights/natal-aspects,mercury-square-pluto,Natal Mercury Square Pluto,"displayTitle: Perceptive Or Intense summary: Thinking and speech press against power and transformation. This frictional pattern asks you to use clear thinking and depth with awareness. body: Thinking and speech press against power and transformation. This frictional pattern asks you to use clear thinking and depth with awareness. Communication turns coercive or obsessive. The friction makes the pattern noticeable, especially when pressure forces an adjustment. In practice, this can show up through thinking and speech, power and transformation, and the choices you make when mental noise or control starts running the room. gift: The gift is clear thinking, depth, and a more conscious way to work with thinking and speech and power and transformation. shadow: The shadow is mental noise, control, and repeating the same pattern without noticing what it is trying to teach. integration: Let thinking and speech and power and transformation cooperate without making either one carry the whole story. Sales, persuasion, research, and anything requiring depth and force of message. do[0]: Name how thinking and speech and power and transformation are both involved do[1]: Pause before choosing the most familiar reaction do[2]: Turn clear thinking and depth into one concrete choice dont[0]: Let mental noise make the decision dont[1]: Treat tension as proof that something is wrong dont[2]: Ignore the needs of thinking and speech or power and transformation voiceNeutral: true","This aspect creates a friction between language, information, decisions, and nervous energy and depth, power, pressure, release, and transformation.","Language, information, decisions, and nervous energy and depth, power, pressure, release, and transformation may meet through friction, making the pattern more noticeable in ordinary choices.",It can help by making the relationship between these two needs more available to conscious use.,Forcing a decision just to end the discomfort.,The work is learning when this aspect is offering information and when it is running the pattern for you.,"Describe tendencies, not fixed identity. Keep astrology traceable. Avoid prediction.",packages/astro-knowledge/data/insights/natal-aspects/mercury-square-pluto.json
You,insights/natal-aspects,mercury-square-saturn,Natal Mercury Square Saturn,"displayTitle: Careful Or Censored summary: Your mind can be rigorous, but it may also expect criticism before anyone has spoken. body: Mercury square Saturn describes serious thought, careful speech, and a strong internal editor. You may learn through pressure, delay, or the feeling that you have to be certain before you are allowed to speak. This can make you precise, disciplined, and trustworthy with complex ideas. It can also make your voice smaller than your intelligence. The growth is to keep the discernment while letting yourself think out loud, revise, and be human in the process. gift: Precision, discipline, realism, and the ability to give language a durable structure. shadow: Harsh self-criticism, fear of sounding wrong, pessimism, and withholding thoughts until the moment has passed. integration: Let thinking be a process instead of a verdict. Your standards are useful when they support expression rather than blocking it. do[0]: Say the first clear version do[1]: Separate feedback from rejection do[2]: Use structure to support your voice dont[0]: Wait for perfect certainty dont[1]: Let an old authority become your inner narrator dont[2]: Call every doubt realism voiceNeutral: true","This aspect creates a friction between language, information, decisions, and nervous energy and structure, limits, responsibility, time, and consequence.","Language, information, decisions, and nervous energy and structure, limits, responsibility, time, and consequence may meet through friction, making the pattern more noticeable in ordinary choices.",It can help by making the relationship between these two needs more available to conscious use.,Forcing a decision just to end the discomfort.,The work is learning when this aspect is offering information and when it is running the pattern for you.,"Describe tendencies, not fixed identity. Keep astrology traceable. Avoid prediction.",packages/astro-knowledge/data/insights/natal-aspects/mercury-square-saturn.json
You,insights/natal-aspects,mercury-square-uranus,Natal Mercury Square Uranus,"displayTitle: Brilliant Or Abrupt summary: Your mind moves in jumps. You may see the pattern quickly, then lose patience with everyone still reading the instructions. body: Mercury square Uranus describes a quick, original, disruptive mind. You may think in flashes, challenge assumptions, and make unusual connections without needing permission. This can make you inventive and ahead of the room, but it can also make communication sharp, scattered, or impatient. The gift is mental independence. The growth is learning to translate the spark so other people can use it too. gift: Original thinking, rapid insight, technical curiosity, and the courage to question stale ideas. shadow: Nervous overload, contrarian reflexes, interrupting, and changing direction before the thought has landed. integration: Let your mind move fast, then give the idea a second pass. Translation is not dilution; it is how the insight becomes useful. do[0]: Write down flashes before debating them do[1]: Ask whether you want to clarify or provoke do[2]: Build pauses into fast conversations dont[0]: Treat boredom as proof that someone is wrong dont[1]: Interrupt before the other person finishes dont[2]: Discard structure just because it is familiar voiceNeutral: true","This aspect creates a friction between language, information, decisions, and nervous energy and change, disruption, freedom, and originality.","Language, information, decisions, and nervous energy and change, disruption, freedom, and originality may meet through friction, making the pattern more noticeable in ordinary choices.",It can help by making the relationship between these two needs more available to conscious use.,Forcing a decision just to end the discomfort.,The work is learning when this aspect is offering information and when it is running the pattern for you.,"Describe tendencies, not fixed identity. Keep astrology traceable. Avoid prediction.",packages/astro-knowledge/data/insights/natal-aspects/mercury-square-uranus.json
You,insights/natal-aspects,mercury-trine-jupiter,Natal Mercury Trine Jupiter,"displayTitle: Big Picture Or Too Broad summary: Your mind wants meaning. You may understand best when facts connect to a larger story. body: Mercury trine Jupiter describes an expansive intelligence. You may learn through context, teach naturally, speak with encouragement, or move easily between detail and principle. This aspect can support writing, study, strategy, travel, publishing, humor, and persuasive explanation. The shadow is assuming the big picture is enough and skipping the fine print. The gift is wisdom in language. The growth is letting accuracy strengthen your vision instead of slowing it down. gift: Teaching, broad thinking, humor, optimism, and the ability to make complex ideas feel approachable. shadow: Overgeneralizing, missing details, talking past the question, and trusting confidence more than evidence. integration: Let the vision stay wide and the facts stay checked. The best idea becomes stronger when it can survive specifics. do[0]: Translate ideas into useful language do[1]: Check the key detail before presenting do[2]: Use optimism to open the conversation dont[0]: Skip evidence because the story feels right dont[1]: Overpromise what the idea can do dont[2]: Mistake volume for understanding voiceNeutral: true","This aspect creates a flow between language, information, decisions, and nervous energy and growth, belief, opportunity, and expansion.","Language, information, decisions, and nervous energy and growth, belief, opportunity, and expansion may meet through flow, making the pattern more noticeable in ordinary choices.",It can help by making the relationship between these two needs more available to conscious use.,Letting the ease pass unused because nothing feels urgent.,The work is learning when this aspect is offering information and when it is running the pattern for you.,"Describe tendencies, not fixed identity. Keep astrology traceable. Avoid prediction.",packages/astro-knowledge/data/insights/natal-aspects/mercury-trine-jupiter.json
You,insights/natal-aspects,mercury-trine-mars,Natal Mercury Trine Mars,"displayTitle: Perceptive Through Driven summary: Thinking and speech flow with drive and anger. This fluid pattern asks you to use clear thinking and courage with awareness. body: Thinking and speech flow with drive and anger. This fluid pattern asks you to use clear thinking and courage with awareness. Quick, incisive thinking and confident argument. The pattern can flow easily, which is useful when it is conscious and easy to take for granted when it is not. In practice, this can show up through thinking and speech, drive and anger, and the choices you make when mental noise or reactivity starts running the room. gift: The gift is clear thinking, courage, and a more conscious way to work with thinking and speech and drive and anger. shadow: The shadow is mental noise, reactivity, and repeating the same pattern without noticing what it is trying to teach. integration: Let thinking and speech and drive and anger cooperate without making either one carry the whole story. Fast, cutting thinking; the task is channeling the edge productively. do[0]: Name how thinking and speech and drive and anger are both involved do[1]: Use the easy opening deliberately do[2]: Turn clear thinking and courage into one concrete choice dont[0]: Let mental noise make the decision dont[1]: Take the talent for granted dont[2]: Ignore the needs of thinking and speech or drive and anger voiceNeutral: true","This aspect creates a flow between language, information, decisions, and nervous energy and action, heat, courage, friction, and desire.","Language, information, decisions, and nervous energy and action, heat, courage, friction, and desire may meet through flow, making the pattern more noticeable in ordinary choices.",It can help by making the relationship between these two needs more available to conscious use.,Letting the ease pass unused because nothing feels urgent.,The work is learning when this aspect is offering information and when it is running the pattern for you.,"Describe tendencies, not fixed identity. Keep astrology traceable. Avoid prediction.",packages/astro-knowledge/data/insights/natal-aspects/mercury-trine-mars.json
You,insights/natal-aspects,mercury-trine-neptune,Natal Mercury Trine Neptune,"displayTitle: Perceptive Through Inspired summary: Thinking and speech flow with imagination and longing. This fluid pattern asks you to use clear thinking and compassion with awareness. body: Thinking and speech flow with imagination and longing. This fluid pattern asks you to use clear thinking and compassion with awareness. Inspired ideation and a feel for the unspoken. The pattern can flow easily, which is useful when it is conscious and easy to take for granted when it is not. In practice, this can show up through thinking and speech, imagination and longing, and the choices you make when mental noise or confusion starts running the room. gift: The gift is clear thinking, compassion, and a more conscious way to work with thinking and speech and imagination and longing. shadow: The shadow is mental noise, confusion, and repeating the same pattern without noticing what it is trying to teach. integration: Let thinking and speech and imagination and longing cooperate without making either one carry the whole story. Creative ideation; verify the details before acting on them. do[0]: Name how thinking and speech and imagination and longing are both involved do[1]: Use the easy opening deliberately do[2]: Turn clear thinking and compassion into one concrete choice dont[0]: Let mental noise make the decision dont[1]: Take the talent for granted dont[2]: Ignore the needs of thinking and speech or imagination and longing voiceNeutral: true","This aspect creates a flow between language, information, decisions, and nervous energy and imagination, longing, vision, sensitivity, and uncertainty.","A conversation, message, or assumption may need clarification before it can be trusted.",It can help by making the relationship between these two needs more available to conscious use.,Letting the ease pass unused because nothing feels urgent.,The work is learning when this aspect is offering information and when it is running the pattern for you.,"Describe tendencies, not fixed identity. Keep astrology traceable. Avoid prediction.",packages/astro-knowledge/data/insights/natal-aspects/mercury-trine-neptune.json
You,insights/natal-aspects,mercury-trine-pluto,Natal Mercury Trine Pluto,"displayTitle: Perceptive Through Intense summary: Thinking and speech flow with power and transformation. This fluid pattern asks you to use clear thinking and depth with awareness. body: Thinking and speech flow with power and transformation. This fluid pattern asks you to use clear thinking and depth with awareness. Persuasive depth and a talent for getting at hidden information. The pattern can flow easily, which is useful when it is conscious and easy to take for granted when it is not. In practice, this can show up through thinking and speech, power and transformation, and the choices you make when mental noise or control starts running the room. gift: The gift is clear thinking, depth, and a more conscious way to work with thinking and speech and power and transformation. shadow: The shadow is mental noise, control, and repeating the same pattern without noticing what it is trying to teach. integration: Let thinking and speech and power and transformation cooperate without making either one carry the whole story. Sales, persuasion, research, and anything requiring depth and force of message. do[0]: Name how thinking and speech and power and transformation are both involved do[1]: Use the easy opening deliberately do[2]: Turn clear thinking and depth into one concrete choice dont[0]: Let mental noise make the decision dont[1]: Take the talent for granted dont[2]: Ignore the needs of thinking and speech or power and transformation voiceNeutral: true","This aspect creates a flow between language, information, decisions, and nervous energy and depth, power, pressure, release, and transformation.","Language, information, decisions, and nervous energy and depth, power, pressure, release, and transformation may meet through flow, making the pattern more noticeable in ordinary choices.",It can help by making the relationship between these two needs more available to conscious use.,Letting the ease pass unused because nothing feels urgent.,The work is learning when this aspect is offering information and when it is running the pattern for you.,"Describe tendencies, not fixed identity. Keep astrology traceable. Avoid prediction.",packages/astro-knowledge/data/insights/natal-aspects/mercury-trine-pluto.json
You,insights/natal-aspects,mercury-trine-saturn,Natal Mercury Trine Saturn,"displayTitle: Perceptive Through Steady summary: Thinking and speech flow with discipline and limits. This fluid pattern asks you to use clear thinking and maturity with awareness. body: Thinking and speech flow with discipline and limits. This fluid pattern asks you to use clear thinking and maturity with awareness. Rigor, depth, and thoroughness. The pattern can flow easily, which is useful when it is conscious and easy to take for granted when it is not. In practice, this can show up through thinking and speech, discipline and limits, and the choices you make when mental noise or fear starts running the room. gift: The gift is clear thinking, maturity, and a more conscious way to work with thinking and speech and discipline and limits. shadow: The shadow is mental noise, fear, and repeating the same pattern without noticing what it is trying to teach. integration: Let thinking and speech and discipline and limits cooperate without making either one carry the whole story. Thorough and exacting, with little patience for small talk. do[0]: Name how thinking and speech and discipline and limits are both involved do[1]: Use the easy opening deliberately do[2]: Turn clear thinking and maturity into one concrete choice dont[0]: Let mental noise make the decision dont[1]: Take the talent for granted dont[2]: Ignore the needs of thinking and speech or discipline and limits voiceNeutral: true","This aspect creates a flow between language, information, decisions, and nervous energy and structure, limits, responsibility, time, and consequence.","Language, information, decisions, and nervous energy and structure, limits, responsibility, time, and consequence may meet through flow, making the pattern more noticeable in ordinary choices.",It can help by making the relationship between these two needs more available to conscious use.,Letting the ease pass unused because nothing feels urgent.,The work is learning when this aspect is offering information and when it is running the pattern for you.,"Describe tendencies, not fixed identity. Keep astrology traceable. Avoid prediction.",packages/astro-knowledge/data/insights/natal-aspects/mercury-trine-saturn.json
You,insights/natal-aspects,mercury-trine-uranus,Natal Mercury Trine Uranus,"displayTitle: Perceptive Through Original summary: Thinking and speech flow with freedom and disruption. This fluid pattern asks you to use clear thinking and originality with awareness. body: Thinking and speech flow with freedom and disruption. This fluid pattern asks you to use clear thinking and originality with awareness. Brilliant, inventive insight and quick grasp of new systems and technology. The pattern can flow easily, which is useful when it is conscious and easy to take for granted when it is not. In practice, this can show up through thinking and speech, freedom and disruption, and the choices you make when mental noise or instability starts running the room. gift: The gift is clear thinking, originality, and a more conscious way to work with thinking and speech and freedom and disruption. shadow: The shadow is mental noise, instability, and repeating the same pattern without noticing what it is trying to teach. integration: Let thinking and speech and freedom and disruption cooperate without making either one carry the whole story. Strong for innovation, problem-solving, and tech; weak for routine detail and steady communication. do[0]: Name how thinking and speech and freedom and disruption are both involved do[1]: Use the easy opening deliberately do[2]: Turn clear thinking and originality into one concrete choice dont[0]: Let mental noise make the decision dont[1]: Take the talent for granted dont[2]: Ignore the needs of thinking and speech or freedom and disruption voiceNeutral: true","This aspect creates a flow between language, information, decisions, and nervous energy and change, disruption, freedom, and originality.","Language, information, decisions, and nervous energy and change, disruption, freedom, and originality may meet through flow, making the pattern more noticeable in ordinary choices.",It can help by making the relationship between these two needs more available to conscious use.,Letting the ease pass unused because nothing feels urgent.,The work is learning when this aspect is offering information and when it is running the pattern for you.,"Describe tendencies, not fixed identity. Keep astrology traceable. Avoid prediction.",packages/astro-knowledge/data/insights/natal-aspects/mercury-trine-uranus.json
You,insights/natal-aspects,moon-conjunction-jupiter,Natal Moon Conjunction Jupiter,"displayTitle: Sensitive And Expansive summary: Emotional needs merge growth and belief. This concentrated pattern asks you to use emotional intelligence and optimism with awareness. body: Emotional needs merge growth and belief. This concentrated pattern asks you to use emotional intelligence and optimism with awareness. Feelings meet optimism and expansion. A resilient inner buoyancy that recovers no matter what, plus real generosity. These drives sit close together, so the pattern may feel natural, immediate, and hard to separate. In practice, this can show up through emotional needs, growth and belief, and the choices you make when mood-driven reaction or overreach starts running the room. gift: The gift is emotional intelligence, optimism, and a more conscious way to work with emotional needs and growth and belief. shadow: The shadow is mood-driven reaction, overreach, and repeating the same pattern without noticing what it is trying to teach. integration: Let emotional needs and growth and belief cooperate without making either one carry the whole story. Warmth and generosity that draw people in; watch the tendency to overextend. do[0]: Name how emotional needs and growth and belief are both involved do[1]: Use the easy opening deliberately do[2]: Turn emotional intelligence and optimism into one concrete choice dont[0]: Let mood-driven reaction make the decision dont[1]: Assume what feels natural is automatically balanced dont[2]: Ignore the needs of emotional needs or growth and belief voiceNeutral: true","This aspect creates a fusion between emotion, instinct, needs, and daily rhythm and growth, belief, opportunity, and expansion.","Emotion, instinct, needs, and daily rhythm and growth, belief, opportunity, and expansion may meet through fusion, making the pattern more noticeable in ordinary choices.",It can help by making the relationship between these two needs more available to conscious use.,Acting from the intensity before identifying the separate parts.,The work is learning when this aspect is offering information and when it is running the pattern for you.,"Describe tendencies, not fixed identity. Keep astrology traceable. Avoid prediction.",packages/astro-knowledge/data/insights/natal-aspects/moon-conjunction-jupiter.json
You,insights/natal-aspects,moon-conjunction-mars,Natal Moon Conjunction Mars,"displayTitle: Sensitive And Driven summary: Emotional needs merge drive and anger. This concentrated pattern asks you to use emotional intelligence and courage with awareness. body: Emotional needs merge drive and anger. This concentrated pattern asks you to use emotional intelligence and courage with awareness. Emotion meets drive and aggression. Feelings are energized and the instinct is to act on them. These drives sit close together, so the pattern may feel natural, immediate, and hard to separate. In practice, this can show up through emotional needs, drive and anger, and the choices you make when mood-driven reaction or reactivity starts running the room. gift: The gift is emotional intelligence, courage, and a more conscious way to work with emotional needs and drive and anger. shadow: The shadow is mood-driven reaction, reactivity, and repeating the same pattern without noticing what it is trying to teach. integration: Let emotional needs and drive and anger cooperate without making either one carry the whole story. Drive powered by feeling; the work is managing reactivity. do[0]: Name how emotional needs and drive and anger are both involved do[1]: Use the easy opening deliberately do[2]: Turn emotional intelligence and courage into one concrete choice dont[0]: Let mood-driven reaction make the decision dont[1]: Assume what feels natural is automatically balanced dont[2]: Ignore the needs of emotional needs or drive and anger voiceNeutral: true","This aspect creates a fusion between emotion, instinct, needs, and daily rhythm and action, heat, courage, friction, and desire.","Emotions and action may move at different speeds, making frustration easier to trigger.",It can help by making the relationship between these two needs more available to conscious use.,Acting from the intensity before identifying the separate parts.,The work is learning when this aspect is offering information and when it is running the pattern for you.,"Describe tendencies, not fixed identity. Keep astrology traceable. Avoid prediction.",packages/astro-knowledge/data/insights/natal-aspects/moon-conjunction-mars.json
You,insights/natal-aspects,moon-conjunction-mercury,Natal Moon Conjunction Mercury,"displayTitle: Sensitive And Perceptive summary: Emotional needs merge thinking and speech. This concentrated pattern asks you to use emotional intelligence and clear thinking with awareness. body: Emotional needs merge thinking and speech. This concentrated pattern asks you to use emotional intelligence and clear thinking with awareness. Emotion meets mind. How feeling and thinking inform each other, and how readily the inner life gets put into words. These drives sit close together, so the pattern may feel natural, immediate, and hard to separate. In practice, this can show up through emotional needs, thinking and speech, and the choices you make when mood-driven reaction or mental noise starts running the room. gift: The gift is emotional intelligence, clear thinking, and a more conscious way to work with emotional needs and thinking and speech. shadow: The shadow is mood-driven reaction, mental noise, and repeating the same pattern without noticing what it is trying to teach. integration: Let emotional needs and thinking and speech cooperate without making either one carry the whole story. Communication colored by mood; powerful when feeling and reasoning are integrated. do[0]: Name how emotional needs and thinking and speech are both involved do[1]: Use the easy opening deliberately do[2]: Turn emotional intelligence and clear thinking into one concrete choice dont[0]: Let mood-driven reaction make the decision dont[1]: Assume what feels natural is automatically balanced dont[2]: Ignore the needs of emotional needs or thinking and speech voiceNeutral: true","This aspect creates a fusion between emotion, instinct, needs, and daily rhythm and language, information, decisions, and nervous energy.","Emotion, instinct, needs, and daily rhythm and language, information, decisions, and nervous energy may meet through fusion, making the pattern more noticeable in ordinary choices.",It can help by making the relationship between these two needs more available to conscious use.,Acting from the intensity before identifying the separate parts.,The work is learning when this aspect is offering information and when it is running the pattern for you.,"Describe tendencies, not fixed identity. Keep astrology traceable. Avoid prediction.",packages/astro-knowledge/data/insights/natal-aspects/moon-conjunction-mercury.json
You,insights/natal-aspects,moon-conjunction-neptune,Natal Moon Conjunction Neptune,"displayTitle: Sensitive And Inspired summary: Emotional needs merge imagination and longing. This concentrated pattern asks you to use emotional intelligence and compassion with awareness. body: Emotional needs merge imagination and longing. This concentrated pattern asks you to use emotional intelligence and compassion with awareness. Feelings meet imagination and dissolution. A need for escape and reverie, high sensitivity, and compassion. These drives sit close together, so the pattern may feel natural, immediate, and hard to separate. In practice, this can show up through emotional needs, imagination and longing, and the choices you make when mood-driven reaction or confusion starts running the room. gift: The gift is emotional intelligence, compassion, and a more conscious way to work with emotional needs and imagination and longing. shadow: The shadow is mood-driven reaction, confusion, and repeating the same pattern without noticing what it is trying to teach. integration: Let emotional needs and imagination and longing cooperate without making either one carry the whole story. Strong for imaginative work; protect boundaries and energy. do[0]: Name how emotional needs and imagination and longing are both involved do[1]: Use the easy opening deliberately do[2]: Turn emotional intelligence and compassion into one concrete choice dont[0]: Let mood-driven reaction make the decision dont[1]: Assume what feels natural is automatically balanced dont[2]: Ignore the needs of emotional needs or imagination and longing voiceNeutral: true","This aspect creates a fusion between emotion, instinct, needs, and daily rhythm and imagination, longing, vision, sensitivity, and uncertainty.","Emotion, instinct, needs, and daily rhythm and imagination, longing, vision, sensitivity, and uncertainty may meet through fusion, making the pattern more noticeable in ordinary choices.",It can help by making the relationship between these two needs more available to conscious use.,Acting from the intensity before identifying the separate parts.,The work is learning when this aspect is offering information and when it is running the pattern for you.,"Describe tendencies, not fixed identity. Keep astrology traceable. Avoid prediction.",packages/astro-knowledge/data/insights/natal-aspects/moon-conjunction-neptune.json
You,insights/natal-aspects,moon-conjunction-pluto,Natal Moon Conjunction Pluto,"displayTitle: Intense Or Protective summary: Your feelings run deep, even when you keep them private. Emotional safety may require truth, loyalty, and real trust. body: Moon conjunction Pluto describes an emotional nature with depth, instinct, and strong memory. You may sense what is hidden, track shifts in tone, and protect yourself before you can explain why. Family history, early attachment, or private survival patterns may carry extra weight. The gift is emotional honesty and resilience. The growth is learning that intensity does not have to become control, and protection does not have to keep care out. gift: Emotional depth, loyalty, instinctive perception, and the capacity to transform old patterns into real self-knowledge. shadow: Control, secrecy, emotional extremes, and scanning for threat even when care is available. integration: Let your instincts speak, then let the present moment answer. Trust becomes possible when protection includes choice. do[0]: Name the feeling under the reaction do[1]: Choose relationships that can hold honesty do[2]: Give old emotional patterns a current reality check dont[0]: Use silence to test loyalty dont[1]: Assume intensity means danger dont[2]: Make control the only way to feel safe voiceNeutral: true","This aspect creates a fusion between emotion, instinct, needs, and daily rhythm and depth, power, pressure, release, and transformation.","Emotion, instinct, needs, and daily rhythm and depth, power, pressure, release, and transformation may meet through fusion, making the pattern more noticeable in ordinary choices.",It can help by making the relationship between these two needs more available to conscious use.,Acting from the intensity before identifying the separate parts.,The work is learning when this aspect is offering information and when it is running the pattern for you.,"Describe tendencies, not fixed identity. Keep astrology traceable. Avoid prediction.",packages/astro-knowledge/data/insights/natal-aspects/moon-conjunction-pluto.json
You,insights/natal-aspects,moon-conjunction-saturn,Natal Moon Conjunction Saturn,"displayTitle: Sensitive And Steady summary: Emotional needs merge discipline and limits. This concentrated pattern asks you to use emotional intelligence and maturity with awareness. body: Emotional needs merge discipline and limits. This concentrated pattern asks you to use emotional intelligence and maturity with awareness. Emotion meets limit and duty. Emotional reserve, seriousness, and a habit of bracing for the worst. These drives sit close together, so the pattern may feel natural, immediate, and hard to separate. In practice, this can show up through emotional needs, discipline and limits, and the choices you make when mood-driven reaction or fear starts running the room. gift: The gift is emotional intelligence, maturity, and a more conscious way to work with emotional needs and discipline and limits. shadow: The shadow is mood-driven reaction, fear, and repeating the same pattern without noticing what it is trying to teach. integration: Let emotional needs and discipline and limits cooperate without making either one carry the whole story. Dependable under pressure; the risk is grinding joylessly. do[0]: Name how emotional needs and discipline and limits are both involved do[1]: Use the easy opening deliberately do[2]: Turn emotional intelligence and maturity into one concrete choice dont[0]: Let mood-driven reaction make the decision dont[1]: Assume what feels natural is automatically balanced dont[2]: Ignore the needs of emotional needs or discipline and limits voiceNeutral: true","This aspect creates a fusion between emotion, instinct, needs, and daily rhythm and structure, limits, responsibility, time, and consequence.",Feelings that seemed difficult to manage may become easier to organize.,It can help by making the relationship between these two needs more available to conscious use.,Acting from the intensity before identifying the separate parts.,The work is learning when this aspect is offering information and when it is running the pattern for you.,"Describe tendencies, not fixed identity. Keep astrology traceable. Avoid prediction.",packages/astro-knowledge/data/insights/natal-aspects/moon-conjunction-saturn.json
You,insights/natal-aspects,moon-conjunction-uranus,Natal Moon Conjunction Uranus,"displayTitle: Sensitive And Original summary: Emotional needs merge freedom and disruption. This concentrated pattern asks you to use emotional intelligence and originality with awareness. body: Emotional needs merge freedom and disruption. This concentrated pattern asks you to use emotional intelligence and originality with awareness. Emotional life meets disruption and the need for freedom. Feelings turn unpredictable, restless, and resistant to routine. These drives sit close together, so the pattern may feel natural, immediate, and hard to separate. In practice, this can show up through emotional needs, freedom and disruption, and the choices you make when mood-driven reaction or instability starts running the room. gift: The gift is emotional intelligence, originality, and a more conscious way to work with emotional needs and freedom and disruption. shadow: The shadow is mood-driven reaction, instability, and repeating the same pattern without noticing what it is trying to teach. integration: Let emotional needs and freedom and disruption cooperate without making either one carry the whole story. Good for inventive moves and breaking stale routines; poor for steady, predictable handling. do[0]: Name how emotional needs and freedom and disruption are both involved do[1]: Use the easy opening deliberately do[2]: Turn emotional intelligence and originality into one concrete choice dont[0]: Let mood-driven reaction make the decision dont[1]: Assume what feels natural is automatically balanced dont[2]: Ignore the needs of emotional needs or freedom and disruption voiceNeutral: true","This aspect creates a fusion between emotion, instinct, needs, and daily rhythm and change, disruption, freedom, and originality.","Emotion, instinct, needs, and daily rhythm and change, disruption, freedom, and originality may meet through fusion, making the pattern more noticeable in ordinary choices.",It can help by making the relationship between these two needs more available to conscious use.,Acting from the intensity before identifying the separate parts.,The work is learning when this aspect is offering information and when it is running the pattern for you.,"Describe tendencies, not fixed identity. Keep astrology traceable. Avoid prediction.",packages/astro-knowledge/data/insights/natal-aspects/moon-conjunction-uranus.json
You,insights/natal-aspects,moon-conjunction-venus,Natal Moon Conjunction Venus,"displayTitle: Tender Or Too Accommodating summary: Comfort, affection, and emotional safety are closely linked. Love may need to feel gentle before it feels trustworthy. body: Moon conjunction Venus describes a soft bond between feeling and affection. You may seek beauty, sweetness, touch, harmony, and relational ease as forms of emotional regulation. This aspect can make you nurturing, charming, receptive, and loyal to what feels kind. The shadow is using pleasing or comfort to avoid conflict, or making your mood depend too much on being wanted. The gift is warmth. The growth is letting tenderness include honest needs. gift: Warmth, emotional charm, affection, hospitality, and the ability to make people feel welcome. shadow: People-pleasing, comfort-seeking, conflict avoidance, and confusing peace with emotional truth. integration: Let care be mutual. A loving atmosphere becomes stronger when your needs are named inside it. do[0]: Ask for the comfort you actually need do[1]: Let affection include honesty do[2]: Create beauty without using it to hide tension dont[0]: Keep the peace by abandoning your feelings dont[1]: Use sweetness to avoid a difficult conversation dont[2]: Assume being wanted means being safe voiceNeutral: true","This aspect creates a fusion between emotion, instinct, needs, and daily rhythm and connection, value, pleasure, attraction, and ease.","Emotion, instinct, needs, and daily rhythm and connection, value, pleasure, attraction, and ease may meet through fusion, making the pattern more noticeable in ordinary choices.",It can help by making the relationship between these two needs more available to conscious use.,Acting from the intensity before identifying the separate parts.,The work is learning when this aspect is offering information and when it is running the pattern for you.,"Describe tendencies, not fixed identity. Keep astrology traceable. Avoid prediction.",packages/astro-knowledge/data/insights/natal-aspects/moon-conjunction-venus.json
You,insights/natal-aspects,moon-opposition-jupiter,Natal Moon Opposition Jupiter,"displayTitle: Sensitive Across Expansive summary: Emotional needs mirror growth and belief. This polarized pattern asks you to use emotional intelligence and optimism with awareness. body: Emotional needs mirror growth and belief. This polarized pattern asks you to use emotional intelligence and optimism with awareness. Emotional and physical excess; overindulgence and overcommitment. The two sides may appear through contrast, projection, or relationships until you learn to hold both directly. In practice, this can show up through emotional needs, growth and belief, and the choices you make when mood-driven reaction or overreach starts running the room. gift: The gift is emotional intelligence, optimism, and a more conscious way to work with emotional needs and growth and belief. shadow: The shadow is mood-driven reaction, overreach, and repeating the same pattern without noticing what it is trying to teach. integration: Let emotional needs and growth and belief cooperate without making either one carry the whole story. Warmth and generosity that draw people in; watch the tendency to overextend. do[0]: Name how emotional needs and growth and belief are both involved do[1]: Pause before choosing the most familiar reaction do[2]: Turn emotional intelligence and optimism into one concrete choice dont[0]: Let mood-driven reaction make the decision dont[1]: Treat tension as proof that something is wrong dont[2]: Ignore the needs of emotional needs or growth and belief voiceNeutral: true","This aspect creates a polarity between emotion, instinct, needs, and daily rhythm and growth, belief, opportunity, and expansion.","Emotion, instinct, needs, and daily rhythm and growth, belief, opportunity, and expansion may meet through polarity, making the pattern more noticeable in ordinary choices.",It can help by making the relationship between these two needs more available to conscious use.,Turning tension into a standoff instead of a clearer understanding.,The work is learning when this aspect is offering information and when it is running the pattern for you.,"Describe tendencies, not fixed identity. Keep astrology traceable. Avoid prediction.",packages/astro-knowledge/data/insights/natal-aspects/moon-opposition-jupiter.json
You,insights/natal-aspects,moon-opposition-mars,Natal Moon Opposition Mars,"displayTitle: Sensitive Across Driven summary: Emotional needs mirror drive and anger. This polarized pattern asks you to use emotional intelligence and courage with awareness. body: Emotional needs mirror drive and anger. This polarized pattern asks you to use emotional intelligence and courage with awareness. Short temper and reactive conflict, defensiveness even when nothing is wrong. The emotions need channeling. The two sides may appear through contrast, projection, or relationships until you learn to hold both directly. In practice, this can show up through emotional needs, drive and anger, and the choices you make when mood-driven reaction or reactivity starts running the room. gift: The gift is emotional intelligence, courage, and a more conscious way to work with emotional needs and drive and anger. shadow: The shadow is mood-driven reaction, reactivity, and repeating the same pattern without noticing what it is trying to teach. integration: Let emotional needs and drive and anger cooperate without making either one carry the whole story. Drive powered by feeling; the work is managing reactivity. do[0]: Name how emotional needs and drive and anger are both involved do[1]: Pause before choosing the most familiar reaction do[2]: Turn emotional intelligence and courage into one concrete choice dont[0]: Let mood-driven reaction make the decision dont[1]: Treat tension as proof that something is wrong dont[2]: Ignore the needs of emotional needs or drive and anger voiceNeutral: true","This aspect creates a polarity between emotion, instinct, needs, and daily rhythm and action, heat, courage, friction, and desire.","Emotions and action may move at different speeds, making frustration easier to trigger.",It can help by making the relationship between these two needs more available to conscious use.,Turning tension into a standoff instead of a clearer understanding.,The work is learning when this aspect is offering information and when it is running the pattern for you.,"Describe tendencies, not fixed identity. Keep astrology traceable. Avoid prediction.",packages/astro-knowledge/data/insights/natal-aspects/moon-opposition-mars.json
You,insights/natal-aspects,moon-opposition-mercury,Natal Moon Opposition Mercury,"displayTitle: Sensitive Across Perceptive summary: Emotional needs mirror thinking and speech. This polarized pattern asks you to use emotional intelligence and clear thinking with awareness. body: Emotional needs mirror thinking and speech. This polarized pattern asks you to use emotional intelligence and clear thinking with awareness. Gut instinct argues with logic. Either feelings go unspoken or they get said unfiltered, without being thought through. The two sides may appear through contrast, projection, or relationships until you learn to hold both directly. In practice, this can show up through emotional needs, thinking and speech, and the choices you make when mood-driven reaction or mental noise starts running the room. gift: The gift is emotional intelligence, clear thinking, and a more conscious way to work with emotional needs and thinking and speech. shadow: The shadow is mood-driven reaction, mental noise, and repeating the same pattern without noticing what it is trying to teach. integration: Let emotional needs and thinking and speech cooperate without making either one carry the whole story. Communication colored by mood; powerful when feeling and reasoning are integrated. do[0]: Name how emotional needs and thinking and speech are both involved do[1]: Pause before choosing the most familiar reaction do[2]: Turn emotional intelligence and clear thinking into one concrete choice dont[0]: Let mood-driven reaction make the decision dont[1]: Treat tension as proof that something is wrong dont[2]: Ignore the needs of emotional needs or thinking and speech voiceNeutral: true","This aspect creates a polarity between emotion, instinct, needs, and daily rhythm and language, information, decisions, and nervous energy.","Emotion, instinct, needs, and daily rhythm and language, information, decisions, and nervous energy may meet through polarity, making the pattern more noticeable in ordinary choices.",It can help by making the relationship between these two needs more available to conscious use.,Turning tension into a standoff instead of a clearer understanding.,The work is learning when this aspect is offering information and when it is running the pattern for you.,"Describe tendencies, not fixed identity. Keep astrology traceable. Avoid prediction.",packages/astro-knowledge/data/insights/natal-aspects/moon-opposition-mercury.json
You,insights/natal-aspects,moon-opposition-neptune,Natal Moon Opposition Neptune,"displayTitle: Sensitive Across Inspired summary: Emotional needs mirror imagination and longing. This polarized pattern asks you to use emotional intelligence and compassion with awareness. body: Emotional needs mirror imagination and longing. This polarized pattern asks you to use emotional intelligence and compassion with awareness. Emotional boundaries dissolve, leaving you drained by others or lost in daydream. The two sides may appear through contrast, projection, or relationships until you learn to hold both directly. In practice, this can show up through emotional needs, imagination and longing, and the choices you make when mood-driven reaction or confusion starts running the room. gift: The gift is emotional intelligence, compassion, and a more conscious way to work with emotional needs and imagination and longing. shadow: The shadow is mood-driven reaction, confusion, and repeating the same pattern without noticing what it is trying to teach. integration: Let emotional needs and imagination and longing cooperate without making either one carry the whole story. Strong for imaginative work; protect boundaries and energy. do[0]: Name how emotional needs and imagination and longing are both involved do[1]: Pause before choosing the most familiar reaction do[2]: Turn emotional intelligence and compassion into one concrete choice dont[0]: Let mood-driven reaction make the decision dont[1]: Treat tension as proof that something is wrong dont[2]: Ignore the needs of emotional needs or imagination and longing voiceNeutral: true","This aspect creates a polarity between emotion, instinct, needs, and daily rhythm and imagination, longing, vision, sensitivity, and uncertainty.","Emotion, instinct, needs, and daily rhythm and imagination, longing, vision, sensitivity, and uncertainty may meet through polarity, making the pattern more noticeable in ordinary choices.",It can help by making the relationship between these two needs more available to conscious use.,Turning tension into a standoff instead of a clearer understanding.,The work is learning when this aspect is offering information and when it is running the pattern for you.,"Describe tendencies, not fixed identity. Keep astrology traceable. Avoid prediction.",packages/astro-knowledge/data/insights/natal-aspects/moon-opposition-neptune.json
You,insights/natal-aspects,moon-opposition-pluto,Natal Moon Opposition Pluto,"displayTitle: Sensitive Across Intense summary: Emotional needs mirror power and transformation. This polarized pattern asks you to use emotional intelligence and depth with awareness. body: Emotional needs mirror power and transformation. This polarized pattern asks you to use emotional intelligence and depth with awareness. Emotional power struggles, jealousy, and compulsion. The two sides may appear through contrast, projection, or relationships until you learn to hold both directly. In practice, this can show up through emotional needs, power and transformation, and the choices you make when mood-driven reaction or control starts running the room. gift: The gift is emotional intelligence, depth, and a more conscious way to work with emotional needs and power and transformation. shadow: The shadow is mood-driven reaction, control, and repeating the same pattern without noticing what it is trying to teach. integration: Let emotional needs and power and transformation cooperate without making either one carry the whole story. Emotional intensity: depth is an asset, volatility a liability. do[0]: Name how emotional needs and power and transformation are both involved do[1]: Pause before choosing the most familiar reaction do[2]: Turn emotional intelligence and depth into one concrete choice dont[0]: Let mood-driven reaction make the decision dont[1]: Treat tension as proof that something is wrong dont[2]: Ignore the needs of emotional needs or power and transformation voiceNeutral: true","This aspect creates a polarity between emotion, instinct, needs, and daily rhythm and depth, power, pressure, release, and transformation.","Emotion, instinct, needs, and daily rhythm and depth, power, pressure, release, and transformation may meet through polarity, making the pattern more noticeable in ordinary choices.",It can help by making the relationship between these two needs more available to conscious use.,Turning tension into a standoff instead of a clearer understanding.,The work is learning when this aspect is offering information and when it is running the pattern for you.,"Describe tendencies, not fixed identity. Keep astrology traceable. Avoid prediction.",packages/astro-knowledge/data/insights/natal-aspects/moon-opposition-pluto.json
You,insights/natal-aspects,moon-opposition-saturn,Natal Moon Opposition Saturn,"displayTitle: Sensitive Across Steady summary: Emotional needs mirror discipline and limits. This polarized pattern asks you to use emotional intelligence and maturity with awareness. body: Emotional needs mirror discipline and limits. This polarized pattern asks you to use emotional intelligence and maturity with awareness. Coldness or distance, pessimism, and a sense of deprivation. Useful work is the standard remedy. The two sides may appear through contrast, projection, or relationships until you learn to hold both directly. In practice, this can show up through emotional needs, discipline and limits, and the choices you make when mood-driven reaction or fear starts running the room. gift: The gift is emotional intelligence, maturity, and a more conscious way to work with emotional needs and discipline and limits. shadow: The shadow is mood-driven reaction, fear, and repeating the same pattern without noticing what it is trying to teach. integration: Let emotional needs and discipline and limits cooperate without making either one carry the whole story. Dependable under pressure; the risk is grinding joylessly. do[0]: Name how emotional needs and discipline and limits are both involved do[1]: Pause before choosing the most familiar reaction do[2]: Turn emotional intelligence and maturity into one concrete choice dont[0]: Let mood-driven reaction make the decision dont[1]: Treat tension as proof that something is wrong dont[2]: Ignore the needs of emotional needs or discipline and limits voiceNeutral: true","This aspect creates a polarity between emotion, instinct, needs, and daily rhythm and structure, limits, responsibility, time, and consequence.",Feelings that seemed difficult to manage may become easier to organize.,It can help by making the relationship between these two needs more available to conscious use.,Turning tension into a standoff instead of a clearer understanding.,The work is learning when this aspect is offering information and when it is running the pattern for you.,"Describe tendencies, not fixed identity. Keep astrology traceable. Avoid prediction.",packages/astro-knowledge/data/insights/natal-aspects/moon-opposition-saturn.json
You,insights/natal-aspects,moon-opposition-uranus,Natal Moon Opposition Uranus,"displayTitle: Attached Or Untethered summary: You need closeness, but you may also need sudden space. Emotional security has to leave room for your nervous system. body: Moon opposition Uranus describes a person whose emotional life can change quickly. You may love people deeply and still feel crowded by predictability, expectation, or too much need in the room. Early instability can make your body expect interruption, or your own rhythms may be irregular and hard to domesticate. The gift is emotional originality and the ability to refresh stale patterns. The growth is learning to ask for space before you disappear or provoke distance. gift: Emotional independence, originality, adaptability, and the ability to break inherited patterns. shadow: Sudden withdrawal, restlessness, inconsistency, and confusing safety with escape. integration: Build bonds that can breathe. Space works best when it is named, not acted out as distance. do[0]: Ask for room before you reach your limit do[1]: Notice what kind of closeness your body can actually tolerate do[2]: Create rituals that are flexible instead of rigid dont[0]: Make unpredictability your proof of freedom dont[1]: Leave people guessing about your needs dont[2]: Treat every emotional request as pressure voiceNeutral: true","This aspect creates a polarity between emotion, instinct, needs, and daily rhythm and change, disruption, freedom, and originality.","Emotion, instinct, needs, and daily rhythm and change, disruption, freedom, and originality may meet through polarity, making the pattern more noticeable in ordinary choices.",It can help by making the relationship between these two needs more available to conscious use.,Turning tension into a standoff instead of a clearer understanding.,The work is learning when this aspect is offering information and when it is running the pattern for you.,"Describe tendencies, not fixed identity. Keep astrology traceable. Avoid prediction.",packages/astro-knowledge/data/insights/natal-aspects/moon-opposition-uranus.json
You,insights/natal-aspects,moon-opposition-venus,Natal Moon Opposition Venus,"displayTitle: Sensitive Across Magnetic summary: Emotional needs mirror love and values. This polarized pattern asks you to use emotional intelligence and relational grace with awareness. body: Emotional needs mirror love and values. This polarized pattern asks you to use emotional intelligence and relational grace with awareness. Feelings expressed erratically, a tendency to overspend or overindulge, and feeling unliked without cause. The two sides may appear through contrast, projection, or relationships until you learn to hold both directly. In practice, this can show up through emotional needs, love and values, and the choices you make when mood-driven reaction or approval seeking starts running the room. gift: The gift is emotional intelligence, relational grace, and a more conscious way to work with emotional needs and love and values. shadow: The shadow is mood-driven reaction, approval seeking, and repeating the same pattern without noticing what it is trying to teach. integration: Let emotional needs and love and values cooperate without making either one carry the whole story. Likable and warm; watch indulgence and shaky money instincts. do[0]: Name how emotional needs and love and values are both involved do[1]: Pause before choosing the most familiar reaction do[2]: Turn emotional intelligence and relational grace into one concrete choice dont[0]: Let mood-driven reaction make the decision dont[1]: Treat tension as proof that something is wrong dont[2]: Ignore the needs of emotional needs or love and values voiceNeutral: true","This aspect creates a polarity between emotion, instinct, needs, and daily rhythm and connection, value, pleasure, attraction, and ease.","Emotion, instinct, needs, and daily rhythm and connection, value, pleasure, attraction, and ease may meet through polarity, making the pattern more noticeable in ordinary choices.",It can help by making the relationship between these two needs more available to conscious use.,Turning tension into a standoff instead of a clearer understanding.,The work is learning when this aspect is offering information and when it is running the pattern for you.,"Describe tendencies, not fixed identity. Keep astrology traceable. Avoid prediction.",packages/astro-knowledge/data/insights/natal-aspects/moon-opposition-venus.json
You,insights/natal-aspects,moon-sextile-jupiter,Natal Moon Sextile Jupiter,"displayTitle: Sensitive With Expansive summary: Emotional needs support growth and belief. This cooperative pattern asks you to use emotional intelligence and optimism with awareness. body: Emotional needs support growth and belief. This cooperative pattern asks you to use emotional intelligence and optimism with awareness. Emotional warmth and an instinct to give. The connection is available when you choose to use it; it works best through deliberate practice. In practice, this can show up through emotional needs, growth and belief, and the choices you make when mood-driven reaction or overreach starts running the room. gift: The gift is emotional intelligence, optimism, and a more conscious way to work with emotional needs and growth and belief. shadow: The shadow is mood-driven reaction, overreach, and repeating the same pattern without noticing what it is trying to teach. integration: Let emotional needs and growth and belief cooperate without making either one carry the whole story. Warmth and generosity that draw people in; watch the tendency to overextend. do[0]: Name how emotional needs and growth and belief are both involved do[1]: Use the easy opening deliberately do[2]: Turn emotional intelligence and optimism into one concrete choice dont[0]: Let mood-driven reaction make the decision dont[1]: Take the talent for granted dont[2]: Ignore the needs of emotional needs or growth and belief voiceNeutral: true","This aspect creates a opening between emotion, instinct, needs, and daily rhythm and growth, belief, opportunity, and expansion.","Emotion, instinct, needs, and daily rhythm and growth, belief, opportunity, and expansion may meet through opening, making the pattern more noticeable in ordinary choices.",It can help by making the relationship between these two needs more available to conscious use.,Coasting on the good idea without turning it into anything concrete.,The work is learning when this aspect is offering information and when it is running the pattern for you.,"Describe tendencies, not fixed identity. Keep astrology traceable. Avoid prediction.",packages/astro-knowledge/data/insights/natal-aspects/moon-sextile-jupiter.json
You,insights/natal-aspects,moon-sextile-mars,Natal Moon Sextile Mars,"displayTitle: Sensitive With Driven summary: Emotional needs support drive and anger. This cooperative pattern asks you to use emotional intelligence and courage with awareness. body: Emotional needs support drive and anger. This cooperative pattern asks you to use emotional intelligence and courage with awareness. Emotional energy fuels getting things done; lively, active imagination. The connection is available when you choose to use it; it works best through deliberate practice. In practice, this can show up through emotional needs, drive and anger, and the choices you make when mood-driven reaction or reactivity starts running the room. gift: The gift is emotional intelligence, courage, and a more conscious way to work with emotional needs and drive and anger. shadow: The shadow is mood-driven reaction, reactivity, and repeating the same pattern without noticing what it is trying to teach. integration: Let emotional needs and drive and anger cooperate without making either one carry the whole story. Drive powered by feeling; the work is managing reactivity. do[0]: Name how emotional needs and drive and anger are both involved do[1]: Use the easy opening deliberately do[2]: Turn emotional intelligence and courage into one concrete choice dont[0]: Let mood-driven reaction make the decision dont[1]: Take the talent for granted dont[2]: Ignore the needs of emotional needs or drive and anger voiceNeutral: true","This aspect creates a opening between emotion, instinct, needs, and daily rhythm and action, heat, courage, friction, and desire.","Emotions and action may move at different speeds, making frustration easier to trigger.",It can help by making the relationship between these two needs more available to conscious use.,Coasting on the good idea without turning it into anything concrete.,The work is learning when this aspect is offering information and when it is running the pattern for you.,"Describe tendencies, not fixed identity. Keep astrology traceable. Avoid prediction.",packages/astro-knowledge/data/insights/natal-aspects/moon-sextile-mars.json
You,insights/natal-aspects,moon-sextile-mercury,Natal Moon Sextile Mercury,"displayTitle: Sensitive With Perceptive summary: Emotional needs support thinking and speech. This cooperative pattern asks you to use emotional intelligence and clear thinking with awareness. body: Emotional needs support thinking and speech. This cooperative pattern asks you to use emotional intelligence and clear thinking with awareness. Thought and communication flow; expression is instinctive and fluent. The connection is available when you choose to use it; it works best through deliberate practice. In practice, this can show up through emotional needs, thinking and speech, and the choices you make when mood-driven reaction or mental noise starts running the room. gift: The gift is emotional intelligence, clear thinking, and a more conscious way to work with emotional needs and thinking and speech. shadow: The shadow is mood-driven reaction, mental noise, and repeating the same pattern without noticing what it is trying to teach. integration: Let emotional needs and thinking and speech cooperate without making either one carry the whole story. Communication colored by mood; powerful when feeling and reasoning are integrated. do[0]: Name how emotional needs and thinking and speech are both involved do[1]: Use the easy opening deliberately do[2]: Turn emotional intelligence and clear thinking into one concrete choice dont[0]: Let mood-driven reaction make the decision dont[1]: Take the talent for granted dont[2]: Ignore the needs of emotional needs or thinking and speech voiceNeutral: true","This aspect creates a opening between emotion, instinct, needs, and daily rhythm and language, information, decisions, and nervous energy.","Emotion, instinct, needs, and daily rhythm and language, information, decisions, and nervous energy may meet through opening, making the pattern more noticeable in ordinary choices.",It can help by making the relationship between these two needs more available to conscious use.,Coasting on the good idea without turning it into anything concrete.,The work is learning when this aspect is offering information and when it is running the pattern for you.,"Describe tendencies, not fixed identity. Keep astrology traceable. Avoid prediction.",packages/astro-knowledge/data/insights/natal-aspects/moon-sextile-mercury.json
You,insights/natal-aspects,moon-sextile-neptune,Natal Moon Sextile Neptune,"displayTitle: Sensitive With Inspired summary: Emotional needs support imagination and longing. This cooperative pattern asks you to use emotional intelligence and compassion with awareness. body: Emotional needs support imagination and longing. This cooperative pattern asks you to use emotional intelligence and compassion with awareness. Imaginative and receptive; help seems to arrive from others. The connection is available when you choose to use it; it works best through deliberate practice. In practice, this can show up through emotional needs, imagination and longing, and the choices you make when mood-driven reaction or confusion starts running the room. gift: The gift is emotional intelligence, compassion, and a more conscious way to work with emotional needs and imagination and longing. shadow: The shadow is mood-driven reaction, confusion, and repeating the same pattern without noticing what it is trying to teach. integration: Let emotional needs and imagination and longing cooperate without making either one carry the whole story. Strong for imaginative work; protect boundaries and energy. do[0]: Name how emotional needs and imagination and longing are both involved do[1]: Use the easy opening deliberately do[2]: Turn emotional intelligence and compassion into one concrete choice dont[0]: Let mood-driven reaction make the decision dont[1]: Take the talent for granted dont[2]: Ignore the needs of emotional needs or imagination and longing voiceNeutral: true","This aspect creates a opening between emotion, instinct, needs, and daily rhythm and imagination, longing, vision, sensitivity, and uncertainty.","Emotion, instinct, needs, and daily rhythm and imagination, longing, vision, sensitivity, and uncertainty may meet through opening, making the pattern more noticeable in ordinary choices.",It can help by making the relationship between these two needs more available to conscious use.,Coasting on the good idea without turning it into anything concrete.,The work is learning when this aspect is offering information and when it is running the pattern for you.,"Describe tendencies, not fixed identity. Keep astrology traceable. Avoid prediction.",packages/astro-knowledge/data/insights/natal-aspects/moon-sextile-neptune.json
You,insights/natal-aspects,moon-sextile-pluto,Natal Moon Sextile Pluto,"displayTitle: Sensitive With Intense summary: Emotional needs support power and transformation. This cooperative pattern asks you to use emotional intelligence and depth with awareness. body: Emotional needs support power and transformation. This cooperative pattern asks you to use emotional intelligence and depth with awareness. Emotional depth and resilience that can be drawn on deliberately. The connection is available when you choose to use it; it works best through deliberate practice. In practice, this can show up through emotional needs, power and transformation, and the choices you make when mood-driven reaction or control starts running the room. gift: The gift is emotional intelligence, depth, and a more conscious way to work with emotional needs and power and transformation. shadow: The shadow is mood-driven reaction, control, and repeating the same pattern without noticing what it is trying to teach. integration: Let emotional needs and power and transformation cooperate without making either one carry the whole story. Emotional intensity: depth is an asset, volatility a liability. do[0]: Name how emotional needs and power and transformation are both involved do[1]: Use the easy opening deliberately do[2]: Turn emotional intelligence and depth into one concrete choice dont[0]: Let mood-driven reaction make the decision dont[1]: Take the talent for granted dont[2]: Ignore the needs of emotional needs or power and transformation voiceNeutral: true","This aspect creates a opening between emotion, instinct, needs, and daily rhythm and depth, power, pressure, release, and transformation.","Emotion, instinct, needs, and daily rhythm and depth, power, pressure, release, and transformation may meet through opening, making the pattern more noticeable in ordinary choices.",It can help by making the relationship between these two needs more available to conscious use.,Coasting on the good idea without turning it into anything concrete.,The work is learning when this aspect is offering information and when it is running the pattern for you.,"Describe tendencies, not fixed identity. Keep astrology traceable. Avoid prediction.",packages/astro-knowledge/data/insights/natal-aspects/moon-sextile-pluto.json
You,insights/natal-aspects,moon-sextile-saturn,Natal Moon Sextile Saturn,"displayTitle: Sensitive With Steady summary: Emotional needs support discipline and limits. This cooperative pattern asks you to use emotional intelligence and maturity with awareness. body: Emotional needs support discipline and limits. This cooperative pattern asks you to use emotional intelligence and maturity with awareness. Emotional steadiness and staying power. The connection is available when you choose to use it; it works best through deliberate practice. In practice, this can show up through emotional needs, discipline and limits, and the choices you make when mood-driven reaction or fear starts running the room. gift: The gift is emotional intelligence, maturity, and a more conscious way to work with emotional needs and discipline and limits. shadow: The shadow is mood-driven reaction, fear, and repeating the same pattern without noticing what it is trying to teach. integration: Let emotional needs and discipline and limits cooperate without making either one carry the whole story. Dependable under pressure; the risk is grinding joylessly. do[0]: Name how emotional needs and discipline and limits are both involved do[1]: Use the easy opening deliberately do[2]: Turn emotional intelligence and maturity into one concrete choice dont[0]: Let mood-driven reaction make the decision dont[1]: Take the talent for granted dont[2]: Ignore the needs of emotional needs or discipline and limits voiceNeutral: true","This aspect creates a opening between emotion, instinct, needs, and daily rhythm and structure, limits, responsibility, time, and consequence.",Feelings that seemed difficult to manage may become easier to organize.,It can help by making the relationship between these two needs more available to conscious use.,Coasting on the good idea without turning it into anything concrete.,The work is learning when this aspect is offering information and when it is running the pattern for you.,"Describe tendencies, not fixed identity. Keep astrology traceable. Avoid prediction.",packages/astro-knowledge/data/insights/natal-aspects/moon-sextile-saturn.json
You,insights/natal-aspects,moon-sextile-uranus,Natal Moon Sextile Uranus,"displayTitle: Sensitive With Original summary: Emotional needs support freedom and disruption. This cooperative pattern asks you to use emotional intelligence and originality with awareness. body: Emotional needs support freedom and disruption. This cooperative pattern asks you to use emotional intelligence and originality with awareness. Emotional independence and a quick, inventive instinct; at ease with change. The connection is available when you choose to use it; it works best through deliberate practice. In practice, this can show up through emotional needs, freedom and disruption, and the choices you make when mood-driven reaction or instability starts running the room. gift: The gift is emotional intelligence, originality, and a more conscious way to work with emotional needs and freedom and disruption. shadow: The shadow is mood-driven reaction, instability, and repeating the same pattern without noticing what it is trying to teach. integration: Let emotional needs and freedom and disruption cooperate without making either one carry the whole story. Good for inventive moves and breaking stale routines; poor for steady, predictable handling. do[0]: Name how emotional needs and freedom and disruption are both involved do[1]: Use the easy opening deliberately do[2]: Turn emotional intelligence and originality into one concrete choice dont[0]: Let mood-driven reaction make the decision dont[1]: Take the talent for granted dont[2]: Ignore the needs of emotional needs or freedom and disruption voiceNeutral: true","This aspect creates a opening between emotion, instinct, needs, and daily rhythm and change, disruption, freedom, and originality.","Emotion, instinct, needs, and daily rhythm and change, disruption, freedom, and originality may meet through opening, making the pattern more noticeable in ordinary choices.",It can help by making the relationship between these two needs more available to conscious use.,Coasting on the good idea without turning it into anything concrete.,The work is learning when this aspect is offering information and when it is running the pattern for you.,"Describe tendencies, not fixed identity. Keep astrology traceable. Avoid prediction.",packages/astro-knowledge/data/insights/natal-aspects/moon-sextile-uranus.json
You,insights/natal-aspects,moon-sextile-venus,Natal Moon Sextile Venus,"displayTitle: Sensitive With Magnetic summary: Emotional needs support love and values. This cooperative pattern asks you to use emotional intelligence and relational grace with awareness. body: Emotional needs support love and values. This cooperative pattern asks you to use emotional intelligence and relational grace with awareness. Naturally charming and emotionally generous. The connection is available when you choose to use it; it works best through deliberate practice. In practice, this can show up through emotional needs, love and values, and the choices you make when mood-driven reaction or approval seeking starts running the room. gift: The gift is emotional intelligence, relational grace, and a more conscious way to work with emotional needs and love and values. shadow: The shadow is mood-driven reaction, approval seeking, and repeating the same pattern without noticing what it is trying to teach. integration: Let emotional needs and love and values cooperate without making either one carry the whole story. Likable and warm; watch indulgence and shaky money instincts. do[0]: Name how emotional needs and love and values are both involved do[1]: Use the easy opening deliberately do[2]: Turn emotional intelligence and relational grace into one concrete choice dont[0]: Let mood-driven reaction make the decision dont[1]: Take the talent for granted dont[2]: Ignore the needs of emotional needs or love and values voiceNeutral: true","This aspect creates a opening between emotion, instinct, needs, and daily rhythm and connection, value, pleasure, attraction, and ease.","Emotion, instinct, needs, and daily rhythm and connection, value, pleasure, attraction, and ease may meet through opening, making the pattern more noticeable in ordinary choices.",It can help by making the relationship between these two needs more available to conscious use.,Coasting on the good idea without turning it into anything concrete.,The work is learning when this aspect is offering information and when it is running the pattern for you.,"Describe tendencies, not fixed identity. Keep astrology traceable. Avoid prediction.",packages/astro-knowledge/data/insights/natal-aspects/moon-sextile-venus.json
You,insights/natal-aspects,moon-square-jupiter,Natal Moon Square Jupiter,"displayTitle: Sensitive Or Expansive summary: Emotional needs press against growth and belief. This frictional pattern asks you to use emotional intelligence and optimism with awareness. body: Emotional needs press against growth and belief. This frictional pattern asks you to use emotional intelligence and optimism with awareness. Emotional and physical excess; overindulgence and overcommitment. The friction makes the pattern noticeable, especially when pressure forces an adjustment. In practice, this can show up through emotional needs, growth and belief, and the choices you make when mood-driven reaction or overreach starts running the room. gift: The gift is emotional intelligence, optimism, and a more conscious way to work with emotional needs and growth and belief. shadow: The shadow is mood-driven reaction, overreach, and repeating the same pattern without noticing what it is trying to teach. integration: Let emotional needs and growth and belief cooperate without making either one carry the whole story. Warmth and generosity that draw people in; watch the tendency to overextend. do[0]: Name how emotional needs and growth and belief are both involved do[1]: Pause before choosing the most familiar reaction do[2]: Turn emotional intelligence and optimism into one concrete choice dont[0]: Let mood-driven reaction make the decision dont[1]: Treat tension as proof that something is wrong dont[2]: Ignore the needs of emotional needs or growth and belief voiceNeutral: true","This aspect creates a friction between emotion, instinct, needs, and daily rhythm and growth, belief, opportunity, and expansion.","Emotion, instinct, needs, and daily rhythm and growth, belief, opportunity, and expansion may meet through friction, making the pattern more noticeable in ordinary choices.",It can help by making the relationship between these two needs more available to conscious use.,Forcing a decision just to end the discomfort.,The work is learning when this aspect is offering information and when it is running the pattern for you.,"Describe tendencies, not fixed identity. Keep astrology traceable. Avoid prediction.",packages/astro-knowledge/data/insights/natal-aspects/moon-square-jupiter.json
You,insights/natal-aspects,moon-square-mars,Natal Moon Square Mars,"displayTitle: Reactive Or Brave summary: Feeling and action can collide quickly. When something touches a need, your body may be ready to defend it. body: Moon square Mars describes emotional heat, protective instincts, and a fast path between feeling and reaction. You may be brave on behalf of people you love, but also quick to irritation when tired, hungry, hurt, or crowded. Anger can cover vulnerability, especially when needs feel exposed. The gift is fierce care and emotional courage. The growth is learning to pause long enough to know what the feeling is asking for before action takes over. gift: Protectiveness, courage, direct emotional energy, and the ability to act when care requires defense. shadow: Reactivity, impatience, defensive anger, and fighting when what you need is comfort or space. integration: Treat anger as a messenger, not the whole message. Your needs deserve action, but they also deserve accuracy. do[0]: Check hunger, exhaustion, and overstimulation do[1]: Name the hurt before launching the defense do[2]: Use movement to discharge heat dont[0]: Make the first reaction the final truth dont[1]: Punish people for not reading your needs dont[2]: Confuse urgency with emotional honesty voiceNeutral: true","This aspect creates a friction between emotion, instinct, needs, and daily rhythm and action, heat, courage, friction, and desire.","Emotions and action may move at different speeds, making frustration easier to trigger.",It can help by making the relationship between these two needs more available to conscious use.,Forcing a decision just to end the discomfort.,The work is learning when this aspect is offering information and when it is running the pattern for you.,"Describe tendencies, not fixed identity. Keep astrology traceable. Avoid prediction.",packages/astro-knowledge/data/insights/natal-aspects/moon-square-mars.json
You,insights/natal-aspects,moon-square-mercury,Natal Moon Square Mercury,"displayTitle: Sensitive Or Perceptive summary: Emotional needs press against thinking and speech. This frictional pattern asks you to use emotional intelligence and clear thinking with awareness. body: Emotional needs press against thinking and speech. This frictional pattern asks you to use emotional intelligence and clear thinking with awareness. Gut instinct argues with logic. Either feelings go unspoken or they get said unfiltered, without being thought through. The friction makes the pattern noticeable, especially when pressure forces an adjustment. In practice, this can show up through emotional needs, thinking and speech, and the choices you make when mood-driven reaction or mental noise starts running the room. gift: The gift is emotional intelligence, clear thinking, and a more conscious way to work with emotional needs and thinking and speech. shadow: The shadow is mood-driven reaction, mental noise, and repeating the same pattern without noticing what it is trying to teach. integration: Let emotional needs and thinking and speech cooperate without making either one carry the whole story. Communication colored by mood; powerful when feeling and reasoning are integrated. do[0]: Name how emotional needs and thinking and speech are both involved do[1]: Pause before choosing the most familiar reaction do[2]: Turn emotional intelligence and clear thinking into one concrete choice dont[0]: Let mood-driven reaction make the decision dont[1]: Treat tension as proof that something is wrong dont[2]: Ignore the needs of emotional needs or thinking and speech voiceNeutral: true","This aspect creates a friction between emotion, instinct, needs, and daily rhythm and language, information, decisions, and nervous energy.","Emotion, instinct, needs, and daily rhythm and language, information, decisions, and nervous energy may meet through friction, making the pattern more noticeable in ordinary choices.",It can help by making the relationship between these two needs more available to conscious use.,Forcing a decision just to end the discomfort.,The work is learning when this aspect is offering information and when it is running the pattern for you.,"Describe tendencies, not fixed identity. Keep astrology traceable. Avoid prediction.",packages/astro-knowledge/data/insights/natal-aspects/moon-square-mercury.json
You,insights/natal-aspects,moon-square-neptune,Natal Moon Square Neptune,"displayTitle: Sensitive Or Saturated summary: Your emotional field is porous. You may absorb moods, images, and expectations before you know what belongs to you. body: Moon square Neptune describes deep sensitivity, imagination, and emotional permeability. You may feel what is unspoken and respond to atmospheres faster than facts. This can make you compassionate and creatively receptive, but it can also blur boundaries, idealize people, or pull you toward escape when feelings become too much. The gift is emotional intuition. The growth is learning to protect your softness with clear reality checks and simple routines. gift: Compassion, imagination, subtle perception, and the ability to meet emotion with tenderness. shadow: Confusion, projection, porous boundaries, avoidance, and mistaking fantasy for emotional safety. integration: Keep the sensitivity, but give it containers. Sleep, food, solitude, honest naming, and grounded people help your intuition stay clean. do[0]: Check facts before acting on a mood do[1]: Create quiet recovery time do[2]: Name what is yours and what you may be absorbing dont[0]: Make excuses for people who keep blurring your boundaries dont[1]: Use fantasy to avoid a direct need dont[2]: Treat compassion as a reason to ignore your own limits voiceNeutral: true","This aspect creates a friction between emotion, instinct, needs, and daily rhythm and imagination, longing, vision, sensitivity, and uncertainty.","Emotion, instinct, needs, and daily rhythm and imagination, longing, vision, sensitivity, and uncertainty may meet through friction, making the pattern more noticeable in ordinary choices.",It can help by making the relationship between these two needs more available to conscious use.,Forcing a decision just to end the discomfort.,The work is learning when this aspect is offering information and when it is running the pattern for you.,"Describe tendencies, not fixed identity. Keep astrology traceable. Avoid prediction.",packages/astro-knowledge/data/insights/natal-aspects/moon-square-neptune.json
You,insights/natal-aspects,moon-square-pluto,Natal Moon Square Pluto,"displayTitle: Sensitive Or Intense summary: Emotional needs press against power and transformation. This frictional pattern asks you to use emotional intelligence and depth with awareness. body: Emotional needs press against power and transformation. This frictional pattern asks you to use emotional intelligence and depth with awareness. Emotional power struggles, jealousy, and compulsion. The friction makes the pattern noticeable, especially when pressure forces an adjustment. In practice, this can show up through emotional needs, power and transformation, and the choices you make when mood-driven reaction or control starts running the room. gift: The gift is emotional intelligence, depth, and a more conscious way to work with emotional needs and power and transformation. shadow: The shadow is mood-driven reaction, control, and repeating the same pattern without noticing what it is trying to teach. integration: Let emotional needs and power and transformation cooperate without making either one carry the whole story. Emotional intensity: depth is an asset, volatility a liability. do[0]: Name how emotional needs and power and transformation are both involved do[1]: Pause before choosing the most familiar reaction do[2]: Turn emotional intelligence and depth into one concrete choice dont[0]: Let mood-driven reaction make the decision dont[1]: Treat tension as proof that something is wrong dont[2]: Ignore the needs of emotional needs or power and transformation voiceNeutral: true","This aspect creates a friction between emotion, instinct, needs, and daily rhythm and depth, power, pressure, release, and transformation.","Emotion, instinct, needs, and daily rhythm and depth, power, pressure, release, and transformation may meet through friction, making the pattern more noticeable in ordinary choices.",It can help by making the relationship between these two needs more available to conscious use.,Forcing a decision just to end the discomfort.,The work is learning when this aspect is offering information and when it is running the pattern for you.,"Describe tendencies, not fixed identity. Keep astrology traceable. Avoid prediction.",packages/astro-knowledge/data/insights/natal-aspects/moon-square-pluto.json
You,insights/natal-aspects,moon-square-saturn,Natal Moon Square Saturn,"displayTitle: Self-Sufficient Or Underfed summary: You may have learned early to manage your feelings privately. Strength is real here, but so is the need for care. body: Moon square Saturn describes emotional restraint, endurance, and a habit of becoming responsible before you feel ready. You may carry the sense that needs are inconvenient, that comfort has to be earned, or that asking for support will expose too much. This can create steadiness and maturity, but it can also make tenderness feel unfamiliar. The growth is not to abandon discipline; it is to build an inner life where your needs are allowed to exist before they become emergencies. gift: Emotional discipline, loyalty, patience, and the ability to stay present when life asks for maturity. shadow: Isolation, emotional scarcity, fear of needing too much, and mistaking self-denial for strength. integration: Let care become part of your structure. Consistency matters, but it should include rest, softness, and people who do not require you to perform being fine. do[0]: Ask for one specific kind of support do[1]: Build routines that include comfort do[2]: Notice when responsibility is covering sadness dont[0]: Treat every need as a weakness dont[1]: Withdraw until no one can reach you dont[2]: Make endurance your whole identity voiceNeutral: true","This aspect creates a friction between emotion, instinct, needs, and daily rhythm and structure, limits, responsibility, time, and consequence.",Feelings that seemed difficult to manage may become easier to organize.,It can help by making the relationship between these two needs more available to conscious use.,Forcing a decision just to end the discomfort.,The work is learning when this aspect is offering information and when it is running the pattern for you.,"Describe tendencies, not fixed identity. Keep astrology traceable. Avoid prediction.",packages/astro-knowledge/data/insights/natal-aspects/moon-square-saturn.json
You,insights/natal-aspects,moon-square-uranus,Natal Moon Square Uranus,"displayTitle: Sensitive Or Original summary: Emotional needs press against freedom and disruption. This frictional pattern asks you to use emotional intelligence and originality with awareness. body: Emotional needs press against freedom and disruption. This frictional pattern asks you to use emotional intelligence and originality with awareness. Emotional volatility, sudden moods, and a recoil from anything that feels confining. The friction makes the pattern noticeable, especially when pressure forces an adjustment. In practice, this can show up through emotional needs, freedom and disruption, and the choices you make when mood-driven reaction or instability starts running the room. gift: The gift is emotional intelligence, originality, and a more conscious way to work with emotional needs and freedom and disruption. shadow: The shadow is mood-driven reaction, instability, and repeating the same pattern without noticing what it is trying to teach. integration: Let emotional needs and freedom and disruption cooperate without making either one carry the whole story. Good for inventive moves and breaking stale routines; poor for steady, predictable handling. do[0]: Name how emotional needs and freedom and disruption are both involved do[1]: Pause before choosing the most familiar reaction do[2]: Turn emotional intelligence and originality into one concrete choice dont[0]: Let mood-driven reaction make the decision dont[1]: Treat tension as proof that something is wrong dont[2]: Ignore the needs of emotional needs or freedom and disruption voiceNeutral: true","This aspect creates a friction between emotion, instinct, needs, and daily rhythm and change, disruption, freedom, and originality.","Emotion, instinct, needs, and daily rhythm and change, disruption, freedom, and originality may meet through friction, making the pattern more noticeable in ordinary choices.",It can help by making the relationship between these two needs more available to conscious use.,Forcing a decision just to end the discomfort.,The work is learning when this aspect is offering information and when it is running the pattern for you.,"Describe tendencies, not fixed identity. Keep astrology traceable. Avoid prediction.",packages/astro-knowledge/data/insights/natal-aspects/moon-square-uranus.json
You,insights/natal-aspects,moon-square-venus,Natal Moon Square Venus,"displayTitle: Sensitive Or Magnetic summary: Emotional needs press against love and values. This frictional pattern asks you to use emotional intelligence and relational grace with awareness. body: Emotional needs press against love and values. This frictional pattern asks you to use emotional intelligence and relational grace with awareness. Feelings expressed erratically, a tendency to overspend or overindulge, and feeling unliked without cause. The friction makes the pattern noticeable, especially when pressure forces an adjustment. In practice, this can show up through emotional needs, love and values, and the choices you make when mood-driven reaction or approval seeking starts running the room. gift: The gift is emotional intelligence, relational grace, and a more conscious way to work with emotional needs and love and values. shadow: The shadow is mood-driven reaction, approval seeking, and repeating the same pattern without noticing what it is trying to teach. integration: Let emotional needs and love and values cooperate without making either one carry the whole story. Likable and warm; watch indulgence and shaky money instincts. do[0]: Name how emotional needs and love and values are both involved do[1]: Pause before choosing the most familiar reaction do[2]: Turn emotional intelligence and relational grace into one concrete choice dont[0]: Let mood-driven reaction make the decision dont[1]: Treat tension as proof that something is wrong dont[2]: Ignore the needs of emotional needs or love and values voiceNeutral: true","This aspect creates a friction between emotion, instinct, needs, and daily rhythm and connection, value, pleasure, attraction, and ease.","Emotion, instinct, needs, and daily rhythm and connection, value, pleasure, attraction, and ease may meet through friction, making the pattern more noticeable in ordinary choices.",It can help by making the relationship between these two needs more available to conscious use.,Forcing a decision just to end the discomfort.,The work is learning when this aspect is offering information and when it is running the pattern for you.,"Describe tendencies, not fixed identity. Keep astrology traceable. Avoid prediction.",packages/astro-knowledge/data/insights/natal-aspects/moon-square-venus.json
You,insights/natal-aspects,moon-trine-jupiter,Natal Moon Trine Jupiter,"displayTitle: Generous Or Overextended summary: Your emotional nature may seek warmth, humor, and room to breathe. You can comfort others by making life feel larger. body: Moon trine Jupiter describes emotional generosity and a natural instinct for hope. You may recover through perspective, story, laughter, faith, or people who remind you that life is bigger than the current mood. This aspect can make care abundant and welcoming, but it can also lean toward excess, avoidance, or promising more support than you can sustainably give. The gift is a heart that can widen. The growth is letting generosity include proportion. gift: Warmth, optimism, hospitality, emotional perspective, and the ability to help people feel supported. shadow: Overgiving, emotional excess, avoidance through positivity, and assuming everything will stretch to fit. integration: Let hope stay connected to capacity. Real care knows when to offer more and when to stay honest about limits. do[0]: Share warmth without taking over do[1]: Use humor to soften, not bypass do[2]: Let support have boundaries dont[0]: Promise care you cannot maintain dont[1]: Use positivity to skip grief dont[2]: Assume bigger is always kinder voiceNeutral: true","This aspect creates a flow between emotion, instinct, needs, and daily rhythm and growth, belief, opportunity, and expansion.","Emotion, instinct, needs, and daily rhythm and growth, belief, opportunity, and expansion may meet through flow, making the pattern more noticeable in ordinary choices.",It can help by making the relationship between these two needs more available to conscious use.,Letting the ease pass unused because nothing feels urgent.,The work is learning when this aspect is offering information and when it is running the pattern for you.,"Describe tendencies, not fixed identity. Keep astrology traceable. Avoid prediction.",packages/astro-knowledge/data/insights/natal-aspects/moon-trine-jupiter.json
You,insights/natal-aspects,moon-trine-mars,Natal Moon Trine Mars,"displayTitle: Sensitive Through Driven summary: Emotional needs flow with drive and anger. This fluid pattern asks you to use emotional intelligence and courage with awareness. body: Emotional needs flow with drive and anger. This fluid pattern asks you to use emotional intelligence and courage with awareness. Emotional energy fuels getting things done; lively, active imagination. The pattern can flow easily, which is useful when it is conscious and easy to take for granted when it is not. In practice, this can show up through emotional needs, drive and anger, and the choices you make when mood-driven reaction or reactivity starts running the room. gift: The gift is emotional intelligence, courage, and a more conscious way to work with emotional needs and drive and anger. shadow: The shadow is mood-driven reaction, reactivity, and repeating the same pattern without noticing what it is trying to teach. integration: Let emotional needs and drive and anger cooperate without making either one carry the whole story. Drive powered by feeling; the work is managing reactivity. do[0]: Name how emotional needs and drive and anger are both involved do[1]: Use the easy opening deliberately do[2]: Turn emotional intelligence and courage into one concrete choice dont[0]: Let mood-driven reaction make the decision dont[1]: Take the talent for granted dont[2]: Ignore the needs of emotional needs or drive and anger voiceNeutral: true","This aspect creates a flow between emotion, instinct, needs, and daily rhythm and action, heat, courage, friction, and desire.","Emotions and action may move at different speeds, making frustration easier to trigger.",It can help by making the relationship between these two needs more available to conscious use.,Letting the ease pass unused because nothing feels urgent.,The work is learning when this aspect is offering information and when it is running the pattern for you.,"Describe tendencies, not fixed identity. Keep astrology traceable. Avoid prediction.",packages/astro-knowledge/data/insights/natal-aspects/moon-trine-mars.json
You,insights/natal-aspects,moon-trine-mercury,Natal Moon Trine Mercury,"displayTitle: Sensitive Through Perceptive summary: Emotional needs flow with thinking and speech. This fluid pattern asks you to use emotional intelligence and clear thinking with awareness. body: Emotional needs flow with thinking and speech. This fluid pattern asks you to use emotional intelligence and clear thinking with awareness. Thought and communication flow; expression is instinctive and fluent. The pattern can flow easily, which is useful when it is conscious and easy to take for granted when it is not. In practice, this can show up through emotional needs, thinking and speech, and the choices you make when mood-driven reaction or mental noise starts running the room. gift: The gift is emotional intelligence, clear thinking, and a more conscious way to work with emotional needs and thinking and speech. shadow: The shadow is mood-driven reaction, mental noise, and repeating the same pattern without noticing what it is trying to teach. integration: Let emotional needs and thinking and speech cooperate without making either one carry the whole story. Communication colored by mood; powerful when feeling and reasoning are integrated. do[0]: Name how emotional needs and thinking and speech are both involved do[1]: Use the easy opening deliberately do[2]: Turn emotional intelligence and clear thinking into one concrete choice dont[0]: Let mood-driven reaction make the decision dont[1]: Take the talent for granted dont[2]: Ignore the needs of emotional needs or thinking and speech voiceNeutral: true","This aspect creates a flow between emotion, instinct, needs, and daily rhythm and language, information, decisions, and nervous energy.","Emotion, instinct, needs, and daily rhythm and language, information, decisions, and nervous energy may meet through flow, making the pattern more noticeable in ordinary choices.",It can help by making the relationship between these two needs more available to conscious use.,Letting the ease pass unused because nothing feels urgent.,The work is learning when this aspect is offering information and when it is running the pattern for you.,"Describe tendencies, not fixed identity. Keep astrology traceable. Avoid prediction.",packages/astro-knowledge/data/insights/natal-aspects/moon-trine-mercury.json
You,insights/natal-aspects,moon-trine-neptune,Natal Moon Trine Neptune,"displayTitle: Sensitive Through Inspired summary: Emotional needs flow with imagination and longing. This fluid pattern asks you to use emotional intelligence and compassion with awareness. body: Emotional needs flow with imagination and longing. This fluid pattern asks you to use emotional intelligence and compassion with awareness. Imaginative and receptive; help seems to arrive from others. The pattern can flow easily, which is useful when it is conscious and easy to take for granted when it is not. In practice, this can show up through emotional needs, imagination and longing, and the choices you make when mood-driven reaction or confusion starts running the room. gift: The gift is emotional intelligence, compassion, and a more conscious way to work with emotional needs and imagination and longing. shadow: The shadow is mood-driven reaction, confusion, and repeating the same pattern without noticing what it is trying to teach. integration: Let emotional needs and imagination and longing cooperate without making either one carry the whole story. Strong for imaginative work; protect boundaries and energy. do[0]: Name how emotional needs and imagination and longing are both involved do[1]: Use the easy opening deliberately do[2]: Turn emotional intelligence and compassion into one concrete choice dont[0]: Let mood-driven reaction make the decision dont[1]: Take the talent for granted dont[2]: Ignore the needs of emotional needs or imagination and longing voiceNeutral: true","This aspect creates a flow between emotion, instinct, needs, and daily rhythm and imagination, longing, vision, sensitivity, and uncertainty.","Emotion, instinct, needs, and daily rhythm and imagination, longing, vision, sensitivity, and uncertainty may meet through flow, making the pattern more noticeable in ordinary choices.",It can help by making the relationship between these two needs more available to conscious use.,Letting the ease pass unused because nothing feels urgent.,The work is learning when this aspect is offering information and when it is running the pattern for you.,"Describe tendencies, not fixed identity. Keep astrology traceable. Avoid prediction.",packages/astro-knowledge/data/insights/natal-aspects/moon-trine-neptune.json
You,insights/natal-aspects,moon-trine-pluto,Natal Moon Trine Pluto,"displayTitle: Sensitive Through Intense summary: Emotional needs flow with power and transformation. This fluid pattern asks you to use emotional intelligence and depth with awareness. body: Emotional needs flow with power and transformation. This fluid pattern asks you to use emotional intelligence and depth with awareness. Emotional depth and resilience that can be drawn on deliberately. The pattern can flow easily, which is useful when it is conscious and easy to take for granted when it is not. In practice, this can show up through emotional needs, power and transformation, and the choices you make when mood-driven reaction or control starts running the room. gift: The gift is emotional intelligence, depth, and a more conscious way to work with emotional needs and power and transformation. shadow: The shadow is mood-driven reaction, control, and repeating the same pattern without noticing what it is trying to teach. integration: Let emotional needs and power and transformation cooperate without making either one carry the whole story. Emotional intensity: depth is an asset, volatility a liability. do[0]: Name how emotional needs and power and transformation are both involved do[1]: Use the easy opening deliberately do[2]: Turn emotional intelligence and depth into one concrete choice dont[0]: Let mood-driven reaction make the decision dont[1]: Take the talent for granted dont[2]: Ignore the needs of emotional needs or power and transformation voiceNeutral: true","This aspect creates a flow between emotion, instinct, needs, and daily rhythm and depth, power, pressure, release, and transformation.","Emotion, instinct, needs, and daily rhythm and depth, power, pressure, release, and transformation may meet through flow, making the pattern more noticeable in ordinary choices.",It can help by making the relationship between these two needs more available to conscious use.,Letting the ease pass unused because nothing feels urgent.,The work is learning when this aspect is offering information and when it is running the pattern for you.,"Describe tendencies, not fixed identity. Keep astrology traceable. Avoid prediction.",packages/astro-knowledge/data/insights/natal-aspects/moon-trine-pluto.json
You,insights/natal-aspects,moon-trine-saturn,Natal Moon Trine Saturn,"displayTitle: Sensitive Through Steady summary: Emotional needs flow with discipline and limits. This fluid pattern asks you to use emotional intelligence and maturity with awareness. body: Emotional needs flow with discipline and limits. This fluid pattern asks you to use emotional intelligence and maturity with awareness. Emotional steadiness and staying power. The pattern can flow easily, which is useful when it is conscious and easy to take for granted when it is not. In practice, this can show up through emotional needs, discipline and limits, and the choices you make when mood-driven reaction or fear starts running the room. gift: The gift is emotional intelligence, maturity, and a more conscious way to work with emotional needs and discipline and limits. shadow: The shadow is mood-driven reaction, fear, and repeating the same pattern without noticing what it is trying to teach. integration: Let emotional needs and discipline and limits cooperate without making either one carry the whole story. Dependable under pressure; the risk is grinding joylessly. do[0]: Name how emotional needs and discipline and limits are both involved do[1]: Use the easy opening deliberately do[2]: Turn emotional intelligence and maturity into one concrete choice dont[0]: Let mood-driven reaction make the decision dont[1]: Take the talent for granted dont[2]: Ignore the needs of emotional needs or discipline and limits voiceNeutral: true","This aspect creates a flow between emotion, instinct, needs, and daily rhythm and structure, limits, responsibility, time, and consequence.",Feelings that seemed difficult to manage may become easier to organize.,It can help by making the relationship between these two needs more available to conscious use.,Letting the ease pass unused because nothing feels urgent.,The work is learning when this aspect is offering information and when it is running the pattern for you.,"Describe tendencies, not fixed identity. Keep astrology traceable. Avoid prediction.",packages/astro-knowledge/data/insights/natal-aspects/moon-trine-saturn.json
You,insights/natal-aspects,moon-trine-uranus,Natal Moon Trine Uranus,"displayTitle: Sensitive Through Original summary: Emotional needs flow with freedom and disruption. This fluid pattern asks you to use emotional intelligence and originality with awareness. body: Emotional needs flow with freedom and disruption. This fluid pattern asks you to use emotional intelligence and originality with awareness. Emotional independence and a quick, inventive instinct; at ease with change. The pattern can flow easily, which is useful when it is conscious and easy to take for granted when it is not. In practice, this can show up through emotional needs, freedom and disruption, and the choices you make when mood-driven reaction or instability starts running the room. gift: The gift is emotional intelligence, originality, and a more conscious way to work with emotional needs and freedom and disruption. shadow: The shadow is mood-driven reaction, instability, and repeating the same pattern without noticing what it is trying to teach. integration: Let emotional needs and freedom and disruption cooperate without making either one carry the whole story. Good for inventive moves and breaking stale routines; poor for steady, predictable handling. do[0]: Name how emotional needs and freedom and disruption are both involved do[1]: Use the easy opening deliberately do[2]: Turn emotional intelligence and originality into one concrete choice dont[0]: Let mood-driven reaction make the decision dont[1]: Take the talent for granted dont[2]: Ignore the needs of emotional needs or freedom and disruption voiceNeutral: true","This aspect creates a flow between emotion, instinct, needs, and daily rhythm and change, disruption, freedom, and originality.","Emotion, instinct, needs, and daily rhythm and change, disruption, freedom, and originality may meet through flow, making the pattern more noticeable in ordinary choices.",It can help by making the relationship between these two needs more available to conscious use.,Letting the ease pass unused because nothing feels urgent.,The work is learning when this aspect is offering information and when it is running the pattern for you.,"Describe tendencies, not fixed identity. Keep astrology traceable. Avoid prediction.",packages/astro-knowledge/data/insights/natal-aspects/moon-trine-uranus.json
You,insights/natal-aspects,moon-trine-venus,Natal Moon Trine Venus,"displayTitle: Sensitive Through Magnetic summary: Emotional needs flow with love and values. This fluid pattern asks you to use emotional intelligence and relational grace with awareness. body: Emotional needs flow with love and values. This fluid pattern asks you to use emotional intelligence and relational grace with awareness. Naturally charming and emotionally generous. The pattern can flow easily, which is useful when it is conscious and easy to take for granted when it is not. In practice, this can show up through emotional needs, love and values, and the choices you make when mood-driven reaction or approval seeking starts running the room. gift: The gift is emotional intelligence, relational grace, and a more conscious way to work with emotional needs and love and values. shadow: The shadow is mood-driven reaction, approval seeking, and repeating the same pattern without noticing what it is trying to teach. integration: Let emotional needs and love and values cooperate without making either one carry the whole story. Likable and warm; watch indulgence and shaky money instincts. do[0]: Name how emotional needs and love and values are both involved do[1]: Use the easy opening deliberately do[2]: Turn emotional intelligence and relational grace into one concrete choice dont[0]: Let mood-driven reaction make the decision dont[1]: Take the talent for granted dont[2]: Ignore the needs of emotional needs or love and values voiceNeutral: true","This aspect creates a flow between emotion, instinct, needs, and daily rhythm and connection, value, pleasure, attraction, and ease.","Emotion, instinct, needs, and daily rhythm and connection, value, pleasure, attraction, and ease may meet through flow, making the pattern more noticeable in ordinary choices.",It can help by making the relationship between these two needs more available to conscious use.,Letting the ease pass unused because nothing feels urgent.,The work is learning when this aspect is offering information and when it is running the pattern for you.,"Describe tendencies, not fixed identity. Keep astrology traceable. Avoid prediction.",packages/astro-knowledge/data/insights/natal-aspects/moon-trine-venus.json
You,insights/natal-aspects,neptune-conjunction-pluto,Natal Neptune Conjunction Pluto,"displayTitle: Inspired And Intense summary: Imagination and longing merge power and transformation. This concentrated pattern asks you to use compassion and depth with awareness. body: Imagination and longing merge power and transformation. This concentrated pattern asks you to use compassion and depth with awareness. Imagination meets power. A deep generational signature: intensified collective imagination and transformation. These drives sit close together, so the pattern may feel natural, immediate, and hard to separate. In practice, this can show up through imagination and longing, power and transformation, and the choices you make when confusion or control starts running the room. gift: The gift is compassion, depth, and a more conscious way to work with imagination and longing and power and transformation. shadow: The shadow is confusion, control, and repeating the same pattern without noticing what it is trying to teach. integration: Let imagination and longing and power and transformation cooperate without making either one carry the whole story. Generational and collective; minimal personal day-to-day meaning. do[0]: Name how imagination and longing and power and transformation are both involved do[1]: Use the easy opening deliberately do[2]: Turn compassion and depth into one concrete choice dont[0]: Let confusion make the decision dont[1]: Assume what feels natural is automatically balanced dont[2]: Ignore the needs of imagination and longing or power and transformation voiceNeutral: true","This aspect creates a fusion between imagination, longing, vision, sensitivity, and uncertainty and depth, power, pressure, release, and transformation.","A recurring idea, vision, or possibility may begin to feel more substantial and worth taking seriously.",It can help by making the relationship between these two needs more available to conscious use.,Acting from the intensity before identifying the separate parts.,The work is learning when this aspect is offering information and when it is running the pattern for you.,"Describe tendencies, not fixed identity. Keep astrology traceable. Avoid prediction.",packages/astro-knowledge/data/insights/natal-aspects/neptune-conjunction-pluto.json
You,insights/natal-aspects,neptune-opposition-pluto,Natal Neptune Opposition Pluto,"displayTitle: Inspired Across Intense summary: Imagination and longing mirror power and transformation. This polarized pattern asks you to use compassion and depth with awareness. body: Imagination and longing mirror power and transformation. This polarized pattern asks you to use compassion and depth with awareness. Collective illusion fused with destructive power. The two sides may appear through contrast, projection, or relationships until you learn to hold both directly. In practice, this can show up through imagination and longing, power and transformation, and the choices you make when confusion or control starts running the room. gift: The gift is compassion, depth, and a more conscious way to work with imagination and longing and power and transformation. shadow: The shadow is confusion, control, and repeating the same pattern without noticing what it is trying to teach. integration: Let imagination and longing and power and transformation cooperate without making either one carry the whole story. Generational and collective; minimal personal day-to-day meaning. do[0]: Name how imagination and longing and power and transformation are both involved do[1]: Pause before choosing the most familiar reaction do[2]: Turn compassion and depth into one concrete choice dont[0]: Let confusion make the decision dont[1]: Treat tension as proof that something is wrong dont[2]: Ignore the needs of imagination and longing or power and transformation voiceNeutral: true","This aspect creates a polarity between imagination, longing, vision, sensitivity, and uncertainty and depth, power, pressure, release, and transformation.","A recurring idea, vision, or possibility may begin to feel more substantial and worth taking seriously.",It can help by making the relationship between these two needs more available to conscious use.,Turning tension into a standoff instead of a clearer understanding.,The work is learning when this aspect is offering information and when it is running the pattern for you.,"Describe tendencies, not fixed identity. Keep astrology traceable. Avoid prediction.",packages/astro-knowledge/data/insights/natal-aspects/neptune-opposition-pluto.json
You,insights/natal-aspects,neptune-sextile-pluto,Natal Neptune Sextile Pluto,"displayTitle: Subtle Or Transformative summary: This generational pattern links spiritual imagination with deep transformation. Its personal meaning depends on how strongly it touches the chart. body: Neptune sextile Pluto describes a long collective current: ideals, myths, spirituality, and imagination interacting with power, psychology, endings, and renewal. Personally, it can show sensitivity to deep cultural change, interest in healing systems, or a quiet instinct for what is dissolving and what is ready to be transformed. The gift is subtle depth. The growth is making sure compassion and power remain accountable to real life. gift: Spiritual depth, psychological imagination, collective sensitivity, and the ability to sense long transformations. shadow: Vague intensity, passive surrender to collective moods, and confusing dissolution with healing. integration: Treat this as background weather unless it is angular or tightly tied to personal planets. When it is personal, ground the depth through service, art, study, or repair. do[0]: Ground spiritual insight in practical care do[1]: Study the systems you want to transform do[2]: Notice collective moods without becoming them dont[0]: Make vagueness sound deep dont[1]: Use spirituality to avoid power questions dont[2]: Assume every ending is automatically healing voiceNeutral: true","This aspect creates a opening between imagination, longing, vision, sensitivity, and uncertainty and depth, power, pressure, release, and transformation.","A recurring idea, vision, or possibility may begin to feel more substantial and worth taking seriously.",It can help by making the relationship between these two needs more available to conscious use.,Coasting on the good idea without turning it into anything concrete.,The work is learning when this aspect is offering information and when it is running the pattern for you.,"Describe tendencies, not fixed identity. Keep astrology traceable. Avoid prediction.",packages/astro-knowledge/data/insights/natal-aspects/neptune-sextile-pluto.json
You,insights/natal-aspects,neptune-square-pluto,Natal Neptune Square Pluto,"displayTitle: Inspired Or Intense summary: Imagination and longing press against power and transformation. This frictional pattern asks you to use compassion and depth with awareness. body: Imagination and longing press against power and transformation. This frictional pattern asks you to use compassion and depth with awareness. Collective illusion fused with destructive power. The friction makes the pattern noticeable, especially when pressure forces an adjustment. In practice, this can show up through imagination and longing, power and transformation, and the choices you make when confusion or control starts running the room. gift: The gift is compassion, depth, and a more conscious way to work with imagination and longing and power and transformation. shadow: The shadow is confusion, control, and repeating the same pattern without noticing what it is trying to teach. integration: Let imagination and longing and power and transformation cooperate without making either one carry the whole story. Generational and collective; minimal personal day-to-day meaning. do[0]: Name how imagination and longing and power and transformation are both involved do[1]: Pause before choosing the most familiar reaction do[2]: Turn compassion and depth into one concrete choice dont[0]: Let confusion make the decision dont[1]: Treat tension as proof that something is wrong dont[2]: Ignore the needs of imagination and longing or power and transformation voiceNeutral: true","This aspect creates a friction between imagination, longing, vision, sensitivity, and uncertainty and depth, power, pressure, release, and transformation.","A recurring idea, vision, or possibility may begin to feel more substantial and worth taking seriously.",It can help by making the relationship between these two needs more available to conscious use.,Forcing a decision just to end the discomfort.,The work is learning when this aspect is offering information and when it is running the pattern for you.,"Describe tendencies, not fixed identity. Keep astrology traceable. Avoid prediction.",packages/astro-knowledge/data/insights/natal-aspects/neptune-square-pluto.json
You,insights/natal-aspects,neptune-trine-pluto,Natal Neptune Trine Pluto,"displayTitle: Inspired Through Intense summary: Imagination and longing flow with power and transformation. This fluid pattern asks you to use compassion and depth with awareness. body: Imagination and longing flow with power and transformation. This fluid pattern asks you to use compassion and depth with awareness. Heightened collective vision. The pattern can flow easily, which is useful when it is conscious and easy to take for granted when it is not. In practice, this can show up through imagination and longing, power and transformation, and the choices you make when confusion or control starts running the room. gift: The gift is compassion, depth, and a more conscious way to work with imagination and longing and power and transformation. shadow: The shadow is confusion, control, and repeating the same pattern without noticing what it is trying to teach. integration: Let imagination and longing and power and transformation cooperate without making either one carry the whole story. Generational and collective; minimal personal day-to-day meaning. do[0]: Name how imagination and longing and power and transformation are both involved do[1]: Use the easy opening deliberately do[2]: Turn compassion and depth into one concrete choice dont[0]: Let confusion make the decision dont[1]: Take the talent for granted dont[2]: Ignore the needs of imagination and longing or power and transformation voiceNeutral: true","This aspect creates a flow between imagination, longing, vision, sensitivity, and uncertainty and depth, power, pressure, release, and transformation.","A recurring idea, vision, or possibility may begin to feel more substantial and worth taking seriously.",It can help by making the relationship between these two needs more available to conscious use.,Letting the ease pass unused because nothing feels urgent.,The work is learning when this aspect is offering information and when it is running the pattern for you.,"Describe tendencies, not fixed identity. Keep astrology traceable. Avoid prediction.",packages/astro-knowledge/data/insights/natal-aspects/neptune-trine-pluto.json
You,insights/natal-aspects,saturn-conjunction-neptune,Natal Saturn Conjunction Neptune,"displayTitle: Steady And Inspired summary: Discipline and limits merge imagination and longing. This concentrated pattern asks you to use maturity and compassion with awareness. body: Discipline and limits merge imagination and longing. This concentrated pattern asks you to use maturity and compassion with awareness. Structure meets dream. Grounding imagination into reality, or pessimism colliding with illusion. These drives sit close together, so the pattern may feel natural, immediate, and hard to separate. In practice, this can show up through discipline and limits, imagination and longing, and the choices you make when fear or confusion starts running the room. gift: The gift is maturity, compassion, and a more conscious way to work with discipline and limits and imagination and longing. shadow: The shadow is fear, confusion, and repeating the same pattern without noticing what it is trying to teach. integration: Let discipline and limits and imagination and longing cooperate without making either one carry the whole story. Disciplined vision realized over time; the task is managing fear. do[0]: Name how discipline and limits and imagination and longing are both involved do[1]: Use the easy opening deliberately do[2]: Turn maturity and compassion into one concrete choice dont[0]: Let fear make the decision dont[1]: Assume what feels natural is automatically balanced dont[2]: Ignore the needs of discipline and limits or imagination and longing voiceNeutral: true","This aspect creates a fusion between structure, limits, responsibility, time, and consequence and imagination, longing, vision, sensitivity, and uncertainty.","Structure, limits, responsibility, time, and consequence and imagination, longing, vision, sensitivity, and uncertainty may meet through fusion, making the pattern more noticeable in ordinary choices.",It can help by making the relationship between these two needs more available to conscious use.,Acting from the intensity before identifying the separate parts.,The work is learning when this aspect is offering information and when it is running the pattern for you.,"Describe tendencies, not fixed identity. Keep astrology traceable. Avoid prediction.",packages/astro-knowledge/data/insights/natal-aspects/saturn-conjunction-neptune.json
You,insights/natal-aspects,saturn-conjunction-pluto,Natal Saturn Conjunction Pluto,"displayTitle: Steady And Intense summary: Discipline and limits merge power and transformation. This concentrated pattern asks you to use maturity and depth with awareness. body: Discipline and limits merge power and transformation. This concentrated pattern asks you to use maturity and depth with awareness. Limit meets power. Hard discipline, endurance under heavy pressure, real consequences, and control. These drives sit close together, so the pattern may feel natural, immediate, and hard to separate. In practice, this can show up through discipline and limits, power and transformation, and the choices you make when fear or control starts running the room. gift: The gift is maturity, depth, and a more conscious way to work with discipline and limits and power and transformation. shadow: The shadow is fear, control, and repeating the same pattern without noticing what it is trying to teach. integration: Let discipline and limits and power and transformation cooperate without making either one carry the whole story. Able to carry punishing, transformative work; the risk is harshness. do[0]: Name how discipline and limits and power and transformation are both involved do[1]: Use the easy opening deliberately do[2]: Turn maturity and depth into one concrete choice dont[0]: Let fear make the decision dont[1]: Assume what feels natural is automatically balanced dont[2]: Ignore the needs of discipline and limits or power and transformation voiceNeutral: true","This aspect creates a fusion between structure, limits, responsibility, time, and consequence and depth, power, pressure, release, and transformation.","Structure, limits, responsibility, time, and consequence and depth, power, pressure, release, and transformation may meet through fusion, making the pattern more noticeable in ordinary choices.",It can help by making the relationship between these two needs more available to conscious use.,Acting from the intensity before identifying the separate parts.,The work is learning when this aspect is offering information and when it is running the pattern for you.,"Describe tendencies, not fixed identity. Keep astrology traceable. Avoid prediction.",packages/astro-knowledge/data/insights/natal-aspects/saturn-conjunction-pluto.json
You,insights/natal-aspects,saturn-conjunction-uranus,Natal Saturn Conjunction Uranus,"displayTitle: Steady And Original summary: Discipline and limits merge freedom and disruption. This concentrated pattern asks you to use maturity and originality with awareness. body: Discipline and limits merge freedom and disruption. This concentrated pattern asks you to use maturity and originality with awareness. Order meets disruption. The clash of the established and the radical, the structured and the new. These drives sit close together, so the pattern may feel natural, immediate, and hard to separate. In practice, this can show up through discipline and limits, freedom and disruption, and the choices you make when fear or instability starts running the room. gift: The gift is maturity, originality, and a more conscious way to work with discipline and limits and freedom and disruption. shadow: The shadow is fear, instability, and repeating the same pattern without noticing what it is trying to teach. integration: Let discipline and limits and freedom and disruption cooperate without making either one carry the whole story. Innovation inside structure works; an either-or stance stalls. do[0]: Name how discipline and limits and freedom and disruption are both involved do[1]: Use the easy opening deliberately do[2]: Turn maturity and originality into one concrete choice dont[0]: Let fear make the decision dont[1]: Assume what feels natural is automatically balanced dont[2]: Ignore the needs of discipline and limits or freedom and disruption voiceNeutral: true","This aspect creates a fusion between structure, limits, responsibility, time, and consequence and change, disruption, freedom, and originality.","Structure, limits, responsibility, time, and consequence and change, disruption, freedom, and originality may meet through fusion, making the pattern more noticeable in ordinary choices.",It can help by making the relationship between these two needs more available to conscious use.,Acting from the intensity before identifying the separate parts.,The work is learning when this aspect is offering information and when it is running the pattern for you.,"Describe tendencies, not fixed identity. Keep astrology traceable. Avoid prediction.",packages/astro-knowledge/data/insights/natal-aspects/saturn-conjunction-uranus.json
You,insights/natal-aspects,saturn-opposition-neptune,Natal Saturn Opposition Neptune,"displayTitle: Steady Across Inspired summary: Discipline and limits mirror imagination and longing. This polarized pattern asks you to use maturity and compassion with awareness. body: Discipline and limits mirror imagination and longing. This polarized pattern asks you to use maturity and compassion with awareness. Expecting the worst, anxiety, and worry that mostly never materializes. The two sides may appear through contrast, projection, or relationships until you learn to hold both directly. In practice, this can show up through discipline and limits, imagination and longing, and the choices you make when fear or confusion starts running the room. gift: The gift is maturity, compassion, and a more conscious way to work with discipline and limits and imagination and longing. shadow: The shadow is fear, confusion, and repeating the same pattern without noticing what it is trying to teach. integration: Let discipline and limits and imagination and longing cooperate without making either one carry the whole story. Disciplined vision realized over time; the task is managing fear. do[0]: Name how discipline and limits and imagination and longing are both involved do[1]: Pause before choosing the most familiar reaction do[2]: Turn maturity and compassion into one concrete choice dont[0]: Let fear make the decision dont[1]: Treat tension as proof that something is wrong dont[2]: Ignore the needs of discipline and limits or imagination and longing voiceNeutral: true","This aspect creates a polarity between structure, limits, responsibility, time, and consequence and imagination, longing, vision, sensitivity, and uncertainty.","Structure, limits, responsibility, time, and consequence and imagination, longing, vision, sensitivity, and uncertainty may meet through polarity, making the pattern more noticeable in ordinary choices.",It can help by making the relationship between these two needs more available to conscious use.,Turning tension into a standoff instead of a clearer understanding.,The work is learning when this aspect is offering information and when it is running the pattern for you.,"Describe tendencies, not fixed identity. Keep astrology traceable. Avoid prediction.",packages/astro-knowledge/data/insights/natal-aspects/saturn-opposition-neptune.json
You,insights/natal-aspects,saturn-opposition-pluto,Natal Saturn Opposition Pluto,"displayTitle: Steady Across Intense summary: Discipline and limits mirror power and transformation. This polarized pattern asks you to use maturity and depth with awareness. body: Discipline and limits mirror power and transformation. This polarized pattern asks you to use maturity and depth with awareness. Strict accountability and early, immediate retribution; severity and rigidity. The two sides may appear through contrast, projection, or relationships until you learn to hold both directly. In practice, this can show up through discipline and limits, power and transformation, and the choices you make when fear or control starts running the room. gift: The gift is maturity, depth, and a more conscious way to work with discipline and limits and power and transformation. shadow: The shadow is fear, control, and repeating the same pattern without noticing what it is trying to teach. integration: Let discipline and limits and power and transformation cooperate without making either one carry the whole story. Able to carry punishing, transformative work; the risk is harshness. do[0]: Name how discipline and limits and power and transformation are both involved do[1]: Pause before choosing the most familiar reaction do[2]: Turn maturity and depth into one concrete choice dont[0]: Let fear make the decision dont[1]: Treat tension as proof that something is wrong dont[2]: Ignore the needs of discipline and limits or power and transformation voiceNeutral: true","This aspect creates a polarity between structure, limits, responsibility, time, and consequence and depth, power, pressure, release, and transformation.","Structure, limits, responsibility, time, and consequence and depth, power, pressure, release, and transformation may meet through polarity, making the pattern more noticeable in ordinary choices.",It can help by making the relationship between these two needs more available to conscious use.,Turning tension into a standoff instead of a clearer understanding.,The work is learning when this aspect is offering information and when it is running the pattern for you.,"Describe tendencies, not fixed identity. Keep astrology traceable. Avoid prediction.",packages/astro-knowledge/data/insights/natal-aspects/saturn-opposition-pluto.json
You,insights/natal-aspects,saturn-opposition-uranus,Natal Saturn Opposition Uranus,"displayTitle: Steady Across Original summary: Discipline and limits mirror freedom and disruption. This polarized pattern asks you to use maturity and originality with awareness. body: Discipline and limits mirror freedom and disruption. This polarized pattern asks you to use maturity and originality with awareness. Restlessness fights control; each demands attention and sabotages the other until both are satisfied at once. The two sides may appear through contrast, projection, or relationships until you learn to hold both directly. In practice, this can show up through discipline and limits, freedom and disruption, and the choices you make when fear or instability starts running the room. gift: The gift is maturity, originality, and a more conscious way to work with discipline and limits and freedom and disruption. shadow: The shadow is fear, instability, and repeating the same pattern without noticing what it is trying to teach. integration: Let discipline and limits and freedom and disruption cooperate without making either one carry the whole story. Innovation inside structure works; an either-or stance stalls. do[0]: Name how discipline and limits and freedom and disruption are both involved do[1]: Pause before choosing the most familiar reaction do[2]: Turn maturity and originality into one concrete choice dont[0]: Let fear make the decision dont[1]: Treat tension as proof that something is wrong dont[2]: Ignore the needs of discipline and limits or freedom and disruption voiceNeutral: true","This aspect creates a polarity between structure, limits, responsibility, time, and consequence and change, disruption, freedom, and originality.","Structure, limits, responsibility, time, and consequence and change, disruption, freedom, and originality may meet through polarity, making the pattern more noticeable in ordinary choices.",It can help by making the relationship between these two needs more available to conscious use.,Turning tension into a standoff instead of a clearer understanding.,The work is learning when this aspect is offering information and when it is running the pattern for you.,"Describe tendencies, not fixed identity. Keep astrology traceable. Avoid prediction.",packages/astro-knowledge/data/insights/natal-aspects/saturn-opposition-uranus.json
You,insights/natal-aspects,saturn-sextile-neptune,Natal Saturn Sextile Neptune,"displayTitle: Steady With Inspired summary: Discipline and limits support imagination and longing. This cooperative pattern asks you to use maturity and compassion with awareness. body: Discipline and limits support imagination and longing. This cooperative pattern asks you to use maturity and compassion with awareness. Dreams worked patiently into something real. The connection is available when you choose to use it; it works best through deliberate practice. In practice, this can show up through discipline and limits, imagination and longing, and the choices you make when fear or confusion starts running the room. gift: The gift is maturity, compassion, and a more conscious way to work with discipline and limits and imagination and longing. shadow: The shadow is fear, confusion, and repeating the same pattern without noticing what it is trying to teach. integration: Let discipline and limits and imagination and longing cooperate without making either one carry the whole story. Disciplined vision realized over time; the task is managing fear. do[0]: Name how discipline and limits and imagination and longing are both involved do[1]: Use the easy opening deliberately do[2]: Turn maturity and compassion into one concrete choice dont[0]: Let fear make the decision dont[1]: Take the talent for granted dont[2]: Ignore the needs of discipline and limits or imagination and longing voiceNeutral: true","This aspect creates a opening between structure, limits, responsibility, time, and consequence and imagination, longing, vision, sensitivity, and uncertainty.","Structure, limits, responsibility, time, and consequence and imagination, longing, vision, sensitivity, and uncertainty may meet through opening, making the pattern more noticeable in ordinary choices.",It can help by making the relationship between these two needs more available to conscious use.,Coasting on the good idea without turning it into anything concrete.,The work is learning when this aspect is offering information and when it is running the pattern for you.,"Describe tendencies, not fixed identity. Keep astrology traceable. Avoid prediction.",packages/astro-knowledge/data/insights/natal-aspects/saturn-sextile-neptune.json
You,insights/natal-aspects,saturn-sextile-pluto,Natal Saturn Sextile Pluto,"displayTitle: Steady With Intense summary: Discipline and limits support power and transformation. This cooperative pattern asks you to use maturity and depth with awareness. body: Discipline and limits support power and transformation. This cooperative pattern asks you to use maturity and depth with awareness. Capacity for grueling, sustained, transformative effort. The connection is available when you choose to use it; it works best through deliberate practice. In practice, this can show up through discipline and limits, power and transformation, and the choices you make when fear or control starts running the room. gift: The gift is maturity, depth, and a more conscious way to work with discipline and limits and power and transformation. shadow: The shadow is fear, control, and repeating the same pattern without noticing what it is trying to teach. integration: Let discipline and limits and power and transformation cooperate without making either one carry the whole story. Able to carry punishing, transformative work; the risk is harshness. do[0]: Name how discipline and limits and power and transformation are both involved do[1]: Use the easy opening deliberately do[2]: Turn maturity and depth into one concrete choice dont[0]: Let fear make the decision dont[1]: Take the talent for granted dont[2]: Ignore the needs of discipline and limits or power and transformation voiceNeutral: true","This aspect creates a opening between structure, limits, responsibility, time, and consequence and depth, power, pressure, release, and transformation.","Structure, limits, responsibility, time, and consequence and depth, power, pressure, release, and transformation may meet through opening, making the pattern more noticeable in ordinary choices.",It can help by making the relationship between these two needs more available to conscious use.,Coasting on the good idea without turning it into anything concrete.,The work is learning when this aspect is offering information and when it is running the pattern for you.,"Describe tendencies, not fixed identity. Keep astrology traceable. Avoid prediction.",packages/astro-knowledge/data/insights/natal-aspects/saturn-sextile-pluto.json
You,insights/natal-aspects,saturn-sextile-uranus,Natal Saturn Sextile Uranus,"displayTitle: Steady With Original summary: Discipline and limits support freedom and disruption. This cooperative pattern asks you to use maturity and originality with awareness. body: Discipline and limits support freedom and disruption. This cooperative pattern asks you to use maturity and originality with awareness. You naturally do the new thing in a disciplined way, and the old thing with a fresh twist. The connection is available when you choose to use it; it works best through deliberate practice. In practice, this can show up through discipline and limits, freedom and disruption, and the choices you make when fear or instability starts running the room. gift: The gift is maturity, originality, and a more conscious way to work with discipline and limits and freedom and disruption. shadow: The shadow is fear, instability, and repeating the same pattern without noticing what it is trying to teach. integration: Let discipline and limits and freedom and disruption cooperate without making either one carry the whole story. Innovation inside structure works; an either-or stance stalls. do[0]: Name how discipline and limits and freedom and disruption are both involved do[1]: Use the easy opening deliberately do[2]: Turn maturity and originality into one concrete choice dont[0]: Let fear make the decision dont[1]: Take the talent for granted dont[2]: Ignore the needs of discipline and limits or freedom and disruption voiceNeutral: true","This aspect creates a opening between structure, limits, responsibility, time, and consequence and change, disruption, freedom, and originality.","Structure, limits, responsibility, time, and consequence and change, disruption, freedom, and originality may meet through opening, making the pattern more noticeable in ordinary choices.",It can help by making the relationship between these two needs more available to conscious use.,Coasting on the good idea without turning it into anything concrete.,The work is learning when this aspect is offering information and when it is running the pattern for you.,"Describe tendencies, not fixed identity. Keep astrology traceable. Avoid prediction.",packages/astro-knowledge/data/insights/natal-aspects/saturn-sextile-uranus.json
You,insights/natal-aspects,saturn-square-neptune,Natal Saturn Square Neptune,"displayTitle: Steady Or Inspired summary: Discipline and limits press against imagination and longing. This frictional pattern asks you to use maturity and compassion with awareness. body: Discipline and limits press against imagination and longing. This frictional pattern asks you to use maturity and compassion with awareness. Expecting the worst, anxiety, and worry that mostly never materializes. The friction makes the pattern noticeable, especially when pressure forces an adjustment. In practice, this can show up through discipline and limits, imagination and longing, and the choices you make when fear or confusion starts running the room. gift: The gift is maturity, compassion, and a more conscious way to work with discipline and limits and imagination and longing. shadow: The shadow is fear, confusion, and repeating the same pattern without noticing what it is trying to teach. integration: Let discipline and limits and imagination and longing cooperate without making either one carry the whole story. Disciplined vision realized over time; the task is managing fear. do[0]: Name how discipline and limits and imagination and longing are both involved do[1]: Pause before choosing the most familiar reaction do[2]: Turn maturity and compassion into one concrete choice dont[0]: Let fear make the decision dont[1]: Treat tension as proof that something is wrong dont[2]: Ignore the needs of discipline and limits or imagination and longing voiceNeutral: true","This aspect creates a friction between structure, limits, responsibility, time, and consequence and imagination, longing, vision, sensitivity, and uncertainty.","Structure, limits, responsibility, time, and consequence and imagination, longing, vision, sensitivity, and uncertainty may meet through friction, making the pattern more noticeable in ordinary choices.",It can help by making the relationship between these two needs more available to conscious use.,Forcing a decision just to end the discomfort.,The work is learning when this aspect is offering information and when it is running the pattern for you.,"Describe tendencies, not fixed identity. Keep astrology traceable. Avoid prediction.",packages/astro-knowledge/data/insights/natal-aspects/saturn-square-neptune.json
You,insights/natal-aspects,saturn-square-pluto,Natal Saturn Square Pluto,"displayTitle: Steady Or Intense summary: Discipline and limits press against power and transformation. This frictional pattern asks you to use maturity and depth with awareness. body: Discipline and limits press against power and transformation. This frictional pattern asks you to use maturity and depth with awareness. Strict accountability and early, immediate retribution; severity and rigidity. The friction makes the pattern noticeable, especially when pressure forces an adjustment. In practice, this can show up through discipline and limits, power and transformation, and the choices you make when fear or control starts running the room. gift: The gift is maturity, depth, and a more conscious way to work with discipline and limits and power and transformation. shadow: The shadow is fear, control, and repeating the same pattern without noticing what it is trying to teach. integration: Let discipline and limits and power and transformation cooperate without making either one carry the whole story. Able to carry punishing, transformative work; the risk is harshness. do[0]: Name how discipline and limits and power and transformation are both involved do[1]: Pause before choosing the most familiar reaction do[2]: Turn maturity and depth into one concrete choice dont[0]: Let fear make the decision dont[1]: Treat tension as proof that something is wrong dont[2]: Ignore the needs of discipline and limits or power and transformation voiceNeutral: true","This aspect creates a friction between structure, limits, responsibility, time, and consequence and depth, power, pressure, release, and transformation.","Structure, limits, responsibility, time, and consequence and depth, power, pressure, release, and transformation may meet through friction, making the pattern more noticeable in ordinary choices.",It can help by making the relationship between these two needs more available to conscious use.,Forcing a decision just to end the discomfort.,The work is learning when this aspect is offering information and when it is running the pattern for you.,"Describe tendencies, not fixed identity. Keep astrology traceable. Avoid prediction.",packages/astro-knowledge/data/insights/natal-aspects/saturn-square-pluto.json
You,insights/natal-aspects,saturn-square-uranus,Natal Saturn Square Uranus,"displayTitle: Structured Or Uncontainable summary: You may feel pulled between stability and disruption. Part of you builds the wall; part of you needs a door. body: Saturn square Uranus describes tension between order and freedom, continuity and change. You may resist being trapped by systems while also needing structure to feel competent and secure. This can create periodic breakpoints: holding too tightly until something snaps, or changing too abruptly because the old form became unbearable. The gift is reform. The growth is learning how to update structures before they have to be broken. gift: Reform, innovation, resilience, and the ability to build structures that can adapt. shadow: Rigidity followed by rupture, fear of change, rebellion without a plan, and distrust of both authority and instability. integration: Design freedom into the system. The best structure is not a cage; it is a form that can flex without collapsing. do[0]: Make one practical update before pressure peaks do[1]: Question rules without discarding every container do[2]: Build routines with intentional flexibility dont[0]: Wait until you have to explode dont[1]: Call every structure oppression dont[2]: Use control to avoid uncertainty voiceNeutral: true","This aspect creates a friction between structure, limits, responsibility, time, and consequence and change, disruption, freedom, and originality.","Structure, limits, responsibility, time, and consequence and change, disruption, freedom, and originality may meet through friction, making the pattern more noticeable in ordinary choices.",It can help by making the relationship between these two needs more available to conscious use.,Forcing a decision just to end the discomfort.,The work is learning when this aspect is offering information and when it is running the pattern for you.,"Describe tendencies, not fixed identity. Keep astrology traceable. Avoid prediction.",packages/astro-knowledge/data/insights/natal-aspects/saturn-square-uranus.json
You,insights/natal-aspects,saturn-trine-neptune,Natal Saturn Trine Neptune,"displayTitle: Steady Through Inspired summary: Discipline and limits flow with imagination and longing. This fluid pattern asks you to use maturity and compassion with awareness. body: Discipline and limits flow with imagination and longing. This fluid pattern asks you to use maturity and compassion with awareness. Dreams worked patiently into something real. The pattern can flow easily, which is useful when it is conscious and easy to take for granted when it is not. In practice, this can show up through discipline and limits, imagination and longing, and the choices you make when fear or confusion starts running the room. gift: The gift is maturity, compassion, and a more conscious way to work with discipline and limits and imagination and longing. shadow: The shadow is fear, confusion, and repeating the same pattern without noticing what it is trying to teach. integration: Let discipline and limits and imagination and longing cooperate without making either one carry the whole story. Disciplined vision realized over time; the task is managing fear. do[0]: Name how discipline and limits and imagination and longing are both involved do[1]: Use the easy opening deliberately do[2]: Turn maturity and compassion into one concrete choice dont[0]: Let fear make the decision dont[1]: Take the talent for granted dont[2]: Ignore the needs of discipline and limits or imagination and longing voiceNeutral: true","This aspect creates a flow between structure, limits, responsibility, time, and consequence and imagination, longing, vision, sensitivity, and uncertainty.","Structure, limits, responsibility, time, and consequence and imagination, longing, vision, sensitivity, and uncertainty may meet through flow, making the pattern more noticeable in ordinary choices.",It can help by making the relationship between these two needs more available to conscious use.,Letting the ease pass unused because nothing feels urgent.,The work is learning when this aspect is offering information and when it is running the pattern for you.,"Describe tendencies, not fixed identity. Keep astrology traceable. Avoid prediction.",packages/astro-knowledge/data/insights/natal-aspects/saturn-trine-neptune.json
You,insights/natal-aspects,saturn-trine-pluto,Natal Saturn Trine Pluto,"displayTitle: Enduring Or Unyielding summary: You can handle pressure with unusual composure. When you commit, you may become difficult to move. body: Saturn trine Pluto describes structural power: discipline, persistence, and the ability to work with difficult realities over time. You may understand that real change requires patience, strategy, and contact with what most people avoid. This aspect can support leadership, repair, research, crisis work, and long-term building. The shadow is rigidity: becoming so committed to control, efficiency, or survival that softness feels irrelevant. The gift is lasting transformation. The growth is letting power include flexibility. gift: Endurance, strategy, crisis competence, and the ability to rebuild from the foundation up. shadow: Rigidity, emotional austerity, control habits, and trusting pressure more than ease. integration: Use discipline to create freedom, not only containment. Strong structures should protect life, not replace it. do[0]: Commit to the long repair do[1]: Use strategy before force do[2]: Let trusted people help carry weight dont[0]: Make survival your only measure of success dont[1]: Hold control after the crisis has passed dont[2]: Dismiss softness as inefficiency voiceNeutral: true","This aspect creates a flow between structure, limits, responsibility, time, and consequence and depth, power, pressure, release, and transformation.","Structure, limits, responsibility, time, and consequence and depth, power, pressure, release, and transformation may meet through flow, making the pattern more noticeable in ordinary choices.",It can help by making the relationship between these two needs more available to conscious use.,Letting the ease pass unused because nothing feels urgent.,The work is learning when this aspect is offering information and when it is running the pattern for you.,"Describe tendencies, not fixed identity. Keep astrology traceable. Avoid prediction.",packages/astro-knowledge/data/insights/natal-aspects/saturn-trine-pluto.json
You,insights/natal-aspects,saturn-trine-uranus,Natal Saturn Trine Uranus,"displayTitle: Steady Through Original summary: Discipline and limits flow with freedom and disruption. This fluid pattern asks you to use maturity and originality with awareness. body: Discipline and limits flow with freedom and disruption. This fluid pattern asks you to use maturity and originality with awareness. You naturally do the new thing in a disciplined way, and the old thing with a fresh twist. The pattern can flow easily, which is useful when it is conscious and easy to take for granted when it is not. In practice, this can show up through discipline and limits, freedom and disruption, and the choices you make when fear or instability starts running the room. gift: The gift is maturity, originality, and a more conscious way to work with discipline and limits and freedom and disruption. shadow: The shadow is fear, instability, and repeating the same pattern without noticing what it is trying to teach. integration: Let discipline and limits and freedom and disruption cooperate without making either one carry the whole story. Innovation inside structure works; an either-or stance stalls. do[0]: Name how discipline and limits and freedom and disruption are both involved do[1]: Use the easy opening deliberately do[2]: Turn maturity and originality into one concrete choice dont[0]: Let fear make the decision dont[1]: Take the talent for granted dont[2]: Ignore the needs of discipline and limits or freedom and disruption voiceNeutral: true","This aspect creates a flow between structure, limits, responsibility, time, and consequence and change, disruption, freedom, and originality.","Structure, limits, responsibility, time, and consequence and change, disruption, freedom, and originality may meet through flow, making the pattern more noticeable in ordinary choices.",It can help by making the relationship between these two needs more available to conscious use.,Letting the ease pass unused because nothing feels urgent.,The work is learning when this aspect is offering information and when it is running the pattern for you.,"Describe tendencies, not fixed identity. Keep astrology traceable. Avoid prediction.",packages/astro-knowledge/data/insights/natal-aspects/saturn-trine-uranus.json
You,insights/natal-aspects,sun-conjunction-jupiter,Natal Sun Conjunction Jupiter,"displayTitle: Expansive Or Excessive summary: Your identity wants room. Growth, belief, appetite, and confidence are part of how you meet life. body: Sun conjunction Jupiter describes a generous, future-facing sense of self. You may be drawn toward big meaning, wide experience, learning, travel, teaching, or leadership. Confidence can come naturally when you believe in the direction, and people may experience you as encouraging or larger than the immediate situation. The shadow is overpromising, assuming things will work out, or mistaking size for truth. The gift is growth with heart. The work is giving your optimism enough discipline to become real. gift: Confidence, generosity, vision, faith, and the ability to help people see a wider possibility. shadow: Excess, entitlement, overreach, and skipping details because the larger story feels exciting. integration: Let hope become practice. Your best opportunities grow when enthusiasm is paired with follow-through. do[0]: Choose the bigger path and define the next step do[1]: Share encouragement responsibly do[2]: Check details before expanding dont[0]: Promise from excitement alone dont[1]: Confuse confidence with accuracy dont[2]: Use optimism to avoid repair voiceNeutral: true","This aspect creates a fusion between attention, vitality, visibility, and confidence and growth, belief, opportunity, and expansion.","Attention, vitality, visibility, and confidence and growth, belief, opportunity, and expansion may meet through fusion, making the pattern more noticeable in ordinary choices.",It can help by making the relationship between these two needs more available to conscious use.,Acting from the intensity before identifying the separate parts.,The work is learning when this aspect is offering information and when it is running the pattern for you.,"Describe tendencies, not fixed identity. Keep astrology traceable. Avoid prediction.",packages/astro-knowledge/data/insights/natal-aspects/sun-conjunction-jupiter.json
You,insights/natal-aspects,sun-conjunction-mars,Natal Sun Conjunction Mars,"displayTitle: Visible And Driven summary: Identity merge drive and anger. This concentrated pattern asks you to use confidence and courage with awareness. body: Identity merge drive and anger. This concentrated pattern asks you to use confidence and courage with awareness. Identity meets drive and aggression. Energy, assertion, and the will to act become central to the sense of self. These drives sit close together, so the pattern may feel natural, immediate, and hard to separate. In practice, this can show up through identity, drive and anger, and the choices you make when ego defense or reactivity starts running the room. gift: The gift is confidence, courage, and a more conscious way to work with identity and drive and anger. shadow: The shadow is ego defense, reactivity, and repeating the same pattern without noticing what it is trying to teach. integration: Let identity and drive and anger cooperate without making either one carry the whole story. Initiative and drive; the cost is friction with authority and a tendency to force things. do[0]: Name how identity and drive and anger are both involved do[1]: Use the easy opening deliberately do[2]: Turn confidence and courage into one concrete choice dont[0]: Let ego defense make the decision dont[1]: Assume what feels natural is automatically balanced dont[2]: Ignore the needs of identity or drive and anger voiceNeutral: true","This aspect creates a fusion between attention, vitality, visibility, and confidence and action, heat, courage, friction, and desire.","Attention, vitality, visibility, and confidence and action, heat, courage, friction, and desire may meet through fusion, making the pattern more noticeable in ordinary choices.",It can help by making the relationship between these two needs more available to conscious use.,Acting from the intensity before identifying the separate parts.,The work is learning when this aspect is offering information and when it is running the pattern for you.,"Describe tendencies, not fixed identity. Keep astrology traceable. Avoid prediction.",packages/astro-knowledge/data/insights/natal-aspects/sun-conjunction-mars.json
You,insights/natal-aspects,sun-conjunction-mercury,Natal Sun Conjunction Mercury,"displayTitle: Visible And Perceptive summary: Identity merge thinking and speech. This concentrated pattern asks you to use confidence and clear thinking with awareness. body: Identity merge thinking and speech. This concentrated pattern asks you to use confidence and clear thinking with awareness. Identity fused with mind and communication. Self-expression runs through ideas and speech. Only the conjunction is possible, since Mercury never travels far from the Sun. These drives sit close together, so the pattern may feel natural, immediate, and hard to separate. In practice, this can show up through identity, thinking and speech, and the choices you make when ego defense or mental noise starts running the room. gift: The gift is confidence, clear thinking, and a more conscious way to work with identity and thinking and speech. shadow: The shadow is ego defense, mental noise, and repeating the same pattern without noticing what it is trying to teach. integration: Let identity and thinking and speech cooperate without making either one carry the whole story. Strong for pitching, writing, and putting your own thinking forward in your own voice. do[0]: Name how identity and thinking and speech are both involved do[1]: Use the easy opening deliberately do[2]: Turn confidence and clear thinking into one concrete choice dont[0]: Let ego defense make the decision dont[1]: Assume what feels natural is automatically balanced dont[2]: Ignore the needs of identity or thinking and speech voiceNeutral: true","This aspect creates a fusion between attention, vitality, visibility, and confidence and language, information, decisions, and nervous energy.","Attention, vitality, visibility, and confidence and language, information, decisions, and nervous energy may meet through fusion, making the pattern more noticeable in ordinary choices.",It can help by making the relationship between these two needs more available to conscious use.,Acting from the intensity before identifying the separate parts.,The work is learning when this aspect is offering information and when it is running the pattern for you.,"Describe tendencies, not fixed identity. Keep astrology traceable. Avoid prediction.",packages/astro-knowledge/data/insights/natal-aspects/sun-conjunction-mercury.json
You,insights/natal-aspects,sun-conjunction-moon,Natal Sun Conjunction Moon,"displayTitle: Visible And Sensitive summary: Identity merge emotional needs. This concentrated pattern asks you to use confidence and emotional intelligence with awareness. body: Identity merge emotional needs. This concentrated pattern asks you to use confidence and emotional intelligence with awareness. Identity and emotion, the outer self and the inner life. How who you present yourself to be lines up (or doesn't) with what you actually feel and need. These drives sit close together, so the pattern may feel natural, immediate, and hard to separate. In practice, this can show up through identity, emotional needs, and the choices you make when ego defense or mood-driven reaction starts running the room. gift: The gift is confidence, emotional intelligence, and a more conscious way to work with identity and emotional needs. shadow: The shadow is ego defense, mood-driven reaction, and repeating the same pattern without noticing what it is trying to teach. integration: Let identity and emotional needs cooperate without making either one carry the whole story. Self-direction reads as either steady and integrated, or as internal conflict that undercuts decisiveness. do[0]: Name how identity and emotional needs are both involved do[1]: Use the easy opening deliberately do[2]: Turn confidence and emotional intelligence into one concrete choice dont[0]: Let ego defense make the decision dont[1]: Assume what feels natural is automatically balanced dont[2]: Ignore the needs of identity or emotional needs voiceNeutral: true","This aspect creates a fusion between attention, vitality, visibility, and confidence and emotion, instinct, needs, and daily rhythm.","Attention, vitality, visibility, and confidence and emotion, instinct, needs, and daily rhythm may meet through fusion, making the pattern more noticeable in ordinary choices.",It can help by making the relationship between these two needs more available to conscious use.,Acting from the intensity before identifying the separate parts.,The work is learning when this aspect is offering information and when it is running the pattern for you.,"Describe tendencies, not fixed identity. Keep astrology traceable. Avoid prediction.",packages/astro-knowledge/data/insights/natal-aspects/sun-conjunction-moon.json
You,insights/natal-aspects,sun-conjunction-neptune,Natal Sun Conjunction Neptune,"displayTitle: Visible And Inspired summary: Identity merge imagination and longing. This concentrated pattern asks you to use confidence and compassion with awareness. body: Identity merge imagination and longing. This concentrated pattern asks you to use confidence and compassion with awareness. Identity meets imagination and idealism. Heightened sensitivity, imagination, and a pull toward the ideal. These drives sit close together, so the pattern may feel natural, immediate, and hard to separate. In practice, this can show up through identity, imagination and longing, and the choices you make when ego defense or confusion starts running the room. gift: The gift is confidence, compassion, and a more conscious way to work with identity and imagination and longing. shadow: The shadow is ego defense, confusion, and repeating the same pattern without noticing what it is trying to teach. integration: Let identity and imagination and longing cooperate without making either one carry the whole story. Creative or service-oriented directions; guard against self-deception and being played. do[0]: Name how identity and imagination and longing are both involved do[1]: Use the easy opening deliberately do[2]: Turn confidence and compassion into one concrete choice dont[0]: Let ego defense make the decision dont[1]: Assume what feels natural is automatically balanced dont[2]: Ignore the needs of identity or imagination and longing voiceNeutral: true","This aspect creates a fusion between attention, vitality, visibility, and confidence and imagination, longing, vision, sensitivity, and uncertainty.","Attention, vitality, visibility, and confidence and imagination, longing, vision, sensitivity, and uncertainty may meet through fusion, making the pattern more noticeable in ordinary choices.",It can help by making the relationship between these two needs more available to conscious use.,Acting from the intensity before identifying the separate parts.,The work is learning when this aspect is offering information and when it is running the pattern for you.,"Describe tendencies, not fixed identity. Keep astrology traceable. Avoid prediction.",packages/astro-knowledge/data/insights/natal-aspects/sun-conjunction-neptune.json
You,insights/natal-aspects,sun-conjunction-pluto,Natal Sun Conjunction Pluto,"displayTitle: Visible And Intense summary: Identity merge power and transformation. This concentrated pattern asks you to use confidence and depth with awareness. body: Identity merge power and transformation. This concentrated pattern asks you to use confidence and depth with awareness. Identity meets power and intensity. A magnetic, high-voltage presence that others react to immediately. These drives sit close together, so the pattern may feel natural, immediate, and hard to separate. In practice, this can show up through identity, power and transformation, and the choices you make when ego defense or control starts running the room. gift: The gift is confidence, depth, and a more conscious way to work with identity and power and transformation. shadow: The shadow is ego defense, control, and repeating the same pattern without noticing what it is trying to teach. integration: Let identity and power and transformation cooperate without making either one carry the whole story. Real influence; the intensity tends to polarize people. do[0]: Name how identity and power and transformation are both involved do[1]: Use the easy opening deliberately do[2]: Turn confidence and depth into one concrete choice dont[0]: Let ego defense make the decision dont[1]: Assume what feels natural is automatically balanced dont[2]: Ignore the needs of identity or power and transformation voiceNeutral: true","This aspect creates a fusion between attention, vitality, visibility, and confidence and depth, power, pressure, release, and transformation.","Attention, vitality, visibility, and confidence and depth, power, pressure, release, and transformation may meet through fusion, making the pattern more noticeable in ordinary choices.",It can help by making the relationship between these two needs more available to conscious use.,Acting from the intensity before identifying the separate parts.,The work is learning when this aspect is offering information and when it is running the pattern for you.,"Describe tendencies, not fixed identity. Keep astrology traceable. Avoid prediction.",packages/astro-knowledge/data/insights/natal-aspects/sun-conjunction-pluto.json
You,insights/natal-aspects,sun-conjunction-saturn,Natal Sun Conjunction Saturn,"displayTitle: Visible And Steady summary: Identity merge discipline and limits. This concentrated pattern asks you to use confidence and maturity with awareness. body: Identity merge discipline and limits. This concentrated pattern asks you to use confidence and maturity with awareness. Identity meets limit and discipline. The self is built slowly, under weight, and tested against duty and consequence. These drives sit close together, so the pattern may feel natural, immediate, and hard to separate. In practice, this can show up through identity, discipline and limits, and the choices you make when ego defense or fear starts running the room. gift: The gift is confidence, maturity, and a more conscious way to work with identity and discipline and limits. shadow: The shadow is ego defense, fear, and repeating the same pattern without noticing what it is trying to teach. integration: Let identity and discipline and limits cooperate without making either one carry the whole story. Disciplined and reliable; the risk is self-limiting caution and joyless striving. do[0]: Name how identity and discipline and limits are both involved do[1]: Use the easy opening deliberately do[2]: Turn confidence and maturity into one concrete choice dont[0]: Let ego defense make the decision dont[1]: Assume what feels natural is automatically balanced dont[2]: Ignore the needs of identity or discipline and limits voiceNeutral: true","This aspect creates a fusion between attention, vitality, visibility, and confidence and structure, limits, responsibility, time, and consequence.",Scattered effort may become easier to focus into a real responsibility or next step.,It can help by making the relationship between these two needs more available to conscious use.,Acting from the intensity before identifying the separate parts.,The work is learning when this aspect is offering information and when it is running the pattern for you.,"Describe tendencies, not fixed identity. Keep astrology traceable. Avoid prediction.",packages/astro-knowledge/data/insights/natal-aspects/sun-conjunction-saturn.json
You,insights/natal-aspects,sun-conjunction-uranus,Natal Sun Conjunction Uranus,"displayTitle: Visible And Original summary: Identity merge freedom and disruption. This concentrated pattern asks you to use confidence and originality with awareness. body: Identity merge freedom and disruption. This concentrated pattern asks you to use confidence and originality with awareness. Identity meets independence and disruption. The urge to be different and to do things your own way. These drives sit close together, so the pattern may feel natural, immediate, and hard to separate. In practice, this can show up through identity, freedom and disruption, and the choices you make when ego defense or instability starts running the room. gift: The gift is confidence, originality, and a more conscious way to work with identity and freedom and disruption. shadow: The shadow is ego defense, instability, and repeating the same pattern without noticing what it is trying to teach. integration: Let identity and freedom and disruption cooperate without making either one carry the whole story. Suited to independent or innovative work where you aren't boxed in. do[0]: Name how identity and freedom and disruption are both involved do[1]: Use the easy opening deliberately do[2]: Turn confidence and originality into one concrete choice dont[0]: Let ego defense make the decision dont[1]: Assume what feels natural is automatically balanced dont[2]: Ignore the needs of identity or freedom and disruption voiceNeutral: true","This aspect creates a fusion between attention, vitality, visibility, and confidence and change, disruption, freedom, and originality.","Attention, vitality, visibility, and confidence and change, disruption, freedom, and originality may meet through fusion, making the pattern more noticeable in ordinary choices.",It can help by making the relationship between these two needs more available to conscious use.,Acting from the intensity before identifying the separate parts.,The work is learning when this aspect is offering information and when it is running the pattern for you.,"Describe tendencies, not fixed identity. Keep astrology traceable. Avoid prediction.",packages/astro-knowledge/data/insights/natal-aspects/sun-conjunction-uranus.json
You,insights/natal-aspects,sun-conjunction-venus,Natal Sun Conjunction Venus,"displayTitle: Charming Or Approval-Seeking summary: Identity and attraction sit close together. Being liked, valued, and aesthetically aligned may matter more than you admit. body: Sun conjunction Venus describes a person whose self-expression is tied to beauty, affection, taste, and connection. You may naturally look for harmony, style, pleasure, and social warmth, and others may experience you as attractive, graceful, or easy to enjoy. The gift is radiance through relationship and creative presence. The shadow is over-identifying with being liked or softening your truth to preserve approval. The growth is letting charm serve authenticity instead of replacing it. gift: Warmth, grace, creative presence, social ease, and the ability to make identity feel inviting. shadow: Approval-seeking, conflict avoidance, vanity, and confusing being desired with being known. integration: Let beauty express who you are, not cover what you are afraid to say. Real harmony can include a clear preference. do[0]: State what you want before smoothing the room do[1]: Use taste as self-expression do[2]: Let affection be sincere instead of strategic dont[0]: Trade truth for likability dont[1]: Assume rejection means you have lost value dont[2]: Make peace at the cost of self-respect voiceNeutral: true","This aspect creates a fusion between attention, vitality, visibility, and confidence and connection, value, pleasure, attraction, and ease.","Attention, vitality, visibility, and confidence and connection, value, pleasure, attraction, and ease may meet through fusion, making the pattern more noticeable in ordinary choices.",It can help by making the relationship between these two needs more available to conscious use.,Acting from the intensity before identifying the separate parts.,The work is learning when this aspect is offering information and when it is running the pattern for you.,"Describe tendencies, not fixed identity. Keep astrology traceable. Avoid prediction.",packages/astro-knowledge/data/insights/natal-aspects/sun-conjunction-venus.json
You,insights/natal-aspects,sun-opposition-jupiter,Natal Sun Opposition Jupiter,"displayTitle: Visible Across Expansive summary: Identity mirror growth and belief. This polarized pattern asks you to use confidence and optimism with awareness. body: Identity mirror growth and belief. This polarized pattern asks you to use confidence and optimism with awareness. The same confidence overreaches. Sooner or later the luck gets pushed too far. The two sides may appear through contrast, projection, or relationships until you learn to hold both directly. In practice, this can show up through identity, growth and belief, and the choices you make when ego defense or overreach starts running the room. gift: The gift is confidence, optimism, and a more conscious way to work with identity and growth and belief. shadow: The shadow is ego defense, overreach, and repeating the same pattern without noticing what it is trying to teach. integration: Let identity and growth and belief cooperate without making either one carry the whole story. Confidence and opportunity, with overextension as the standing risk. do[0]: Name how identity and growth and belief are both involved do[1]: Pause before choosing the most familiar reaction do[2]: Turn confidence and optimism into one concrete choice dont[0]: Let ego defense make the decision dont[1]: Treat tension as proof that something is wrong dont[2]: Ignore the needs of identity or growth and belief voiceNeutral: true","This aspect creates a polarity between attention, vitality, visibility, and confidence and growth, belief, opportunity, and expansion.","Attention, vitality, visibility, and confidence and growth, belief, opportunity, and expansion may meet through polarity, making the pattern more noticeable in ordinary choices.",It can help by making the relationship between these two needs more available to conscious use.,Turning tension into a standoff instead of a clearer understanding.,The work is learning when this aspect is offering information and when it is running the pattern for you.,"Describe tendencies, not fixed identity. Keep astrology traceable. Avoid prediction.",packages/astro-knowledge/data/insights/natal-aspects/sun-opposition-jupiter.json
You,insights/natal-aspects,sun-opposition-mars,Natal Sun Opposition Mars,"displayTitle: Visible Across Driven summary: Identity mirror drive and anger. This polarized pattern asks you to use confidence and courage with awareness. body: Identity mirror drive and anger. This polarized pattern asks you to use confidence and courage with awareness. Rejected aggression gets projected outward or erupts as a short fuse, often with defiance of authority. The energy has to be learned and channeled rather than cut off. The two sides may appear through contrast, projection, or relationships until you learn to hold both directly. In practice, this can show up through identity, drive and anger, and the choices you make when ego defense or reactivity starts running the room. gift: The gift is confidence, courage, and a more conscious way to work with identity and drive and anger. shadow: The shadow is ego defense, reactivity, and repeating the same pattern without noticing what it is trying to teach. integration: Let identity and drive and anger cooperate without making either one carry the whole story. Initiative and drive; the cost is friction with authority and a tendency to force things. do[0]: Name how identity and drive and anger are both involved do[1]: Pause before choosing the most familiar reaction do[2]: Turn confidence and courage into one concrete choice dont[0]: Let ego defense make the decision dont[1]: Treat tension as proof that something is wrong dont[2]: Ignore the needs of identity or drive and anger voiceNeutral: true","This aspect creates a polarity between attention, vitality, visibility, and confidence and action, heat, courage, friction, and desire.","Attention, vitality, visibility, and confidence and action, heat, courage, friction, and desire may meet through polarity, making the pattern more noticeable in ordinary choices.",It can help by making the relationship between these two needs more available to conscious use.,Turning tension into a standoff instead of a clearer understanding.,The work is learning when this aspect is offering information and when it is running the pattern for you.,"Describe tendencies, not fixed identity. Keep astrology traceable. Avoid prediction.",packages/astro-knowledge/data/insights/natal-aspects/sun-opposition-mars.json
You,insights/natal-aspects,sun-opposition-moon,Natal Sun Opposition Moon,"displayTitle: Pulled Between Selves summary: What you want to become and what helps you feel safe may not always point in the same direction. body: Sun opposition Moon describes a life organized around contrast: public identity on one side, private needs on the other. You may feel split between confidence and sensitivity, visibility and retreat, ambition and belonging. Other people can become mirrors for this tension, showing you the part of yourself you are not yet holding directly. The gift is awareness. You can learn to see both sides clearly and make choices that do not require one part of you to exile the other. gift: Strong self-awareness, relational insight, and the ability to understand opposing needs without collapsing them into one answer. shadow: Projection, inner push-pull, relying on others to carry the side of yourself you avoid. integration: Let identity and need negotiate. You do not have to choose between becoming visible and staying emotionally honest. do[0]: Name both needs before choosing do[1]: Watch what other people seem to trigger in you do[2]: Build a life with room for public purpose and private repair dont[0]: Let relationships decide who you are dont[1]: Treat emotional needs as obstacles to purpose dont[2]: Perform certainty when you are divided voiceNeutral: true","This aspect creates a polarity between attention, vitality, visibility, and confidence and emotion, instinct, needs, and daily rhythm.","Attention, vitality, visibility, and confidence and emotion, instinct, needs, and daily rhythm may meet through polarity, making the pattern more noticeable in ordinary choices.",It can help by making the relationship between these two needs more available to conscious use.,Turning tension into a standoff instead of a clearer understanding.,The work is learning when this aspect is offering information and when it is running the pattern for you.,"Describe tendencies, not fixed identity. Keep astrology traceable. Avoid prediction.",packages/astro-knowledge/data/insights/natal-aspects/sun-opposition-moon.json
You,insights/natal-aspects,sun-opposition-neptune,Natal Sun Opposition Neptune,"displayTitle: Visible Across Inspired summary: Identity mirror imagination and longing. This polarized pattern asks you to use confidence and compassion with awareness. body: Identity mirror imagination and longing. This polarized pattern asks you to use confidence and compassion with awareness. Susceptibility to illusion and escapism, and to the rescuer/rescued dynamic. The self can get foggy. The two sides may appear through contrast, projection, or relationships until you learn to hold both directly. In practice, this can show up through identity, imagination and longing, and the choices you make when ego defense or confusion starts running the room. gift: The gift is confidence, compassion, and a more conscious way to work with identity and imagination and longing. shadow: The shadow is ego defense, confusion, and repeating the same pattern without noticing what it is trying to teach. integration: Let identity and imagination and longing cooperate without making either one carry the whole story. Creative or service-oriented directions; guard against self-deception and being played. do[0]: Name how identity and imagination and longing are both involved do[1]: Pause before choosing the most familiar reaction do[2]: Turn confidence and compassion into one concrete choice dont[0]: Let ego defense make the decision dont[1]: Treat tension as proof that something is wrong dont[2]: Ignore the needs of identity or imagination and longing voiceNeutral: true","This aspect creates a polarity between attention, vitality, visibility, and confidence and imagination, longing, vision, sensitivity, and uncertainty.","Attention, vitality, visibility, and confidence and imagination, longing, vision, sensitivity, and uncertainty may meet through polarity, making the pattern more noticeable in ordinary choices.",It can help by making the relationship between these two needs more available to conscious use.,Turning tension into a standoff instead of a clearer understanding.,The work is learning when this aspect is offering information and when it is running the pattern for you.,"Describe tendencies, not fixed identity. Keep astrology traceable. Avoid prediction.",packages/astro-knowledge/data/insights/natal-aspects/sun-opposition-neptune.json
You,insights/natal-aspects,sun-opposition-pluto,Natal Sun Opposition Pluto,"displayTitle: Visible Across Intense summary: Identity mirror power and transformation. This polarized pattern asks you to use confidence and depth with awareness. body: Identity mirror power and transformation. This polarized pattern asks you to use confidence and depth with awareness. Power runs to extremes and relationships tip into control struggles. The two sides may appear through contrast, projection, or relationships until you learn to hold both directly. In practice, this can show up through identity, power and transformation, and the choices you make when ego defense or control starts running the room. gift: The gift is confidence, depth, and a more conscious way to work with identity and power and transformation. shadow: The shadow is ego defense, control, and repeating the same pattern without noticing what it is trying to teach. integration: Let identity and power and transformation cooperate without making either one carry the whole story. Real influence; the intensity tends to polarize people. do[0]: Name how identity and power and transformation are both involved do[1]: Pause before choosing the most familiar reaction do[2]: Turn confidence and depth into one concrete choice dont[0]: Let ego defense make the decision dont[1]: Treat tension as proof that something is wrong dont[2]: Ignore the needs of identity or power and transformation voiceNeutral: true","This aspect creates a polarity between attention, vitality, visibility, and confidence and depth, power, pressure, release, and transformation.","Attention, vitality, visibility, and confidence and depth, power, pressure, release, and transformation may meet through polarity, making the pattern more noticeable in ordinary choices.",It can help by making the relationship between these two needs more available to conscious use.,Turning tension into a standoff instead of a clearer understanding.,The work is learning when this aspect is offering information and when it is running the pattern for you.,"Describe tendencies, not fixed identity. Keep astrology traceable. Avoid prediction.",packages/astro-knowledge/data/insights/natal-aspects/sun-opposition-pluto.json
You,insights/natal-aspects,sun-opposition-saturn,Natal Sun Opposition Saturn,"displayTitle: Visible Across Steady summary: Identity mirror discipline and limits. This polarized pattern asks you to use confidence and maturity with awareness. body: Identity mirror discipline and limits. This polarized pattern asks you to use confidence and maturity with awareness. A heavy self-concept: difficulty with authority figures, self-doubt, and a chronic sense of falling short. The remedy is steady, useful work. The two sides may appear through contrast, projection, or relationships until you learn to hold both directly. In practice, this can show up through identity, discipline and limits, and the choices you make when ego defense or fear starts running the room. gift: The gift is confidence, maturity, and a more conscious way to work with identity and discipline and limits. shadow: The shadow is ego defense, fear, and repeating the same pattern without noticing what it is trying to teach. integration: Let identity and discipline and limits cooperate without making either one carry the whole story. Disciplined and reliable; the risk is self-limiting caution and joyless striving. do[0]: Name how identity and discipline and limits are both involved do[1]: Pause before choosing the most familiar reaction do[2]: Turn confidence and maturity into one concrete choice dont[0]: Let ego defense make the decision dont[1]: Treat tension as proof that something is wrong dont[2]: Ignore the needs of identity or discipline and limits voiceNeutral: true","This aspect creates a polarity between attention, vitality, visibility, and confidence and structure, limits, responsibility, time, and consequence.",Scattered effort may become easier to focus into a real responsibility or next step.,It can help by making the relationship between these two needs more available to conscious use.,Turning tension into a standoff instead of a clearer understanding.,The work is learning when this aspect is offering information and when it is running the pattern for you.,"Describe tendencies, not fixed identity. Keep astrology traceable. Avoid prediction.",packages/astro-knowledge/data/insights/natal-aspects/sun-opposition-saturn.json
You,insights/natal-aspects,sun-opposition-uranus,Natal Sun Opposition Uranus,"displayTitle: Visible Across Original summary: Identity mirror freedom and disruption. This polarized pattern asks you to use confidence and originality with awareness. body: Identity mirror freedom and disruption. This polarized pattern asks you to use confidence and originality with awareness. Difference for its own sake: eccentricity, instability, shocking people to no purpose. The two sides may appear through contrast, projection, or relationships until you learn to hold both directly. In practice, this can show up through identity, freedom and disruption, and the choices you make when ego defense or instability starts running the room. gift: The gift is confidence, originality, and a more conscious way to work with identity and freedom and disruption. shadow: The shadow is ego defense, instability, and repeating the same pattern without noticing what it is trying to teach. integration: Let identity and freedom and disruption cooperate without making either one carry the whole story. Suited to independent or innovative work where you aren't boxed in. do[0]: Name how identity and freedom and disruption are both involved do[1]: Pause before choosing the most familiar reaction do[2]: Turn confidence and originality into one concrete choice dont[0]: Let ego defense make the decision dont[1]: Treat tension as proof that something is wrong dont[2]: Ignore the needs of identity or freedom and disruption voiceNeutral: true","This aspect creates a polarity between attention, vitality, visibility, and confidence and change, disruption, freedom, and originality.","Attention, vitality, visibility, and confidence and change, disruption, freedom, and originality may meet through polarity, making the pattern more noticeable in ordinary choices.",It can help by making the relationship between these two needs more available to conscious use.,Turning tension into a standoff instead of a clearer understanding.,The work is learning when this aspect is offering information and when it is running the pattern for you.,"Describe tendencies, not fixed identity. Keep astrology traceable. Avoid prediction.",packages/astro-knowledge/data/insights/natal-aspects/sun-opposition-uranus.json
You,insights/natal-aspects,sun-sextile-jupiter,Natal Sun Sextile Jupiter,"displayTitle: Visible With Expansive summary: Identity support growth and belief. This cooperative pattern asks you to use confidence and optimism with awareness. body: Identity support growth and belief. This cooperative pattern asks you to use confidence and optimism with awareness. Genuine confidence and opportunity; doors open more readily. The connection is available when you choose to use it; it works best through deliberate practice. In practice, this can show up through identity, growth and belief, and the choices you make when ego defense or overreach starts running the room. gift: The gift is confidence, optimism, and a more conscious way to work with identity and growth and belief. shadow: The shadow is ego defense, overreach, and repeating the same pattern without noticing what it is trying to teach. integration: Let identity and growth and belief cooperate without making either one carry the whole story. Confidence and opportunity, with overextension as the standing risk. do[0]: Name how identity and growth and belief are both involved do[1]: Use the easy opening deliberately do[2]: Turn confidence and optimism into one concrete choice dont[0]: Let ego defense make the decision dont[1]: Take the talent for granted dont[2]: Ignore the needs of identity or growth and belief voiceNeutral: true","This aspect creates a opening between attention, vitality, visibility, and confidence and growth, belief, opportunity, and expansion.","Attention, vitality, visibility, and confidence and growth, belief, opportunity, and expansion may meet through opening, making the pattern more noticeable in ordinary choices.",It can help by making the relationship between these two needs more available to conscious use.,Coasting on the good idea without turning it into anything concrete.,The work is learning when this aspect is offering information and when it is running the pattern for you.,"Describe tendencies, not fixed identity. Keep astrology traceable. Avoid prediction.",packages/astro-knowledge/data/insights/natal-aspects/sun-sextile-jupiter.json
You,insights/natal-aspects,sun-sextile-mars,Natal Sun Sextile Mars,"displayTitle: Visible With Driven summary: Identity support drive and anger. This cooperative pattern asks you to use confidence and courage with awareness. body: Identity support drive and anger. This cooperative pattern asks you to use confidence and courage with awareness. Action with little temper behind it. Things get done and the drive feels available rather than volatile. The connection is available when you choose to use it; it works best through deliberate practice. In practice, this can show up through identity, drive and anger, and the choices you make when ego defense or reactivity starts running the room. gift: The gift is confidence, courage, and a more conscious way to work with identity and drive and anger. shadow: The shadow is ego defense, reactivity, and repeating the same pattern without noticing what it is trying to teach. integration: Let identity and drive and anger cooperate without making either one carry the whole story. Initiative and drive; the cost is friction with authority and a tendency to force things. do[0]: Name how identity and drive and anger are both involved do[1]: Use the easy opening deliberately do[2]: Turn confidence and courage into one concrete choice dont[0]: Let ego defense make the decision dont[1]: Take the talent for granted dont[2]: Ignore the needs of identity or drive and anger voiceNeutral: true","This aspect creates a opening between attention, vitality, visibility, and confidence and action, heat, courage, friction, and desire.","Attention, vitality, visibility, and confidence and action, heat, courage, friction, and desire may meet through opening, making the pattern more noticeable in ordinary choices.",It can help by making the relationship between these two needs more available to conscious use.,Coasting on the good idea without turning it into anything concrete.,The work is learning when this aspect is offering information and when it is running the pattern for you.,"Describe tendencies, not fixed identity. Keep astrology traceable. Avoid prediction.",packages/astro-knowledge/data/insights/natal-aspects/sun-sextile-mars.json
You,insights/natal-aspects,sun-sextile-moon,Natal Sun Sextile Moon,"displayTitle: Visible With Sensitive summary: Identity support emotional needs. This cooperative pattern asks you to use confidence and emotional intelligence with awareness. body: Identity support emotional needs. This cooperative pattern asks you to use confidence and emotional intelligence with awareness. Outer and inner self move easily together. Steady, consistent, at ease with oneself, though it can lack a charge of its own. The connection is available when you choose to use it; it works best through deliberate practice. In practice, this can show up through identity, emotional needs, and the choices you make when ego defense or mood-driven reaction starts running the room. gift: The gift is confidence, emotional intelligence, and a more conscious way to work with identity and emotional needs. shadow: The shadow is ego defense, mood-driven reaction, and repeating the same pattern without noticing what it is trying to teach. integration: Let identity and emotional needs cooperate without making either one carry the whole story. Self-direction reads as either steady and integrated, or as internal conflict that undercuts decisiveness. do[0]: Name how identity and emotional needs are both involved do[1]: Use the easy opening deliberately do[2]: Turn confidence and emotional intelligence into one concrete choice dont[0]: Let ego defense make the decision dont[1]: Take the talent for granted dont[2]: Ignore the needs of identity or emotional needs voiceNeutral: true","This aspect creates a opening between attention, vitality, visibility, and confidence and emotion, instinct, needs, and daily rhythm.","Attention, vitality, visibility, and confidence and emotion, instinct, needs, and daily rhythm may meet through opening, making the pattern more noticeable in ordinary choices.",It can help by making the relationship between these two needs more available to conscious use.,Coasting on the good idea without turning it into anything concrete.,The work is learning when this aspect is offering information and when it is running the pattern for you.,"Describe tendencies, not fixed identity. Keep astrology traceable. Avoid prediction.",packages/astro-knowledge/data/insights/natal-aspects/sun-sextile-moon.json
You,insights/natal-aspects,sun-sextile-neptune,Natal Sun Sextile Neptune,"displayTitle: Visible With Inspired summary: Identity support imagination and longing. This cooperative pattern asks you to use confidence and compassion with awareness. body: Identity support imagination and longing. This cooperative pattern asks you to use confidence and compassion with awareness. Imaginative and compassionate; creative and charitable directions come naturally. The connection is available when you choose to use it; it works best through deliberate practice. In practice, this can show up through identity, imagination and longing, and the choices you make when ego defense or confusion starts running the room. gift: The gift is confidence, compassion, and a more conscious way to work with identity and imagination and longing. shadow: The shadow is ego defense, confusion, and repeating the same pattern without noticing what it is trying to teach. integration: Let identity and imagination and longing cooperate without making either one carry the whole story. Creative or service-oriented directions; guard against self-deception and being played. do[0]: Name how identity and imagination and longing are both involved do[1]: Use the easy opening deliberately do[2]: Turn confidence and compassion into one concrete choice dont[0]: Let ego defense make the decision dont[1]: Take the talent for granted dont[2]: Ignore the needs of identity or imagination and longing voiceNeutral: true","This aspect creates a opening between attention, vitality, visibility, and confidence and imagination, longing, vision, sensitivity, and uncertainty.","Attention, vitality, visibility, and confidence and imagination, longing, vision, sensitivity, and uncertainty may meet through opening, making the pattern more noticeable in ordinary choices.",It can help by making the relationship between these two needs more available to conscious use.,Coasting on the good idea without turning it into anything concrete.,The work is learning when this aspect is offering information and when it is running the pattern for you.,"Describe tendencies, not fixed identity. Keep astrology traceable. Avoid prediction.",packages/astro-knowledge/data/insights/natal-aspects/sun-sextile-neptune.json
You,insights/natal-aspects,sun-sextile-pluto,Natal Sun Sextile Pluto,"displayTitle: Visible With Intense summary: Identity support power and transformation. This cooperative pattern asks you to use confidence and depth with awareness. body: Identity support power and transformation. This cooperative pattern asks you to use confidence and depth with awareness. Strength and depth, well-controlled. A natural aptitude for investigation, healing, and transformation. The connection is available when you choose to use it; it works best through deliberate practice. In practice, this can show up through identity, power and transformation, and the choices you make when ego defense or control starts running the room. gift: The gift is confidence, depth, and a more conscious way to work with identity and power and transformation. shadow: The shadow is ego defense, control, and repeating the same pattern without noticing what it is trying to teach. integration: Let identity and power and transformation cooperate without making either one carry the whole story. Real influence; the intensity tends to polarize people. do[0]: Name how identity and power and transformation are both involved do[1]: Use the easy opening deliberately do[2]: Turn confidence and depth into one concrete choice dont[0]: Let ego defense make the decision dont[1]: Take the talent for granted dont[2]: Ignore the needs of identity or power and transformation voiceNeutral: true","This aspect creates a opening between attention, vitality, visibility, and confidence and depth, power, pressure, release, and transformation.","Attention, vitality, visibility, and confidence and depth, power, pressure, release, and transformation may meet through opening, making the pattern more noticeable in ordinary choices.",It can help by making the relationship between these two needs more available to conscious use.,Coasting on the good idea without turning it into anything concrete.,The work is learning when this aspect is offering information and when it is running the pattern for you.,"Describe tendencies, not fixed identity. Keep astrology traceable. Avoid prediction.",packages/astro-knowledge/data/insights/natal-aspects/sun-sextile-pluto.json
You,insights/natal-aspects,sun-sextile-saturn,Natal Sun Sextile Saturn,"displayTitle: Visible With Steady summary: Identity support discipline and limits. This cooperative pattern asks you to use confidence and maturity with awareness. body: Identity support discipline and limits. This cooperative pattern asks you to use confidence and maturity with awareness. Practical, conservative, orderly. Benefits come grudgingly and mostly as stability rather than ease. The connection is available when you choose to use it; it works best through deliberate practice. In practice, this can show up through identity, discipline and limits, and the choices you make when ego defense or fear starts running the room. gift: The gift is confidence, maturity, and a more conscious way to work with identity and discipline and limits. shadow: The shadow is ego defense, fear, and repeating the same pattern without noticing what it is trying to teach. integration: Let identity and discipline and limits cooperate without making either one carry the whole story. Disciplined and reliable; the risk is self-limiting caution and joyless striving. do[0]: Name how identity and discipline and limits are both involved do[1]: Use the easy opening deliberately do[2]: Turn confidence and maturity into one concrete choice dont[0]: Let ego defense make the decision dont[1]: Take the talent for granted dont[2]: Ignore the needs of identity or discipline and limits voiceNeutral: true","This aspect creates a opening between attention, vitality, visibility, and confidence and structure, limits, responsibility, time, and consequence.",Scattered effort may become easier to focus into a real responsibility or next step.,It can help by making the relationship between these two needs more available to conscious use.,Coasting on the good idea without turning it into anything concrete.,The work is learning when this aspect is offering information and when it is running the pattern for you.,"Describe tendencies, not fixed identity. Keep astrology traceable. Avoid prediction.",packages/astro-knowledge/data/insights/natal-aspects/sun-sextile-saturn.json
You,insights/natal-aspects,sun-sextile-uranus,Natal Sun Sextile Uranus,"displayTitle: Visible With Original summary: Identity support freedom and disruption. This cooperative pattern asks you to use confidence and originality with awareness. body: Identity support freedom and disruption. This cooperative pattern asks you to use confidence and originality with awareness. Originality that reads as brilliance or healthy independence. The connection is available when you choose to use it; it works best through deliberate practice. In practice, this can show up through identity, freedom and disruption, and the choices you make when ego defense or instability starts running the room. gift: The gift is confidence, originality, and a more conscious way to work with identity and freedom and disruption. shadow: The shadow is ego defense, instability, and repeating the same pattern without noticing what it is trying to teach. integration: Let identity and freedom and disruption cooperate without making either one carry the whole story. Suited to independent or innovative work where you aren't boxed in. do[0]: Name how identity and freedom and disruption are both involved do[1]: Use the easy opening deliberately do[2]: Turn confidence and originality into one concrete choice dont[0]: Let ego defense make the decision dont[1]: Take the talent for granted dont[2]: Ignore the needs of identity or freedom and disruption voiceNeutral: true","This aspect creates a opening between attention, vitality, visibility, and confidence and change, disruption, freedom, and originality.","Attention, vitality, visibility, and confidence and change, disruption, freedom, and originality may meet through opening, making the pattern more noticeable in ordinary choices.",It can help by making the relationship between these two needs more available to conscious use.,Coasting on the good idea without turning it into anything concrete.,The work is learning when this aspect is offering information and when it is running the pattern for you.,"Describe tendencies, not fixed identity. Keep astrology traceable. Avoid prediction.",packages/astro-knowledge/data/insights/natal-aspects/sun-sextile-uranus.json
You,insights/natal-aspects,sun-square-jupiter,Natal Sun Square Jupiter,"displayTitle: Visible Or Expansive summary: Identity press against growth and belief. This frictional pattern asks you to use confidence and optimism with awareness. body: Identity press against growth and belief. This frictional pattern asks you to use confidence and optimism with awareness. The same confidence overreaches. Sooner or later the luck gets pushed too far. The friction makes the pattern noticeable, especially when pressure forces an adjustment. In practice, this can show up through identity, growth and belief, and the choices you make when ego defense or overreach starts running the room. gift: The gift is confidence, optimism, and a more conscious way to work with identity and growth and belief. shadow: The shadow is ego defense, overreach, and repeating the same pattern without noticing what it is trying to teach. integration: Let identity and growth and belief cooperate without making either one carry the whole story. Confidence and opportunity, with overextension as the standing risk. do[0]: Name how identity and growth and belief are both involved do[1]: Pause before choosing the most familiar reaction do[2]: Turn confidence and optimism into one concrete choice dont[0]: Let ego defense make the decision dont[1]: Treat tension as proof that something is wrong dont[2]: Ignore the needs of identity or growth and belief voiceNeutral: true","This aspect creates a friction between attention, vitality, visibility, and confidence and growth, belief, opportunity, and expansion.","Attention, vitality, visibility, and confidence and growth, belief, opportunity, and expansion may meet through friction, making the pattern more noticeable in ordinary choices.",It can help by making the relationship between these two needs more available to conscious use.,Forcing a decision just to end the discomfort.,The work is learning when this aspect is offering information and when it is running the pattern for you.,"Describe tendencies, not fixed identity. Keep astrology traceable. Avoid prediction.",packages/astro-knowledge/data/insights/natal-aspects/sun-square-jupiter.json
You,insights/natal-aspects,sun-square-mars,Natal Sun Square Mars,"displayTitle: Driven Or Combative summary: Your life force comes with heat. You may need challenge, movement, and honest outlets for anger. body: Sun square Mars describes strong will, competitiveness, and a body that wants to act. You may feel most alive when there is something to push against, build, defend, or win. This aspect can give courage and initiative, but it can also make ordinary friction feel personal. The gift is direct life force. The growth is learning to use heat without turning every difference into a fight for identity. gift: Courage, vitality, initiative, and the ability to act decisively when something matters. shadow: Irritability, defensiveness, impatience, and making conflict the proof that you are alive. integration: Give your drive a worthy target. Movement, competition, and honest assertion help the fire become useful instead of reactive. do[0]: Move before you argue do[1]: Name what you are defending do[2]: Choose a challenge that builds strength dont[0]: Turn feedback into combat dont[1]: Mistake irritation for clarity dont[2]: Use force when directness would be enough voiceNeutral: true","This aspect creates a friction between attention, vitality, visibility, and confidence and action, heat, courage, friction, and desire.","Attention, vitality, visibility, and confidence and action, heat, courage, friction, and desire may meet through friction, making the pattern more noticeable in ordinary choices.",It can help by making the relationship between these two needs more available to conscious use.,Forcing a decision just to end the discomfort.,The work is learning when this aspect is offering information and when it is running the pattern for you.,"Describe tendencies, not fixed identity. Keep astrology traceable. Avoid prediction.",packages/astro-knowledge/data/insights/natal-aspects/sun-square-mars.json
You,insights/natal-aspects,sun-square-moon,Natal Sun Square Moon,"displayTitle: Visible Or Sensitive summary: Identity press against emotional needs. This frictional pattern asks you to use confidence and emotional intelligence with awareness. body: Identity press against emotional needs. This frictional pattern asks you to use confidence and emotional intelligence with awareness. Ego needs and emotional needs pull from conflicting sources, so the public self and the private self work at cross purposes and have to be reconciled. The friction makes the pattern noticeable, especially when pressure forces an adjustment. In practice, this can show up through identity, emotional needs, and the choices you make when ego defense or mood-driven reaction starts running the room. gift: The gift is confidence, emotional intelligence, and a more conscious way to work with identity and emotional needs. shadow: The shadow is ego defense, mood-driven reaction, and repeating the same pattern without noticing what it is trying to teach. integration: Let identity and emotional needs cooperate without making either one carry the whole story. Self-direction reads as either steady and integrated, or as internal conflict that undercuts decisiveness. do[0]: Name how identity and emotional needs are both involved do[1]: Pause before choosing the most familiar reaction do[2]: Turn confidence and emotional intelligence into one concrete choice dont[0]: Let ego defense make the decision dont[1]: Treat tension as proof that something is wrong dont[2]: Ignore the needs of identity or emotional needs voiceNeutral: true","This aspect creates a friction between attention, vitality, visibility, and confidence and emotion, instinct, needs, and daily rhythm.","Attention, vitality, visibility, and confidence and emotion, instinct, needs, and daily rhythm may meet through friction, making the pattern more noticeable in ordinary choices.",It can help by making the relationship between these two needs more available to conscious use.,Forcing a decision just to end the discomfort.,The work is learning when this aspect is offering information and when it is running the pattern for you.,"Describe tendencies, not fixed identity. Keep astrology traceable. Avoid prediction.",packages/astro-knowledge/data/insights/natal-aspects/sun-square-moon.json
You,insights/natal-aspects,sun-square-neptune,Natal Sun Square Neptune,"displayTitle: Inspired Or Unclear summary: Your identity may be porous, imaginative, and hard to define in simple terms. You need meaning, but also edges. body: Sun square Neptune describes a selfhood shaped by imagination, sensitivity, and longing. You may sense possibilities beyond ordinary roles, but you may also struggle with projection, unclear direction, or trying to become what others need you to be. This aspect can support art, service, spirituality, and compassion, especially when identity has a grounded container. The gift is inspiration. The growth is choosing a life that can hold mystery without dissolving your agency. gift: Imagination, compassion, spiritual sensitivity, creative vision, and the ability to soften rigid identities. shadow: Confusion, avoidance, idealization, weak boundaries, and losing direction in someone else's expectation. integration: Let meaning guide you without making you disappear. A clear no can protect the very sensitivity that makes your yes powerful. do[0]: Define the next concrete step do[1]: Use creativity to clarify identity do[2]: Practice boundaries before resentment builds dont[0]: Let uncertainty become drift dont[1]: Confuse sacrifice with purpose dont[2]: Let someone else name who you are voiceNeutral: true","This aspect creates a friction between attention, vitality, visibility, and confidence and imagination, longing, vision, sensitivity, and uncertainty.","Attention, vitality, visibility, and confidence and imagination, longing, vision, sensitivity, and uncertainty may meet through friction, making the pattern more noticeable in ordinary choices.",It can help by making the relationship between these two needs more available to conscious use.,Forcing a decision just to end the discomfort.,The work is learning when this aspect is offering information and when it is running the pattern for you.,"Describe tendencies, not fixed identity. Keep astrology traceable. Avoid prediction.",packages/astro-knowledge/data/insights/natal-aspects/sun-square-neptune.json
You,insights/natal-aspects,sun-square-pluto,Natal Sun Square Pluto,"displayTitle: Powerful Or Controlling summary: You may feel life intensely and resist being shaped by anyone else's will. Power is a central lesson. body: Sun square Pluto describes a strong survival current inside identity. You may notice control, threat, secrecy, or hidden motives faster than other people do. This can make you perceptive and hard to intimidate, but it can also make ordinary vulnerability feel dangerous. You may push yourself to transform, prove strength, or stay in command when softness would be more honest. The gift is depth and resilience. The growth is using power to become more truthful, not more defended. gift: Resilience, focus, psychological insight, and the courage to face what others avoid. shadow: Control, suspicion, power struggles, and the belief that vulnerability means losing authority. integration: Let strength include honesty. You do not have to dominate the room to be safe inside it. do[0]: Name what you are trying to control do[1]: Use intensity for repair and focus do[2]: Let trusted people see the unfinished part dont[0]: Treat every challenge as a threat dont[1]: Hold power by withholding truth dont[2]: Confuse privacy with isolation voiceNeutral: true","This aspect creates a friction between attention, vitality, visibility, and confidence and depth, power, pressure, release, and transformation.","Attention, vitality, visibility, and confidence and depth, power, pressure, release, and transformation may meet through friction, making the pattern more noticeable in ordinary choices.",It can help by making the relationship between these two needs more available to conscious use.,Forcing a decision just to end the discomfort.,The work is learning when this aspect is offering information and when it is running the pattern for you.,"Describe tendencies, not fixed identity. Keep astrology traceable. Avoid prediction.",packages/astro-knowledge/data/insights/natal-aspects/sun-square-pluto.json
You,insights/natal-aspects,sun-square-saturn,Natal Sun Square Saturn,"displayTitle: Proven Or Pressured summary: You may feel that confidence has to be earned. The result can be discipline, but also a private fear of not measuring up. body: Sun square Saturn describes a person who learns identity through pressure, standards, and time. You may grow up feeling watched, corrected, or compared against a bar that keeps moving. This can make you serious about your work and careful with your authority, but it can also turn self-expression into a test you are always preparing for. The gift is earned confidence. The growth is letting effort support your life instead of making worth depend on constant proof. gift: Discipline, accountability, long-range focus, and the ability to build something durable from patient effort. shadow: Fear of failure, harsh self-judgment, delayed confidence, and treating rest as something you have to deserve. integration: Let responsibility become a path to self-respect, not a verdict on your value. You are allowed to grow into authority without carrying every old standard forward. do[0]: Set standards that are clear and humane do[1]: Track evidence of growth do[2]: Let small wins count dont[0]: Make perfection the price of visibility dont[1]: Confuse caution with wisdom every time dont[2]: Treat joy as a distraction from becoming serious voiceNeutral: true","This aspect creates a friction between attention, vitality, visibility, and confidence and structure, limits, responsibility, time, and consequence.",Scattered effort may become easier to focus into a real responsibility or next step.,It can help by making the relationship between these two needs more available to conscious use.,Forcing a decision just to end the discomfort.,The work is learning when this aspect is offering information and when it is running the pattern for you.,"Describe tendencies, not fixed identity. Keep astrology traceable. Avoid prediction.",packages/astro-knowledge/data/insights/natal-aspects/sun-square-saturn.json
You,insights/natal-aspects,sun-square-uranus,Natal Sun Square Uranus,"displayTitle: Visible Or Original summary: Identity press against freedom and disruption. This frictional pattern asks you to use confidence and originality with awareness. body: Identity press against freedom and disruption. This frictional pattern asks you to use confidence and originality with awareness. Difference for its own sake: eccentricity, instability, shocking people to no purpose. The friction makes the pattern noticeable, especially when pressure forces an adjustment. In practice, this can show up through identity, freedom and disruption, and the choices you make when ego defense or instability starts running the room. gift: The gift is confidence, originality, and a more conscious way to work with identity and freedom and disruption. shadow: The shadow is ego defense, instability, and repeating the same pattern without noticing what it is trying to teach. integration: Let identity and freedom and disruption cooperate without making either one carry the whole story. Suited to independent or innovative work where you aren't boxed in. do[0]: Name how identity and freedom and disruption are both involved do[1]: Pause before choosing the most familiar reaction do[2]: Turn confidence and originality into one concrete choice dont[0]: Let ego defense make the decision dont[1]: Treat tension as proof that something is wrong dont[2]: Ignore the needs of identity or freedom and disruption voiceNeutral: true","This aspect creates a friction between attention, vitality, visibility, and confidence and change, disruption, freedom, and originality.","Attention, vitality, visibility, and confidence and change, disruption, freedom, and originality may meet through friction, making the pattern more noticeable in ordinary choices.",It can help by making the relationship between these two needs more available to conscious use.,Forcing a decision just to end the discomfort.,The work is learning when this aspect is offering information and when it is running the pattern for you.,"Describe tendencies, not fixed identity. Keep astrology traceable. Avoid prediction.",packages/astro-knowledge/data/insights/natal-aspects/sun-square-uranus.json
You,insights/natal-aspects,sun-trine-jupiter,Natal Sun Trine Jupiter,"displayTitle: Visible Through Expansive summary: Identity flow with growth and belief. This fluid pattern asks you to use confidence and optimism with awareness. body: Identity flow with growth and belief. This fluid pattern asks you to use confidence and optimism with awareness. Genuine confidence and opportunity; doors open more readily. The pattern can flow easily, which is useful when it is conscious and easy to take for granted when it is not. In practice, this can show up through identity, growth and belief, and the choices you make when ego defense or overreach starts running the room. gift: The gift is confidence, optimism, and a more conscious way to work with identity and growth and belief. shadow: The shadow is ego defense, overreach, and repeating the same pattern without noticing what it is trying to teach. integration: Let identity and growth and belief cooperate without making either one carry the whole story. Confidence and opportunity, with overextension as the standing risk. do[0]: Name how identity and growth and belief are both involved do[1]: Use the easy opening deliberately do[2]: Turn confidence and optimism into one concrete choice dont[0]: Let ego defense make the decision dont[1]: Take the talent for granted dont[2]: Ignore the needs of identity or growth and belief voiceNeutral: true","This aspect creates a flow between attention, vitality, visibility, and confidence and growth, belief, opportunity, and expansion.","Attention, vitality, visibility, and confidence and growth, belief, opportunity, and expansion may meet through flow, making the pattern more noticeable in ordinary choices.",It can help by making the relationship between these two needs more available to conscious use.,Letting the ease pass unused because nothing feels urgent.,The work is learning when this aspect is offering information and when it is running the pattern for you.,"Describe tendencies, not fixed identity. Keep astrology traceable. Avoid prediction.",packages/astro-knowledge/data/insights/natal-aspects/sun-trine-jupiter.json
You,insights/natal-aspects,sun-trine-mars,Natal Sun Trine Mars,"displayTitle: Visible Through Driven summary: Identity flow with drive and anger. This fluid pattern asks you to use confidence and courage with awareness. body: Identity flow with drive and anger. This fluid pattern asks you to use confidence and courage with awareness. Action with little temper behind it. Things get done and the drive feels available rather than volatile. The pattern can flow easily, which is useful when it is conscious and easy to take for granted when it is not. In practice, this can show up through identity, drive and anger, and the choices you make when ego defense or reactivity starts running the room. gift: The gift is confidence, courage, and a more conscious way to work with identity and drive and anger. shadow: The shadow is ego defense, reactivity, and repeating the same pattern without noticing what it is trying to teach. integration: Let identity and drive and anger cooperate without making either one carry the whole story. Initiative and drive; the cost is friction with authority and a tendency to force things. do[0]: Name how identity and drive and anger are both involved do[1]: Use the easy opening deliberately do[2]: Turn confidence and courage into one concrete choice dont[0]: Let ego defense make the decision dont[1]: Take the talent for granted dont[2]: Ignore the needs of identity or drive and anger voiceNeutral: true","This aspect creates a flow between attention, vitality, visibility, and confidence and action, heat, courage, friction, and desire.","Attention, vitality, visibility, and confidence and action, heat, courage, friction, and desire may meet through flow, making the pattern more noticeable in ordinary choices.",It can help by making the relationship between these two needs more available to conscious use.,Letting the ease pass unused because nothing feels urgent.,The work is learning when this aspect is offering information and when it is running the pattern for you.,"Describe tendencies, not fixed identity. Keep astrology traceable. Avoid prediction.",packages/astro-knowledge/data/insights/natal-aspects/sun-trine-mars.json
You,insights/natal-aspects,sun-trine-moon,Natal Sun Trine Moon,"displayTitle: Visible Through Sensitive summary: Identity flow with emotional needs. This fluid pattern asks you to use confidence and emotional intelligence with awareness. body: Identity flow with emotional needs. This fluid pattern asks you to use confidence and emotional intelligence with awareness. Outer and inner self move easily together. Steady, consistent, at ease with oneself, though it can lack a charge of its own. The pattern can flow easily, which is useful when it is conscious and easy to take for granted when it is not. In practice, this can show up through identity, emotional needs, and the choices you make when ego defense or mood-driven reaction starts running the room. gift: The gift is confidence, emotional intelligence, and a more conscious way to work with identity and emotional needs. shadow: The shadow is ego defense, mood-driven reaction, and repeating the same pattern without noticing what it is trying to teach. integration: Let identity and emotional needs cooperate without making either one carry the whole story. Self-direction reads as either steady and integrated, or as internal conflict that undercuts decisiveness. do[0]: Name how identity and emotional needs are both involved do[1]: Use the easy opening deliberately do[2]: Turn confidence and emotional intelligence into one concrete choice dont[0]: Let ego defense make the decision dont[1]: Take the talent for granted dont[2]: Ignore the needs of identity or emotional needs voiceNeutral: true","This aspect creates a flow between attention, vitality, visibility, and confidence and emotion, instinct, needs, and daily rhythm.","Attention, vitality, visibility, and confidence and emotion, instinct, needs, and daily rhythm may meet through flow, making the pattern more noticeable in ordinary choices.",It can help by making the relationship between these two needs more available to conscious use.,Letting the ease pass unused because nothing feels urgent.,The work is learning when this aspect is offering information and when it is running the pattern for you.,"Describe tendencies, not fixed identity. Keep astrology traceable. Avoid prediction.",packages/astro-knowledge/data/insights/natal-aspects/sun-trine-moon.json
You,insights/natal-aspects,sun-trine-neptune,Natal Sun Trine Neptune,"displayTitle: Visible Through Inspired summary: Identity flow with imagination and longing. This fluid pattern asks you to use confidence and compassion with awareness. body: Identity flow with imagination and longing. This fluid pattern asks you to use confidence and compassion with awareness. Imaginative and compassionate; creative and charitable directions come naturally. The pattern can flow easily, which is useful when it is conscious and easy to take for granted when it is not. In practice, this can show up through identity, imagination and longing, and the choices you make when ego defense or confusion starts running the room. gift: The gift is confidence, compassion, and a more conscious way to work with identity and imagination and longing. shadow: The shadow is ego defense, confusion, and repeating the same pattern without noticing what it is trying to teach. integration: Let identity and imagination and longing cooperate without making either one carry the whole story. Creative or service-oriented directions; guard against self-deception and being played. do[0]: Name how identity and imagination and longing are both involved do[1]: Use the easy opening deliberately do[2]: Turn confidence and compassion into one concrete choice dont[0]: Let ego defense make the decision dont[1]: Take the talent for granted dont[2]: Ignore the needs of identity or imagination and longing voiceNeutral: true","This aspect creates a flow between attention, vitality, visibility, and confidence and imagination, longing, vision, sensitivity, and uncertainty.","Attention, vitality, visibility, and confidence and imagination, longing, vision, sensitivity, and uncertainty may meet through flow, making the pattern more noticeable in ordinary choices.",It can help by making the relationship between these two needs more available to conscious use.,Letting the ease pass unused because nothing feels urgent.,The work is learning when this aspect is offering information and when it is running the pattern for you.,"Describe tendencies, not fixed identity. Keep astrology traceable. Avoid prediction.",packages/astro-knowledge/data/insights/natal-aspects/sun-trine-neptune.json
You,insights/natal-aspects,sun-trine-pluto,Natal Sun Trine Pluto,"displayTitle: Visible Through Intense summary: Identity flow with power and transformation. This fluid pattern asks you to use confidence and depth with awareness. body: Identity flow with power and transformation. This fluid pattern asks you to use confidence and depth with awareness. Strength and depth, well-controlled. A natural aptitude for investigation, healing, and transformation. The pattern can flow easily, which is useful when it is conscious and easy to take for granted when it is not. In practice, this can show up through identity, power and transformation, and the choices you make when ego defense or control starts running the room. gift: The gift is confidence, depth, and a more conscious way to work with identity and power and transformation. shadow: The shadow is ego defense, control, and repeating the same pattern without noticing what it is trying to teach. integration: Let identity and power and transformation cooperate without making either one carry the whole story. Real influence; the intensity tends to polarize people. do[0]: Name how identity and power and transformation are both involved do[1]: Use the easy opening deliberately do[2]: Turn confidence and depth into one concrete choice dont[0]: Let ego defense make the decision dont[1]: Take the talent for granted dont[2]: Ignore the needs of identity or power and transformation voiceNeutral: true","This aspect creates a flow between attention, vitality, visibility, and confidence and depth, power, pressure, release, and transformation.","Attention, vitality, visibility, and confidence and depth, power, pressure, release, and transformation may meet through flow, making the pattern more noticeable in ordinary choices.",It can help by making the relationship between these two needs more available to conscious use.,Letting the ease pass unused because nothing feels urgent.,The work is learning when this aspect is offering information and when it is running the pattern for you.,"Describe tendencies, not fixed identity. Keep astrology traceable. Avoid prediction.",packages/astro-knowledge/data/insights/natal-aspects/sun-trine-pluto.json
You,insights/natal-aspects,sun-trine-saturn,Natal Sun Trine Saturn,"displayTitle: Visible Through Steady summary: Identity flow with discipline and limits. This fluid pattern asks you to use confidence and maturity with awareness. body: Identity flow with discipline and limits. This fluid pattern asks you to use confidence and maturity with awareness. Practical, conservative, orderly. Benefits come grudgingly and mostly as stability rather than ease. The pattern can flow easily, which is useful when it is conscious and easy to take for granted when it is not. In practice, this can show up through identity, discipline and limits, and the choices you make when ego defense or fear starts running the room. gift: The gift is confidence, maturity, and a more conscious way to work with identity and discipline and limits. shadow: The shadow is ego defense, fear, and repeating the same pattern without noticing what it is trying to teach. integration: Let identity and discipline and limits cooperate without making either one carry the whole story. Disciplined and reliable; the risk is self-limiting caution and joyless striving. do[0]: Name how identity and discipline and limits are both involved do[1]: Use the easy opening deliberately do[2]: Turn confidence and maturity into one concrete choice dont[0]: Let ego defense make the decision dont[1]: Take the talent for granted dont[2]: Ignore the needs of identity or discipline and limits voiceNeutral: true","This aspect creates a flow between attention, vitality, visibility, and confidence and structure, limits, responsibility, time, and consequence.",Scattered effort may become easier to focus into a real responsibility or next step.,It can help by making the relationship between these two needs more available to conscious use.,Letting the ease pass unused because nothing feels urgent.,The work is learning when this aspect is offering information and when it is running the pattern for you.,"Describe tendencies, not fixed identity. Keep astrology traceable. Avoid prediction.",packages/astro-knowledge/data/insights/natal-aspects/sun-trine-saturn.json
You,insights/natal-aspects,sun-trine-uranus,Natal Sun Trine Uranus,"displayTitle: Original Or Unpredictable summary: Your identity grows through difference. You may feel most alive when you are allowed to move in your own pattern. body: Sun trine Uranus describes a natural link between self-expression and originality. You may adapt quickly, think independently, and feel comfortable taking paths that do not need broad approval. Others may experience you as refreshing, inventive, or hard to categorize. The gift is freedom with confidence. The shadow is assuming that independence means you never need continuity, commitment, or feedback. The growth is letting your uniqueness become reliable enough to build with. gift: Originality, independence, adaptability, and the courage to express a future-facing self. shadow: Restlessness, detachment, inconsistency, and dismissing ordinary commitments as limitations. integration: Let freedom become a practice, not only a reaction. Your difference has more impact when it can be trusted over time. do[0]: Follow the unusual idea and give it structure do[1]: Choose communities that respect independence do[2]: Let feedback sharpen the invention dont[0]: Leave just because something becomes familiar dont[1]: Treat consistency as proof of boredom dont[2]: Use uniqueness to avoid intimacy voiceNeutral: true","This aspect creates a flow between attention, vitality, visibility, and confidence and change, disruption, freedom, and originality.","Attention, vitality, visibility, and confidence and change, disruption, freedom, and originality may meet through flow, making the pattern more noticeable in ordinary choices.",It can help by making the relationship between these two needs more available to conscious use.,Letting the ease pass unused because nothing feels urgent.,The work is learning when this aspect is offering information and when it is running the pattern for you.,"Describe tendencies, not fixed identity. Keep astrology traceable. Avoid prediction.",packages/astro-knowledge/data/insights/natal-aspects/sun-trine-uranus.json
You,insights/natal-aspects,uranus-conjunction-neptune,Natal Uranus Conjunction Neptune,"displayTitle: Visionary Or Untethered summary: Change and imagination merge here. You may carry a generational instinct for new ideals, new systems, and new myths. body: Uranus conjunction Neptune describes a collective signature that can become personal when strongly placed. It links disruption with vision, technology with spirituality, and rebellion with longing for a different world. You may be sensitive to cultural shifts, digital possibility, alternative communities, or ideals that do not fit inherited categories. The gift is imaginative innovation. The shadow is drifting into vague rebellion or mistaking a dream of the future for the work of building one. gift: Vision, intuition for change, imaginative innovation, and sensitivity to emerging collective patterns. shadow: Vague rebellion, escapist ideals, disorientation, and chasing the future without grounding it. integration: Give the vision a practice. The future becomes real through specific choices, skills, and communities. do[0]: Test the vision in a real system do[1]: Find communities that build what they imagine do[2]: Let intuition and technical skill work together dont[0]: Confuse disruption with liberation dont[1]: Float above practical consequences dont[2]: Follow every signal as if it is a calling voiceNeutral: true","This aspect creates a fusion between change, disruption, freedom, and originality and imagination, longing, vision, sensitivity, and uncertainty.","Change, disruption, freedom, and originality and imagination, longing, vision, sensitivity, and uncertainty may meet through fusion, making the pattern more noticeable in ordinary choices.",It can help by making the relationship between these two needs more available to conscious use.,Acting from the intensity before identifying the separate parts.,The work is learning when this aspect is offering information and when it is running the pattern for you.,"Describe tendencies, not fixed identity. Keep astrology traceable. Avoid prediction.",packages/astro-knowledge/data/insights/natal-aspects/uranus-conjunction-neptune.json
You,insights/natal-aspects,uranus-conjunction-pluto,Natal Uranus Conjunction Pluto,"displayTitle: Original And Intense summary: Freedom and disruption merge power and transformation. This concentrated pattern asks you to use originality and depth with awareness. body: Freedom and disruption merge power and transformation. This concentrated pattern asks you to use originality and depth with awareness. Disruption meets power. Upheaval and radical transformation, often tied to social change; quick adaptation to new technology. These drives sit close together, so the pattern may feel natural, immediate, and hard to separate. In practice, this can show up through freedom and disruption, power and transformation, and the choices you make when instability or control starts running the room. gift: The gift is originality, depth, and a more conscious way to work with freedom and disruption and power and transformation. shadow: The shadow is instability, control, and repeating the same pattern without noticing what it is trying to teach. integration: Let freedom and disruption and power and transformation cooperate without making either one carry the whole story. Transformative, disruptive, generational themes. do[0]: Name how freedom and disruption and power and transformation are both involved do[1]: Use the easy opening deliberately do[2]: Turn originality and depth into one concrete choice dont[0]: Let instability make the decision dont[1]: Assume what feels natural is automatically balanced dont[2]: Ignore the needs of freedom and disruption or power and transformation voiceNeutral: true","This aspect creates a fusion between change, disruption, freedom, and originality and depth, power, pressure, release, and transformation.","Change, disruption, freedom, and originality and depth, power, pressure, release, and transformation may meet through fusion, making the pattern more noticeable in ordinary choices.",It can help by making the relationship between these two needs more available to conscious use.,Acting from the intensity before identifying the separate parts.,The work is learning when this aspect is offering information and when it is running the pattern for you.,"Describe tendencies, not fixed identity. Keep astrology traceable. Avoid prediction.",packages/astro-knowledge/data/insights/natal-aspects/uranus-conjunction-pluto.json
You,insights/natal-aspects,uranus-opposition-neptune,Natal Uranus Opposition Neptune,"displayTitle: Original Across Inspired summary: Freedom and disruption mirror imagination and longing. This polarized pattern asks you to use originality and compassion with awareness. body: Freedom and disruption mirror imagination and longing. This polarized pattern asks you to use originality and compassion with awareness. Idealism that destabilizes more than it builds. The two sides may appear through contrast, projection, or relationships until you learn to hold both directly. In practice, this can show up through freedom and disruption, imagination and longing, and the choices you make when instability or confusion starts running the room. gift: The gift is originality, compassion, and a more conscious way to work with freedom and disruption and imagination and longing. shadow: The shadow is instability, confusion, and repeating the same pattern without noticing what it is trying to teach. integration: Let freedom and disruption and imagination and longing cooperate without making either one carry the whole story. Generational and visionary themes rather than a personal day-to-day read. do[0]: Name how freedom and disruption and imagination and longing are both involved do[1]: Pause before choosing the most familiar reaction do[2]: Turn originality and compassion into one concrete choice dont[0]: Let instability make the decision dont[1]: Treat tension as proof that something is wrong dont[2]: Ignore the needs of freedom and disruption or imagination and longing voiceNeutral: true","This aspect creates a polarity between change, disruption, freedom, and originality and imagination, longing, vision, sensitivity, and uncertainty.","Change, disruption, freedom, and originality and imagination, longing, vision, sensitivity, and uncertainty may meet through polarity, making the pattern more noticeable in ordinary choices.",It can help by making the relationship between these two needs more available to conscious use.,Turning tension into a standoff instead of a clearer understanding.,The work is learning when this aspect is offering information and when it is running the pattern for you.,"Describe tendencies, not fixed identity. Keep astrology traceable. Avoid prediction.",packages/astro-knowledge/data/insights/natal-aspects/uranus-opposition-neptune.json
You,insights/natal-aspects,uranus-opposition-pluto,Natal Uranus Opposition Pluto,"displayTitle: Original Across Intense summary: Freedom and disruption mirror power and transformation. This polarized pattern asks you to use originality and depth with awareness. body: Freedom and disruption mirror power and transformation. This polarized pattern asks you to use originality and depth with awareness. Destructive upheaval and the urge to overturn at speed. The two sides may appear through contrast, projection, or relationships until you learn to hold both directly. In practice, this can show up through freedom and disruption, power and transformation, and the choices you make when instability or control starts running the room. gift: The gift is originality, depth, and a more conscious way to work with freedom and disruption and power and transformation. shadow: The shadow is instability, control, and repeating the same pattern without noticing what it is trying to teach. integration: Let freedom and disruption and power and transformation cooperate without making either one carry the whole story. Transformative, disruptive, generational themes. do[0]: Name how freedom and disruption and power and transformation are both involved do[1]: Pause before choosing the most familiar reaction do[2]: Turn originality and depth into one concrete choice dont[0]: Let instability make the decision dont[1]: Treat tension as proof that something is wrong dont[2]: Ignore the needs of freedom and disruption or power and transformation voiceNeutral: true","This aspect creates a polarity between change, disruption, freedom, and originality and depth, power, pressure, release, and transformation.","Change, disruption, freedom, and originality and depth, power, pressure, release, and transformation may meet through polarity, making the pattern more noticeable in ordinary choices.",It can help by making the relationship between these two needs more available to conscious use.,Turning tension into a standoff instead of a clearer understanding.,The work is learning when this aspect is offering information and when it is running the pattern for you.,"Describe tendencies, not fixed identity. Keep astrology traceable. Avoid prediction.",packages/astro-knowledge/data/insights/natal-aspects/uranus-opposition-pluto.json
You,insights/natal-aspects,uranus-sextile-neptune,Natal Uranus Sextile Neptune,"displayTitle: Original With Inspired summary: Freedom and disruption support imagination and longing. This cooperative pattern asks you to use originality and compassion with awareness. body: Freedom and disruption support imagination and longing. This cooperative pattern asks you to use originality and compassion with awareness. Visionary ideals expressed in livable ways. The connection is available when you choose to use it; it works best through deliberate practice. In practice, this can show up through freedom and disruption, imagination and longing, and the choices you make when instability or confusion starts running the room. gift: The gift is originality, compassion, and a more conscious way to work with freedom and disruption and imagination and longing. shadow: The shadow is instability, confusion, and repeating the same pattern without noticing what it is trying to teach. integration: Let freedom and disruption and imagination and longing cooperate without making either one carry the whole story. Generational and visionary themes rather than a personal day-to-day read. do[0]: Name how freedom and disruption and imagination and longing are both involved do[1]: Use the easy opening deliberately do[2]: Turn originality and compassion into one concrete choice dont[0]: Let instability make the decision dont[1]: Take the talent for granted dont[2]: Ignore the needs of freedom and disruption or imagination and longing voiceNeutral: true","This aspect creates a opening between change, disruption, freedom, and originality and imagination, longing, vision, sensitivity, and uncertainty.","Change, disruption, freedom, and originality and imagination, longing, vision, sensitivity, and uncertainty may meet through opening, making the pattern more noticeable in ordinary choices.",It can help by making the relationship between these two needs more available to conscious use.,Coasting on the good idea without turning it into anything concrete.,The work is learning when this aspect is offering information and when it is running the pattern for you.,"Describe tendencies, not fixed identity. Keep astrology traceable. Avoid prediction.",packages/astro-knowledge/data/insights/natal-aspects/uranus-sextile-neptune.json
You,insights/natal-aspects,uranus-sextile-pluto,Natal Uranus Sextile Pluto,"displayTitle: Original With Intense summary: Freedom and disruption support power and transformation. This cooperative pattern asks you to use originality and depth with awareness. body: Freedom and disruption support power and transformation. This cooperative pattern asks you to use originality and depth with awareness. Fast, effective adaptation to change. The connection is available when you choose to use it; it works best through deliberate practice. In practice, this can show up through freedom and disruption, power and transformation, and the choices you make when instability or control starts running the room. gift: The gift is originality, depth, and a more conscious way to work with freedom and disruption and power and transformation. shadow: The shadow is instability, control, and repeating the same pattern without noticing what it is trying to teach. integration: Let freedom and disruption and power and transformation cooperate without making either one carry the whole story. Transformative, disruptive, generational themes. do[0]: Name how freedom and disruption and power and transformation are both involved do[1]: Use the easy opening deliberately do[2]: Turn originality and depth into one concrete choice dont[0]: Let instability make the decision dont[1]: Take the talent for granted dont[2]: Ignore the needs of freedom and disruption or power and transformation voiceNeutral: true","This aspect creates a opening between change, disruption, freedom, and originality and depth, power, pressure, release, and transformation.","Change, disruption, freedom, and originality and depth, power, pressure, release, and transformation may meet through opening, making the pattern more noticeable in ordinary choices.",It can help by making the relationship between these two needs more available to conscious use.,Coasting on the good idea without turning it into anything concrete.,The work is learning when this aspect is offering information and when it is running the pattern for you.,"Describe tendencies, not fixed identity. Keep astrology traceable. Avoid prediction.",packages/astro-knowledge/data/insights/natal-aspects/uranus-sextile-pluto.json
You,insights/natal-aspects,uranus-square-neptune,Natal Uranus Square Neptune,"displayTitle: Original Or Inspired summary: Freedom and disruption press against imagination and longing. This frictional pattern asks you to use originality and compassion with awareness. body: Freedom and disruption press against imagination and longing. This frictional pattern asks you to use originality and compassion with awareness. Idealism that destabilizes more than it builds. The friction makes the pattern noticeable, especially when pressure forces an adjustment. In practice, this can show up through freedom and disruption, imagination and longing, and the choices you make when instability or confusion starts running the room. gift: The gift is originality, compassion, and a more conscious way to work with freedom and disruption and imagination and longing. shadow: The shadow is instability, confusion, and repeating the same pattern without noticing what it is trying to teach. integration: Let freedom and disruption and imagination and longing cooperate without making either one carry the whole story. Generational and visionary themes rather than a personal day-to-day read. do[0]: Name how freedom and disruption and imagination and longing are both involved do[1]: Pause before choosing the most familiar reaction do[2]: Turn originality and compassion into one concrete choice dont[0]: Let instability make the decision dont[1]: Treat tension as proof that something is wrong dont[2]: Ignore the needs of freedom and disruption or imagination and longing voiceNeutral: true","This aspect creates a friction between change, disruption, freedom, and originality and imagination, longing, vision, sensitivity, and uncertainty.","Change, disruption, freedom, and originality and imagination, longing, vision, sensitivity, and uncertainty may meet through friction, making the pattern more noticeable in ordinary choices.",It can help by making the relationship between these two needs more available to conscious use.,Forcing a decision just to end the discomfort.,The work is learning when this aspect is offering information and when it is running the pattern for you.,"Describe tendencies, not fixed identity. Keep astrology traceable. Avoid prediction.",packages/astro-knowledge/data/insights/natal-aspects/uranus-square-neptune.json
You,insights/natal-aspects,uranus-square-pluto,Natal Uranus Square Pluto,"displayTitle: Original Or Intense summary: Freedom and disruption press against power and transformation. This frictional pattern asks you to use originality and depth with awareness. body: Freedom and disruption press against power and transformation. This frictional pattern asks you to use originality and depth with awareness. Destructive upheaval and the urge to overturn at speed. The friction makes the pattern noticeable, especially when pressure forces an adjustment. In practice, this can show up through freedom and disruption, power and transformation, and the choices you make when instability or control starts running the room. gift: The gift is originality, depth, and a more conscious way to work with freedom and disruption and power and transformation. shadow: The shadow is instability, control, and repeating the same pattern without noticing what it is trying to teach. integration: Let freedom and disruption and power and transformation cooperate without making either one carry the whole story. Transformative, disruptive, generational themes. do[0]: Name how freedom and disruption and power and transformation are both involved do[1]: Pause before choosing the most familiar reaction do[2]: Turn originality and depth into one concrete choice dont[0]: Let instability make the decision dont[1]: Treat tension as proof that something is wrong dont[2]: Ignore the needs of freedom and disruption or power and transformation voiceNeutral: true","This aspect creates a friction between change, disruption, freedom, and originality and depth, power, pressure, release, and transformation.","Change, disruption, freedom, and originality and depth, power, pressure, release, and transformation may meet through friction, making the pattern more noticeable in ordinary choices.",It can help by making the relationship between these two needs more available to conscious use.,Forcing a decision just to end the discomfort.,The work is learning when this aspect is offering information and when it is running the pattern for you.,"Describe tendencies, not fixed identity. Keep astrology traceable. Avoid prediction.",packages/astro-knowledge/data/insights/natal-aspects/uranus-square-pluto.json
You,insights/natal-aspects,uranus-trine-neptune,Natal Uranus Trine Neptune,"displayTitle: Original Through Inspired summary: Freedom and disruption flow with imagination and longing. This fluid pattern asks you to use originality and compassion with awareness. body: Freedom and disruption flow with imagination and longing. This fluid pattern asks you to use originality and compassion with awareness. Visionary ideals expressed in livable ways. The pattern can flow easily, which is useful when it is conscious and easy to take for granted when it is not. In practice, this can show up through freedom and disruption, imagination and longing, and the choices you make when instability or confusion starts running the room. gift: The gift is originality, compassion, and a more conscious way to work with freedom and disruption and imagination and longing. shadow: The shadow is instability, confusion, and repeating the same pattern without noticing what it is trying to teach. integration: Let freedom and disruption and imagination and longing cooperate without making either one carry the whole story. Generational and visionary themes rather than a personal day-to-day read. do[0]: Name how freedom and disruption and imagination and longing are both involved do[1]: Use the easy opening deliberately do[2]: Turn originality and compassion into one concrete choice dont[0]: Let instability make the decision dont[1]: Take the talent for granted dont[2]: Ignore the needs of freedom and disruption or imagination and longing voiceNeutral: true","This aspect creates a flow between change, disruption, freedom, and originality and imagination, longing, vision, sensitivity, and uncertainty.","Change, disruption, freedom, and originality and imagination, longing, vision, sensitivity, and uncertainty may meet through flow, making the pattern more noticeable in ordinary choices.",It can help by making the relationship between these two needs more available to conscious use.,Letting the ease pass unused because nothing feels urgent.,The work is learning when this aspect is offering information and when it is running the pattern for you.,"Describe tendencies, not fixed identity. Keep astrology traceable. Avoid prediction.",packages/astro-knowledge/data/insights/natal-aspects/uranus-trine-neptune.json
You,insights/natal-aspects,uranus-trine-pluto,Natal Uranus Trine Pluto,"displayTitle: Original Through Intense summary: Freedom and disruption flow with power and transformation. This fluid pattern asks you to use originality and depth with awareness. body: Freedom and disruption flow with power and transformation. This fluid pattern asks you to use originality and depth with awareness. Fast, effective adaptation to change. The pattern can flow easily, which is useful when it is conscious and easy to take for granted when it is not. In practice, this can show up through freedom and disruption, power and transformation, and the choices you make when instability or control starts running the room. gift: The gift is originality, depth, and a more conscious way to work with freedom and disruption and power and transformation. shadow: The shadow is instability, control, and repeating the same pattern without noticing what it is trying to teach. integration: Let freedom and disruption and power and transformation cooperate without making either one carry the whole story. Transformative, disruptive, generational themes. do[0]: Name how freedom and disruption and power and transformation are both involved do[1]: Use the easy opening deliberately do[2]: Turn originality and depth into one concrete choice dont[0]: Let instability make the decision dont[1]: Take the talent for granted dont[2]: Ignore the needs of freedom and disruption or power and transformation voiceNeutral: true","This aspect creates a flow between change, disruption, freedom, and originality and depth, power, pressure, release, and transformation.","Change, disruption, freedom, and originality and depth, power, pressure, release, and transformation may meet through flow, making the pattern more noticeable in ordinary choices.",It can help by making the relationship between these two needs more available to conscious use.,Letting the ease pass unused because nothing feels urgent.,The work is learning when this aspect is offering information and when it is running the pattern for you.,"Describe tendencies, not fixed identity. Keep astrology traceable. Avoid prediction.",packages/astro-knowledge/data/insights/natal-aspects/uranus-trine-pluto.json
You,insights/natal-aspects,venus-conjunction-jupiter,Natal Venus Conjunction Jupiter,"displayTitle: Magnetic And Expansive summary: Love and values merge growth and belief. This concentrated pattern asks you to use relational grace and optimism with awareness. body: Love and values merge growth and belief. This concentrated pattern asks you to use relational grace and optimism with awareness. Pleasure meets expansion. Gentleness, generosity, sensitivity, and a great deal of ease. These drives sit close together, so the pattern may feel natural, immediate, and hard to separate. In practice, this can show up through love and values, growth and belief, and the choices you make when approval seeking or overreach starts running the room. gift: The gift is relational grace, optimism, and a more conscious way to work with love and values and growth and belief. shadow: The shadow is approval seeking, overreach, and repeating the same pattern without noticing what it is trying to teach. integration: Let love and values and growth and belief cooperate without making either one carry the whole story. Likable and fortunate; the missing ingredient is discipline. do[0]: Name how love and values and growth and belief are both involved do[1]: Use the easy opening deliberately do[2]: Turn relational grace and optimism into one concrete choice dont[0]: Let approval seeking make the decision dont[1]: Assume what feels natural is automatically balanced dont[2]: Ignore the needs of love and values or growth and belief voiceNeutral: true","This aspect creates a fusion between connection, value, pleasure, attraction, and ease and growth, belief, opportunity, and expansion.","Connection, generosity, and pleasure may grow more easily when they are actively welcomed.",It can help by making the relationship between these two needs more available to conscious use.,Acting from the intensity before identifying the separate parts.,The work is learning when this aspect is offering information and when it is running the pattern for you.,"Describe tendencies, not fixed identity. Keep astrology traceable. Avoid prediction.",packages/astro-knowledge/data/insights/natal-aspects/venus-conjunction-jupiter.json
You,insights/natal-aspects,venus-conjunction-mars,Natal Venus Conjunction Mars,"displayTitle: Desiring Or Direct summary: Attraction and pursuit live close together. When you want something, your body may know before your politeness catches up. body: Venus conjunction Mars describes a strong link between pleasure, desire, style, and action. You may come across as magnetic, warm, creative, or openly interested in what excites you. Relationships can move quickly because wanting and acting are not far apart. The gift is aliveness: the ability to make affection active and desire honest. The growth is making sure chemistry has enough patience, consent, and discernment to become something worth keeping. gift: Charisma, creative heat, direct affection, and the courage to pursue what feels alive. shadow: Impatience, mixed signals, competitiveness in love, or chasing intensity before checking compatibility. integration: Let desire be clear without letting it rush the whole story. Attraction becomes stronger when choice stays awake. do[0]: Say what you want plainly do[1]: Give chemistry time to reveal character do[2]: Channel heat into art, movement, or honest affection dont[0]: Confuse pursuit with proof of care dont[1]: Use attraction to skip discernment dont[2]: Turn every disagreement into a contest voiceNeutral: true","This aspect creates a fusion between connection, value, pleasure, attraction, and ease and action, heat, courage, friction, and desire.","Connection, value, pleasure, attraction, and ease and action, heat, courage, friction, and desire may meet through fusion, making the pattern more noticeable in ordinary choices.",It can help by making the relationship between these two needs more available to conscious use.,Acting from the intensity before identifying the separate parts.,The work is learning when this aspect is offering information and when it is running the pattern for you.,"Describe tendencies, not fixed identity. Keep astrology traceable. Avoid prediction.",packages/astro-knowledge/data/insights/natal-aspects/venus-conjunction-mars.json
You,insights/natal-aspects,venus-conjunction-neptune,Natal Venus Conjunction Neptune,"displayTitle: Magnetic And Inspired summary: Love and values merge imagination and longing. This concentrated pattern asks you to use relational grace and compassion with awareness. body: Love and values merge imagination and longing. This concentrated pattern asks you to use relational grace and compassion with awareness. Love and value meet imagination. Heightened artistic sensibility and romantic idealism. These drives sit close together, so the pattern may feel natural, immediate, and hard to separate. In practice, this can show up through love and values, imagination and longing, and the choices you make when approval seeking or confusion starts running the room. gift: The gift is relational grace, compassion, and a more conscious way to work with love and values and imagination and longing. shadow: The shadow is approval seeking, confusion, and repeating the same pattern without noticing what it is trying to teach. integration: Let love and values and imagination and longing cooperate without making either one carry the whole story. Real artistic gifts; guard against unrealistic expectations of people and outcomes. do[0]: Name how love and values and imagination and longing are both involved do[1]: Use the easy opening deliberately do[2]: Turn relational grace and compassion into one concrete choice dont[0]: Let approval seeking make the decision dont[1]: Assume what feels natural is automatically balanced dont[2]: Ignore the needs of love and values or imagination and longing voiceNeutral: true","This aspect creates a fusion between connection, value, pleasure, attraction, and ease and imagination, longing, vision, sensitivity, and uncertainty.","Connection, value, pleasure, attraction, and ease and imagination, longing, vision, sensitivity, and uncertainty may meet through fusion, making the pattern more noticeable in ordinary choices.",It can help by making the relationship between these two needs more available to conscious use.,Acting from the intensity before identifying the separate parts.,The work is learning when this aspect is offering information and when it is running the pattern for you.,"Describe tendencies, not fixed identity. Keep astrology traceable. Avoid prediction.",packages/astro-knowledge/data/insights/natal-aspects/venus-conjunction-neptune.json
You,insights/natal-aspects,venus-conjunction-pluto,Natal Venus Conjunction Pluto,"displayTitle: Magnetic And Intense summary: Love and values merge power and transformation. This concentrated pattern asks you to use relational grace and depth with awareness. body: Love and values merge power and transformation. This concentrated pattern asks you to use relational grace and depth with awareness. Love and value meet intensity. All-or-nothing attraction, deep desire, and a strong pull toward control in relationships. These drives sit close together, so the pattern may feel natural, immediate, and hard to separate. In practice, this can show up through love and values, power and transformation, and the choices you make when approval seeking or control starts running the room. gift: The gift is relational grace, depth, and a more conscious way to work with love and values and power and transformation. shadow: The shadow is approval seeking, control, and repeating the same pattern without noticing what it is trying to teach. integration: Let love and values and power and transformation cooperate without making either one carry the whole story. Magnetic and persuasive; the intensity has to be moderated. do[0]: Name how love and values and power and transformation are both involved do[1]: Use the easy opening deliberately do[2]: Turn relational grace and depth into one concrete choice dont[0]: Let approval seeking make the decision dont[1]: Assume what feels natural is automatically balanced dont[2]: Ignore the needs of love and values or power and transformation voiceNeutral: true","This aspect creates a fusion between connection, value, pleasure, attraction, and ease and depth, power, pressure, release, and transformation.","Connection, value, pleasure, attraction, and ease and depth, power, pressure, release, and transformation may meet through fusion, making the pattern more noticeable in ordinary choices.",It can help by making the relationship between these two needs more available to conscious use.,Acting from the intensity before identifying the separate parts.,The work is learning when this aspect is offering information and when it is running the pattern for you.,"Describe tendencies, not fixed identity. Keep astrology traceable. Avoid prediction.",packages/astro-knowledge/data/insights/natal-aspects/venus-conjunction-pluto.json
You,insights/natal-aspects,venus-conjunction-saturn,Natal Venus Conjunction Saturn,"displayTitle: Magnetic And Steady summary: Love and values merge discipline and limits. This concentrated pattern asks you to use relational grace and maturity with awareness. body: Love and values merge discipline and limits. This concentrated pattern asks you to use relational grace and maturity with awareness. Affection and value meet limit. Loyalty, restraint in pleasure and love, and a strong sense of obligation. These drives sit close together, so the pattern may feel natural, immediate, and hard to separate. In practice, this can show up through love and values, discipline and limits, and the choices you make when approval seeking or fear starts running the room. gift: The gift is relational grace, maturity, and a more conscious way to work with love and values and discipline and limits. shadow: The shadow is approval seeking, fear, and repeating the same pattern without noticing what it is trying to teach. integration: Let love and values and discipline and limits cooperate without making either one carry the whole story. Loyal and hardworking; the risk is joyless striving and a belief that reward must be suffered for. do[0]: Name how love and values and discipline and limits are both involved do[1]: Use the easy opening deliberately do[2]: Turn relational grace and maturity into one concrete choice dont[0]: Let approval seeking make the decision dont[1]: Assume what feels natural is automatically balanced dont[2]: Ignore the needs of love and values or discipline and limits voiceNeutral: true","This aspect creates a fusion between connection, value, pleasure, attraction, and ease and structure, limits, responsibility, time, and consequence.","Connection, value, pleasure, attraction, and ease and structure, limits, responsibility, time, and consequence may meet through fusion, making the pattern more noticeable in ordinary choices.",It can help by making the relationship between these two needs more available to conscious use.,Acting from the intensity before identifying the separate parts.,The work is learning when this aspect is offering information and when it is running the pattern for you.,"Describe tendencies, not fixed identity. Keep astrology traceable. Avoid prediction.",packages/astro-knowledge/data/insights/natal-aspects/venus-conjunction-saturn.json
You,insights/natal-aspects,venus-conjunction-uranus,Natal Venus Conjunction Uranus,"displayTitle: Magnetic And Original summary: Love and values merge freedom and disruption. This concentrated pattern asks you to use relational grace and originality with awareness. body: Love and values merge freedom and disruption. This concentrated pattern asks you to use relational grace and originality with awareness. Connection and value meet disruption and freedom. Attraction runs electric, sudden, and unattached to convention. These drives sit close together, so the pattern may feel natural, immediate, and hard to separate. In practice, this can show up through love and values, freedom and disruption, and the choices you make when approval seeking or instability starts running the room. gift: The gift is relational grace, originality, and a more conscious way to work with love and values and freedom and disruption. shadow: The shadow is approval seeking, instability, and repeating the same pattern without noticing what it is trying to teach. integration: Let love and values and freedom and disruption cooperate without making either one carry the whole story. Good for fresh, original creative and social moves; unreliable for steady commitments. do[0]: Name how love and values and freedom and disruption are both involved do[1]: Use the easy opening deliberately do[2]: Turn relational grace and originality into one concrete choice dont[0]: Let approval seeking make the decision dont[1]: Assume what feels natural is automatically balanced dont[2]: Ignore the needs of love and values or freedom and disruption voiceNeutral: true","This aspect creates a fusion between connection, value, pleasure, attraction, and ease and change, disruption, freedom, and originality.","Connection, value, pleasure, attraction, and ease and change, disruption, freedom, and originality may meet through fusion, making the pattern more noticeable in ordinary choices.",It can help by making the relationship between these two needs more available to conscious use.,Acting from the intensity before identifying the separate parts.,The work is learning when this aspect is offering information and when it is running the pattern for you.,"Describe tendencies, not fixed identity. Keep astrology traceable. Avoid prediction.",packages/astro-knowledge/data/insights/natal-aspects/venus-conjunction-uranus.json
You,insights/natal-aspects,venus-opposition-jupiter,Natal Venus Opposition Jupiter,"displayTitle: Magnetic Across Expansive summary: Love and values mirror growth and belief. This polarized pattern asks you to use relational grace and optimism with awareness. body: Love and values mirror growth and belief. This polarized pattern asks you to use relational grace and optimism with awareness. Play-before-work and indulgence undercut accomplishment. The two sides may appear through contrast, projection, or relationships until you learn to hold both directly. In practice, this can show up through love and values, growth and belief, and the choices you make when approval seeking or overreach starts running the room. gift: The gift is relational grace, optimism, and a more conscious way to work with love and values and growth and belief. shadow: The shadow is approval seeking, overreach, and repeating the same pattern without noticing what it is trying to teach. integration: Let love and values and growth and belief cooperate without making either one carry the whole story. Likable and fortunate; the missing ingredient is discipline. do[0]: Name how love and values and growth and belief are both involved do[1]: Pause before choosing the most familiar reaction do[2]: Turn relational grace and optimism into one concrete choice dont[0]: Let approval seeking make the decision dont[1]: Treat tension as proof that something is wrong dont[2]: Ignore the needs of love and values or growth and belief voiceNeutral: true","This aspect creates a polarity between connection, value, pleasure, attraction, and ease and growth, belief, opportunity, and expansion.","Connection, generosity, and pleasure may grow more easily when they are actively welcomed.",It can help by making the relationship between these two needs more available to conscious use.,Turning tension into a standoff instead of a clearer understanding.,The work is learning when this aspect is offering information and when it is running the pattern for you.,"Describe tendencies, not fixed identity. Keep astrology traceable. Avoid prediction.",packages/astro-knowledge/data/insights/natal-aspects/venus-opposition-jupiter.json
You,insights/natal-aspects,venus-opposition-mars,Natal Venus Opposition Mars,"displayTitle: Magnetic Across Driven summary: Love and values mirror drive and anger. This polarized pattern asks you to use relational grace and courage with awareness. body: Love and values mirror drive and anger. This polarized pattern asks you to use relational grace and courage with awareness. Bad timing in romance, indecision, and friction between wanting and acting. The two sides may appear through contrast, projection, or relationships until you learn to hold both directly. In practice, this can show up through love and values, drive and anger, and the choices you make when approval seeking or reactivity starts running the room. gift: The gift is relational grace, courage, and a more conscious way to work with love and values and drive and anger. shadow: The shadow is approval seeking, reactivity, and repeating the same pattern without noticing what it is trying to teach. integration: Let love and values and drive and anger cooperate without making either one carry the whole story. Charm plus initiative; manage the push-pull between attraction and aggression. do[0]: Name how love and values and drive and anger are both involved do[1]: Pause before choosing the most familiar reaction do[2]: Turn relational grace and courage into one concrete choice dont[0]: Let approval seeking make the decision dont[1]: Treat tension as proof that something is wrong dont[2]: Ignore the needs of love and values or drive and anger voiceNeutral: true","This aspect creates a polarity between connection, value, pleasure, attraction, and ease and action, heat, courage, friction, and desire.","Connection, value, pleasure, attraction, and ease and action, heat, courage, friction, and desire may meet through polarity, making the pattern more noticeable in ordinary choices.",It can help by making the relationship between these two needs more available to conscious use.,Turning tension into a standoff instead of a clearer understanding.,The work is learning when this aspect is offering information and when it is running the pattern for you.,"Describe tendencies, not fixed identity. Keep astrology traceable. Avoid prediction.",packages/astro-knowledge/data/insights/natal-aspects/venus-opposition-mars.json
You,insights/natal-aspects,venus-opposition-neptune,Natal Venus Opposition Neptune,"displayTitle: Magnetic Across Inspired summary: Love and values mirror imagination and longing. This polarized pattern asks you to use relational grace and compassion with awareness. body: Love and values mirror imagination and longing. This polarized pattern asks you to use relational grace and compassion with awareness. Seeing what you want to see in love, idealizing people, and the disillusionment that follows. The two sides may appear through contrast, projection, or relationships until you learn to hold both directly. In practice, this can show up through love and values, imagination and longing, and the choices you make when approval seeking or confusion starts running the room. gift: The gift is relational grace, compassion, and a more conscious way to work with love and values and imagination and longing. shadow: The shadow is approval seeking, confusion, and repeating the same pattern without noticing what it is trying to teach. integration: Let love and values and imagination and longing cooperate without making either one carry the whole story. Real artistic gifts; guard against unrealistic expectations of people and outcomes. do[0]: Name how love and values and imagination and longing are both involved do[1]: Pause before choosing the most familiar reaction do[2]: Turn relational grace and compassion into one concrete choice dont[0]: Let approval seeking make the decision dont[1]: Treat tension as proof that something is wrong dont[2]: Ignore the needs of love and values or imagination and longing voiceNeutral: true","This aspect creates a polarity between connection, value, pleasure, attraction, and ease and imagination, longing, vision, sensitivity, and uncertainty.","Connection, value, pleasure, attraction, and ease and imagination, longing, vision, sensitivity, and uncertainty may meet through polarity, making the pattern more noticeable in ordinary choices.",It can help by making the relationship between these two needs more available to conscious use.,Turning tension into a standoff instead of a clearer understanding.,The work is learning when this aspect is offering information and when it is running the pattern for you.,"Describe tendencies, not fixed identity. Keep astrology traceable. Avoid prediction.",packages/astro-knowledge/data/insights/natal-aspects/venus-opposition-neptune.json
You,insights/natal-aspects,venus-opposition-pluto,Natal Venus Opposition Pluto,"displayTitle: Magnetic Across Intense summary: Love and values mirror power and transformation. This polarized pattern asks you to use relational grace and depth with awareness. body: Love and values mirror power and transformation. This polarized pattern asks you to use relational grace and depth with awareness. Power struggles, jealousy, and treating happiness as a kind of vulnerability to be guarded against. The two sides may appear through contrast, projection, or relationships until you learn to hold both directly. In practice, this can show up through love and values, power and transformation, and the choices you make when approval seeking or control starts running the room. gift: The gift is relational grace, depth, and a more conscious way to work with love and values and power and transformation. shadow: The shadow is approval seeking, control, and repeating the same pattern without noticing what it is trying to teach. integration: Let love and values and power and transformation cooperate without making either one carry the whole story. Magnetic and persuasive; the intensity has to be moderated. do[0]: Name how love and values and power and transformation are both involved do[1]: Pause before choosing the most familiar reaction do[2]: Turn relational grace and depth into one concrete choice dont[0]: Let approval seeking make the decision dont[1]: Treat tension as proof that something is wrong dont[2]: Ignore the needs of love and values or power and transformation voiceNeutral: true","This aspect creates a polarity between connection, value, pleasure, attraction, and ease and depth, power, pressure, release, and transformation.","Connection, value, pleasure, attraction, and ease and depth, power, pressure, release, and transformation may meet through polarity, making the pattern more noticeable in ordinary choices.",It can help by making the relationship between these two needs more available to conscious use.,Turning tension into a standoff instead of a clearer understanding.,The work is learning when this aspect is offering information and when it is running the pattern for you.,"Describe tendencies, not fixed identity. Keep astrology traceable. Avoid prediction.",packages/astro-knowledge/data/insights/natal-aspects/venus-opposition-pluto.json
You,insights/natal-aspects,venus-opposition-saturn,Natal Venus Opposition Saturn,"displayTitle: Loyal Or Guarded summary: Love may feel serious before it feels easy. You may protect your heart by expecting distance, delay, or proof. body: Venus opposition Saturn describes restraint around love, pleasure, and receiving. You may be drawn to commitment, maturity, and loyalty, but also fear rejection or feel that affection must be earned through usefulness, patience, or self-control. This can create devotion and staying power, yet it can also make warmth feel conditional. The gift is love that honors time. The growth is allowing care to be present before a test has been passed. gift: Loyalty, commitment, discernment, and the ability to build love slowly and responsibly. shadow: Emotional withholding, fear of rejection, choosing unavailable people, and treating pleasure as unsafe. integration: Let standards protect your heart without closing it. Reliability matters, but so does letting tenderness arrive in ordinary moments. do[0]: Receive small gestures without deflecting do[1]: Choose people whose consistency is warm do[2]: Name the fear underneath distance dont[0]: Call loneliness maturity dont[1]: Make someone earn basic kindness dont[2]: Assume delay means devotion voiceNeutral: true","This aspect creates a polarity between connection, value, pleasure, attraction, and ease and structure, limits, responsibility, time, and consequence.","Connection, value, pleasure, attraction, and ease and structure, limits, responsibility, time, and consequence may meet through polarity, making the pattern more noticeable in ordinary choices.",It can help by making the relationship between these two needs more available to conscious use.,Turning tension into a standoff instead of a clearer understanding.,The work is learning when this aspect is offering information and when it is running the pattern for you.,"Describe tendencies, not fixed identity. Keep astrology traceable. Avoid prediction.",packages/astro-knowledge/data/insights/natal-aspects/venus-opposition-saturn.json
You,insights/natal-aspects,venus-opposition-uranus,Natal Venus Opposition Uranus,"displayTitle: Magnetic Across Original summary: Love and values mirror freedom and disruption. This polarized pattern asks you to use relational grace and originality with awareness. body: Love and values mirror freedom and disruption. This polarized pattern asks you to use relational grace and originality with awareness. Erratic affections, sudden attractions and ruptures, and a refusal to be tied down. The two sides may appear through contrast, projection, or relationships until you learn to hold both directly. In practice, this can show up through love and values, freedom and disruption, and the choices you make when approval seeking or instability starts running the room. gift: The gift is relational grace, originality, and a more conscious way to work with love and values and freedom and disruption. shadow: The shadow is approval seeking, instability, and repeating the same pattern without noticing what it is trying to teach. integration: Let love and values and freedom and disruption cooperate without making either one carry the whole story. Good for fresh, original creative and social moves; unreliable for steady commitments. do[0]: Name how love and values and freedom and disruption are both involved do[1]: Pause before choosing the most familiar reaction do[2]: Turn relational grace and originality into one concrete choice dont[0]: Let approval seeking make the decision dont[1]: Treat tension as proof that something is wrong dont[2]: Ignore the needs of love and values or freedom and disruption voiceNeutral: true","This aspect creates a polarity between connection, value, pleasure, attraction, and ease and change, disruption, freedom, and originality.","Connection, value, pleasure, attraction, and ease and change, disruption, freedom, and originality may meet through polarity, making the pattern more noticeable in ordinary choices.",It can help by making the relationship between these two needs more available to conscious use.,Turning tension into a standoff instead of a clearer understanding.,The work is learning when this aspect is offering information and when it is running the pattern for you.,"Describe tendencies, not fixed identity. Keep astrology traceable. Avoid prediction.",packages/astro-knowledge/data/insights/natal-aspects/venus-opposition-uranus.json
You,insights/natal-aspects,venus-sextile-jupiter,Natal Venus Sextile Jupiter,"displayTitle: Magnetic With Expansive summary: Love and values support growth and belief. This cooperative pattern asks you to use relational grace and optimism with awareness. body: Love and values support growth and belief. This cooperative pattern asks you to use relational grace and optimism with awareness. Warmth, goodwill, and good fortune in what you value. The connection is available when you choose to use it; it works best through deliberate practice. In practice, this can show up through love and values, growth and belief, and the choices you make when approval seeking or overreach starts running the room. gift: The gift is relational grace, optimism, and a more conscious way to work with love and values and growth and belief. shadow: The shadow is approval seeking, overreach, and repeating the same pattern without noticing what it is trying to teach. integration: Let love and values and growth and belief cooperate without making either one carry the whole story. Likable and fortunate; the missing ingredient is discipline. do[0]: Name how love and values and growth and belief are both involved do[1]: Use the easy opening deliberately do[2]: Turn relational grace and optimism into one concrete choice dont[0]: Let approval seeking make the decision dont[1]: Take the talent for granted dont[2]: Ignore the needs of love and values or growth and belief voiceNeutral: true","This aspect creates a opening between connection, value, pleasure, attraction, and ease and growth, belief, opportunity, and expansion.","Connection, generosity, and pleasure may grow more easily when they are actively welcomed.",It can help by making the relationship between these two needs more available to conscious use.,Coasting on the good idea without turning it into anything concrete.,The work is learning when this aspect is offering information and when it is running the pattern for you.,"Describe tendencies, not fixed identity. Keep astrology traceable. Avoid prediction.",packages/astro-knowledge/data/insights/natal-aspects/venus-sextile-jupiter.json
You,insights/natal-aspects,venus-sextile-mars,Natal Venus Sextile Mars,"displayTitle: Magnetic With Driven summary: Love and values support drive and anger. This cooperative pattern asks you to use relational grace and courage with awareness. body: Love and values support drive and anger. This cooperative pattern asks you to use relational grace and courage with awareness. Popularity and energy that flows easily into creative or romantic pursuits. The connection is available when you choose to use it; it works best through deliberate practice. In practice, this can show up through love and values, drive and anger, and the choices you make when approval seeking or reactivity starts running the room. gift: The gift is relational grace, courage, and a more conscious way to work with love and values and drive and anger. shadow: The shadow is approval seeking, reactivity, and repeating the same pattern without noticing what it is trying to teach. integration: Let love and values and drive and anger cooperate without making either one carry the whole story. Charm plus initiative; manage the push-pull between attraction and aggression. do[0]: Name how love and values and drive and anger are both involved do[1]: Use the easy opening deliberately do[2]: Turn relational grace and courage into one concrete choice dont[0]: Let approval seeking make the decision dont[1]: Take the talent for granted dont[2]: Ignore the needs of love and values or drive and anger voiceNeutral: true","This aspect creates a opening between connection, value, pleasure, attraction, and ease and action, heat, courage, friction, and desire.","Connection, value, pleasure, attraction, and ease and action, heat, courage, friction, and desire may meet through opening, making the pattern more noticeable in ordinary choices.",It can help by making the relationship between these two needs more available to conscious use.,Coasting on the good idea without turning it into anything concrete.,The work is learning when this aspect is offering information and when it is running the pattern for you.,"Describe tendencies, not fixed identity. Keep astrology traceable. Avoid prediction.",packages/astro-knowledge/data/insights/natal-aspects/venus-sextile-mars.json
You,insights/natal-aspects,venus-sextile-neptune,Natal Venus Sextile Neptune,"displayTitle: Magnetic With Inspired summary: Love and values support imagination and longing. This cooperative pattern asks you to use relational grace and compassion with awareness. body: Love and values support imagination and longing. This cooperative pattern asks you to use relational grace and compassion with awareness. Refined aesthetic and tender, imaginative affection. The connection is available when you choose to use it; it works best through deliberate practice. In practice, this can show up through love and values, imagination and longing, and the choices you make when approval seeking or confusion starts running the room. gift: The gift is relational grace, compassion, and a more conscious way to work with love and values and imagination and longing. shadow: The shadow is approval seeking, confusion, and repeating the same pattern without noticing what it is trying to teach. integration: Let love and values and imagination and longing cooperate without making either one carry the whole story. Real artistic gifts; guard against unrealistic expectations of people and outcomes. do[0]: Name how love and values and imagination and longing are both involved do[1]: Use the easy opening deliberately do[2]: Turn relational grace and compassion into one concrete choice dont[0]: Let approval seeking make the decision dont[1]: Take the talent for granted dont[2]: Ignore the needs of love and values or imagination and longing voiceNeutral: true","This aspect creates a opening between connection, value, pleasure, attraction, and ease and imagination, longing, vision, sensitivity, and uncertainty.","Connection, value, pleasure, attraction, and ease and imagination, longing, vision, sensitivity, and uncertainty may meet through opening, making the pattern more noticeable in ordinary choices.",It can help by making the relationship between these two needs more available to conscious use.,Coasting on the good idea without turning it into anything concrete.,The work is learning when this aspect is offering information and when it is running the pattern for you.,"Describe tendencies, not fixed identity. Keep astrology traceable. Avoid prediction.",packages/astro-knowledge/data/insights/natal-aspects/venus-sextile-neptune.json
You,insights/natal-aspects,venus-sextile-pluto,Natal Venus Sextile Pluto,"displayTitle: Magnetic With Intense summary: Love and values support power and transformation. This cooperative pattern asks you to use relational grace and depth with awareness. body: Love and values support power and transformation. This cooperative pattern asks you to use relational grace and depth with awareness. Depth and devotion in love, used deliberately. The connection is available when you choose to use it; it works best through deliberate practice. In practice, this can show up through love and values, power and transformation, and the choices you make when approval seeking or control starts running the room. gift: The gift is relational grace, depth, and a more conscious way to work with love and values and power and transformation. shadow: The shadow is approval seeking, control, and repeating the same pattern without noticing what it is trying to teach. integration: Let love and values and power and transformation cooperate without making either one carry the whole story. Magnetic and persuasive; the intensity has to be moderated. do[0]: Name how love and values and power and transformation are both involved do[1]: Use the easy opening deliberately do[2]: Turn relational grace and depth into one concrete choice dont[0]: Let approval seeking make the decision dont[1]: Take the talent for granted dont[2]: Ignore the needs of love and values or power and transformation voiceNeutral: true","This aspect creates a opening between connection, value, pleasure, attraction, and ease and depth, power, pressure, release, and transformation.","Connection, value, pleasure, attraction, and ease and depth, power, pressure, release, and transformation may meet through opening, making the pattern more noticeable in ordinary choices.",It can help by making the relationship between these two needs more available to conscious use.,Coasting on the good idea without turning it into anything concrete.,The work is learning when this aspect is offering information and when it is running the pattern for you.,"Describe tendencies, not fixed identity. Keep astrology traceable. Avoid prediction.",packages/astro-knowledge/data/insights/natal-aspects/venus-sextile-pluto.json
You,insights/natal-aspects,venus-sextile-saturn,Natal Venus Sextile Saturn,"displayTitle: Magnetic With Steady summary: Love and values support discipline and limits. This cooperative pattern asks you to use relational grace and maturity with awareness. body: Love and values support discipline and limits. This cooperative pattern asks you to use relational grace and maturity with awareness. Committed, steady, and loyal in relationships and finances. The connection is available when you choose to use it; it works best through deliberate practice. In practice, this can show up through love and values, discipline and limits, and the choices you make when approval seeking or fear starts running the room. gift: The gift is relational grace, maturity, and a more conscious way to work with love and values and discipline and limits. shadow: The shadow is approval seeking, fear, and repeating the same pattern without noticing what it is trying to teach. integration: Let love and values and discipline and limits cooperate without making either one carry the whole story. Loyal and hardworking; the risk is joyless striving and a belief that reward must be suffered for. do[0]: Name how love and values and discipline and limits are both involved do[1]: Use the easy opening deliberately do[2]: Turn relational grace and maturity into one concrete choice dont[0]: Let approval seeking make the decision dont[1]: Take the talent for granted dont[2]: Ignore the needs of love and values or discipline and limits voiceNeutral: true","This aspect creates a opening between connection, value, pleasure, attraction, and ease and structure, limits, responsibility, time, and consequence.","Connection, value, pleasure, attraction, and ease and structure, limits, responsibility, time, and consequence may meet through opening, making the pattern more noticeable in ordinary choices.",It can help by making the relationship between these two needs more available to conscious use.,Coasting on the good idea without turning it into anything concrete.,The work is learning when this aspect is offering information and when it is running the pattern for you.,"Describe tendencies, not fixed identity. Keep astrology traceable. Avoid prediction.",packages/astro-knowledge/data/insights/natal-aspects/venus-sextile-saturn.json
You,insights/natal-aspects,venus-sextile-uranus,Natal Venus Sextile Uranus,"displayTitle: Magnetic With Original summary: Love and values support freedom and disruption. This cooperative pattern asks you to use relational grace and originality with awareness. body: Love and values support freedom and disruption. This cooperative pattern asks you to use relational grace and originality with awareness. Exciting, unconventional bonds and an original aesthetic; freedom inside closeness. The connection is available when you choose to use it; it works best through deliberate practice. In practice, this can show up through love and values, freedom and disruption, and the choices you make when approval seeking or instability starts running the room. gift: The gift is relational grace, originality, and a more conscious way to work with love and values and freedom and disruption. shadow: The shadow is approval seeking, instability, and repeating the same pattern without noticing what it is trying to teach. integration: Let love and values and freedom and disruption cooperate without making either one carry the whole story. Good for fresh, original creative and social moves; unreliable for steady commitments. do[0]: Name how love and values and freedom and disruption are both involved do[1]: Use the easy opening deliberately do[2]: Turn relational grace and originality into one concrete choice dont[0]: Let approval seeking make the decision dont[1]: Take the talent for granted dont[2]: Ignore the needs of love and values or freedom and disruption voiceNeutral: true","This aspect creates a opening between connection, value, pleasure, attraction, and ease and change, disruption, freedom, and originality.","Connection, value, pleasure, attraction, and ease and change, disruption, freedom, and originality may meet through opening, making the pattern more noticeable in ordinary choices.",It can help by making the relationship between these two needs more available to conscious use.,Coasting on the good idea without turning it into anything concrete.,The work is learning when this aspect is offering information and when it is running the pattern for you.,"Describe tendencies, not fixed identity. Keep astrology traceable. Avoid prediction.",packages/astro-knowledge/data/insights/natal-aspects/venus-sextile-uranus.json
You,insights/natal-aspects,venus-square-jupiter,Natal Venus Square Jupiter,"displayTitle: Magnetic Or Expansive summary: Love and values press against growth and belief. This frictional pattern asks you to use relational grace and optimism with awareness. body: Love and values press against growth and belief. This frictional pattern asks you to use relational grace and optimism with awareness. Play-before-work and indulgence undercut accomplishment. The friction makes the pattern noticeable, especially when pressure forces an adjustment. In practice, this can show up through love and values, growth and belief, and the choices you make when approval seeking or overreach starts running the room. gift: The gift is relational grace, optimism, and a more conscious way to work with love and values and growth and belief. shadow: The shadow is approval seeking, overreach, and repeating the same pattern without noticing what it is trying to teach. integration: Let love and values and growth and belief cooperate without making either one carry the whole story. Likable and fortunate; the missing ingredient is discipline. do[0]: Name how love and values and growth and belief are both involved do[1]: Pause before choosing the most familiar reaction do[2]: Turn relational grace and optimism into one concrete choice dont[0]: Let approval seeking make the decision dont[1]: Treat tension as proof that something is wrong dont[2]: Ignore the needs of love and values or growth and belief voiceNeutral: true","This aspect creates a friction between connection, value, pleasure, attraction, and ease and growth, belief, opportunity, and expansion.","Connection, generosity, and pleasure may grow more easily when they are actively welcomed.",It can help by making the relationship between these two needs more available to conscious use.,Forcing a decision just to end the discomfort.,The work is learning when this aspect is offering information and when it is running the pattern for you.,"Describe tendencies, not fixed identity. Keep astrology traceable. Avoid prediction.",packages/astro-knowledge/data/insights/natal-aspects/venus-square-jupiter.json
You,insights/natal-aspects,venus-square-mars,Natal Venus Square Mars,"displayTitle: Magnetic Or Driven summary: Love and values press against drive and anger. This frictional pattern asks you to use relational grace and courage with awareness. body: Love and values press against drive and anger. This frictional pattern asks you to use relational grace and courage with awareness. Bad timing in romance, indecision, and friction between wanting and acting. The friction makes the pattern noticeable, especially when pressure forces an adjustment. In practice, this can show up through love and values, drive and anger, and the choices you make when approval seeking or reactivity starts running the room. gift: The gift is relational grace, courage, and a more conscious way to work with love and values and drive and anger. shadow: The shadow is approval seeking, reactivity, and repeating the same pattern without noticing what it is trying to teach. integration: Let love and values and drive and anger cooperate without making either one carry the whole story. Charm plus initiative; manage the push-pull between attraction and aggression. do[0]: Name how love and values and drive and anger are both involved do[1]: Pause before choosing the most familiar reaction do[2]: Turn relational grace and courage into one concrete choice dont[0]: Let approval seeking make the decision dont[1]: Treat tension as proof that something is wrong dont[2]: Ignore the needs of love and values or drive and anger voiceNeutral: true","This aspect creates a friction between connection, value, pleasure, attraction, and ease and action, heat, courage, friction, and desire.","Connection, value, pleasure, attraction, and ease and action, heat, courage, friction, and desire may meet through friction, making the pattern more noticeable in ordinary choices.",It can help by making the relationship between these two needs more available to conscious use.,Forcing a decision just to end the discomfort.,The work is learning when this aspect is offering information and when it is running the pattern for you.,"Describe tendencies, not fixed identity. Keep astrology traceable. Avoid prediction.",packages/astro-knowledge/data/insights/natal-aspects/venus-square-mars.json
You,insights/natal-aspects,venus-square-neptune,Natal Venus Square Neptune,"displayTitle: Magnetic Or Inspired summary: Love and values press against imagination and longing. This frictional pattern asks you to use relational grace and compassion with awareness. body: Love and values press against imagination and longing. This frictional pattern asks you to use relational grace and compassion with awareness. Seeing what you want to see in love, idealizing people, and the disillusionment that follows. The friction makes the pattern noticeable, especially when pressure forces an adjustment. In practice, this can show up through love and values, imagination and longing, and the choices you make when approval seeking or confusion starts running the room. gift: The gift is relational grace, compassion, and a more conscious way to work with love and values and imagination and longing. shadow: The shadow is approval seeking, confusion, and repeating the same pattern without noticing what it is trying to teach. integration: Let love and values and imagination and longing cooperate without making either one carry the whole story. Real artistic gifts; guard against unrealistic expectations of people and outcomes. do[0]: Name how love and values and imagination and longing are both involved do[1]: Pause before choosing the most familiar reaction do[2]: Turn relational grace and compassion into one concrete choice dont[0]: Let approval seeking make the decision dont[1]: Treat tension as proof that something is wrong dont[2]: Ignore the needs of love and values or imagination and longing voiceNeutral: true","This aspect creates a friction between connection, value, pleasure, attraction, and ease and imagination, longing, vision, sensitivity, and uncertainty.","Connection, value, pleasure, attraction, and ease and imagination, longing, vision, sensitivity, and uncertainty may meet through friction, making the pattern more noticeable in ordinary choices.",It can help by making the relationship between these two needs more available to conscious use.,Forcing a decision just to end the discomfort.,The work is learning when this aspect is offering information and when it is running the pattern for you.,"Describe tendencies, not fixed identity. Keep astrology traceable. Avoid prediction.",packages/astro-knowledge/data/insights/natal-aspects/venus-square-neptune.json
You,insights/natal-aspects,venus-square-pluto,Natal Venus Square Pluto,"displayTitle: Magnetic Or Guarded summary: Love does not stay casual for long. Desire, loyalty, fear, and control can gather in the same room. body: Venus square Pluto describes a relationship nature that feels deeply and protects itself intensely. You may crave bonds that are honest, consuming, and transformative, but you may also watch for betrayal before trust has had a chance to form. Attraction can pull up old survival patterns: testing, withholding, jealousy, secrecy, or the urge to make sure you are not the one with less power. The gift is devotion with real emotional range. The work is letting intimacy become mutual instead of turning love into a contest of leverage. gift: Deep devotion, emotional honesty, strong erotic presence, and the capacity to love through complexity. shadow: Jealousy, power struggles, testing loyalty, and confusing intensity with safety. integration: Let desire tell the truth without letting fear run the relationship. Choose bonds where vulnerability is shared, not extracted. do[0]: Name what feels threatening before you test the other person do[1]: Practice receiving steadiness do[2]: Let attraction be information, not a command dont[0]: Confuse obsession with intimacy dont[1]: Use silence to regain control dont[2]: Stay where love requires constant proof voiceNeutral: true","This aspect creates a friction between connection, value, pleasure, attraction, and ease and depth, power, pressure, release, and transformation.","Connection, value, pleasure, attraction, and ease and depth, power, pressure, release, and transformation may meet through friction, making the pattern more noticeable in ordinary choices.",It can help by making the relationship between these two needs more available to conscious use.,Forcing a decision just to end the discomfort.,The work is learning when this aspect is offering information and when it is running the pattern for you.,"Describe tendencies, not fixed identity. Keep astrology traceable. Avoid prediction.",packages/astro-knowledge/data/insights/natal-aspects/venus-square-pluto.json
You,insights/natal-aspects,venus-square-saturn,Natal Venus Square Saturn,"displayTitle: Magnetic Or Steady summary: Love and values press against discipline and limits. This frictional pattern asks you to use relational grace and maturity with awareness. body: Love and values press against discipline and limits. This frictional pattern asks you to use relational grace and maturity with awareness. Difficulty enjoying success, fear of loss, blocked rewards, and free-floating guilt. The friction makes the pattern noticeable, especially when pressure forces an adjustment. In practice, this can show up through love and values, discipline and limits, and the choices you make when approval seeking or fear starts running the room. gift: The gift is relational grace, maturity, and a more conscious way to work with love and values and discipline and limits. shadow: The shadow is approval seeking, fear, and repeating the same pattern without noticing what it is trying to teach. integration: Let love and values and discipline and limits cooperate without making either one carry the whole story. Loyal and hardworking; the risk is joyless striving and a belief that reward must be suffered for. do[0]: Name how love and values and discipline and limits are both involved do[1]: Pause before choosing the most familiar reaction do[2]: Turn relational grace and maturity into one concrete choice dont[0]: Let approval seeking make the decision dont[1]: Treat tension as proof that something is wrong dont[2]: Ignore the needs of love and values or discipline and limits voiceNeutral: true","This aspect creates a friction between connection, value, pleasure, attraction, and ease and structure, limits, responsibility, time, and consequence.","Connection, value, pleasure, attraction, and ease and structure, limits, responsibility, time, and consequence may meet through friction, making the pattern more noticeable in ordinary choices.",It can help by making the relationship between these two needs more available to conscious use.,Forcing a decision just to end the discomfort.,The work is learning when this aspect is offering information and when it is running the pattern for you.,"Describe tendencies, not fixed identity. Keep astrology traceable. Avoid prediction.",packages/astro-knowledge/data/insights/natal-aspects/venus-square-saturn.json
You,insights/natal-aspects,venus-square-uranus,Natal Venus Square Uranus,"displayTitle: Electric Or Unavailable summary: Love needs freedom, surprise, and room to stay alive. Too much predictability can feel like a locked door. body: Venus square Uranus describes attraction that wakes up around difference, distance, novelty, or surprise. You may be drawn to people who feel unusual, unavailable, exciting, or impossible to fully script. This can make love creative and honest, but it can also create sudden starts, sudden stops, or fear when closeness becomes routine. The gift is relational originality. The growth is learning how to keep freedom inside commitment instead of using disruption to escape it. gift: Originality in love, creative taste, honesty about desire, and the courage to choose unconventional bonds. shadow: Hot-cold patterns, fear of being trapped, chasing unavailable people, and mistaking instability for chemistry. integration: Let love breathe without making it unreliable. The right connection does not require you to disappear to stay yourself. do[0]: Name your need for space early do[1]: Choose people who respect difference do[2]: Keep novelty alive through honesty and shared choice dont[0]: Create distance just to feel desire again dont[1]: Confuse anxiety with attraction dont[2]: Punish steadiness for not feeling dramatic voiceNeutral: true","This aspect creates a friction between connection, value, pleasure, attraction, and ease and change, disruption, freedom, and originality.","Connection, value, pleasure, attraction, and ease and change, disruption, freedom, and originality may meet through friction, making the pattern more noticeable in ordinary choices.",It can help by making the relationship between these two needs more available to conscious use.,Forcing a decision just to end the discomfort.,The work is learning when this aspect is offering information and when it is running the pattern for you.,"Describe tendencies, not fixed identity. Keep astrology traceable. Avoid prediction.",packages/astro-knowledge/data/insights/natal-aspects/venus-square-uranus.json
You,insights/natal-aspects,venus-trine-jupiter,Natal Venus Trine Jupiter,"displayTitle: Abundant Or Indulgent summary: Pleasure, affection, generosity, and ease can open naturally for you. The heart wants to say yes. body: Venus trine Jupiter describes warmth in love, money, style, and social connection. You may attract support through charm, generosity, humor, or a sincere belief that life can be better than it is. This aspect can bring ease in relationships and a talent for creating comfort, beauty, or celebration. The shadow is excess: spending, indulging, smoothing over conflict, or assuming goodwill will solve what requires attention. The gift is joyful connection. The growth is giving abundance a thoughtful shape. gift: Generosity, charm, social grace, creative taste, and the ability to make love feel spacious. shadow: Overindulgence, avoidance of conflict, taking ease for granted, and saying yes past capacity. integration: Let pleasure stay connected to values. Abundance becomes more sustainable when delight has discernment. do[0]: Share generously with clear limits do[1]: Let beauty support your values do[2]: Use charm to connect, not to avoid truth dont[0]: Spend from mood alone dont[1]: Smooth over a problem that needs a conversation dont[2]: Assume ease means compatibility voiceNeutral: true","This aspect creates a flow between connection, value, pleasure, attraction, and ease and growth, belief, opportunity, and expansion.","Connection, generosity, and pleasure may grow more easily when they are actively welcomed.",It can help by making the relationship between these two needs more available to conscious use.,Letting the ease pass unused because nothing feels urgent.,The work is learning when this aspect is offering information and when it is running the pattern for you.,"Describe tendencies, not fixed identity. Keep astrology traceable. Avoid prediction.",packages/astro-knowledge/data/insights/natal-aspects/venus-trine-jupiter.json
You,insights/natal-aspects,venus-trine-mars,Natal Venus Trine Mars,"displayTitle: Magnetic Through Driven summary: Love and values flow with drive and anger. This fluid pattern asks you to use relational grace and courage with awareness. body: Love and values flow with drive and anger. This fluid pattern asks you to use relational grace and courage with awareness. Popularity and energy that flows easily into creative or romantic pursuits. The pattern can flow easily, which is useful when it is conscious and easy to take for granted when it is not. In practice, this can show up through love and values, drive and anger, and the choices you make when approval seeking or reactivity starts running the room. gift: The gift is relational grace, courage, and a more conscious way to work with love and values and drive and anger. shadow: The shadow is approval seeking, reactivity, and repeating the same pattern without noticing what it is trying to teach. integration: Let love and values and drive and anger cooperate without making either one carry the whole story. Charm plus initiative; manage the push-pull between attraction and aggression. do[0]: Name how love and values and drive and anger are both involved do[1]: Use the easy opening deliberately do[2]: Turn relational grace and courage into one concrete choice dont[0]: Let approval seeking make the decision dont[1]: Take the talent for granted dont[2]: Ignore the needs of love and values or drive and anger voiceNeutral: true","This aspect creates a flow between connection, value, pleasure, attraction, and ease and action, heat, courage, friction, and desire.","Connection, value, pleasure, attraction, and ease and action, heat, courage, friction, and desire may meet through flow, making the pattern more noticeable in ordinary choices.",It can help by making the relationship between these two needs more available to conscious use.,Letting the ease pass unused because nothing feels urgent.,The work is learning when this aspect is offering information and when it is running the pattern for you.,"Describe tendencies, not fixed identity. Keep astrology traceable. Avoid prediction.",packages/astro-knowledge/data/insights/natal-aspects/venus-trine-mars.json
You,insights/natal-aspects,venus-trine-neptune,Natal Venus Trine Neptune,"displayTitle: Romantic Or Idealizing summary: Beauty, tenderness, fantasy, and devotion can open easily for you. The heart wants something enchanted. body: Venus trine Neptune describes a receptive, imaginative love nature. You may be moved by art, music, spiritual connection, compassion, and relationships that feel softened by meaning. This can make you deeply romantic and creatively inspired, but it can also blur discernment when you want someone to match the dream. The gift is grace and sensitivity. The growth is letting beauty stay connected to truth, reciprocity, and the ordinary behaviors that make love trustworthy. gift: Romance, compassion, creative taste, devotion, and the ability to sense beauty in subtle places. shadow: Idealization, blurred standards, rescuing, and falling for potential instead of presence. integration: Let enchantment be welcome, then ask what is actually happening. Real love can hold beauty and clarity at the same time. do[0]: Notice whether care is mutual do[1]: Make art from longing do[2]: Let fantasy inspire without replacing reality dont[0]: Ignore inconsistency because the feeling is beautiful dont[1]: Turn compassion into rescue dont[2]: Mistake mystery for intimacy voiceNeutral: true","This aspect creates a flow between connection, value, pleasure, attraction, and ease and imagination, longing, vision, sensitivity, and uncertainty.","Connection, value, pleasure, attraction, and ease and imagination, longing, vision, sensitivity, and uncertainty may meet through flow, making the pattern more noticeable in ordinary choices.",It can help by making the relationship between these two needs more available to conscious use.,Letting the ease pass unused because nothing feels urgent.,The work is learning when this aspect is offering information and when it is running the pattern for you.,"Describe tendencies, not fixed identity. Keep astrology traceable. Avoid prediction.",packages/astro-knowledge/data/insights/natal-aspects/venus-trine-neptune.json
You,insights/natal-aspects,venus-trine-pluto,Natal Venus Trine Pluto,"displayTitle: Magnetic Through Intense summary: Love and values flow with power and transformation. This fluid pattern asks you to use relational grace and depth with awareness. body: Love and values flow with power and transformation. This fluid pattern asks you to use relational grace and depth with awareness. Depth and devotion in love, used deliberately. The pattern can flow easily, which is useful when it is conscious and easy to take for granted when it is not. In practice, this can show up through love and values, power and transformation, and the choices you make when approval seeking or control starts running the room. gift: The gift is relational grace, depth, and a more conscious way to work with love and values and power and transformation. shadow: The shadow is approval seeking, control, and repeating the same pattern without noticing what it is trying to teach. integration: Let love and values and power and transformation cooperate without making either one carry the whole story. Magnetic and persuasive; the intensity has to be moderated. do[0]: Name how love and values and power and transformation are both involved do[1]: Use the easy opening deliberately do[2]: Turn relational grace and depth into one concrete choice dont[0]: Let approval seeking make the decision dont[1]: Take the talent for granted dont[2]: Ignore the needs of love and values or power and transformation voiceNeutral: true","This aspect creates a flow between connection, value, pleasure, attraction, and ease and depth, power, pressure, release, and transformation.","Connection, value, pleasure, attraction, and ease and depth, power, pressure, release, and transformation may meet through flow, making the pattern more noticeable in ordinary choices.",It can help by making the relationship between these two needs more available to conscious use.,Letting the ease pass unused because nothing feels urgent.,The work is learning when this aspect is offering information and when it is running the pattern for you.,"Describe tendencies, not fixed identity. Keep astrology traceable. Avoid prediction.",packages/astro-knowledge/data/insights/natal-aspects/venus-trine-pluto.json
You,insights/natal-aspects,venus-trine-saturn,Natal Venus Trine Saturn,"displayTitle: Magnetic Through Steady summary: Love and values flow with discipline and limits. This fluid pattern asks you to use relational grace and maturity with awareness. body: Love and values flow with discipline and limits. This fluid pattern asks you to use relational grace and maturity with awareness. Committed, steady, and loyal in relationships and finances. The pattern can flow easily, which is useful when it is conscious and easy to take for granted when it is not. In practice, this can show up through love and values, discipline and limits, and the choices you make when approval seeking or fear starts running the room. gift: The gift is relational grace, maturity, and a more conscious way to work with love and values and discipline and limits. shadow: The shadow is approval seeking, fear, and repeating the same pattern without noticing what it is trying to teach. integration: Let love and values and discipline and limits cooperate without making either one carry the whole story. Loyal and hardworking; the risk is joyless striving and a belief that reward must be suffered for. do[0]: Name how love and values and discipline and limits are both involved do[1]: Use the easy opening deliberately do[2]: Turn relational grace and maturity into one concrete choice dont[0]: Let approval seeking make the decision dont[1]: Take the talent for granted dont[2]: Ignore the needs of love and values or discipline and limits voiceNeutral: true","This aspect creates a flow between connection, value, pleasure, attraction, and ease and structure, limits, responsibility, time, and consequence.","Connection, value, pleasure, attraction, and ease and structure, limits, responsibility, time, and consequence may meet through flow, making the pattern more noticeable in ordinary choices.",It can help by making the relationship between these two needs more available to conscious use.,Letting the ease pass unused because nothing feels urgent.,The work is learning when this aspect is offering information and when it is running the pattern for you.,"Describe tendencies, not fixed identity. Keep astrology traceable. Avoid prediction.",packages/astro-knowledge/data/insights/natal-aspects/venus-trine-saturn.json
You,insights/natal-aspects,venus-trine-uranus,Natal Venus Trine Uranus,"displayTitle: Magnetic Through Original summary: Love and values flow with freedom and disruption. This fluid pattern asks you to use relational grace and originality with awareness. body: Love and values flow with freedom and disruption. This fluid pattern asks you to use relational grace and originality with awareness. Exciting, unconventional bonds and an original aesthetic; freedom inside closeness. The pattern can flow easily, which is useful when it is conscious and easy to take for granted when it is not. In practice, this can show up through love and values, freedom and disruption, and the choices you make when approval seeking or instability starts running the room. gift: The gift is relational grace, originality, and a more conscious way to work with love and values and freedom and disruption. shadow: The shadow is approval seeking, instability, and repeating the same pattern without noticing what it is trying to teach. integration: Let love and values and freedom and disruption cooperate without making either one carry the whole story. Good for fresh, original creative and social moves; unreliable for steady commitments. do[0]: Name how love and values and freedom and disruption are both involved do[1]: Use the easy opening deliberately do[2]: Turn relational grace and originality into one concrete choice dont[0]: Let approval seeking make the decision dont[1]: Take the talent for granted dont[2]: Ignore the needs of love and values or freedom and disruption voiceNeutral: true","This aspect creates a flow between connection, value, pleasure, attraction, and ease and change, disruption, freedom, and originality.","Connection, value, pleasure, attraction, and ease and change, disruption, freedom, and originality may meet through flow, making the pattern more noticeable in ordinary choices.",It can help by making the relationship between these two needs more available to conscious use.,Letting the ease pass unused because nothing feels urgent.,The work is learning when this aspect is offering information and when it is running the pattern for you.,"Describe tendencies, not fixed identity. Keep astrology traceable. Avoid prediction.",packages/astro-knowledge/data/insights/natal-aspects/venus-trine-uranus.json
You,placements/house,jupiter-1,Natal Jupiter in the 1st House,"tldr: Jupiter in the 1st house. body: Growth and expansion operates in the field of the self, body, and personal initiative. This is where the native most naturally expresses Jupiter. gift: Career and effort gravitate toward self. voiceNeutral: true","This placement concentrates growth, belief, opportunity, and expansion in the life area of self, body, identity, and first response.","You may notice that self, body, identity, and first response repeatedly becomes a place where growth, belief, opportunity, and expansion asks for attention, choice, or development.","It can help by making this area of life more active, instructive, or meaningful.","It can become difficult when this area carries too much of the planet's shadow: overpromising, overreaching, or mistaking optimism for evidence.",The question is how to work with this house consciously rather than treating it as a fixed verdict.,"Describe tendencies, not fixed identity. Keep astrology traceable. Avoid prediction.",packages/astro-knowledge/data/placements/house/jupiter-1.json
You,placements/house,jupiter-10,Natal Jupiter in the 10th House,"tldr: Jupiter in the 10th house. body: Growth and expansion operates in the field of career, reputation, and public standing. This is where the native most naturally expresses Jupiter. gift: Career and effort gravitate toward career. voiceNeutral: true","This placement concentrates growth, belief, opportunity, and expansion in the life area of career, reputation, authority, public role, and contribution.","You may notice that career, reputation, authority, public role, and contribution repeatedly becomes a place where growth, belief, opportunity, and expansion asks for attention, choice, or development.","It can help by making this area of life more active, instructive, or meaningful.","It can become difficult when this area carries too much of the planet's shadow: overpromising, overreaching, or mistaking optimism for evidence.",The question is how to work with this house consciously rather than treating it as a fixed verdict.,"Describe tendencies, not fixed identity. Keep astrology traceable. Avoid prediction.",packages/astro-knowledge/data/placements/house/jupiter-10.json
You,placements/house,jupiter-11,Natal Jupiter in the 11th House,"tldr: Jupiter in the 11th house. body: Growth and expansion operates in the field of friends, allies, groups, and long-range goals. This is where the native most naturally expresses Jupiter. gift: Career and effort gravitate toward community. voiceNeutral: true","This placement concentrates growth, belief, opportunity, and expansion in the life area of friendship, groups, community, hopes, allies, and future plans.","You may notice that friendship, groups, community, hopes, allies, and future plans repeatedly becomes a place where growth, belief, opportunity, and expansion asks for attention, choice, or development.","It can help by making this area of life more active, instructive, or meaningful.","It can become difficult when this area carries too much of the planet's shadow: overpromising, overreaching, or mistaking optimism for evidence.",The question is how to work with this house consciously rather than treating it as a fixed verdict.,"Describe tendencies, not fixed identity. Keep astrology traceable. Avoid prediction.",packages/astro-knowledge/data/placements/house/jupiter-11.json
You,placements/house,jupiter-12,Natal Jupiter in the 12th House,"tldr: Jupiter in the 12th house. body: Growth and expansion operates in the field of solitude, the hidden, loss, and the inner life. This is where the native most naturally expresses Jupiter. gift: Career and effort gravitate toward the hidden. voiceNeutral: true","This placement concentrates growth, belief, opportunity, and expansion in the life area of solitude, the unconscious, hidden things, retreat, isolation, and release.","You may notice that solitude, the unconscious, hidden things, retreat, isolation, and release repeatedly becomes a place where growth, belief, opportunity, and expansion asks for attention, choice, or development.","It can help by making this area of life more active, instructive, or meaningful.","It can become difficult when this area carries too much of the planet's shadow: overpromising, overreaching, or mistaking optimism for evidence.",The question is how to work with this house consciously rather than treating it as a fixed verdict.,"Describe tendencies, not fixed identity. Keep astrology traceable. Avoid prediction.",packages/astro-knowledge/data/placements/house/jupiter-12.json
You,placements/house,jupiter-2,Natal Jupiter in the 2nd House,"tldr: Jupiter in the 2nd house. body: Growth and expansion operates in the field of money, resources, and what you value. This is where the native most naturally expresses Jupiter. gift: Career and effort gravitate toward resources. voiceNeutral: true","This placement concentrates growth, belief, opportunity, and expansion in the life area of money, resources, possessions, and values.","You may notice that money, resources, possessions, and values repeatedly becomes a place where growth, belief, opportunity, and expansion asks for attention, choice, or development.","It can help by making this area of life more active, instructive, or meaningful.","It can become difficult when this area carries too much of the planet's shadow: overpromising, overreaching, or mistaking optimism for evidence.",The question is how to work with this house consciously rather than treating it as a fixed verdict.,"Describe tendencies, not fixed identity. Keep astrology traceable. Avoid prediction.",packages/astro-knowledge/data/placements/house/jupiter-2.json
You,placements/house,jupiter-3,Natal Jupiter in the 3rd House,"tldr: Jupiter in the 3rd house. body: Growth and expansion operates in the field of communication, learning, and the local. This is where the native most naturally expresses Jupiter. gift: Career and effort gravitate toward communication. voiceNeutral: true","This placement concentrates growth, belief, opportunity, and expansion in the life area of communication, siblings, local life, daily movement, and immediate environment.","You may notice that communication, siblings, local life, daily movement, and immediate environment repeatedly becomes a place where growth, belief, opportunity, and expansion asks for attention, choice, or development.","It can help by making this area of life more active, instructive, or meaningful.","It can become difficult when this area carries too much of the planet's shadow: overpromising, overreaching, or mistaking optimism for evidence.",The question is how to work with this house consciously rather than treating it as a fixed verdict.,"Describe tendencies, not fixed identity. Keep astrology traceable. Avoid prediction.",packages/astro-knowledge/data/placements/house/jupiter-3.json
You,placements/house,jupiter-4,Natal Jupiter in the 4th House,"tldr: Jupiter in the 4th house. body: Growth and expansion operates in the field of home, family, and foundations. This is where the native most naturally expresses Jupiter. gift: Career and effort gravitate toward home. voiceNeutral: true","This placement concentrates growth, belief, opportunity, and expansion in the life area of home, family, roots, privacy, and emotional foundation.","You may notice that home, family, roots, privacy, and emotional foundation repeatedly becomes a place where growth, belief, opportunity, and expansion asks for attention, choice, or development.","It can help by making this area of life more active, instructive, or meaningful.","It can become difficult when this area carries too much of the planet's shadow: overpromising, overreaching, or mistaking optimism for evidence.",The question is how to work with this house consciously rather than treating it as a fixed verdict.,"Describe tendencies, not fixed identity. Keep astrology traceable. Avoid prediction.",packages/astro-knowledge/data/placements/house/jupiter-4.json
You,placements/house,jupiter-5,Natal Jupiter in the 5th House,"tldr: Jupiter in the 5th house. body: Growth and expansion operates in the field of creativity, romance, children, and play. This is where the native most naturally expresses Jupiter. gift: Career and effort gravitate toward creativity. voiceNeutral: true","This placement concentrates growth, belief, opportunity, and expansion in the life area of creativity, romance, play, joy, and self-expression.","You may notice that creativity, romance, play, joy, and self-expression repeatedly becomes a place where growth, belief, opportunity, and expansion asks for attention, choice, or development.","It can help by making this area of life more active, instructive, or meaningful.","It can become difficult when this area carries too much of the planet's shadow: overpromising, overreaching, or mistaking optimism for evidence.",The question is how to work with this house consciously rather than treating it as a fixed verdict.,"Describe tendencies, not fixed identity. Keep astrology traceable. Avoid prediction.",packages/astro-knowledge/data/placements/house/jupiter-5.json
You,placements/house,jupiter-6,Natal Jupiter in the 6th House,"tldr: Jupiter in the 6th house. body: Growth and expansion operates in the field of work, routine, health, and service. This is where the native most naturally expresses Jupiter. gift: Career and effort gravitate toward work and health. voiceNeutral: true","This placement concentrates growth, belief, opportunity, and expansion in the life area of work, routine, service, maintenance, health, and daily obligations.","You may notice that work, routine, service, maintenance, health, and daily obligations repeatedly becomes a place where growth, belief, opportunity, and expansion asks for attention, choice, or development.","It can help by making this area of life more active, instructive, or meaningful.","It can become difficult when this area carries too much of the planet's shadow: overpromising, overreaching, or mistaking optimism for evidence.",The question is how to work with this house consciously rather than treating it as a fixed verdict.,"Describe tendencies, not fixed identity. Keep astrology traceable. Avoid prediction.",packages/astro-knowledge/data/placements/house/jupiter-6.json
You,placements/house,jupiter-7,Natal Jupiter in the 7th House,"tldr: Jupiter in the 7th house. body: Growth and expansion operates in the field of partners, clients, and one-to-one dealings. This is where the native most naturally expresses Jupiter. gift: Career and effort gravitate toward partnership. voiceNeutral: true","This placement concentrates growth, belief, opportunity, and expansion in the life area of partnership, collaboration, one-to-one bonds, and open others.","You may notice that partnership, collaboration, one-to-one bonds, and open others repeatedly becomes a place where growth, belief, opportunity, and expansion asks for attention, choice, or development.","It can help by making this area of life more active, instructive, or meaningful.","It can become difficult when this area carries too much of the planet's shadow: overpromising, overreaching, or mistaking optimism for evidence.",The question is how to work with this house consciously rather than treating it as a fixed verdict.,"Describe tendencies, not fixed identity. Keep astrology traceable. Avoid prediction.",packages/astro-knowledge/data/placements/house/jupiter-7.json
You,placements/house,jupiter-8,Natal Jupiter in the 8th House,"tldr: Jupiter in the 8th house. body: Growth and expansion operates in the field of shared resources, intimacy, debt, and transformation. This is where the native most naturally expresses Jupiter. gift: Career and effort gravitate toward shared resources. voiceNeutral: true","This placement concentrates growth, belief, opportunity, and expansion in the life area of shared resources, intimacy, trust, debt, inheritance, and transformation.","You may notice that shared resources, intimacy, trust, debt, inheritance, and transformation repeatedly becomes a place where growth, belief, opportunity, and expansion asks for attention, choice, or development.","It can help by making this area of life more active, instructive, or meaningful.","It can become difficult when this area carries too much of the planet's shadow: overpromising, overreaching, or mistaking optimism for evidence.",The question is how to work with this house consciously rather than treating it as a fixed verdict.,"Describe tendencies, not fixed identity. Keep astrology traceable. Avoid prediction.",packages/astro-knowledge/data/placements/house/jupiter-8.json
You,placements/house,jupiter-9,Natal Jupiter in the 9th House,"tldr: Jupiter in the 9th house. body: Growth and expansion operates in the field of travel, higher learning, belief, and the big picture. This is where the native most naturally expresses Jupiter. gift: Career and effort gravitate toward meaning. voiceNeutral: true","This placement concentrates growth, belief, opportunity, and expansion in the life area of beliefs, higher learning, travel, philosophy, and meaning.","You may notice that beliefs, higher learning, travel, philosophy, and meaning repeatedly becomes a place where growth, belief, opportunity, and expansion asks for attention, choice, or development.","It can help by making this area of life more active, instructive, or meaningful.","It can become difficult when this area carries too much of the planet's shadow: overpromising, overreaching, or mistaking optimism for evidence.",The question is how to work with this house consciously rather than treating it as a fixed verdict.,"Describe tendencies, not fixed identity. Keep astrology traceable. Avoid prediction.",packages/astro-knowledge/data/placements/house/jupiter-9.json
You,placements/house,mars-1,Natal Mars in the 1st House,"tldr: Mars in the 1st house: drive, energy, and assertion push into your identity and body body: Mars in the 1st house: drive, energy, and assertion push into your identity and body. Gift: real force there. Watch: friction and impatience. With Mars in the 1st house, drive, assertion, desire, conflict, courage, heat, and the ability to act move through identity, body, presence, and first response to life. This makes how you enter the room, claim space, and let the world meet you a central part of the life. Used consciously, this placement can become initiative, courage, stamina, directness, and the power to move this area forward. Left unconscious, it can become impatience, defensiveness, conflict for its own sake, or burning through this area faster than it can stabilize. gift: initiative, courage, stamina, directness, and the power to move this area forward expressed through selfhood and embodiment. voiceNeutral: true","This placement concentrates action, heat, courage, friction, and desire in the life area of self, body, identity, and first response.","You may notice that self, body, identity, and first response repeatedly becomes a place where action, heat, courage, friction, and desire asks for attention, choice, or development.","It can help by making this area of life more active, instructive, or meaningful.",It can become difficult when this area carries too much of the planet's shadow: forcing movement before the situation is ready.,The question is how to work with this house consciously rather than treating it as a fixed verdict.,"Describe tendencies, not fixed identity. Keep astrology traceable. Avoid prediction.",packages/astro-knowledge/data/placements/house/mars-1.json
You,placements/house,mars-10,Natal Mars in the 10th House,"tldr: Mars in the 10th house: drive, energy, and assertion push into career, status, and public role body: Mars in the 10th house: drive, energy, and assertion push into career, status, and public role. Gift: real force there. Watch: friction and impatience. With Mars in the 10th house, drive, assertion, desire, conflict, courage, heat, and the ability to act move through career, public role, reputation, authority, and legacy. This makes how you become visible, take responsibility, and build a life that can be recognized a central part of the life. Used consciously, this placement can become initiative, courage, stamina, directness, and the power to move this area forward. Left unconscious, it can become impatience, defensiveness, conflict for its own sake, or burning through this area faster than it can stabilize. gift: initiative, courage, stamina, directness, and the power to move this area forward expressed through public contribution. voiceNeutral: true","This placement concentrates action, heat, courage, friction, and desire in the life area of career, reputation, authority, public role, and contribution.","You may notice that career, reputation, authority, public role, and contribution repeatedly becomes a place where action, heat, courage, friction, and desire asks for attention, choice, or development.","It can help by making this area of life more active, instructive, or meaningful.",It can become difficult when this area carries too much of the planet's shadow: forcing movement before the situation is ready.,The question is how to work with this house consciously rather than treating it as a fixed verdict.,"Describe tendencies, not fixed identity. Keep astrology traceable. Avoid prediction.",packages/astro-knowledge/data/placements/house/mars-10.json
You,placements/house,mars-11,Natal Mars in the 11th House,"tldr: Mars in the 11th house: drive, energy, and assertion push into friends, community, and goals body: Mars in the 11th house: drive, energy, and assertion push into friends, community, and goals. Gift: real force there. Watch: friction and impatience. With Mars in the 11th house, drive, assertion, desire, conflict, courage, heat, and the ability to act move through friendship, community, networks, hopes, audiences, and the future. This makes how you belong, collaborate, and give your gifts to something larger than yourself a central part of the life. Used consciously, this placement can become initiative, courage, stamina, directness, and the power to move this area forward. Left unconscious, it can become impatience, defensiveness, conflict for its own sake, or burning through this area faster than it can stabilize. gift: initiative, courage, stamina, directness, and the power to move this area forward expressed through community and future vision. voiceNeutral: true","This placement concentrates action, heat, courage, friction, and desire in the life area of friendship, groups, community, hopes, allies, and future plans.","You may notice that friendship, groups, community, hopes, allies, and future plans repeatedly becomes a place where action, heat, courage, friction, and desire asks for attention, choice, or development.","It can help by making this area of life more active, instructive, or meaningful.",It can become difficult when this area carries too much of the planet's shadow: forcing movement before the situation is ready.,The question is how to work with this house consciously rather than treating it as a fixed verdict.,"Describe tendencies, not fixed identity. Keep astrology traceable. Avoid prediction.",packages/astro-knowledge/data/placements/house/mars-11.json
You,placements/house,mars-12,Natal Mars in the 12th House,"tldr: Mars in the 12th house: drive, energy, and assertion push into the hidden, spiritual, and unconscious body: Mars in the 12th house: drive, energy, and assertion push into the hidden, spiritual, and unconscious. Gift: real force there. Watch: friction and impatience. With Mars in the 12th house, drive, assertion, desire, conflict, courage, heat, and the ability to act move through solitude, rest, hidden patterns, dreams, release, and spiritual repair. This makes how you meet what is private, unconscious, unfinished, or ready to be released a central part of the life. Used consciously, this placement can become initiative, courage, stamina, directness, and the power to move this area forward. Left unconscious, it can become impatience, defensiveness, conflict for its own sake, or burning through this area faster than it can stabilize. gift: initiative, courage, stamina, directness, and the power to move this area forward expressed through the hidden inner life. voiceNeutral: true","This placement concentrates action, heat, courage, friction, and desire in the life area of solitude, the unconscious, hidden things, retreat, isolation, and release.","You may notice that solitude, the unconscious, hidden things, retreat, isolation, and release repeatedly becomes a place where action, heat, courage, friction, and desire asks for attention, choice, or development.","It can help by making this area of life more active, instructive, or meaningful.",It can become difficult when this area carries too much of the planet's shadow: forcing movement before the situation is ready.,The question is how to work with this house consciously rather than treating it as a fixed verdict.,"Describe tendencies, not fixed identity. Keep astrology traceable. Avoid prediction.",packages/astro-knowledge/data/placements/house/mars-12.json
You,placements/house,mars-2,Natal Mars in the 2nd House,"tldr: Mars in the 2nd house: drive, energy, and assertion push into money, values, and self-worth body: Mars in the 2nd house: drive, energy, and assertion push into money, values, and self-worth. Gift: real force there. Watch: friction and impatience. With Mars in the 2nd house, drive, assertion, desire, conflict, courage, heat, and the ability to act move through money, resources, values, possessions, and self-worth. This makes how you earn, hold, spend, and define what is worth protecting a central part of the life. Used consciously, this placement can become initiative, courage, stamina, directness, and the power to move this area forward. Left unconscious, it can become impatience, defensiveness, conflict for its own sake, or burning through this area faster than it can stabilize. gift: initiative, courage, stamina, directness, and the power to move this area forward expressed through livelihood and value. voiceNeutral: true","This placement concentrates action, heat, courage, friction, and desire in the life area of money, resources, possessions, and values.","You may notice that money, resources, possessions, and values repeatedly becomes a place where action, heat, courage, friction, and desire asks for attention, choice, or development.","It can help by making this area of life more active, instructive, or meaningful.",It can become difficult when this area carries too much of the planet's shadow: forcing movement before the situation is ready.,The question is how to work with this house consciously rather than treating it as a fixed verdict.,"Describe tendencies, not fixed identity. Keep astrology traceable. Avoid prediction.",packages/astro-knowledge/data/placements/house/mars-2.json
You,placements/house,mars-3,Natal Mars in the 3rd House,"tldr: Mars in the 3rd house: drive, energy, and assertion push into communication and daily life body: Mars in the 3rd house: drive, energy, and assertion push into communication and daily life. Gift: real force there. Watch: friction and impatience. With Mars in the 3rd house, drive, assertion, desire, conflict, courage, heat, and the ability to act move through communication, learning, siblings, neighbors, and daily movement. This makes how you speak, study, write, listen, and move through the immediate world a central part of the life. Used consciously, this placement can become initiative, courage, stamina, directness, and the power to move this area forward. Left unconscious, it can become impatience, defensiveness, conflict for its own sake, or burning through this area faster than it can stabilize. gift: initiative, courage, stamina, directness, and the power to move this area forward expressed through voice and daily mind. voiceNeutral: true","This placement concentrates action, heat, courage, friction, and desire in the life area of communication, siblings, local life, daily movement, and immediate environment.","You may notice that communication, siblings, local life, daily movement, and immediate environment repeatedly becomes a place where action, heat, courage, friction, and desire asks for attention, choice, or development.","It can help by making this area of life more active, instructive, or meaningful.",It can become difficult when this area carries too much of the planet's shadow: forcing movement before the situation is ready.,The question is how to work with this house consciously rather than treating it as a fixed verdict.,"Describe tendencies, not fixed identity. Keep astrology traceable. Avoid prediction.",packages/astro-knowledge/data/placements/house/mars-3.json
You,placements/house,mars-4,Natal Mars in the 4th House,"tldr: Mars in the 4th house: drive, energy, and assertion push into home, family, and roots body: Mars in the 4th house: drive, energy, and assertion push into home, family, and roots. Gift: real force there. Watch: friction and impatience. With Mars in the 4th house, drive, assertion, desire, conflict, courage, heat, and the ability to act move through home, family, roots, privacy, and emotional foundations. This makes what makes you feel rooted, protected, and emotionally held a central part of the life. Used consciously, this placement can become initiative, courage, stamina, directness, and the power to move this area forward. Left unconscious, it can become impatience, defensiveness, conflict for its own sake, or burning through this area faster than it can stabilize. gift: initiative, courage, stamina, directness, and the power to move this area forward expressed through home and roots. voiceNeutral: true","This placement concentrates action, heat, courage, friction, and desire in the life area of home, family, roots, privacy, and emotional foundation.","You may notice that home, family, roots, privacy, and emotional foundation repeatedly becomes a place where action, heat, courage, friction, and desire asks for attention, choice, or development.","It can help by making this area of life more active, instructive, or meaningful.",It can become difficult when this area carries too much of the planet's shadow: forcing movement before the situation is ready.,The question is how to work with this house consciously rather than treating it as a fixed verdict.,"Describe tendencies, not fixed identity. Keep astrology traceable. Avoid prediction.",packages/astro-knowledge/data/placements/house/mars-4.json
You,placements/house,mars-5,Natal Mars in the 5th House,"tldr: Mars in the 5th house: drive, energy, and assertion push into creativity, romance, and play body: Mars in the 5th house: drive, energy, and assertion push into creativity, romance, and play. Gift: real force there. Watch: friction and impatience. With Mars in the 5th house, drive, assertion, desire, conflict, courage, heat, and the ability to act move through creativity, joy, romance, pleasure, play, and children. This makes how you create, flirt, play, risk, and let pleasure be part of life a central part of the life. Used consciously, this placement can become initiative, courage, stamina, directness, and the power to move this area forward. Left unconscious, it can become impatience, defensiveness, conflict for its own sake, or burning through this area faster than it can stabilize. gift: initiative, courage, stamina, directness, and the power to move this area forward expressed through joy and self-expression. voiceNeutral: true","This placement concentrates action, heat, courage, friction, and desire in the life area of creativity, romance, play, joy, and self-expression.","You may notice that creativity, romance, play, joy, and self-expression repeatedly becomes a place where action, heat, courage, friction, and desire asks for attention, choice, or development.","It can help by making this area of life more active, instructive, or meaningful.",It can become difficult when this area carries too much of the planet's shadow: forcing movement before the situation is ready.,The question is how to work with this house consciously rather than treating it as a fixed verdict.,"Describe tendencies, not fixed identity. Keep astrology traceable. Avoid prediction.",packages/astro-knowledge/data/placements/house/mars-5.json
You,placements/house,mars-6,Natal Mars in the 6th House,"tldr: Mars in the 6th house: drive, energy, and assertion push into work, health, and routine body: Mars in the 6th house: drive, energy, and assertion push into work, health, and routine. Gift: real force there. Watch: friction and impatience. With Mars in the 6th house, drive, assertion, desire, conflict, courage, heat, and the ability to act move through daily work, health, habits, service, maintenance, and labor. This makes how your days are built and whether your routine supports the life you say you want a central part of the life. Used consciously, this placement can become initiative, courage, stamina, directness, and the power to move this area forward. Left unconscious, it can become impatience, defensiveness, conflict for its own sake, or burning through this area faster than it can stabilize. gift: initiative, courage, stamina, directness, and the power to move this area forward expressed through rhythm and service. voiceNeutral: true","This placement concentrates action, heat, courage, friction, and desire in the life area of work, routine, service, maintenance, health, and daily obligations.","You may notice that work, routine, service, maintenance, health, and daily obligations repeatedly becomes a place where action, heat, courage, friction, and desire asks for attention, choice, or development.","It can help by making this area of life more active, instructive, or meaningful.",It can become difficult when this area carries too much of the planet's shadow: forcing movement before the situation is ready.,The question is how to work with this house consciously rather than treating it as a fixed verdict.,"Describe tendencies, not fixed identity. Keep astrology traceable. Avoid prediction.",packages/astro-knowledge/data/placements/house/mars-6.json
You,placements/house,mars-7,Natal Mars in the 7th House,"tldr: Mars in the 7th house: drive, energy, and assertion push into partnership and one-to-one bonds body: Mars in the 7th house: drive, energy, and assertion push into partnership and one-to-one bonds. Gift: real force there. Watch: friction and impatience. With Mars in the 7th house, drive, assertion, desire, conflict, courage, heat, and the ability to act move through partnership, marriage, clients, contracts, and open conflict. This makes how you meet others, let yourself be met, and handle equality in relationship a central part of the life. Used consciously, this placement can become initiative, courage, stamina, directness, and the power to move this area forward. Left unconscious, it can become impatience, defensiveness, conflict for its own sake, or burning through this area faster than it can stabilize. gift: initiative, courage, stamina, directness, and the power to move this area forward expressed through one-to-one bonds. voiceNeutral: true","This placement concentrates action, heat, courage, friction, and desire in the life area of partnership, collaboration, one-to-one bonds, and open others.","You may notice that partnership, collaboration, one-to-one bonds, and open others repeatedly becomes a place where action, heat, courage, friction, and desire asks for attention, choice, or development.","It can help by making this area of life more active, instructive, or meaningful.",It can become difficult when this area carries too much of the planet's shadow: forcing movement before the situation is ready.,The question is how to work with this house consciously rather than treating it as a fixed verdict.,"Describe tendencies, not fixed identity. Keep astrology traceable. Avoid prediction.",packages/astro-knowledge/data/placements/house/mars-7.json
You,placements/house,mars-8,Natal Mars in the 8th House,"tldr: Mars in the 8th house: drive, energy, and assertion push into intimacy, shared resources, and transformation body: Mars in the 8th house: drive, energy, and assertion push into intimacy, shared resources, and transformation. Gift: real force there. Watch: friction and impatience. With Mars in the 8th house, drive, assertion, desire, conflict, courage, heat, and the ability to act move through shared resources, trust, intimacy, debt, grief, and deep repair. This makes how you merge, trust, release control, and handle what cannot stay superficial a central part of the life. Used consciously, this placement can become initiative, courage, stamina, directness, and the power to move this area forward. Left unconscious, it can become impatience, defensiveness, conflict for its own sake, or burning through this area faster than it can stabilize. gift: initiative, courage, stamina, directness, and the power to move this area forward expressed through shared depth and vulnerability. voiceNeutral: true","This placement concentrates action, heat, courage, friction, and desire in the life area of shared resources, intimacy, trust, debt, inheritance, and transformation.","You may notice that shared resources, intimacy, trust, debt, inheritance, and transformation repeatedly becomes a place where action, heat, courage, friction, and desire asks for attention, choice, or development.","It can help by making this area of life more active, instructive, or meaningful.",It can become difficult when this area carries too much of the planet's shadow: forcing movement before the situation is ready.,The question is how to work with this house consciously rather than treating it as a fixed verdict.,"Describe tendencies, not fixed identity. Keep astrology traceable. Avoid prediction.",packages/astro-knowledge/data/placements/house/mars-8.json
You,placements/house,mars-9,Natal Mars in the 9th House,"tldr: Mars in the 9th house: drive, energy, and assertion push into beliefs, travel, and meaning body: Mars in the 9th house: drive, energy, and assertion push into beliefs, travel, and meaning. Gift: real force there. Watch: friction and impatience. With Mars in the 9th house, drive, assertion, desire, conflict, courage, heat, and the ability to act move through belief, faith, travel, higher learning, publishing, and meaning. This makes how you search for truth, widen your world, and live what you believe a central part of the life. Used consciously, this placement can become initiative, courage, stamina, directness, and the power to move this area forward. Left unconscious, it can become impatience, defensiveness, conflict for its own sake, or burning through this area faster than it can stabilize. gift: initiative, courage, stamina, directness, and the power to move this area forward expressed through wisdom and expansion. voiceNeutral: true","This placement concentrates action, heat, courage, friction, and desire in the life area of beliefs, higher learning, travel, philosophy, and meaning.","You may notice that beliefs, higher learning, travel, philosophy, and meaning repeatedly becomes a place where action, heat, courage, friction, and desire asks for attention, choice, or development.","It can help by making this area of life more active, instructive, or meaningful.",It can become difficult when this area carries too much of the planet's shadow: forcing movement before the situation is ready.,The question is how to work with this house consciously rather than treating it as a fixed verdict.,"Describe tendencies, not fixed identity. Keep astrology traceable. Avoid prediction.",packages/astro-knowledge/data/placements/house/mars-9.json
You,placements/house,mercury-1,Natal Mercury in the 1st House,"tldr: Mercury in the 1st house: your mind and communication focus on your identity and body body: Mercury in the 1st house: your mind and communication focus on your identity and body. Gift: sharp thinking there. Watch: overthinking it. With Mercury in the 1st house, thinking, speech, learning, writing, business, and the way the mind makes connections move through identity, body, presence, and first response to life. This makes how you enter the room, claim space, and let the world meet you a central part of the life. Used consciously, this placement can become language, strategy, adaptability, problem-solving, and the ability to name what is happening. Left unconscious, it can become overthinking, nervous loops, clever avoidance, or talking around the feeling instead of entering it. gift: language, strategy, adaptability, problem-solving, and the ability to name what is happening expressed through selfhood and embodiment. voiceNeutral: true","This placement concentrates language, information, decisions, and nervous energy in the life area of self, body, identity, and first response.","You may notice that self, body, identity, and first response repeatedly becomes a place where language, information, decisions, and nervous energy asks for attention, choice, or development.","It can help by making this area of life more active, instructive, or meaningful.","It can become difficult when this area carries too much of the planet's shadow: overthinking, assuming, or moving too quickly to verify.",The question is how to work with this house consciously rather than treating it as a fixed verdict.,"Describe tendencies, not fixed identity. Keep astrology traceable. Avoid prediction.",packages/astro-knowledge/data/placements/house/mercury-1.json
You,placements/house,mercury-10,Natal Mercury in the 10th House,"tldr: Mercury in the 10th house: your mind and communication focus on career, status, and public role body: Mercury in the 10th house: your mind and communication focus on career, status, and public role. Gift: sharp thinking there. Watch: overthinking it. With Mercury in the 10th house, thinking, speech, learning, writing, business, and the way the mind makes connections move through career, public role, reputation, authority, and legacy. This makes how you become visible, take responsibility, and build a life that can be recognized a central part of the life. Used consciously, this placement can become language, strategy, adaptability, problem-solving, and the ability to name what is happening. Left unconscious, it can become overthinking, nervous loops, clever avoidance, or talking around the feeling instead of entering it. gift: language, strategy, adaptability, problem-solving, and the ability to name what is happening expressed through public contribution. voiceNeutral: true","This placement concentrates language, information, decisions, and nervous energy in the life area of career, reputation, authority, public role, and contribution.","You may notice that career, reputation, authority, public role, and contribution repeatedly becomes a place where language, information, decisions, and nervous energy asks for attention, choice, or development.","It can help by making this area of life more active, instructive, or meaningful.","It can become difficult when this area carries too much of the planet's shadow: overthinking, assuming, or moving too quickly to verify.",The question is how to work with this house consciously rather than treating it as a fixed verdict.,"Describe tendencies, not fixed identity. Keep astrology traceable. Avoid prediction.",packages/astro-knowledge/data/placements/house/mercury-10.json
You,placements/house,mercury-11,Natal Mercury in the 11th House,"tldr: Mercury in the 11th house: your mind and communication focus on friends, community, and goals body: Mercury in the 11th house: your mind and communication focus on friends, community, and goals. Gift: sharp thinking there. Watch: overthinking it. With Mercury in the 11th house, thinking, speech, learning, writing, business, and the way the mind makes connections move through friendship, community, networks, hopes, audiences, and the future. This makes how you belong, collaborate, and give your gifts to something larger than yourself a central part of the life. Used consciously, this placement can become language, strategy, adaptability, problem-solving, and the ability to name what is happening. Left unconscious, it can become overthinking, nervous loops, clever avoidance, or talking around the feeling instead of entering it. gift: language, strategy, adaptability, problem-solving, and the ability to name what is happening expressed through community and future vision. voiceNeutral: true","This placement concentrates language, information, decisions, and nervous energy in the life area of friendship, groups, community, hopes, allies, and future plans.","You may notice that friendship, groups, community, hopes, allies, and future plans repeatedly becomes a place where language, information, decisions, and nervous energy asks for attention, choice, or development.","It can help by making this area of life more active, instructive, or meaningful.","It can become difficult when this area carries too much of the planet's shadow: overthinking, assuming, or moving too quickly to verify.",The question is how to work with this house consciously rather than treating it as a fixed verdict.,"Describe tendencies, not fixed identity. Keep astrology traceable. Avoid prediction.",packages/astro-knowledge/data/placements/house/mercury-11.json
You,placements/house,mercury-12,Natal Mercury in the 12th House,"tldr: Mercury in the 12th house: your mind and communication focus on the hidden, spiritual, and unconscious body: Mercury in the 12th house: your mind and communication focus on the hidden, spiritual, and unconscious. Gift: sharp thinking there. Watch: overthinking it. With Mercury in the 12th house, thinking, speech, learning, writing, business, and the way the mind makes connections move through solitude, rest, hidden patterns, dreams, release, and spiritual repair. This makes how you meet what is private, unconscious, unfinished, or ready to be released a central part of the life. Used consciously, this placement can become language, strategy, adaptability, problem-solving, and the ability to name what is happening. Left unconscious, it can become overthinking, nervous loops, clever avoidance, or talking around the feeling instead of entering it. gift: language, strategy, adaptability, problem-solving, and the ability to name what is happening expressed through the hidden inner life. voiceNeutral: true","This placement concentrates language, information, decisions, and nervous energy in the life area of solitude, the unconscious, hidden things, retreat, isolation, and release.","You may notice that solitude, the unconscious, hidden things, retreat, isolation, and release repeatedly becomes a place where language, information, decisions, and nervous energy asks for attention, choice, or development.","It can help by making this area of life more active, instructive, or meaningful.","It can become difficult when this area carries too much of the planet's shadow: overthinking, assuming, or moving too quickly to verify.",The question is how to work with this house consciously rather than treating it as a fixed verdict.,"Describe tendencies, not fixed identity. Keep astrology traceable. Avoid prediction.",packages/astro-knowledge/data/placements/house/mercury-12.json
You,placements/house,mercury-2,Natal Mercury in the 2nd House,"tldr: Mercury in the 2nd house: your mind and communication focus on money, values, and self-worth body: Mercury in the 2nd house: your mind and communication focus on money, values, and self-worth. Gift: sharp thinking there. Watch: overthinking it. With Mercury in the 2nd house, thinking, speech, learning, writing, business, and the way the mind makes connections move through money, resources, values, possessions, and self-worth. This makes how you earn, hold, spend, and define what is worth protecting a central part of the life. Used consciously, this placement can become language, strategy, adaptability, problem-solving, and the ability to name what is happening. Left unconscious, it can become overthinking, nervous loops, clever avoidance, or talking around the feeling instead of entering it. gift: language, strategy, adaptability, problem-solving, and the ability to name what is happening expressed through livelihood and value. voiceNeutral: true","This placement concentrates language, information, decisions, and nervous energy in the life area of money, resources, possessions, and values.","You may notice that money, resources, possessions, and values repeatedly becomes a place where language, information, decisions, and nervous energy asks for attention, choice, or development.","It can help by making this area of life more active, instructive, or meaningful.","It can become difficult when this area carries too much of the planet's shadow: overthinking, assuming, or moving too quickly to verify.",The question is how to work with this house consciously rather than treating it as a fixed verdict.,"Describe tendencies, not fixed identity. Keep astrology traceable. Avoid prediction.",packages/astro-knowledge/data/placements/house/mercury-2.json
You,placements/house,mercury-3,Natal Mercury in the 3rd House,"tldr: Mercury in the 3rd house: your mind and communication focus on communication and daily life body: Mercury in the 3rd house: your mind and communication focus on communication and daily life. Gift: sharp thinking there. Watch: overthinking it. With Mercury in the 3rd house, thinking, speech, learning, writing, business, and the way the mind makes connections move through communication, learning, siblings, neighbors, and daily movement. This makes how you speak, study, write, listen, and move through the immediate world a central part of the life. Used consciously, this placement can become language, strategy, adaptability, problem-solving, and the ability to name what is happening. Left unconscious, it can become overthinking, nervous loops, clever avoidance, or talking around the feeling instead of entering it. gift: language, strategy, adaptability, problem-solving, and the ability to name what is happening expressed through voice and daily mind. voiceNeutral: true","This placement concentrates language, information, decisions, and nervous energy in the life area of communication, siblings, local life, daily movement, and immediate environment.","You may notice that communication, siblings, local life, daily movement, and immediate environment repeatedly becomes a place where language, information, decisions, and nervous energy asks for attention, choice, or development.","It can help by making this area of life more active, instructive, or meaningful.","It can become difficult when this area carries too much of the planet's shadow: overthinking, assuming, or moving too quickly to verify.",The question is how to work with this house consciously rather than treating it as a fixed verdict.,"Describe tendencies, not fixed identity. Keep astrology traceable. Avoid prediction.",packages/astro-knowledge/data/placements/house/mercury-3.json
You,placements/house,mercury-4,Natal Mercury in the 4th House,"tldr: Mercury in the 4th house: your mind and communication focus on home, family, and roots body: Mercury in the 4th house: your mind and communication focus on home, family, and roots. Gift: sharp thinking there. Watch: overthinking it. With Mercury in the 4th house, thinking, speech, learning, writing, business, and the way the mind makes connections move through home, family, roots, privacy, and emotional foundations. This makes what makes you feel rooted, protected, and emotionally held a central part of the life. Used consciously, this placement can become language, strategy, adaptability, problem-solving, and the ability to name what is happening. Left unconscious, it can become overthinking, nervous loops, clever avoidance, or talking around the feeling instead of entering it. gift: language, strategy, adaptability, problem-solving, and the ability to name what is happening expressed through home and roots. voiceNeutral: true","This placement concentrates language, information, decisions, and nervous energy in the life area of home, family, roots, privacy, and emotional foundation.","You may notice that home, family, roots, privacy, and emotional foundation repeatedly becomes a place where language, information, decisions, and nervous energy asks for attention, choice, or development.","It can help by making this area of life more active, instructive, or meaningful.","It can become difficult when this area carries too much of the planet's shadow: overthinking, assuming, or moving too quickly to verify.",The question is how to work with this house consciously rather than treating it as a fixed verdict.,"Describe tendencies, not fixed identity. Keep astrology traceable. Avoid prediction.",packages/astro-knowledge/data/placements/house/mercury-4.json
You,placements/house,mercury-5,Natal Mercury in the 5th House,"tldr: Mercury in the 5th house: your mind and communication focus on creativity, romance, and play body: Mercury in the 5th house: your mind and communication focus on creativity, romance, and play. Gift: sharp thinking there. Watch: overthinking it. With Mercury in the 5th house, thinking, speech, learning, writing, business, and the way the mind makes connections move through creativity, joy, romance, pleasure, play, and children. This makes how you create, flirt, play, risk, and let pleasure be part of life a central part of the life. Used consciously, this placement can become language, strategy, adaptability, problem-solving, and the ability to name what is happening. Left unconscious, it can become overthinking, nervous loops, clever avoidance, or talking around the feeling instead of entering it. gift: language, strategy, adaptability, problem-solving, and the ability to name what is happening expressed through joy and self-expression. voiceNeutral: true","This placement concentrates language, information, decisions, and nervous energy in the life area of creativity, romance, play, joy, and self-expression.","You may notice that creativity, romance, play, joy, and self-expression repeatedly becomes a place where language, information, decisions, and nervous energy asks for attention, choice, or development.","It can help by making this area of life more active, instructive, or meaningful.","It can become difficult when this area carries too much of the planet's shadow: overthinking, assuming, or moving too quickly to verify.",The question is how to work with this house consciously rather than treating it as a fixed verdict.,"Describe tendencies, not fixed identity. Keep astrology traceable. Avoid prediction.",packages/astro-knowledge/data/placements/house/mercury-5.json
You,placements/house,mercury-6,Natal Mercury in the 6th House,"tldr: Mercury in the 6th house: your mind and communication focus on work, health, and routine body: Mercury in the 6th house: your mind and communication focus on work, health, and routine. Gift: sharp thinking there. Watch: overthinking it. With Mercury in the 6th house, thinking, speech, learning, writing, business, and the way the mind makes connections move through daily work, health, habits, service, maintenance, and labor. This makes how your days are built and whether your routine supports the life you say you want a central part of the life. Used consciously, this placement can become language, strategy, adaptability, problem-solving, and the ability to name what is happening. Left unconscious, it can become overthinking, nervous loops, clever avoidance, or talking around the feeling instead of entering it. gift: language, strategy, adaptability, problem-solving, and the ability to name what is happening expressed through rhythm and service. voiceNeutral: true","This placement concentrates language, information, decisions, and nervous energy in the life area of work, routine, service, maintenance, health, and daily obligations.","You may notice that work, routine, service, maintenance, health, and daily obligations repeatedly becomes a place where language, information, decisions, and nervous energy asks for attention, choice, or development.","It can help by making this area of life more active, instructive, or meaningful.","It can become difficult when this area carries too much of the planet's shadow: overthinking, assuming, or moving too quickly to verify.",The question is how to work with this house consciously rather than treating it as a fixed verdict.,"Describe tendencies, not fixed identity. Keep astrology traceable. Avoid prediction.",packages/astro-knowledge/data/placements/house/mercury-6.json
You,placements/house,mercury-7,Natal Mercury in the 7th House,"tldr: Mercury in the 7th house: your mind and communication focus on partnership and one-to-one bonds body: Mercury in the 7th house: your mind and communication focus on partnership and one-to-one bonds. Gift: sharp thinking there. Watch: overthinking it. With Mercury in the 7th house, thinking, speech, learning, writing, business, and the way the mind makes connections move through partnership, marriage, clients, contracts, and open conflict. This makes how you meet others, let yourself be met, and handle equality in relationship a central part of the life. Used consciously, this placement can become language, strategy, adaptability, problem-solving, and the ability to name what is happening. Left unconscious, it can become overthinking, nervous loops, clever avoidance, or talking around the feeling instead of entering it. gift: language, strategy, adaptability, problem-solving, and the ability to name what is happening expressed through one-to-one bonds. voiceNeutral: true","This placement concentrates language, information, decisions, and nervous energy in the life area of partnership, collaboration, one-to-one bonds, and open others.","You may notice that partnership, collaboration, one-to-one bonds, and open others repeatedly becomes a place where language, information, decisions, and nervous energy asks for attention, choice, or development.","It can help by making this area of life more active, instructive, or meaningful.","It can become difficult when this area carries too much of the planet's shadow: overthinking, assuming, or moving too quickly to verify.",The question is how to work with this house consciously rather than treating it as a fixed verdict.,"Describe tendencies, not fixed identity. Keep astrology traceable. Avoid prediction.",packages/astro-knowledge/data/placements/house/mercury-7.json
You,placements/house,mercury-8,Natal Mercury in the 8th House,"tldr: Mercury in the 8th house: your mind and communication focus on intimacy, shared resources, and transformation body: Mercury in the 8th house: your mind and communication focus on intimacy, shared resources, and transformation. Gift: sharp thinking there. Watch: overthinking it. With Mercury in the 8th house, thinking, speech, learning, writing, business, and the way the mind makes connections move through shared resources, trust, intimacy, debt, grief, and deep repair. This makes how you merge, trust, release control, and handle what cannot stay superficial a central part of the life. Used consciously, this placement can become language, strategy, adaptability, problem-solving, and the ability to name what is happening. Left unconscious, it can become overthinking, nervous loops, clever avoidance, or talking around the feeling instead of entering it. gift: language, strategy, adaptability, problem-solving, and the ability to name what is happening expressed through shared depth and vulnerability. voiceNeutral: true","This placement concentrates language, information, decisions, and nervous energy in the life area of shared resources, intimacy, trust, debt, inheritance, and transformation.","You may notice that shared resources, intimacy, trust, debt, inheritance, and transformation repeatedly becomes a place where language, information, decisions, and nervous energy asks for attention, choice, or development.","It can help by making this area of life more active, instructive, or meaningful.","It can become difficult when this area carries too much of the planet's shadow: overthinking, assuming, or moving too quickly to verify.",The question is how to work with this house consciously rather than treating it as a fixed verdict.,"Describe tendencies, not fixed identity. Keep astrology traceable. Avoid prediction.",packages/astro-knowledge/data/placements/house/mercury-8.json
You,placements/house,mercury-9,Natal Mercury in the 9th House,"tldr: Mercury in the 9th house: your mind and communication focus on beliefs, travel, and meaning body: Mercury in the 9th house: your mind and communication focus on beliefs, travel, and meaning. Gift: sharp thinking there. Watch: overthinking it. With Mercury in the 9th house, thinking, speech, learning, writing, business, and the way the mind makes connections move through belief, faith, travel, higher learning, publishing, and meaning. This makes how you search for truth, widen your world, and live what you believe a central part of the life. Used consciously, this placement can become language, strategy, adaptability, problem-solving, and the ability to name what is happening. Left unconscious, it can become overthinking, nervous loops, clever avoidance, or talking around the feeling instead of entering it. gift: language, strategy, adaptability, problem-solving, and the ability to name what is happening expressed through wisdom and expansion. voiceNeutral: true","This placement concentrates language, information, decisions, and nervous energy in the life area of beliefs, higher learning, travel, philosophy, and meaning.","You may notice that beliefs, higher learning, travel, philosophy, and meaning repeatedly becomes a place where language, information, decisions, and nervous energy asks for attention, choice, or development.","It can help by making this area of life more active, instructive, or meaningful.","It can become difficult when this area carries too much of the planet's shadow: overthinking, assuming, or moving too quickly to verify.",The question is how to work with this house consciously rather than treating it as a fixed verdict.,"Describe tendencies, not fixed identity. Keep astrology traceable. Avoid prediction.",packages/astro-knowledge/data/placements/house/mercury-9.json
You,placements/house,moon-1,Natal Moon in the 1st House,"tldr: Moon in the 1st house: emotional needs and comfort center on your identity and body body: Moon in the 1st house: emotional needs and comfort center on your identity and body. Gift: deep feeling there. Watch: moods ride on it. With the Moon in the 1st house, emotional needs, instinct, memory, care, and the search for safety move through identity, body, presence, and first response to life. This makes how you enter the room, claim space, and let the world meet you a central part of the life. Used consciously, this placement can become emotional intelligence, responsiveness, intuition, and the ability to nurture what this house governs. Left unconscious, it can become mood-driven choices, over-attachment, defensiveness, or letting old emotional patterns run this area. gift: emotional intelligence, responsiveness, intuition, and the ability to nurture what this house governs expressed through selfhood and embodiment. voiceNeutral: true","This placement concentrates emotion, instinct, needs, and daily rhythm in the life area of self, body, identity, and first response.","You may notice that self, body, identity, and first response repeatedly becomes a place where emotion, instinct, needs, and daily rhythm asks for attention, choice, or development.","It can help by making this area of life more active, instructive, or meaningful.",It can become difficult when this area carries too much of the planet's shadow: letting a temporary mood make the decision.,The question is how to work with this house consciously rather than treating it as a fixed verdict.,"Describe tendencies, not fixed identity. Keep astrology traceable. Avoid prediction.",packages/astro-knowledge/data/placements/house/moon-1.json
You,placements/house,moon-10,Natal Moon in the 10th House,"tldr: Moon in the 10th house: emotional needs and comfort center on career, status, and public role body: Moon in the 10th house: emotional needs and comfort center on career, status, and public role. Gift: deep feeling there. Watch: moods ride on it. With the Moon in the 10th house, emotional needs, instinct, memory, care, and the search for safety move through career, public role, reputation, authority, and legacy. This makes how you become visible, take responsibility, and build a life that can be recognized a central part of the life. Used consciously, this placement can become emotional intelligence, responsiveness, intuition, and the ability to nurture what this house governs. Left unconscious, it can become mood-driven choices, over-attachment, defensiveness, or letting old emotional patterns run this area. gift: emotional intelligence, responsiveness, intuition, and the ability to nurture what this house governs expressed through public contribution. voiceNeutral: true","This placement concentrates emotion, instinct, needs, and daily rhythm in the life area of career, reputation, authority, public role, and contribution.","You may notice that career, reputation, authority, public role, and contribution repeatedly becomes a place where emotion, instinct, needs, and daily rhythm asks for attention, choice, or development.","It can help by making this area of life more active, instructive, or meaningful.",It can become difficult when this area carries too much of the planet's shadow: letting a temporary mood make the decision.,The question is how to work with this house consciously rather than treating it as a fixed verdict.,"Describe tendencies, not fixed identity. Keep astrology traceable. Avoid prediction.",packages/astro-knowledge/data/placements/house/moon-10.json
You,placements/house,moon-11,Natal Moon in the 11th House,"tldr: Moon in the 11th house: emotional needs and comfort center on friends, community, and goals body: Moon in the 11th house: emotional needs and comfort center on friends, community, and goals. Gift: deep feeling there. Watch: moods ride on it. With the Moon in the 11th house, emotional needs, instinct, memory, care, and the search for safety move through friendship, community, networks, hopes, audiences, and the future. This makes how you belong, collaborate, and give your gifts to something larger than yourself a central part of the life. Used consciously, this placement can become emotional intelligence, responsiveness, intuition, and the ability to nurture what this house governs. Left unconscious, it can become mood-driven choices, over-attachment, defensiveness, or letting old emotional patterns run this area. gift: emotional intelligence, responsiveness, intuition, and the ability to nurture what this house governs expressed through community and future vision. voiceNeutral: true","This placement concentrates emotion, instinct, needs, and daily rhythm in the life area of friendship, groups, community, hopes, allies, and future plans.","You may notice that friendship, groups, community, hopes, allies, and future plans repeatedly becomes a place where emotion, instinct, needs, and daily rhythm asks for attention, choice, or development.","It can help by making this area of life more active, instructive, or meaningful.",It can become difficult when this area carries too much of the planet's shadow: letting a temporary mood make the decision.,The question is how to work with this house consciously rather than treating it as a fixed verdict.,"Describe tendencies, not fixed identity. Keep astrology traceable. Avoid prediction.",packages/astro-knowledge/data/placements/house/moon-11.json
You,placements/house,moon-12,Natal Moon in the 12th House,"tldr: Moon in the 12th house: emotional needs and comfort center on the hidden, spiritual, and unconscious body: Moon in the 12th house: emotional needs and comfort center on the hidden, spiritual, and unconscious. Gift: deep feeling there. Watch: moods ride on it. With the Moon in the 12th house, emotional needs, instinct, memory, care, and the search for safety move through solitude, rest, hidden patterns, dreams, release, and spiritual repair. This makes how you meet what is private, unconscious, unfinished, or ready to be released a central part of the life. Used consciously, this placement can become emotional intelligence, responsiveness, intuition, and the ability to nurture what this house governs. Left unconscious, it can become mood-driven choices, over-attachment, defensiveness, or letting old emotional patterns run this area. gift: emotional intelligence, responsiveness, intuition, and the ability to nurture what this house governs expressed through the hidden inner life. voiceNeutral: true","This placement concentrates emotion, instinct, needs, and daily rhythm in the life area of solitude, the unconscious, hidden things, retreat, isolation, and release.","You may notice that solitude, the unconscious, hidden things, retreat, isolation, and release repeatedly becomes a place where emotion, instinct, needs, and daily rhythm asks for attention, choice, or development.","It can help by making this area of life more active, instructive, or meaningful.",It can become difficult when this area carries too much of the planet's shadow: letting a temporary mood make the decision.,The question is how to work with this house consciously rather than treating it as a fixed verdict.,"Describe tendencies, not fixed identity. Keep astrology traceable. Avoid prediction.",packages/astro-knowledge/data/placements/house/moon-12.json
You,placements/house,moon-2,Natal Moon in the 2nd House,"tldr: Moon in the 2nd house: emotional needs and comfort center on money, values, and self-worth body: Moon in the 2nd house: emotional needs and comfort center on money, values, and self-worth. Gift: deep feeling there. Watch: moods ride on it. With the Moon in the 2nd house, emotional needs, instinct, memory, care, and the search for safety move through money, resources, values, possessions, and self-worth. This makes how you earn, hold, spend, and define what is worth protecting a central part of the life. Used consciously, this placement can become emotional intelligence, responsiveness, intuition, and the ability to nurture what this house governs. Left unconscious, it can become mood-driven choices, over-attachment, defensiveness, or letting old emotional patterns run this area. gift: emotional intelligence, responsiveness, intuition, and the ability to nurture what this house governs expressed through livelihood and value. voiceNeutral: true","This placement concentrates emotion, instinct, needs, and daily rhythm in the life area of money, resources, possessions, and values.","You may notice that money, resources, possessions, and values repeatedly becomes a place where emotion, instinct, needs, and daily rhythm asks for attention, choice, or development.","It can help by making this area of life more active, instructive, or meaningful.",It can become difficult when this area carries too much of the planet's shadow: letting a temporary mood make the decision.,The question is how to work with this house consciously rather than treating it as a fixed verdict.,"Describe tendencies, not fixed identity. Keep astrology traceable. Avoid prediction.",packages/astro-knowledge/data/placements/house/moon-2.json
You,placements/house,moon-3,Natal Moon in the 3rd House,"tldr: Moon in the 3rd house: emotional needs and comfort center on communication and daily life body: Moon in the 3rd house: emotional needs and comfort center on communication and daily life. Gift: deep feeling there. Watch: moods ride on it. With the Moon in the 3rd house, emotional needs, instinct, memory, care, and the search for safety move through communication, learning, siblings, neighbors, and daily movement. This makes how you speak, study, write, listen, and move through the immediate world a central part of the life. Used consciously, this placement can become emotional intelligence, responsiveness, intuition, and the ability to nurture what this house governs. Left unconscious, it can become mood-driven choices, over-attachment, defensiveness, or letting old emotional patterns run this area. gift: emotional intelligence, responsiveness, intuition, and the ability to nurture what this house governs expressed through voice and daily mind. voiceNeutral: true","This placement concentrates emotion, instinct, needs, and daily rhythm in the life area of communication, siblings, local life, daily movement, and immediate environment.","You may notice that communication, siblings, local life, daily movement, and immediate environment repeatedly becomes a place where emotion, instinct, needs, and daily rhythm asks for attention, choice, or development.","It can help by making this area of life more active, instructive, or meaningful.",It can become difficult when this area carries too much of the planet's shadow: letting a temporary mood make the decision.,The question is how to work with this house consciously rather than treating it as a fixed verdict.,"Describe tendencies, not fixed identity. Keep astrology traceable. Avoid prediction.",packages/astro-knowledge/data/placements/house/moon-3.json
You,placements/house,moon-4,Natal Moon in the 4th House,"tldr: Moon in the 4th house: emotional needs and comfort center on home, family, and roots body: Moon in the 4th house: emotional needs and comfort center on home, family, and roots. Gift: deep feeling there. Watch: moods ride on it. With the Moon in the 4th house, emotional needs, instinct, memory, care, and the search for safety move through home, family, roots, privacy, and emotional foundations. This makes what makes you feel rooted, protected, and emotionally held a central part of the life. Used consciously, this placement can become emotional intelligence, responsiveness, intuition, and the ability to nurture what this house governs. Left unconscious, it can become mood-driven choices, over-attachment, defensiveness, or letting old emotional patterns run this area. gift: emotional intelligence, responsiveness, intuition, and the ability to nurture what this house governs expressed through home and roots. voiceNeutral: true","This placement concentrates emotion, instinct, needs, and daily rhythm in the life area of home, family, roots, privacy, and emotional foundation.","You may notice that home, family, roots, privacy, and emotional foundation repeatedly becomes a place where emotion, instinct, needs, and daily rhythm asks for attention, choice, or development.","It can help by making this area of life more active, instructive, or meaningful.",It can become difficult when this area carries too much of the planet's shadow: letting a temporary mood make the decision.,The question is how to work with this house consciously rather than treating it as a fixed verdict.,"Describe tendencies, not fixed identity. Keep astrology traceable. Avoid prediction.",packages/astro-knowledge/data/placements/house/moon-4.json
You,placements/house,moon-5,Natal Moon in the 5th House,"tldr: Moon in the 5th house: emotional needs and comfort center on creativity, romance, and play body: Moon in the 5th house: emotional needs and comfort center on creativity, romance, and play. Gift: deep feeling there. Watch: moods ride on it. With the Moon in the 5th house, emotional needs, instinct, memory, care, and the search for safety move through creativity, joy, romance, pleasure, play, and children. This makes how you create, flirt, play, risk, and let pleasure be part of life a central part of the life. Used consciously, this placement can become emotional intelligence, responsiveness, intuition, and the ability to nurture what this house governs. Left unconscious, it can become mood-driven choices, over-attachment, defensiveness, or letting old emotional patterns run this area. gift: emotional intelligence, responsiveness, intuition, and the ability to nurture what this house governs expressed through joy and self-expression. voiceNeutral: true","This placement concentrates emotion, instinct, needs, and daily rhythm in the life area of creativity, romance, play, joy, and self-expression.","You may notice that creativity, romance, play, joy, and self-expression repeatedly becomes a place where emotion, instinct, needs, and daily rhythm asks for attention, choice, or development.","It can help by making this area of life more active, instructive, or meaningful.",It can become difficult when this area carries too much of the planet's shadow: letting a temporary mood make the decision.,The question is how to work with this house consciously rather than treating it as a fixed verdict.,"Describe tendencies, not fixed identity. Keep astrology traceable. Avoid prediction.",packages/astro-knowledge/data/placements/house/moon-5.json
You,placements/house,moon-6,Natal Moon in the 6th House,"tldr: Moon in the 6th house: emotional needs and comfort center on work, health, and routine body: Moon in the 6th house: emotional needs and comfort center on work, health, and routine. Gift: deep feeling there. Watch: moods ride on it. With the Moon in the 6th house, emotional needs, instinct, memory, care, and the search for safety move through daily work, health, habits, service, maintenance, and labor. This makes how your days are built and whether your routine supports the life you say you want a central part of the life. Used consciously, this placement can become emotional intelligence, responsiveness, intuition, and the ability to nurture what this house governs. Left unconscious, it can become mood-driven choices, over-attachment, defensiveness, or letting old emotional patterns run this area. gift: emotional intelligence, responsiveness, intuition, and the ability to nurture what this house governs expressed through rhythm and service. voiceNeutral: true","This placement concentrates emotion, instinct, needs, and daily rhythm in the life area of work, routine, service, maintenance, health, and daily obligations.","You may notice that work, routine, service, maintenance, health, and daily obligations repeatedly becomes a place where emotion, instinct, needs, and daily rhythm asks for attention, choice, or development.","It can help by making this area of life more active, instructive, or meaningful.",It can become difficult when this area carries too much of the planet's shadow: letting a temporary mood make the decision.,The question is how to work with this house consciously rather than treating it as a fixed verdict.,"Describe tendencies, not fixed identity. Keep astrology traceable. Avoid prediction.",packages/astro-knowledge/data/placements/house/moon-6.json
You,placements/house,moon-7,Natal Moon in the 7th House,"tldr: Moon in the 7th house: emotional needs and comfort center on partnership and one-to-one bonds body: Moon in the 7th house: emotional needs and comfort center on partnership and one-to-one bonds. Gift: deep feeling there. Watch: moods ride on it. With the Moon in the 7th house, emotional needs, instinct, memory, care, and the search for safety move through partnership, marriage, clients, contracts, and open conflict. This makes how you meet others, let yourself be met, and handle equality in relationship a central part of the life. Used consciously, this placement can become emotional intelligence, responsiveness, intuition, and the ability to nurture what this house governs. Left unconscious, it can become mood-driven choices, over-attachment, defensiveness, or letting old emotional patterns run this area. gift: emotional intelligence, responsiveness, intuition, and the ability to nurture what this house governs expressed through one-to-one bonds. voiceNeutral: true","This placement concentrates emotion, instinct, needs, and daily rhythm in the life area of partnership, collaboration, one-to-one bonds, and open others.","You may notice that partnership, collaboration, one-to-one bonds, and open others repeatedly becomes a place where emotion, instinct, needs, and daily rhythm asks for attention, choice, or development.","It can help by making this area of life more active, instructive, or meaningful.",It can become difficult when this area carries too much of the planet's shadow: letting a temporary mood make the decision.,The question is how to work with this house consciously rather than treating it as a fixed verdict.,"Describe tendencies, not fixed identity. Keep astrology traceable. Avoid prediction.",packages/astro-knowledge/data/placements/house/moon-7.json
You,placements/house,moon-8,Natal Moon in the 8th House,"tldr: Moon in the 8th house: emotional needs and comfort center on intimacy, shared resources, and transformation body: Moon in the 8th house: emotional needs and comfort center on intimacy, shared resources, and transformation. Gift: deep feeling there. Watch: moods ride on it. With the Moon in the 8th house, emotional needs, instinct, memory, care, and the search for safety move through shared resources, trust, intimacy, debt, grief, and deep repair. This makes how you merge, trust, release control, and handle what cannot stay superficial a central part of the life. Used consciously, this placement can become emotional intelligence, responsiveness, intuition, and the ability to nurture what this house governs. Left unconscious, it can become mood-driven choices, over-attachment, defensiveness, or letting old emotional patterns run this area. gift: emotional intelligence, responsiveness, intuition, and the ability to nurture what this house governs expressed through shared depth and vulnerability. voiceNeutral: true","This placement concentrates emotion, instinct, needs, and daily rhythm in the life area of shared resources, intimacy, trust, debt, inheritance, and transformation.","You may notice that shared resources, intimacy, trust, debt, inheritance, and transformation repeatedly becomes a place where emotion, instinct, needs, and daily rhythm asks for attention, choice, or development.","It can help by making this area of life more active, instructive, or meaningful.",It can become difficult when this area carries too much of the planet's shadow: letting a temporary mood make the decision.,The question is how to work with this house consciously rather than treating it as a fixed verdict.,"Describe tendencies, not fixed identity. Keep astrology traceable. Avoid prediction.",packages/astro-knowledge/data/placements/house/moon-8.json
You,placements/house,moon-9,Natal Moon in the 9th House,"tldr: Moon in the 9th house: emotional needs and comfort center on beliefs, travel, and meaning body: Moon in the 9th house: emotional needs and comfort center on beliefs, travel, and meaning. Gift: deep feeling there. Watch: moods ride on it. With the Moon in the 9th house, emotional needs, instinct, memory, care, and the search for safety move through belief, faith, travel, higher learning, publishing, and meaning. This makes how you search for truth, widen your world, and live what you believe a central part of the life. Used consciously, this placement can become emotional intelligence, responsiveness, intuition, and the ability to nurture what this house governs. Left unconscious, it can become mood-driven choices, over-attachment, defensiveness, or letting old emotional patterns run this area. gift: emotional intelligence, responsiveness, intuition, and the ability to nurture what this house governs expressed through wisdom and expansion. voiceNeutral: true","This placement concentrates emotion, instinct, needs, and daily rhythm in the life area of beliefs, higher learning, travel, philosophy, and meaning.","You may notice that beliefs, higher learning, travel, philosophy, and meaning repeatedly becomes a place where emotion, instinct, needs, and daily rhythm asks for attention, choice, or development.","It can help by making this area of life more active, instructive, or meaningful.",It can become difficult when this area carries too much of the planet's shadow: letting a temporary mood make the decision.,The question is how to work with this house consciously rather than treating it as a fixed verdict.,"Describe tendencies, not fixed identity. Keep astrology traceable. Avoid prediction.",packages/astro-knowledge/data/placements/house/moon-9.json
You,placements/house,neptune-1,Natal Neptune in the 1st House,"tldr: Neptune in the 1st house. body: Imagination and idealism operates in the field of the self, body, and personal initiative. This is where the native most naturally expresses Neptune. gift: Career and effort gravitate toward self. voiceNeutral: true","This placement concentrates imagination, longing, vision, sensitivity, and uncertainty in the life area of self, body, identity, and first response.","You may notice that self, body, identity, and first response repeatedly becomes a place where imagination, longing, vision, sensitivity, and uncertainty asks for attention, choice, or development.","It can help by making this area of life more active, instructive, or meaningful.",It can become difficult when this area carries too much of the planet's shadow: mistaking a feeling for a fact.,The question is how to work with this house consciously rather than treating it as a fixed verdict.,"Describe tendencies, not fixed identity. Keep astrology traceable. Avoid prediction.",packages/astro-knowledge/data/placements/house/neptune-1.json
You,placements/house,neptune-10,Natal Neptune in the 10th House,"tldr: Neptune in the 10th house. body: Imagination and idealism operates in the field of career, reputation, and public standing. This is where the native most naturally expresses Neptune. gift: Career and effort gravitate toward career. voiceNeutral: true","This placement concentrates imagination, longing, vision, sensitivity, and uncertainty in the life area of career, reputation, authority, public role, and contribution.","You may notice that career, reputation, authority, public role, and contribution repeatedly becomes a place where imagination, longing, vision, sensitivity, and uncertainty asks for attention, choice, or development.","It can help by making this area of life more active, instructive, or meaningful.",It can become difficult when this area carries too much of the planet's shadow: mistaking a feeling for a fact.,The question is how to work with this house consciously rather than treating it as a fixed verdict.,"Describe tendencies, not fixed identity. Keep astrology traceable. Avoid prediction.",packages/astro-knowledge/data/placements/house/neptune-10.json
You,placements/house,neptune-11,Natal Neptune in the 11th House,"tldr: Neptune in the 11th house. body: Imagination and idealism operates in the field of friends, allies, groups, and long-range goals. This is where the native most naturally expresses Neptune. gift: Career and effort gravitate toward community. voiceNeutral: true","This placement concentrates imagination, longing, vision, sensitivity, and uncertainty in the life area of friendship, groups, community, hopes, allies, and future plans.","You may notice that friendship, groups, community, hopes, allies, and future plans repeatedly becomes a place where imagination, longing, vision, sensitivity, and uncertainty asks for attention, choice, or development.","It can help by making this area of life more active, instructive, or meaningful.",It can become difficult when this area carries too much of the planet's shadow: mistaking a feeling for a fact.,The question is how to work with this house consciously rather than treating it as a fixed verdict.,"Describe tendencies, not fixed identity. Keep astrology traceable. Avoid prediction.",packages/astro-knowledge/data/placements/house/neptune-11.json
You,placements/house,neptune-12,Natal Neptune in the 12th House,"tldr: Neptune in the 12th house. body: Imagination and idealism operates in the field of solitude, the hidden, loss, and the inner life. This is where the native most naturally expresses Neptune. gift: Career and effort gravitate toward the hidden. voiceNeutral: true","This placement concentrates imagination, longing, vision, sensitivity, and uncertainty in the life area of solitude, the unconscious, hidden things, retreat, isolation, and release.","You may notice that solitude, the unconscious, hidden things, retreat, isolation, and release repeatedly becomes a place where imagination, longing, vision, sensitivity, and uncertainty asks for attention, choice, or development.","It can help by making this area of life more active, instructive, or meaningful.",It can become difficult when this area carries too much of the planet's shadow: mistaking a feeling for a fact.,The question is how to work with this house consciously rather than treating it as a fixed verdict.,"Describe tendencies, not fixed identity. Keep astrology traceable. Avoid prediction.",packages/astro-knowledge/data/placements/house/neptune-12.json
You,placements/house,neptune-2,Natal Neptune in the 2nd House,"tldr: Neptune in the 2nd house. body: Imagination and idealism operates in the field of money, resources, and what you value. This is where the native most naturally expresses Neptune. gift: Career and effort gravitate toward resources. voiceNeutral: true","This placement concentrates imagination, longing, vision, sensitivity, and uncertainty in the life area of money, resources, possessions, and values.","You may notice that money, resources, possessions, and values repeatedly becomes a place where imagination, longing, vision, sensitivity, and uncertainty asks for attention, choice, or development.","It can help by making this area of life more active, instructive, or meaningful.",It can become difficult when this area carries too much of the planet's shadow: mistaking a feeling for a fact.,The question is how to work with this house consciously rather than treating it as a fixed verdict.,"Describe tendencies, not fixed identity. Keep astrology traceable. Avoid prediction.",packages/astro-knowledge/data/placements/house/neptune-2.json
You,placements/house,neptune-3,Natal Neptune in the 3rd House,"tldr: Neptune in the 3rd house. body: Imagination and idealism operates in the field of communication, learning, and the local. This is where the native most naturally expresses Neptune. gift: Career and effort gravitate toward communication. voiceNeutral: true","This placement concentrates imagination, longing, vision, sensitivity, and uncertainty in the life area of communication, siblings, local life, daily movement, and immediate environment.","You may notice that communication, siblings, local life, daily movement, and immediate environment repeatedly becomes a place where imagination, longing, vision, sensitivity, and uncertainty asks for attention, choice, or development.","It can help by making this area of life more active, instructive, or meaningful.",It can become difficult when this area carries too much of the planet's shadow: mistaking a feeling for a fact.,The question is how to work with this house consciously rather than treating it as a fixed verdict.,"Describe tendencies, not fixed identity. Keep astrology traceable. Avoid prediction.",packages/astro-knowledge/data/placements/house/neptune-3.json
You,placements/house,neptune-4,Natal Neptune in the 4th House,"tldr: Neptune in the 4th house. body: Imagination and idealism operates in the field of home, family, and foundations. This is where the native most naturally expresses Neptune. gift: Career and effort gravitate toward home. voiceNeutral: true","This placement concentrates imagination, longing, vision, sensitivity, and uncertainty in the life area of home, family, roots, privacy, and emotional foundation.","You may notice that home, family, roots, privacy, and emotional foundation repeatedly becomes a place where imagination, longing, vision, sensitivity, and uncertainty asks for attention, choice, or development.","It can help by making this area of life more active, instructive, or meaningful.",It can become difficult when this area carries too much of the planet's shadow: mistaking a feeling for a fact.,The question is how to work with this house consciously rather than treating it as a fixed verdict.,"Describe tendencies, not fixed identity. Keep astrology traceable. Avoid prediction.",packages/astro-knowledge/data/placements/house/neptune-4.json
You,placements/house,neptune-5,Natal Neptune in the 5th House,"tldr: Neptune in the 5th house. body: Imagination and idealism operates in the field of creativity, romance, children, and play. This is where the native most naturally expresses Neptune. gift: Career and effort gravitate toward creativity. voiceNeutral: true","This placement concentrates imagination, longing, vision, sensitivity, and uncertainty in the life area of creativity, romance, play, joy, and self-expression.","You may notice that creativity, romance, play, joy, and self-expression repeatedly becomes a place where imagination, longing, vision, sensitivity, and uncertainty asks for attention, choice, or development.","It can help by making this area of life more active, instructive, or meaningful.",It can become difficult when this area carries too much of the planet's shadow: mistaking a feeling for a fact.,The question is how to work with this house consciously rather than treating it as a fixed verdict.,"Describe tendencies, not fixed identity. Keep astrology traceable. Avoid prediction.",packages/astro-knowledge/data/placements/house/neptune-5.json
You,placements/house,neptune-6,Natal Neptune in the 6th House,"tldr: Neptune in the 6th house. body: Imagination and idealism operates in the field of work, routine, health, and service. This is where the native most naturally expresses Neptune. gift: Career and effort gravitate toward work and health. voiceNeutral: true","This placement concentrates imagination, longing, vision, sensitivity, and uncertainty in the life area of work, routine, service, maintenance, health, and daily obligations.","You may notice that work, routine, service, maintenance, health, and daily obligations repeatedly becomes a place where imagination, longing, vision, sensitivity, and uncertainty asks for attention, choice, or development.","It can help by making this area of life more active, instructive, or meaningful.",It can become difficult when this area carries too much of the planet's shadow: mistaking a feeling for a fact.,The question is how to work with this house consciously rather than treating it as a fixed verdict.,"Describe tendencies, not fixed identity. Keep astrology traceable. Avoid prediction.",packages/astro-knowledge/data/placements/house/neptune-6.json
You,placements/house,neptune-7,Natal Neptune in the 7th House,"tldr: Neptune in the 7th house. body: Imagination and idealism operates in the field of partners, clients, and one-to-one dealings. This is where the native most naturally expresses Neptune. gift: Career and effort gravitate toward partnership. voiceNeutral: true","This placement concentrates imagination, longing, vision, sensitivity, and uncertainty in the life area of partnership, collaboration, one-to-one bonds, and open others.","You may notice that partnership, collaboration, one-to-one bonds, and open others repeatedly becomes a place where imagination, longing, vision, sensitivity, and uncertainty asks for attention, choice, or development.","It can help by making this area of life more active, instructive, or meaningful.",It can become difficult when this area carries too much of the planet's shadow: mistaking a feeling for a fact.,The question is how to work with this house consciously rather than treating it as a fixed verdict.,"Describe tendencies, not fixed identity. Keep astrology traceable. Avoid prediction.",packages/astro-knowledge/data/placements/house/neptune-7.json
You,placements/house,neptune-8,Natal Neptune in the 8th House,"tldr: Neptune in the 8th house. body: Imagination and idealism operates in the field of shared resources, intimacy, debt, and transformation. This is where the native most naturally expresses Neptune. gift: Career and effort gravitate toward shared resources. voiceNeutral: true","This placement concentrates imagination, longing, vision, sensitivity, and uncertainty in the life area of shared resources, intimacy, trust, debt, inheritance, and transformation.","You may notice that shared resources, intimacy, trust, debt, inheritance, and transformation repeatedly becomes a place where imagination, longing, vision, sensitivity, and uncertainty asks for attention, choice, or development.","It can help by making this area of life more active, instructive, or meaningful.",It can become difficult when this area carries too much of the planet's shadow: mistaking a feeling for a fact.,The question is how to work with this house consciously rather than treating it as a fixed verdict.,"Describe tendencies, not fixed identity. Keep astrology traceable. Avoid prediction.",packages/astro-knowledge/data/placements/house/neptune-8.json
You,placements/house,neptune-9,Natal Neptune in the 9th House,"tldr: Neptune in the 9th house. body: Imagination and idealism operates in the field of travel, higher learning, belief, and the big picture. This is where the native most naturally expresses Neptune. gift: Career and effort gravitate toward meaning. voiceNeutral: true","This placement concentrates imagination, longing, vision, sensitivity, and uncertainty in the life area of beliefs, higher learning, travel, philosophy, and meaning.","You may notice that beliefs, higher learning, travel, philosophy, and meaning repeatedly becomes a place where imagination, longing, vision, sensitivity, and uncertainty asks for attention, choice, or development.","It can help by making this area of life more active, instructive, or meaningful.",It can become difficult when this area carries too much of the planet's shadow: mistaking a feeling for a fact.,The question is how to work with this house consciously rather than treating it as a fixed verdict.,"Describe tendencies, not fixed identity. Keep astrology traceable. Avoid prediction.",packages/astro-knowledge/data/placements/house/neptune-9.json
You,placements/house,pluto-1,Natal Pluto in the 1st House,"tldr: Pluto in the 1st house. body: Power and the urge to transform operates in the field of the self, body, and personal initiative. This is where the native most naturally expresses Pluto. gift: Career and effort gravitate toward self. voiceNeutral: true","This placement concentrates depth, power, pressure, release, and transformation in the life area of self, body, identity, and first response.","You may notice that self, body, identity, and first response repeatedly becomes a place where depth, power, pressure, release, and transformation asks for attention, choice, or development.","It can help by making this area of life more active, instructive, or meaningful.",It can become difficult when this area carries too much of the planet's shadow: trying to control what actually needs to be understood or released.,The question is how to work with this house consciously rather than treating it as a fixed verdict.,"Describe tendencies, not fixed identity. Keep astrology traceable. Avoid prediction.",packages/astro-knowledge/data/placements/house/pluto-1.json
You,placements/house,pluto-10,Natal Pluto in the 10th House,"tldr: Pluto in the 10th house. body: Power and the urge to transform operates in the field of career, reputation, and public standing. This is where the native most naturally expresses Pluto. gift: Career and effort gravitate toward career. voiceNeutral: true","This placement concentrates depth, power, pressure, release, and transformation in the life area of career, reputation, authority, public role, and contribution.","You may notice that career, reputation, authority, public role, and contribution repeatedly becomes a place where depth, power, pressure, release, and transformation asks for attention, choice, or development.","It can help by making this area of life more active, instructive, or meaningful.",It can become difficult when this area carries too much of the planet's shadow: trying to control what actually needs to be understood or released.,The question is how to work with this house consciously rather than treating it as a fixed verdict.,"Describe tendencies, not fixed identity. Keep astrology traceable. Avoid prediction.",packages/astro-knowledge/data/placements/house/pluto-10.json
You,placements/house,pluto-11,Natal Pluto in the 11th House,"tldr: Pluto in the 11th house. body: Power and the urge to transform operates in the field of friends, allies, groups, and long-range goals. This is where the native most naturally expresses Pluto. gift: Career and effort gravitate toward community. voiceNeutral: true","This placement concentrates depth, power, pressure, release, and transformation in the life area of friendship, groups, community, hopes, allies, and future plans.","You may notice that friendship, groups, community, hopes, allies, and future plans repeatedly becomes a place where depth, power, pressure, release, and transformation asks for attention, choice, or development.","It can help by making this area of life more active, instructive, or meaningful.",It can become difficult when this area carries too much of the planet's shadow: trying to control what actually needs to be understood or released.,The question is how to work with this house consciously rather than treating it as a fixed verdict.,"Describe tendencies, not fixed identity. Keep astrology traceable. Avoid prediction.",packages/astro-knowledge/data/placements/house/pluto-11.json
You,placements/house,pluto-12,Natal Pluto in the 12th House,"tldr: Pluto in the 12th house. body: Power and the urge to transform operates in the field of solitude, the hidden, loss, and the inner life. This is where the native most naturally expresses Pluto. gift: Career and effort gravitate toward the hidden. voiceNeutral: true","This placement concentrates depth, power, pressure, release, and transformation in the life area of solitude, the unconscious, hidden things, retreat, isolation, and release.","You may notice that solitude, the unconscious, hidden things, retreat, isolation, and release repeatedly becomes a place where depth, power, pressure, release, and transformation asks for attention, choice, or development.","It can help by making this area of life more active, instructive, or meaningful.",It can become difficult when this area carries too much of the planet's shadow: trying to control what actually needs to be understood or released.,The question is how to work with this house consciously rather than treating it as a fixed verdict.,"Describe tendencies, not fixed identity. Keep astrology traceable. Avoid prediction.",packages/astro-knowledge/data/placements/house/pluto-12.json
You,placements/house,pluto-2,Natal Pluto in the 2nd House,"tldr: Pluto in the 2nd house. body: Power and the urge to transform operates in the field of money, resources, and what you value. This is where the native most naturally expresses Pluto. gift: Career and effort gravitate toward resources. voiceNeutral: true","This placement concentrates depth, power, pressure, release, and transformation in the life area of money, resources, possessions, and values.","You may notice that money, resources, possessions, and values repeatedly becomes a place where depth, power, pressure, release, and transformation asks for attention, choice, or development.","It can help by making this area of life more active, instructive, or meaningful.",It can become difficult when this area carries too much of the planet's shadow: trying to control what actually needs to be understood or released.,The question is how to work with this house consciously rather than treating it as a fixed verdict.,"Describe tendencies, not fixed identity. Keep astrology traceable. Avoid prediction.",packages/astro-knowledge/data/placements/house/pluto-2.json
You,placements/house,pluto-3,Natal Pluto in the 3rd House,"tldr: Pluto in the 3rd house. body: Power and the urge to transform operates in the field of communication, learning, and the local. This is where the native most naturally expresses Pluto. gift: Career and effort gravitate toward communication. voiceNeutral: true","This placement concentrates depth, power, pressure, release, and transformation in the life area of communication, siblings, local life, daily movement, and immediate environment.","You may notice that communication, siblings, local life, daily movement, and immediate environment repeatedly becomes a place where depth, power, pressure, release, and transformation asks for attention, choice, or development.","It can help by making this area of life more active, instructive, or meaningful.",It can become difficult when this area carries too much of the planet's shadow: trying to control what actually needs to be understood or released.,The question is how to work with this house consciously rather than treating it as a fixed verdict.,"Describe tendencies, not fixed identity. Keep astrology traceable. Avoid prediction.",packages/astro-knowledge/data/placements/house/pluto-3.json
You,placements/house,pluto-4,Natal Pluto in the 4th House,"tldr: Pluto in the 4th house. body: Power and the urge to transform operates in the field of home, family, and foundations. This is where the native most naturally expresses Pluto. gift: Career and effort gravitate toward home. voiceNeutral: true","This placement concentrates depth, power, pressure, release, and transformation in the life area of home, family, roots, privacy, and emotional foundation.","You may notice that home, family, roots, privacy, and emotional foundation repeatedly becomes a place where depth, power, pressure, release, and transformation asks for attention, choice, or development.","It can help by making this area of life more active, instructive, or meaningful.",It can become difficult when this area carries too much of the planet's shadow: trying to control what actually needs to be understood or released.,The question is how to work with this house consciously rather than treating it as a fixed verdict.,"Describe tendencies, not fixed identity. Keep astrology traceable. Avoid prediction.",packages/astro-knowledge/data/placements/house/pluto-4.json
You,placements/house,pluto-5,Natal Pluto in the 5th House,"tldr: Pluto in the 5th house. body: Power and the urge to transform operates in the field of creativity, romance, children, and play. This is where the native most naturally expresses Pluto. gift: Career and effort gravitate toward creativity. voiceNeutral: true","This placement concentrates depth, power, pressure, release, and transformation in the life area of creativity, romance, play, joy, and self-expression.","You may notice that creativity, romance, play, joy, and self-expression repeatedly becomes a place where depth, power, pressure, release, and transformation asks for attention, choice, or development.","It can help by making this area of life more active, instructive, or meaningful.",It can become difficult when this area carries too much of the planet's shadow: trying to control what actually needs to be understood or released.,The question is how to work with this house consciously rather than treating it as a fixed verdict.,"Describe tendencies, not fixed identity. Keep astrology traceable. Avoid prediction.",packages/astro-knowledge/data/placements/house/pluto-5.json
You,placements/house,pluto-6,Natal Pluto in the 6th House,"tldr: Pluto in the 6th house. body: Power and the urge to transform operates in the field of work, routine, health, and service. This is where the native most naturally expresses Pluto. gift: Career and effort gravitate toward work and health. voiceNeutral: true","This placement concentrates depth, power, pressure, release, and transformation in the life area of work, routine, service, maintenance, health, and daily obligations.","You may notice that work, routine, service, maintenance, health, and daily obligations repeatedly becomes a place where depth, power, pressure, release, and transformation asks for attention, choice, or development.","It can help by making this area of life more active, instructive, or meaningful.",It can become difficult when this area carries too much of the planet's shadow: trying to control what actually needs to be understood or released.,The question is how to work with this house consciously rather than treating it as a fixed verdict.,"Describe tendencies, not fixed identity. Keep astrology traceable. Avoid prediction.",packages/astro-knowledge/data/placements/house/pluto-6.json
You,placements/house,pluto-7,Natal Pluto in the 7th House,"tldr: Pluto in the 7th house. body: Power and the urge to transform operates in the field of partners, clients, and one-to-one dealings. This is where the native most naturally expresses Pluto. gift: Career and effort gravitate toward partnership. voiceNeutral: true","This placement concentrates depth, power, pressure, release, and transformation in the life area of partnership, collaboration, one-to-one bonds, and open others.","You may notice that partnership, collaboration, one-to-one bonds, and open others repeatedly becomes a place where depth, power, pressure, release, and transformation asks for attention, choice, or development.","It can help by making this area of life more active, instructive, or meaningful.",It can become difficult when this area carries too much of the planet's shadow: trying to control what actually needs to be understood or released.,The question is how to work with this house consciously rather than treating it as a fixed verdict.,"Describe tendencies, not fixed identity. Keep astrology traceable. Avoid prediction.",packages/astro-knowledge/data/placements/house/pluto-7.json
You,placements/house,pluto-8,Natal Pluto in the 8th House,"tldr: Pluto in the 8th house. body: Power and the urge to transform operates in the field of shared resources, intimacy, debt, and transformation. This is where the native most naturally expresses Pluto. gift: Career and effort gravitate toward shared resources. voiceNeutral: true","This placement concentrates depth, power, pressure, release, and transformation in the life area of shared resources, intimacy, trust, debt, inheritance, and transformation.","You may notice that shared resources, intimacy, trust, debt, inheritance, and transformation repeatedly becomes a place where depth, power, pressure, release, and transformation asks for attention, choice, or development.","It can help by making this area of life more active, instructive, or meaningful.",It can become difficult when this area carries too much of the planet's shadow: trying to control what actually needs to be understood or released.,The question is how to work with this house consciously rather than treating it as a fixed verdict.,"Describe tendencies, not fixed identity. Keep astrology traceable. Avoid prediction.",packages/astro-knowledge/data/placements/house/pluto-8.json
You,placements/house,pluto-9,Natal Pluto in the 9th House,"tldr: Pluto in the 9th house. body: Power and the urge to transform operates in the field of travel, higher learning, belief, and the big picture. This is where the native most naturally expresses Pluto. gift: Career and effort gravitate toward meaning. voiceNeutral: true","This placement concentrates depth, power, pressure, release, and transformation in the life area of beliefs, higher learning, travel, philosophy, and meaning.","You may notice that beliefs, higher learning, travel, philosophy, and meaning repeatedly becomes a place where depth, power, pressure, release, and transformation asks for attention, choice, or development.","It can help by making this area of life more active, instructive, or meaningful.",It can become difficult when this area carries too much of the planet's shadow: trying to control what actually needs to be understood or released.,The question is how to work with this house consciously rather than treating it as a fixed verdict.,"Describe tendencies, not fixed identity. Keep astrology traceable. Avoid prediction.",packages/astro-knowledge/data/placements/house/pluto-9.json
You,placements/house,saturn-1,Natal Saturn in the 1st House,"tldr: Saturn in the 1st house: you must build, mature, and face limits in your identity and body body: Saturn in the 1st house: you must build, mature, and face limits in your identity and body. Gift: lasting mastery there. Watch: fear and heaviness. With Saturn in the 1st house, structure, limits, discipline, time, responsibility, fear, mastery, and earned authority move through identity, body, presence, and first response to life. This makes how you enter the room, claim space, and let the world meet you a central part of the life. Used consciously, this placement can become commitment, competence, patience, boundaries, and the ability to create something durable. Left unconscious, it can become fear, rigidity, isolation, delay, harsh self-judgment, or treating pressure as proof that care is not allowed. gift: commitment, competence, patience, boundaries, and the ability to create something durable expressed through selfhood and embodiment. voiceNeutral: true","This placement concentrates structure, limits, responsibility, time, and consequence in the life area of self, body, identity, and first response.","You may notice that self, body, identity, and first response repeatedly becomes a place where structure, limits, responsibility, time, and consequence asks for attention, choice, or development.","It can help by making this area of life more active, instructive, or meaningful.",It can become difficult when this area carries too much of the planet's shadow: confusing caution with wisdom or delay with failure.,The question is how to work with this house consciously rather than treating it as a fixed verdict.,"Describe tendencies, not fixed identity. Keep astrology traceable. Avoid prediction.",packages/astro-knowledge/data/placements/house/saturn-1.json
You,placements/house,saturn-10,Natal Saturn in the 10th House,"tldr: Saturn in the 10th house: you must build, mature, and face limits in career, status, and public role body: Saturn in the 10th house: you must build, mature, and face limits in career, status, and public role. Gift: lasting mastery there. Watch: fear and heaviness. With Saturn in the 10th house, structure, limits, discipline, time, responsibility, fear, mastery, and earned authority move through career, public role, reputation, authority, and legacy. This makes how you become visible, take responsibility, and build a life that can be recognized a central part of the life. Used consciously, this placement can become commitment, competence, patience, boundaries, and the ability to create something durable. Left unconscious, it can become fear, rigidity, isolation, delay, harsh self-judgment, or treating pressure as proof that care is not allowed. gift: commitment, competence, patience, boundaries, and the ability to create something durable expressed through public contribution. voiceNeutral: true","This placement concentrates structure, limits, responsibility, time, and consequence in the life area of career, reputation, authority, public role, and contribution.","You may notice that career, reputation, authority, public role, and contribution repeatedly becomes a place where structure, limits, responsibility, time, and consequence asks for attention, choice, or development.","It can help by making this area of life more active, instructive, or meaningful.",It can become difficult when this area carries too much of the planet's shadow: confusing caution with wisdom or delay with failure.,The question is how to work with this house consciously rather than treating it as a fixed verdict.,"Describe tendencies, not fixed identity. Keep astrology traceable. Avoid prediction.",packages/astro-knowledge/data/placements/house/saturn-10.json
You,placements/house,saturn-11,Natal Saturn in the 11th House,"tldr: Saturn in the 11th house: you must build, mature, and face limits in friends, community, and goals body: Saturn in the 11th house: you must build, mature, and face limits in friends, community, and goals. Gift: lasting mastery there. Watch: fear and heaviness. With Saturn in the 11th house, structure, limits, discipline, time, responsibility, fear, mastery, and earned authority move through friendship, community, networks, hopes, audiences, and the future. This makes how you belong, collaborate, and give your gifts to something larger than yourself a central part of the life. Used consciously, this placement can become commitment, competence, patience, boundaries, and the ability to create something durable. Left unconscious, it can become fear, rigidity, isolation, delay, harsh self-judgment, or treating pressure as proof that care is not allowed. gift: commitment, competence, patience, boundaries, and the ability to create something durable expressed through community and future vision. voiceNeutral: true","This placement concentrates structure, limits, responsibility, time, and consequence in the life area of friendship, groups, community, hopes, allies, and future plans.","You may notice that friendship, groups, community, hopes, allies, and future plans repeatedly becomes a place where structure, limits, responsibility, time, and consequence asks for attention, choice, or development.","It can help by making this area of life more active, instructive, or meaningful.",It can become difficult when this area carries too much of the planet's shadow: confusing caution with wisdom or delay with failure.,The question is how to work with this house consciously rather than treating it as a fixed verdict.,"Describe tendencies, not fixed identity. Keep astrology traceable. Avoid prediction.",packages/astro-knowledge/data/placements/house/saturn-11.json
You,placements/house,saturn-12,Natal Saturn in the 12th House,"tldr: Saturn in the 12th house: you must build, mature, and face limits in the hidden, spiritual, and unconscious body: Saturn in the 12th house: you must build, mature, and face limits in the hidden, spiritual, and unconscious. Gift: lasting mastery there. Watch: fear and heaviness. With Saturn in the 12th house, structure, limits, discipline, time, responsibility, fear, mastery, and earned authority move through solitude, rest, hidden patterns, dreams, release, and spiritual repair. This makes how you meet what is private, unconscious, unfinished, or ready to be released a central part of the life. Used consciously, this placement can become commitment, competence, patience, boundaries, and the ability to create something durable. Left unconscious, it can become fear, rigidity, isolation, delay, harsh self-judgment, or treating pressure as proof that care is not allowed. gift: commitment, competence, patience, boundaries, and the ability to create something durable expressed through the hidden inner life. voiceNeutral: true","This placement concentrates structure, limits, responsibility, time, and consequence in the life area of solitude, the unconscious, hidden things, retreat, isolation, and release.","You may notice that solitude, the unconscious, hidden things, retreat, isolation, and release repeatedly becomes a place where structure, limits, responsibility, time, and consequence asks for attention, choice, or development.","It can help by making this area of life more active, instructive, or meaningful.",It can become difficult when this area carries too much of the planet's shadow: confusing caution with wisdom or delay with failure.,The question is how to work with this house consciously rather than treating it as a fixed verdict.,"Describe tendencies, not fixed identity. Keep astrology traceable. Avoid prediction.",packages/astro-knowledge/data/placements/house/saturn-12.json
You,placements/house,saturn-2,Natal Saturn in the 2nd House,"tldr: Saturn in the 2nd house: you must build, mature, and face limits in money, values, and self-worth body: Saturn in the 2nd house: you must build, mature, and face limits in money, values, and self-worth. Gift: lasting mastery there. Watch: fear and heaviness. With Saturn in the 2nd house, structure, limits, discipline, time, responsibility, fear, mastery, and earned authority move through money, resources, values, possessions, and self-worth. This makes how you earn, hold, spend, and define what is worth protecting a central part of the life. Used consciously, this placement can become commitment, competence, patience, boundaries, and the ability to create something durable. Left unconscious, it can become fear, rigidity, isolation, delay, harsh self-judgment, or treating pressure as proof that care is not allowed. gift: commitment, competence, patience, boundaries, and the ability to create something durable expressed through livelihood and value. voiceNeutral: true","This placement concentrates structure, limits, responsibility, time, and consequence in the life area of money, resources, possessions, and values.","You may notice that money, resources, possessions, and values repeatedly becomes a place where structure, limits, responsibility, time, and consequence asks for attention, choice, or development.","It can help by making this area of life more active, instructive, or meaningful.",It can become difficult when this area carries too much of the planet's shadow: confusing caution with wisdom or delay with failure.,The question is how to work with this house consciously rather than treating it as a fixed verdict.,"Describe tendencies, not fixed identity. Keep astrology traceable. Avoid prediction.",packages/astro-knowledge/data/placements/house/saturn-2.json
You,placements/house,saturn-3,Natal Saturn in the 3rd House,"tldr: Saturn in the 3rd house: you must build, mature, and face limits in communication and daily life body: Saturn in the 3rd house: you must build, mature, and face limits in communication and daily life. Gift: lasting mastery there. Watch: fear and heaviness. With Saturn in the 3rd house, structure, limits, discipline, time, responsibility, fear, mastery, and earned authority move through communication, learning, siblings, neighbors, and daily movement. This makes how you speak, study, write, listen, and move through the immediate world a central part of the life. Used consciously, this placement can become commitment, competence, patience, boundaries, and the ability to create something durable. Left unconscious, it can become fear, rigidity, isolation, delay, harsh self-judgment, or treating pressure as proof that care is not allowed. gift: commitment, competence, patience, boundaries, and the ability to create something durable expressed through voice and daily mind. voiceNeutral: true","This placement concentrates structure, limits, responsibility, time, and consequence in the life area of communication, siblings, local life, daily movement, and immediate environment.","You may notice that communication, siblings, local life, daily movement, and immediate environment repeatedly becomes a place where structure, limits, responsibility, time, and consequence asks for attention, choice, or development.","It can help by making this area of life more active, instructive, or meaningful.",It can become difficult when this area carries too much of the planet's shadow: confusing caution with wisdom or delay with failure.,The question is how to work with this house consciously rather than treating it as a fixed verdict.,"Describe tendencies, not fixed identity. Keep astrology traceable. Avoid prediction.",packages/astro-knowledge/data/placements/house/saturn-3.json
You,placements/house,saturn-4,Natal Saturn in the 4th House,"tldr: Saturn in the 4th house: you must build, mature, and face limits in home, family, and roots body: Saturn in the 4th house: you must build, mature, and face limits in home, family, and roots. Gift: lasting mastery there. Watch: fear and heaviness. With Saturn in the 4th house, structure, limits, discipline, time, responsibility, fear, mastery, and earned authority move through home, family, roots, privacy, and emotional foundations. This makes what makes you feel rooted, protected, and emotionally held a central part of the life. Used consciously, this placement can become commitment, competence, patience, boundaries, and the ability to create something durable. Left unconscious, it can become fear, rigidity, isolation, delay, harsh self-judgment, or treating pressure as proof that care is not allowed. gift: commitment, competence, patience, boundaries, and the ability to create something durable expressed through home and roots. voiceNeutral: true","This placement concentrates structure, limits, responsibility, time, and consequence in the life area of home, family, roots, privacy, and emotional foundation.","You may notice that home, family, roots, privacy, and emotional foundation repeatedly becomes a place where structure, limits, responsibility, time, and consequence asks for attention, choice, or development.","It can help by making this area of life more active, instructive, or meaningful.",It can become difficult when this area carries too much of the planet's shadow: confusing caution with wisdom or delay with failure.,The question is how to work with this house consciously rather than treating it as a fixed verdict.,"Describe tendencies, not fixed identity. Keep astrology traceable. Avoid prediction.",packages/astro-knowledge/data/placements/house/saturn-4.json
You,placements/house,saturn-5,Natal Saturn in the 5th House,"tldr: Saturn in the 5th house: you must build, mature, and face limits in creativity, romance, and play body: Saturn in the 5th house: you must build, mature, and face limits in creativity, romance, and play. Gift: lasting mastery there. Watch: fear and heaviness. With Saturn in the 5th house, structure, limits, discipline, time, responsibility, fear, mastery, and earned authority move through creativity, joy, romance, pleasure, play, and children. This makes how you create, flirt, play, risk, and let pleasure be part of life a central part of the life. Used consciously, this placement can become commitment, competence, patience, boundaries, and the ability to create something durable. Left unconscious, it can become fear, rigidity, isolation, delay, harsh self-judgment, or treating pressure as proof that care is not allowed. gift: commitment, competence, patience, boundaries, and the ability to create something durable expressed through joy and self-expression. voiceNeutral: true","This placement concentrates structure, limits, responsibility, time, and consequence in the life area of creativity, romance, play, joy, and self-expression.","You may notice that creativity, romance, play, joy, and self-expression repeatedly becomes a place where structure, limits, responsibility, time, and consequence asks for attention, choice, or development.","It can help by making this area of life more active, instructive, or meaningful.",It can become difficult when this area carries too much of the planet's shadow: confusing caution with wisdom or delay with failure.,The question is how to work with this house consciously rather than treating it as a fixed verdict.,"Describe tendencies, not fixed identity. Keep astrology traceable. Avoid prediction.",packages/astro-knowledge/data/placements/house/saturn-5.json
You,placements/house,saturn-6,Natal Saturn in the 6th House,"tldr: Saturn in the 6th house: you must build, mature, and face limits in work, health, and routine body: Saturn in the 6th house: you must build, mature, and face limits in work, health, and routine. Gift: lasting mastery there. Watch: fear and heaviness. With Saturn in the 6th house, structure, limits, discipline, time, responsibility, fear, mastery, and earned authority move through daily work, health, habits, service, maintenance, and labor. This makes how your days are built and whether your routine supports the life you say you want a central part of the life. Used consciously, this placement can become commitment, competence, patience, boundaries, and the ability to create something durable. Left unconscious, it can become fear, rigidity, isolation, delay, harsh self-judgment, or treating pressure as proof that care is not allowed. gift: commitment, competence, patience, boundaries, and the ability to create something durable expressed through rhythm and service. voiceNeutral: true","This placement concentrates structure, limits, responsibility, time, and consequence in the life area of work, routine, service, maintenance, health, and daily obligations.","You may notice that work, routine, service, maintenance, health, and daily obligations repeatedly becomes a place where structure, limits, responsibility, time, and consequence asks for attention, choice, or development.","It can help by making this area of life more active, instructive, or meaningful.",It can become difficult when this area carries too much of the planet's shadow: confusing caution with wisdom or delay with failure.,The question is how to work with this house consciously rather than treating it as a fixed verdict.,"Describe tendencies, not fixed identity. Keep astrology traceable. Avoid prediction.",packages/astro-knowledge/data/placements/house/saturn-6.json
You,placements/house,saturn-7,Natal Saturn in the 7th House,"tldr: Saturn in the 7th house: you must build, mature, and face limits in partnership and one-to-one bonds body: Saturn in the 7th house: you must build, mature, and face limits in partnership and one-to-one bonds. Gift: lasting mastery there. Watch: fear and heaviness. With Saturn in the 7th house, structure, limits, discipline, time, responsibility, fear, mastery, and earned authority move through partnership, marriage, clients, contracts, and open conflict. This makes how you meet others, let yourself be met, and handle equality in relationship a central part of the life. Used consciously, this placement can become commitment, competence, patience, boundaries, and the ability to create something durable. Left unconscious, it can become fear, rigidity, isolation, delay, harsh self-judgment, or treating pressure as proof that care is not allowed. gift: commitment, competence, patience, boundaries, and the ability to create something durable expressed through one-to-one bonds. voiceNeutral: true","This placement concentrates structure, limits, responsibility, time, and consequence in the life area of partnership, collaboration, one-to-one bonds, and open others.","You may notice that partnership, collaboration, one-to-one bonds, and open others repeatedly becomes a place where structure, limits, responsibility, time, and consequence asks for attention, choice, or development.","It can help by making this area of life more active, instructive, or meaningful.",It can become difficult when this area carries too much of the planet's shadow: confusing caution with wisdom or delay with failure.,The question is how to work with this house consciously rather than treating it as a fixed verdict.,"Describe tendencies, not fixed identity. Keep astrology traceable. Avoid prediction.",packages/astro-knowledge/data/placements/house/saturn-7.json
You,placements/house,saturn-8,Natal Saturn in the 8th House,"tldr: Saturn in the 8th house: you must build, mature, and face limits in intimacy, shared resources, and transformation body: Saturn in the 8th house: you must build, mature, and face limits in intimacy, shared resources, and transformation. Gift: lasting mastery there. Watch: fear and heaviness. With Saturn in the 8th house, structure, limits, discipline, time, responsibility, fear, mastery, and earned authority move through shared resources, trust, intimacy, debt, grief, and deep repair. This makes how you merge, trust, release control, and handle what cannot stay superficial a central part of the life. Used consciously, this placement can become commitment, competence, patience, boundaries, and the ability to create something durable. Left unconscious, it can become fear, rigidity, isolation, delay, harsh self-judgment, or treating pressure as proof that care is not allowed. gift: commitment, competence, patience, boundaries, and the ability to create something durable expressed through shared depth and vulnerability. voiceNeutral: true","This placement concentrates structure, limits, responsibility, time, and consequence in the life area of shared resources, intimacy, trust, debt, inheritance, and transformation.","You may notice that shared resources, intimacy, trust, debt, inheritance, and transformation repeatedly becomes a place where structure, limits, responsibility, time, and consequence asks for attention, choice, or development.","It can help by making this area of life more active, instructive, or meaningful.",It can become difficult when this area carries too much of the planet's shadow: confusing caution with wisdom or delay with failure.,The question is how to work with this house consciously rather than treating it as a fixed verdict.,"Describe tendencies, not fixed identity. Keep astrology traceable. Avoid prediction.",packages/astro-knowledge/data/placements/house/saturn-8.json
You,placements/house,saturn-9,Natal Saturn in the 9th House,"tldr: Saturn in the 9th house: you must build, mature, and face limits in beliefs, travel, and meaning body: Saturn in the 9th house: you must build, mature, and face limits in beliefs, travel, and meaning. Gift: lasting mastery there. Watch: fear and heaviness. With Saturn in the 9th house, structure, limits, discipline, time, responsibility, fear, mastery, and earned authority move through belief, faith, travel, higher learning, publishing, and meaning. This makes how you search for truth, widen your world, and live what you believe a central part of the life. Used consciously, this placement can become commitment, competence, patience, boundaries, and the ability to create something durable. Left unconscious, it can become fear, rigidity, isolation, delay, harsh self-judgment, or treating pressure as proof that care is not allowed. gift: commitment, competence, patience, boundaries, and the ability to create something durable expressed through wisdom and expansion. voiceNeutral: true","This placement concentrates structure, limits, responsibility, time, and consequence in the life area of beliefs, higher learning, travel, philosophy, and meaning.","You may notice that beliefs, higher learning, travel, philosophy, and meaning repeatedly becomes a place where structure, limits, responsibility, time, and consequence asks for attention, choice, or development.","It can help by making this area of life more active, instructive, or meaningful.",It can become difficult when this area carries too much of the planet's shadow: confusing caution with wisdom or delay with failure.,The question is how to work with this house consciously rather than treating it as a fixed verdict.,"Describe tendencies, not fixed identity. Keep astrology traceable. Avoid prediction.",packages/astro-knowledge/data/placements/house/saturn-9.json
You,placements/house,sun-1,Natal Sun in the 1st House,"tldr: Sun in the 1st house: identity and vitality center on your identity and body body: Sun in the 1st house: identity and vitality center on your identity and body. Gift: you shine there. Watch: ego tied to it. With the Sun in the 1st house, identity, vitality, visibility, and the need to live from a clear center move through identity, body, presence, and first response to life. This makes how you enter the room, claim space, and let the world meet you a central part of the life. Used consciously, this placement can become presence, confidence, creative authority, and a stronger sense of purpose. Left unconscious, it can become over-identifying with this area, needing recognition here, or confusing attention with self-worth. gift: presence, confidence, creative authority, and a stronger sense of purpose expressed through selfhood and embodiment. voiceNeutral: true","This placement concentrates attention, vitality, visibility, and confidence in the life area of self, body, identity, and first response.","You may notice that self, body, identity, and first response repeatedly becomes a place where attention, vitality, visibility, and confidence asks for attention, choice, or development.","It can help by making this area of life more active, instructive, or meaningful.","It can become difficult when this area carries too much of the planet's shadow: needing certainty, approval, or control before acting.",The question is how to work with this house consciously rather than treating it as a fixed verdict.,"Describe tendencies, not fixed identity. Keep astrology traceable. Avoid prediction.",packages/astro-knowledge/data/placements/house/sun-1.json
You,placements/house,sun-10,Natal Sun in the 10th House,"tldr: Sun in the 10th house: identity and vitality center on career, status, and public role body: Sun in the 10th house: identity and vitality center on career, status, and public role. Gift: you shine there. Watch: ego tied to it. With the Sun in the 10th house, identity, vitality, visibility, and the need to live from a clear center move through career, public role, reputation, authority, and legacy. This makes how you become visible, take responsibility, and build a life that can be recognized a central part of the life. Used consciously, this placement can become presence, confidence, creative authority, and a stronger sense of purpose. Left unconscious, it can become over-identifying with this area, needing recognition here, or confusing attention with self-worth. gift: presence, confidence, creative authority, and a stronger sense of purpose expressed through public contribution. voiceNeutral: true","This placement concentrates attention, vitality, visibility, and confidence in the life area of career, reputation, authority, public role, and contribution.","You may notice that career, reputation, authority, public role, and contribution repeatedly becomes a place where attention, vitality, visibility, and confidence asks for attention, choice, or development.","It can help by making this area of life more active, instructive, or meaningful.","It can become difficult when this area carries too much of the planet's shadow: needing certainty, approval, or control before acting.",The question is how to work with this house consciously rather than treating it as a fixed verdict.,"Describe tendencies, not fixed identity. Keep astrology traceable. Avoid prediction.",packages/astro-knowledge/data/placements/house/sun-10.json
You,placements/house,sun-11,Natal Sun in the 11th House,"tldr: Sun in the 11th house: identity and vitality center on friends, community, and goals body: Sun in the 11th house: identity and vitality center on friends, community, and goals. Gift: you shine there. Watch: ego tied to it. With the Sun in the 11th house, identity, vitality, visibility, and the need to live from a clear center move through friendship, community, networks, hopes, audiences, and the future. This makes how you belong, collaborate, and give your gifts to something larger than yourself a central part of the life. Used consciously, this placement can become presence, confidence, creative authority, and a stronger sense of purpose. Left unconscious, it can become over-identifying with this area, needing recognition here, or confusing attention with self-worth. gift: presence, confidence, creative authority, and a stronger sense of purpose expressed through community and future vision. voiceNeutral: true","This placement concentrates attention, vitality, visibility, and confidence in the life area of friendship, groups, community, hopes, allies, and future plans.","You may notice that friendship, groups, community, hopes, allies, and future plans repeatedly becomes a place where attention, vitality, visibility, and confidence asks for attention, choice, or development.","It can help by making this area of life more active, instructive, or meaningful.","It can become difficult when this area carries too much of the planet's shadow: needing certainty, approval, or control before acting.",The question is how to work with this house consciously rather than treating it as a fixed verdict.,"Describe tendencies, not fixed identity. Keep astrology traceable. Avoid prediction.",packages/astro-knowledge/data/placements/house/sun-11.json
You,placements/house,sun-12,Natal Sun in the 12th House,"tldr: Sun in the 12th house: identity and vitality center on the hidden, spiritual, and unconscious body: Sun in the 12th house: identity and vitality center on the hidden, spiritual, and unconscious. Gift: you shine there. Watch: ego tied to it. With the Sun in the 12th house, identity, vitality, visibility, and the need to live from a clear center move through solitude, rest, hidden patterns, dreams, release, and spiritual repair. This makes how you meet what is private, unconscious, unfinished, or ready to be released a central part of the life. Used consciously, this placement can become presence, confidence, creative authority, and a stronger sense of purpose. Left unconscious, it can become over-identifying with this area, needing recognition here, or confusing attention with self-worth. gift: presence, confidence, creative authority, and a stronger sense of purpose expressed through the hidden inner life. voiceNeutral: true","This placement concentrates attention, vitality, visibility, and confidence in the life area of solitude, the unconscious, hidden things, retreat, isolation, and release.","You may notice that solitude, the unconscious, hidden things, retreat, isolation, and release repeatedly becomes a place where attention, vitality, visibility, and confidence asks for attention, choice, or development.","It can help by making this area of life more active, instructive, or meaningful.","It can become difficult when this area carries too much of the planet's shadow: needing certainty, approval, or control before acting.",The question is how to work with this house consciously rather than treating it as a fixed verdict.,"Describe tendencies, not fixed identity. Keep astrology traceable. Avoid prediction.",packages/astro-knowledge/data/placements/house/sun-12.json
You,placements/house,sun-2,Natal Sun in the 2nd House,"tldr: Sun in the 2nd house: identity and vitality center on money, values, and self-worth body: Sun in the 2nd house: identity and vitality center on money, values, and self-worth. Gift: you shine there. Watch: ego tied to it. With the Sun in the 2nd house, identity, vitality, visibility, and the need to live from a clear center move through money, resources, values, possessions, and self-worth. This makes how you earn, hold, spend, and define what is worth protecting a central part of the life. Used consciously, this placement can become presence, confidence, creative authority, and a stronger sense of purpose. Left unconscious, it can become over-identifying with this area, needing recognition here, or confusing attention with self-worth. gift: presence, confidence, creative authority, and a stronger sense of purpose expressed through livelihood and value. voiceNeutral: true","This placement concentrates attention, vitality, visibility, and confidence in the life area of money, resources, possessions, and values.","You may notice that money, resources, possessions, and values repeatedly becomes a place where attention, vitality, visibility, and confidence asks for attention, choice, or development.","It can help by making this area of life more active, instructive, or meaningful.","It can become difficult when this area carries too much of the planet's shadow: needing certainty, approval, or control before acting.",The question is how to work with this house consciously rather than treating it as a fixed verdict.,"Describe tendencies, not fixed identity. Keep astrology traceable. Avoid prediction.",packages/astro-knowledge/data/placements/house/sun-2.json
You,placements/house,sun-3,Natal Sun in the 3rd House,"tldr: Sun in the 3rd house: identity and vitality center on communication and daily life body: Sun in the 3rd house: identity and vitality center on communication and daily life. Gift: you shine there. Watch: ego tied to it. With the Sun in the 3rd house, identity, vitality, visibility, and the need to live from a clear center move through communication, learning, siblings, neighbors, and daily movement. This makes how you speak, study, write, listen, and move through the immediate world a central part of the life. Used consciously, this placement can become presence, confidence, creative authority, and a stronger sense of purpose. Left unconscious, it can become over-identifying with this area, needing recognition here, or confusing attention with self-worth. gift: presence, confidence, creative authority, and a stronger sense of purpose expressed through voice and daily mind. voiceNeutral: true","This placement concentrates attention, vitality, visibility, and confidence in the life area of communication, siblings, local life, daily movement, and immediate environment.","You may notice that communication, siblings, local life, daily movement, and immediate environment repeatedly becomes a place where attention, vitality, visibility, and confidence asks for attention, choice, or development.","It can help by making this area of life more active, instructive, or meaningful.","It can become difficult when this area carries too much of the planet's shadow: needing certainty, approval, or control before acting.",The question is how to work with this house consciously rather than treating it as a fixed verdict.,"Describe tendencies, not fixed identity. Keep astrology traceable. Avoid prediction.",packages/astro-knowledge/data/placements/house/sun-3.json
You,placements/house,sun-4,Natal Sun in the 4th House,"tldr: Sun in the 4th house: identity and vitality center on home, family, and roots body: Sun in the 4th house: identity and vitality center on home, family, and roots. Gift: you shine there. Watch: ego tied to it. With the Sun in the 4th house, identity, vitality, visibility, and the need to live from a clear center move through home, family, roots, privacy, and emotional foundations. This makes what makes you feel rooted, protected, and emotionally held a central part of the life. Used consciously, this placement can become presence, confidence, creative authority, and a stronger sense of purpose. Left unconscious, it can become over-identifying with this area, needing recognition here, or confusing attention with self-worth. gift: presence, confidence, creative authority, and a stronger sense of purpose expressed through home and roots. voiceNeutral: true","This placement concentrates attention, vitality, visibility, and confidence in the life area of home, family, roots, privacy, and emotional foundation.","You may notice that home, family, roots, privacy, and emotional foundation repeatedly becomes a place where attention, vitality, visibility, and confidence asks for attention, choice, or development.","It can help by making this area of life more active, instructive, or meaningful.","It can become difficult when this area carries too much of the planet's shadow: needing certainty, approval, or control before acting.",The question is how to work with this house consciously rather than treating it as a fixed verdict.,"Describe tendencies, not fixed identity. Keep astrology traceable. Avoid prediction.",packages/astro-knowledge/data/placements/house/sun-4.json
You,placements/house,sun-5,Natal Sun in the 5th House,"tldr: Sun in the 5th house: identity and vitality center on creativity, romance, and play body: Sun in the 5th house: identity and vitality center on creativity, romance, and play. Gift: you shine there. Watch: ego tied to it. With the Sun in the 5th house, identity, vitality, visibility, and the need to live from a clear center move through creativity, joy, romance, pleasure, play, and children. This makes how you create, flirt, play, risk, and let pleasure be part of life a central part of the life. Used consciously, this placement can become presence, confidence, creative authority, and a stronger sense of purpose. Left unconscious, it can become over-identifying with this area, needing recognition here, or confusing attention with self-worth. gift: presence, confidence, creative authority, and a stronger sense of purpose expressed through joy and self-expression. voiceNeutral: true","This placement concentrates attention, vitality, visibility, and confidence in the life area of creativity, romance, play, joy, and self-expression.","You may notice that creativity, romance, play, joy, and self-expression repeatedly becomes a place where attention, vitality, visibility, and confidence asks for attention, choice, or development.","It can help by making this area of life more active, instructive, or meaningful.","It can become difficult when this area carries too much of the planet's shadow: needing certainty, approval, or control before acting.",The question is how to work with this house consciously rather than treating it as a fixed verdict.,"Describe tendencies, not fixed identity. Keep astrology traceable. Avoid prediction.",packages/astro-knowledge/data/placements/house/sun-5.json
You,placements/house,sun-6,Natal Sun in the 6th House,"tldr: Sun in the 6th house: identity and vitality center on work, health, and routine body: Sun in the 6th house: identity and vitality center on work, health, and routine. Gift: you shine there. Watch: ego tied to it. With the Sun in the 6th house, identity, vitality, visibility, and the need to live from a clear center move through daily work, health, habits, service, maintenance, and labor. This makes how your days are built and whether your routine supports the life you say you want a central part of the life. Used consciously, this placement can become presence, confidence, creative authority, and a stronger sense of purpose. Left unconscious, it can become over-identifying with this area, needing recognition here, or confusing attention with self-worth. gift: presence, confidence, creative authority, and a stronger sense of purpose expressed through rhythm and service. voiceNeutral: true","This placement concentrates attention, vitality, visibility, and confidence in the life area of work, routine, service, maintenance, health, and daily obligations.","You may notice that work, routine, service, maintenance, health, and daily obligations repeatedly becomes a place where attention, vitality, visibility, and confidence asks for attention, choice, or development.","It can help by making this area of life more active, instructive, or meaningful.","It can become difficult when this area carries too much of the planet's shadow: needing certainty, approval, or control before acting.",The question is how to work with this house consciously rather than treating it as a fixed verdict.,"Describe tendencies, not fixed identity. Keep astrology traceable. Avoid prediction.",packages/astro-knowledge/data/placements/house/sun-6.json
You,placements/house,sun-7,Natal Sun in the 7th House,"tldr: Sun in the 7th house: identity and vitality center on partnership and one-to-one bonds body: Sun in the 7th house: identity and vitality center on partnership and one-to-one bonds. Gift: you shine there. Watch: ego tied to it. With the Sun in the 7th house, identity, vitality, visibility, and the need to live from a clear center move through partnership, marriage, clients, contracts, and open conflict. This makes how you meet others, let yourself be met, and handle equality in relationship a central part of the life. Used consciously, this placement can become presence, confidence, creative authority, and a stronger sense of purpose. Left unconscious, it can become over-identifying with this area, needing recognition here, or confusing attention with self-worth. gift: presence, confidence, creative authority, and a stronger sense of purpose expressed through one-to-one bonds. voiceNeutral: true","This placement concentrates attention, vitality, visibility, and confidence in the life area of partnership, collaboration, one-to-one bonds, and open others.","You may notice that partnership, collaboration, one-to-one bonds, and open others repeatedly becomes a place where attention, vitality, visibility, and confidence asks for attention, choice, or development.","It can help by making this area of life more active, instructive, or meaningful.","It can become difficult when this area carries too much of the planet's shadow: needing certainty, approval, or control before acting.",The question is how to work with this house consciously rather than treating it as a fixed verdict.,"Describe tendencies, not fixed identity. Keep astrology traceable. Avoid prediction.",packages/astro-knowledge/data/placements/house/sun-7.json
You,placements/house,sun-8,Natal Sun in the 8th House,"tldr: Sun in the 8th house: identity and vitality center on intimacy, shared resources, and transformation body: Sun in the 8th house: identity and vitality center on intimacy, shared resources, and transformation. Gift: you shine there. Watch: ego tied to it. With the Sun in the 8th house, identity, vitality, visibility, and the need to live from a clear center move through shared resources, trust, intimacy, debt, grief, and deep repair. This makes how you merge, trust, release control, and handle what cannot stay superficial a central part of the life. Used consciously, this placement can become presence, confidence, creative authority, and a stronger sense of purpose. Left unconscious, it can become over-identifying with this area, needing recognition here, or confusing attention with self-worth. gift: presence, confidence, creative authority, and a stronger sense of purpose expressed through shared depth and vulnerability. voiceNeutral: true","This placement concentrates attention, vitality, visibility, and confidence in the life area of shared resources, intimacy, trust, debt, inheritance, and transformation.","You may notice that shared resources, intimacy, trust, debt, inheritance, and transformation repeatedly becomes a place where attention, vitality, visibility, and confidence asks for attention, choice, or development.","It can help by making this area of life more active, instructive, or meaningful.","It can become difficult when this area carries too much of the planet's shadow: needing certainty, approval, or control before acting.",The question is how to work with this house consciously rather than treating it as a fixed verdict.,"Describe tendencies, not fixed identity. Keep astrology traceable. Avoid prediction.",packages/astro-knowledge/data/placements/house/sun-8.json
You,placements/house,sun-9,Natal Sun in the 9th House,"tldr: Sun in the 9th house: identity and vitality center on beliefs, travel, and meaning body: Sun in the 9th house: identity and vitality center on beliefs, travel, and meaning. Gift: you shine there. Watch: ego tied to it. With the Sun in the 9th house, identity, vitality, visibility, and the need to live from a clear center move through belief, faith, travel, higher learning, publishing, and meaning. This makes how you search for truth, widen your world, and live what you believe a central part of the life. Used consciously, this placement can become presence, confidence, creative authority, and a stronger sense of purpose. Left unconscious, it can become over-identifying with this area, needing recognition here, or confusing attention with self-worth. gift: presence, confidence, creative authority, and a stronger sense of purpose expressed through wisdom and expansion. voiceNeutral: true","This placement concentrates attention, vitality, visibility, and confidence in the life area of beliefs, higher learning, travel, philosophy, and meaning.","You may notice that beliefs, higher learning, travel, philosophy, and meaning repeatedly becomes a place where attention, vitality, visibility, and confidence asks for attention, choice, or development.","It can help by making this area of life more active, instructive, or meaningful.","It can become difficult when this area carries too much of the planet's shadow: needing certainty, approval, or control before acting.",The question is how to work with this house consciously rather than treating it as a fixed verdict.,"Describe tendencies, not fixed identity. Keep astrology traceable. Avoid prediction.",packages/astro-knowledge/data/placements/house/sun-9.json
You,placements/house,uranus-1,Natal Uranus in the 1st House,"tldr: Uranus in the 1st house. body: The urge to disrupt and break free operates in the field of the self, body, and personal initiative. This is where the native most naturally expresses Uranus. gift: Career and effort gravitate toward self. voiceNeutral: true","This placement concentrates change, disruption, freedom, and originality in the life area of self, body, identity, and first response.","You may notice that self, body, identity, and first response repeatedly becomes a place where change, disruption, freedom, and originality asks for attention, choice, or development.","It can help by making this area of life more active, instructive, or meaningful.",It can become difficult when this area carries too much of the planet's shadow: breaking pattern for the sake of escape rather than truth.,The question is how to work with this house consciously rather than treating it as a fixed verdict.,"Describe tendencies, not fixed identity. Keep astrology traceable. Avoid prediction.",packages/astro-knowledge/data/placements/house/uranus-1.json
You,placements/house,uranus-10,Natal Uranus in the 10th House,"tldr: Uranus in the 10th house. body: The urge to disrupt and break free operates in the field of career, reputation, and public standing. This is where the native most naturally expresses Uranus. gift: Career and effort gravitate toward career. voiceNeutral: true","This placement concentrates change, disruption, freedom, and originality in the life area of career, reputation, authority, public role, and contribution.","You may notice that career, reputation, authority, public role, and contribution repeatedly becomes a place where change, disruption, freedom, and originality asks for attention, choice, or development.","It can help by making this area of life more active, instructive, or meaningful.",It can become difficult when this area carries too much of the planet's shadow: breaking pattern for the sake of escape rather than truth.,The question is how to work with this house consciously rather than treating it as a fixed verdict.,"Describe tendencies, not fixed identity. Keep astrology traceable. Avoid prediction.",packages/astro-knowledge/data/placements/house/uranus-10.json
You,placements/house,uranus-11,Natal Uranus in the 11th House,"tldr: Uranus in the 11th house. body: The urge to disrupt and break free operates in the field of friends, allies, groups, and long-range goals. This is where the native most naturally expresses Uranus. gift: Career and effort gravitate toward community. voiceNeutral: true","This placement concentrates change, disruption, freedom, and originality in the life area of friendship, groups, community, hopes, allies, and future plans.","You may notice that friendship, groups, community, hopes, allies, and future plans repeatedly becomes a place where change, disruption, freedom, and originality asks for attention, choice, or development.","It can help by making this area of life more active, instructive, or meaningful.",It can become difficult when this area carries too much of the planet's shadow: breaking pattern for the sake of escape rather than truth.,The question is how to work with this house consciously rather than treating it as a fixed verdict.,"Describe tendencies, not fixed identity. Keep astrology traceable. Avoid prediction.",packages/astro-knowledge/data/placements/house/uranus-11.json
You,placements/house,uranus-12,Natal Uranus in the 12th House,"tldr: Uranus in the 12th house. body: The urge to disrupt and break free operates in the field of solitude, the hidden, loss, and the inner life. This is where the native most naturally expresses Uranus. gift: Career and effort gravitate toward the hidden. voiceNeutral: true","This placement concentrates change, disruption, freedom, and originality in the life area of solitude, the unconscious, hidden things, retreat, isolation, and release.","You may notice that solitude, the unconscious, hidden things, retreat, isolation, and release repeatedly becomes a place where change, disruption, freedom, and originality asks for attention, choice, or development.","It can help by making this area of life more active, instructive, or meaningful.",It can become difficult when this area carries too much of the planet's shadow: breaking pattern for the sake of escape rather than truth.,The question is how to work with this house consciously rather than treating it as a fixed verdict.,"Describe tendencies, not fixed identity. Keep astrology traceable. Avoid prediction.",packages/astro-knowledge/data/placements/house/uranus-12.json
You,placements/house,uranus-2,Natal Uranus in the 2nd House,"tldr: Uranus in the 2nd house. body: The urge to disrupt and break free operates in the field of money, resources, and what you value. This is where the native most naturally expresses Uranus. gift: Career and effort gravitate toward resources. voiceNeutral: true","This placement concentrates change, disruption, freedom, and originality in the life area of money, resources, possessions, and values.","You may notice that money, resources, possessions, and values repeatedly becomes a place where change, disruption, freedom, and originality asks for attention, choice, or development.","It can help by making this area of life more active, instructive, or meaningful.",It can become difficult when this area carries too much of the planet's shadow: breaking pattern for the sake of escape rather than truth.,The question is how to work with this house consciously rather than treating it as a fixed verdict.,"Describe tendencies, not fixed identity. Keep astrology traceable. Avoid prediction.",packages/astro-knowledge/data/placements/house/uranus-2.json
You,placements/house,uranus-3,Natal Uranus in the 3rd House,"tldr: Uranus in the 3rd house. body: The urge to disrupt and break free operates in the field of communication, learning, and the local. This is where the native most naturally expresses Uranus. gift: Career and effort gravitate toward communication. voiceNeutral: true","This placement concentrates change, disruption, freedom, and originality in the life area of communication, siblings, local life, daily movement, and immediate environment.","You may notice that communication, siblings, local life, daily movement, and immediate environment repeatedly becomes a place where change, disruption, freedom, and originality asks for attention, choice, or development.","It can help by making this area of life more active, instructive, or meaningful.",It can become difficult when this area carries too much of the planet's shadow: breaking pattern for the sake of escape rather than truth.,The question is how to work with this house consciously rather than treating it as a fixed verdict.,"Describe tendencies, not fixed identity. Keep astrology traceable. Avoid prediction.",packages/astro-knowledge/data/placements/house/uranus-3.json
You,placements/house,uranus-4,Natal Uranus in the 4th House,"tldr: Uranus in the 4th house. body: The urge to disrupt and break free operates in the field of home, family, and foundations. This is where the native most naturally expresses Uranus. gift: Career and effort gravitate toward home. voiceNeutral: true","This placement concentrates change, disruption, freedom, and originality in the life area of home, family, roots, privacy, and emotional foundation.","You may notice that home, family, roots, privacy, and emotional foundation repeatedly becomes a place where change, disruption, freedom, and originality asks for attention, choice, or development.","It can help by making this area of life more active, instructive, or meaningful.",It can become difficult when this area carries too much of the planet's shadow: breaking pattern for the sake of escape rather than truth.,The question is how to work with this house consciously rather than treating it as a fixed verdict.,"Describe tendencies, not fixed identity. Keep astrology traceable. Avoid prediction.",packages/astro-knowledge/data/placements/house/uranus-4.json
You,placements/house,uranus-5,Natal Uranus in the 5th House,"tldr: Uranus in the 5th house. body: The urge to disrupt and break free operates in the field of creativity, romance, children, and play. This is where the native most naturally expresses Uranus. gift: Career and effort gravitate toward creativity. voiceNeutral: true","This placement concentrates change, disruption, freedom, and originality in the life area of creativity, romance, play, joy, and self-expression.","You may notice that creativity, romance, play, joy, and self-expression repeatedly becomes a place where change, disruption, freedom, and originality asks for attention, choice, or development.","It can help by making this area of life more active, instructive, or meaningful.",It can become difficult when this area carries too much of the planet's shadow: breaking pattern for the sake of escape rather than truth.,The question is how to work with this house consciously rather than treating it as a fixed verdict.,"Describe tendencies, not fixed identity. Keep astrology traceable. Avoid prediction.",packages/astro-knowledge/data/placements/house/uranus-5.json
You,placements/house,uranus-6,Natal Uranus in the 6th House,"tldr: Uranus in the 6th house. body: The urge to disrupt and break free operates in the field of work, routine, health, and service. This is where the native most naturally expresses Uranus. gift: Career and effort gravitate toward work and health. voiceNeutral: true","This placement concentrates change, disruption, freedom, and originality in the life area of work, routine, service, maintenance, health, and daily obligations.","You may notice that work, routine, service, maintenance, health, and daily obligations repeatedly becomes a place where change, disruption, freedom, and originality asks for attention, choice, or development.","It can help by making this area of life more active, instructive, or meaningful.",It can become difficult when this area carries too much of the planet's shadow: breaking pattern for the sake of escape rather than truth.,The question is how to work with this house consciously rather than treating it as a fixed verdict.,"Describe tendencies, not fixed identity. Keep astrology traceable. Avoid prediction.",packages/astro-knowledge/data/placements/house/uranus-6.json
You,placements/house,uranus-7,Natal Uranus in the 7th House,"tldr: Uranus in the 7th house. body: The urge to disrupt and break free operates in the field of partners, clients, and one-to-one dealings. This is where the native most naturally expresses Uranus. gift: Career and effort gravitate toward partnership. voiceNeutral: true","This placement concentrates change, disruption, freedom, and originality in the life area of partnership, collaboration, one-to-one bonds, and open others.","You may notice that partnership, collaboration, one-to-one bonds, and open others repeatedly becomes a place where change, disruption, freedom, and originality asks for attention, choice, or development.","It can help by making this area of life more active, instructive, or meaningful.",It can become difficult when this area carries too much of the planet's shadow: breaking pattern for the sake of escape rather than truth.,The question is how to work with this house consciously rather than treating it as a fixed verdict.,"Describe tendencies, not fixed identity. Keep astrology traceable. Avoid prediction.",packages/astro-knowledge/data/placements/house/uranus-7.json
You,placements/house,uranus-8,Natal Uranus in the 8th House,"tldr: Uranus in the 8th house. body: The urge to disrupt and break free operates in the field of shared resources, intimacy, debt, and transformation. This is where the native most naturally expresses Uranus. gift: Career and effort gravitate toward shared resources. voiceNeutral: true","This placement concentrates change, disruption, freedom, and originality in the life area of shared resources, intimacy, trust, debt, inheritance, and transformation.","You may notice that shared resources, intimacy, trust, debt, inheritance, and transformation repeatedly becomes a place where change, disruption, freedom, and originality asks for attention, choice, or development.","It can help by making this area of life more active, instructive, or meaningful.",It can become difficult when this area carries too much of the planet's shadow: breaking pattern for the sake of escape rather than truth.,The question is how to work with this house consciously rather than treating it as a fixed verdict.,"Describe tendencies, not fixed identity. Keep astrology traceable. Avoid prediction.",packages/astro-knowledge/data/placements/house/uranus-8.json
You,placements/house,uranus-9,Natal Uranus in the 9th House,"tldr: Uranus in the 9th house. body: The urge to disrupt and break free operates in the field of travel, higher learning, belief, and the big picture. This is where the native most naturally expresses Uranus. gift: Career and effort gravitate toward meaning. voiceNeutral: true","This placement concentrates change, disruption, freedom, and originality in the life area of beliefs, higher learning, travel, philosophy, and meaning.","You may notice that beliefs, higher learning, travel, philosophy, and meaning repeatedly becomes a place where change, disruption, freedom, and originality asks for attention, choice, or development.","It can help by making this area of life more active, instructive, or meaningful.",It can become difficult when this area carries too much of the planet's shadow: breaking pattern for the sake of escape rather than truth.,The question is how to work with this house consciously rather than treating it as a fixed verdict.,"Describe tendencies, not fixed identity. Keep astrology traceable. Avoid prediction.",packages/astro-knowledge/data/placements/house/uranus-9.json
You,placements/house,venus-1,Natal Venus in the 1st House,"tldr: Venus in the 1st house: love, pleasure, and values flow toward your identity and body body: Venus in the 1st house: love, pleasure, and values flow toward your identity and body. Gift: ease and charm there. Watch: indulgence or avoidance. With Venus in the 1st house, love, attraction, pleasure, beauty, values, harmony, and the way you receive move through identity, body, presence, and first response to life. This makes how you enter the room, claim space, and let the world meet you a central part of the life. Used consciously, this placement can become warmth, charm, ease, aesthetic intelligence, relational grace, and the ability to attract support. Left unconscious, it can become people-pleasing, indulgence, avoidance of conflict, or measuring worth by approval in this area. gift: warmth, charm, ease, aesthetic intelligence, relational grace, and the ability to attract support expressed through selfhood and embodiment. voiceNeutral: true","This placement concentrates connection, value, pleasure, attraction, and ease in the life area of self, body, identity, and first response.","You may notice that self, body, identity, and first response repeatedly becomes a place where connection, value, pleasure, attraction, and ease asks for attention, choice, or development.","It can help by making this area of life more active, instructive, or meaningful.",It can become difficult when this area carries too much of the planet's shadow: keeping things pleasant while avoiding what needs to be named.,The question is how to work with this house consciously rather than treating it as a fixed verdict.,"Describe tendencies, not fixed identity. Keep astrology traceable. Avoid prediction.",packages/astro-knowledge/data/placements/house/venus-1.json
You,placements/house,venus-10,Natal Venus in the 10th House,"tldr: Venus in the 10th house: love, pleasure, and values flow toward career, status, and public role body: Venus in the 10th house: love, pleasure, and values flow toward career, status, and public role. Gift: ease and charm there. Watch: indulgence or avoidance. With Venus in the 10th house, love, attraction, pleasure, beauty, values, harmony, and the way you receive move through career, public role, reputation, authority, and legacy. This makes how you become visible, take responsibility, and build a life that can be recognized a central part of the life. Used consciously, this placement can become warmth, charm, ease, aesthetic intelligence, relational grace, and the ability to attract support. Left unconscious, it can become people-pleasing, indulgence, avoidance of conflict, or measuring worth by approval in this area. gift: warmth, charm, ease, aesthetic intelligence, relational grace, and the ability to attract support expressed through public contribution. voiceNeutral: true","This placement concentrates connection, value, pleasure, attraction, and ease in the life area of career, reputation, authority, public role, and contribution.","You may notice that career, reputation, authority, public role, and contribution repeatedly becomes a place where connection, value, pleasure, attraction, and ease asks for attention, choice, or development.","It can help by making this area of life more active, instructive, or meaningful.",It can become difficult when this area carries too much of the planet's shadow: keeping things pleasant while avoiding what needs to be named.,The question is how to work with this house consciously rather than treating it as a fixed verdict.,"Describe tendencies, not fixed identity. Keep astrology traceable. Avoid prediction.",packages/astro-knowledge/data/placements/house/venus-10.json
You,placements/house,venus-11,Natal Venus in the 11th House,"tldr: Venus in the 11th house: love, pleasure, and values flow toward friends, community, and goals body: Venus in the 11th house: love, pleasure, and values flow toward friends, community, and goals. Gift: ease and charm there. Watch: indulgence or avoidance. With Venus in the 11th house, love, attraction, pleasure, beauty, values, harmony, and the way you receive move through friendship, community, networks, hopes, audiences, and the future. This makes how you belong, collaborate, and give your gifts to something larger than yourself a central part of the life. Used consciously, this placement can become warmth, charm, ease, aesthetic intelligence, relational grace, and the ability to attract support. Left unconscious, it can become people-pleasing, indulgence, avoidance of conflict, or measuring worth by approval in this area. gift: warmth, charm, ease, aesthetic intelligence, relational grace, and the ability to attract support expressed through community and future vision. voiceNeutral: true","This placement concentrates connection, value, pleasure, attraction, and ease in the life area of friendship, groups, community, hopes, allies, and future plans.","You may notice that friendship, groups, community, hopes, allies, and future plans repeatedly becomes a place where connection, value, pleasure, attraction, and ease asks for attention, choice, or development.","It can help by making this area of life more active, instructive, or meaningful.",It can become difficult when this area carries too much of the planet's shadow: keeping things pleasant while avoiding what needs to be named.,The question is how to work with this house consciously rather than treating it as a fixed verdict.,"Describe tendencies, not fixed identity. Keep astrology traceable. Avoid prediction.",packages/astro-knowledge/data/placements/house/venus-11.json
You,placements/house,venus-12,Natal Venus in the 12th House,"tldr: Venus in the 12th house: love, pleasure, and values flow toward the hidden, spiritual, and unconscious body: Venus in the 12th house: love, pleasure, and values flow toward the hidden, spiritual, and unconscious. Gift: ease and charm there. Watch: indulgence or avoidance. With Venus in the 12th house, love, attraction, pleasure, beauty, values, harmony, and the way you receive move through solitude, rest, hidden patterns, dreams, release, and spiritual repair. This makes how you meet what is private, unconscious, unfinished, or ready to be released a central part of the life. Used consciously, this placement can become warmth, charm, ease, aesthetic intelligence, relational grace, and the ability to attract support. Left unconscious, it can become people-pleasing, indulgence, avoidance of conflict, or measuring worth by approval in this area. gift: warmth, charm, ease, aesthetic intelligence, relational grace, and the ability to attract support expressed through the hidden inner life. voiceNeutral: true","This placement concentrates connection, value, pleasure, attraction, and ease in the life area of solitude, the unconscious, hidden things, retreat, isolation, and release.","You may notice that solitude, the unconscious, hidden things, retreat, isolation, and release repeatedly becomes a place where connection, value, pleasure, attraction, and ease asks for attention, choice, or development.","It can help by making this area of life more active, instructive, or meaningful.",It can become difficult when this area carries too much of the planet's shadow: keeping things pleasant while avoiding what needs to be named.,The question is how to work with this house consciously rather than treating it as a fixed verdict.,"Describe tendencies, not fixed identity. Keep astrology traceable. Avoid prediction.",packages/astro-knowledge/data/placements/house/venus-12.json
You,placements/house,venus-2,Natal Venus in the 2nd House,"tldr: Venus in the 2nd house: love, pleasure, and values flow toward money, values, and self-worth body: Venus in the 2nd house: love, pleasure, and values flow toward money, values, and self-worth. Gift: ease and charm there. Watch: indulgence or avoidance. With Venus in the 2nd house, love, attraction, pleasure, beauty, values, harmony, and the way you receive move through money, resources, values, possessions, and self-worth. This makes how you earn, hold, spend, and define what is worth protecting a central part of the life. Used consciously, this placement can become warmth, charm, ease, aesthetic intelligence, relational grace, and the ability to attract support. Left unconscious, it can become people-pleasing, indulgence, avoidance of conflict, or measuring worth by approval in this area. gift: warmth, charm, ease, aesthetic intelligence, relational grace, and the ability to attract support expressed through livelihood and value. voiceNeutral: true","This placement concentrates connection, value, pleasure, attraction, and ease in the life area of money, resources, possessions, and values.","You may notice that money, resources, possessions, and values repeatedly becomes a place where connection, value, pleasure, attraction, and ease asks for attention, choice, or development.","It can help by making this area of life more active, instructive, or meaningful.",It can become difficult when this area carries too much of the planet's shadow: keeping things pleasant while avoiding what needs to be named.,The question is how to work with this house consciously rather than treating it as a fixed verdict.,"Describe tendencies, not fixed identity. Keep astrology traceable. Avoid prediction.",packages/astro-knowledge/data/placements/house/venus-2.json
You,placements/house,venus-3,Natal Venus in the 3rd House,"tldr: Venus in the 3rd house: love, pleasure, and values flow toward communication and daily life body: Venus in the 3rd house: love, pleasure, and values flow toward communication and daily life. Gift: ease and charm there. Watch: indulgence or avoidance. With Venus in the 3rd house, love, attraction, pleasure, beauty, values, harmony, and the way you receive move through communication, learning, siblings, neighbors, and daily movement. This makes how you speak, study, write, listen, and move through the immediate world a central part of the life. Used consciously, this placement can become warmth, charm, ease, aesthetic intelligence, relational grace, and the ability to attract support. Left unconscious, it can become people-pleasing, indulgence, avoidance of conflict, or measuring worth by approval in this area. gift: warmth, charm, ease, aesthetic intelligence, relational grace, and the ability to attract support expressed through voice and daily mind. voiceNeutral: true","This placement concentrates connection, value, pleasure, attraction, and ease in the life area of communication, siblings, local life, daily movement, and immediate environment.","You may notice that communication, siblings, local life, daily movement, and immediate environment repeatedly becomes a place where connection, value, pleasure, attraction, and ease asks for attention, choice, or development.","It can help by making this area of life more active, instructive, or meaningful.",It can become difficult when this area carries too much of the planet's shadow: keeping things pleasant while avoiding what needs to be named.,The question is how to work with this house consciously rather than treating it as a fixed verdict.,"Describe tendencies, not fixed identity. Keep astrology traceable. Avoid prediction.",packages/astro-knowledge/data/placements/house/venus-3.json
You,placements/house,venus-4,Natal Venus in the 4th House,"tldr: Venus in the 4th house: love, pleasure, and values flow toward home, family, and roots body: Venus in the 4th house: love, pleasure, and values flow toward home, family, and roots. Gift: ease and charm there. Watch: indulgence or avoidance. With Venus in the 4th house, love, attraction, pleasure, beauty, values, harmony, and the way you receive move through home, family, roots, privacy, and emotional foundations. This makes what makes you feel rooted, protected, and emotionally held a central part of the life. Used consciously, this placement can become warmth, charm, ease, aesthetic intelligence, relational grace, and the ability to attract support. Left unconscious, it can become people-pleasing, indulgence, avoidance of conflict, or measuring worth by approval in this area. gift: warmth, charm, ease, aesthetic intelligence, relational grace, and the ability to attract support expressed through home and roots. voiceNeutral: true","This placement concentrates connection, value, pleasure, attraction, and ease in the life area of home, family, roots, privacy, and emotional foundation.","You may notice that home, family, roots, privacy, and emotional foundation repeatedly becomes a place where connection, value, pleasure, attraction, and ease asks for attention, choice, or development.","It can help by making this area of life more active, instructive, or meaningful.",It can become difficult when this area carries too much of the planet's shadow: keeping things pleasant while avoiding what needs to be named.,The question is how to work with this house consciously rather than treating it as a fixed verdict.,"Describe tendencies, not fixed identity. Keep astrology traceable. Avoid prediction.",packages/astro-knowledge/data/placements/house/venus-4.json
You,placements/house,venus-5,Natal Venus in the 5th House,"tldr: Venus in the 5th house: love, pleasure, and values flow toward creativity, romance, and play body: Venus in the 5th house: love, pleasure, and values flow toward creativity, romance, and play. Gift: ease and charm there. Watch: indulgence or avoidance. With Venus in the 5th house, love, attraction, pleasure, beauty, values, harmony, and the way you receive move through creativity, joy, romance, pleasure, play, and children. This makes how you create, flirt, play, risk, and let pleasure be part of life a central part of the life. Used consciously, this placement can become warmth, charm, ease, aesthetic intelligence, relational grace, and the ability to attract support. Left unconscious, it can become people-pleasing, indulgence, avoidance of conflict, or measuring worth by approval in this area. gift: warmth, charm, ease, aesthetic intelligence, relational grace, and the ability to attract support expressed through joy and self-expression. voiceNeutral: true","This placement concentrates connection, value, pleasure, attraction, and ease in the life area of creativity, romance, play, joy, and self-expression.","You may notice that creativity, romance, play, joy, and self-expression repeatedly becomes a place where connection, value, pleasure, attraction, and ease asks for attention, choice, or development.","It can help by making this area of life more active, instructive, or meaningful.",It can become difficult when this area carries too much of the planet's shadow: keeping things pleasant while avoiding what needs to be named.,The question is how to work with this house consciously rather than treating it as a fixed verdict.,"Describe tendencies, not fixed identity. Keep astrology traceable. Avoid prediction.",packages/astro-knowledge/data/placements/house/venus-5.json
You,placements/house,venus-6,Natal Venus in the 6th House,"tldr: Venus in the 6th house: love, pleasure, and values flow toward work, health, and routine body: Venus in the 6th house: love, pleasure, and values flow toward work, health, and routine. Gift: ease and charm there. Watch: indulgence or avoidance. With Venus in the 6th house, love, attraction, pleasure, beauty, values, harmony, and the way you receive move through daily work, health, habits, service, maintenance, and labor. This makes how your days are built and whether your routine supports the life you say you want a central part of the life. Used consciously, this placement can become warmth, charm, ease, aesthetic intelligence, relational grace, and the ability to attract support. Left unconscious, it can become people-pleasing, indulgence, avoidance of conflict, or measuring worth by approval in this area. gift: warmth, charm, ease, aesthetic intelligence, relational grace, and the ability to attract support expressed through rhythm and service. voiceNeutral: true","This placement concentrates connection, value, pleasure, attraction, and ease in the life area of work, routine, service, maintenance, health, and daily obligations.","You may notice that work, routine, service, maintenance, health, and daily obligations repeatedly becomes a place where connection, value, pleasure, attraction, and ease asks for attention, choice, or development.","It can help by making this area of life more active, instructive, or meaningful.",It can become difficult when this area carries too much of the planet's shadow: keeping things pleasant while avoiding what needs to be named.,The question is how to work with this house consciously rather than treating it as a fixed verdict.,"Describe tendencies, not fixed identity. Keep astrology traceable. Avoid prediction.",packages/astro-knowledge/data/placements/house/venus-6.json
You,placements/house,venus-7,Natal Venus in the 7th House,"tldr: Venus in the 7th house: love, pleasure, and values flow toward partnership and one-to-one bonds body: Venus in the 7th house: love, pleasure, and values flow toward partnership and one-to-one bonds. Gift: ease and charm there. Watch: indulgence or avoidance. With Venus in the 7th house, love, attraction, pleasure, beauty, values, harmony, and the way you receive move through partnership, marriage, clients, contracts, and open conflict. This makes how you meet others, let yourself be met, and handle equality in relationship a central part of the life. Used consciously, this placement can become warmth, charm, ease, aesthetic intelligence, relational grace, and the ability to attract support. Left unconscious, it can become people-pleasing, indulgence, avoidance of conflict, or measuring worth by approval in this area. gift: warmth, charm, ease, aesthetic intelligence, relational grace, and the ability to attract support expressed through one-to-one bonds. voiceNeutral: true","This placement concentrates connection, value, pleasure, attraction, and ease in the life area of partnership, collaboration, one-to-one bonds, and open others.","You may notice that partnership, collaboration, one-to-one bonds, and open others repeatedly becomes a place where connection, value, pleasure, attraction, and ease asks for attention, choice, or development.","It can help by making this area of life more active, instructive, or meaningful.",It can become difficult when this area carries too much of the planet's shadow: keeping things pleasant while avoiding what needs to be named.,The question is how to work with this house consciously rather than treating it as a fixed verdict.,"Describe tendencies, not fixed identity. Keep astrology traceable. Avoid prediction.",packages/astro-knowledge/data/placements/house/venus-7.json
You,placements/house,venus-8,Natal Venus in the 8th House,"tldr: Venus in the 8th house: love, pleasure, and values flow toward intimacy, shared resources, and transformation body: Venus in the 8th house: love, pleasure, and values flow toward intimacy, shared resources, and transformation. Gift: ease and charm there. Watch: indulgence or avoidance. With Venus in the 8th house, love, attraction, pleasure, beauty, values, harmony, and the way you receive move through shared resources, trust, intimacy, debt, grief, and deep repair. This makes how you merge, trust, release control, and handle what cannot stay superficial a central part of the life. Used consciously, this placement can become warmth, charm, ease, aesthetic intelligence, relational grace, and the ability to attract support. Left unconscious, it can become people-pleasing, indulgence, avoidance of conflict, or measuring worth by approval in this area. gift: warmth, charm, ease, aesthetic intelligence, relational grace, and the ability to attract support expressed through shared depth and vulnerability. voiceNeutral: true","This placement concentrates connection, value, pleasure, attraction, and ease in the life area of shared resources, intimacy, trust, debt, inheritance, and transformation.","You may notice that shared resources, intimacy, trust, debt, inheritance, and transformation repeatedly becomes a place where connection, value, pleasure, attraction, and ease asks for attention, choice, or development.","It can help by making this area of life more active, instructive, or meaningful.",It can become difficult when this area carries too much of the planet's shadow: keeping things pleasant while avoiding what needs to be named.,The question is how to work with this house consciously rather than treating it as a fixed verdict.,"Describe tendencies, not fixed identity. Keep astrology traceable. Avoid prediction.",packages/astro-knowledge/data/placements/house/venus-8.json
You,placements/house,venus-9,Natal Venus in the 9th House,"tldr: Venus in the 9th house: love, pleasure, and values flow toward beliefs, travel, and meaning body: Venus in the 9th house: love, pleasure, and values flow toward beliefs, travel, and meaning. Gift: ease and charm there. Watch: indulgence or avoidance. With Venus in the 9th house, love, attraction, pleasure, beauty, values, harmony, and the way you receive move through belief, faith, travel, higher learning, publishing, and meaning. This makes how you search for truth, widen your world, and live what you believe a central part of the life. Used consciously, this placement can become warmth, charm, ease, aesthetic intelligence, relational grace, and the ability to attract support. Left unconscious, it can become people-pleasing, indulgence, avoidance of conflict, or measuring worth by approval in this area. gift: warmth, charm, ease, aesthetic intelligence, relational grace, and the ability to attract support expressed through wisdom and expansion. voiceNeutral: true","This placement concentrates connection, value, pleasure, attraction, and ease in the life area of beliefs, higher learning, travel, philosophy, and meaning.","You may notice that beliefs, higher learning, travel, philosophy, and meaning repeatedly becomes a place where connection, value, pleasure, attraction, and ease asks for attention, choice, or development.","It can help by making this area of life more active, instructive, or meaningful.",It can become difficult when this area carries too much of the planet's shadow: keeping things pleasant while avoiding what needs to be named.,The question is how to work with this house consciously rather than treating it as a fixed verdict.,"Describe tendencies, not fixed identity. Keep astrology traceable. Avoid prediction.",packages/astro-knowledge/data/placements/house/venus-9.json
Sky + You,placements/sign,jupiter-aquarius,Natal Jupiter in Aquarius,"tldr: Jupiter in Aquarius: you grow through innovation, ideals, and community body: Jupiter in Aquarius: you grow through innovation, ideals, and community. Luck comes via originality and the collective. Watch: detachment and abstract overreach. gift: At work this reads as growth and expansion carried out with independent. voiceNeutral: true","This placement can describe how growth, belief, opportunity, and expansion tends to operate through distance, systems, independence, collective patterns, and future orientation.","You may notice a recurring tendency to approach growth, belief, opportunity, and expansion through distance, especially when that part of life is activated.","It can help by giving growth, belief, opportunity, and expansion a recognizable style, instinct, or rhythm.","It can become difficult when overpromising, overreaching, or mistaking optimism for evidence.",The work is noticing when this tendency is helping you respond clearly and when it is becoming automatic.,"Describe tendencies, not fixed identity. Keep astrology traceable. Avoid prediction.",packages/astro-knowledge/data/placements/sign/jupiter-aquarius.json
Sky + You,placements/sign,jupiter-aries,Natal Jupiter in Aries,tldr: Jupiter in Aries: you grow through bold action and independence body: Jupiter in Aries: you grow through bold action and independence. Luck favors initiative and courage. Watch: overconfidence and rushing. gift: At work this reads as growth and expansion carried out with direct. voiceNeutral: true,"This placement can describe how growth, belief, opportunity, and expansion tends to operate through urgency, courage, initiative, and direct action.","You may notice a recurring tendency to approach growth, belief, opportunity, and expansion through urgency, especially when that part of life is activated.","It can help by giving growth, belief, opportunity, and expansion a recognizable style, instinct, or rhythm.","It can become difficult when overpromising, overreaching, or mistaking optimism for evidence.",The work is noticing when this tendency is helping you respond clearly and when it is becoming automatic.,"Describe tendencies, not fixed identity. Keep astrology traceable. Avoid prediction.",packages/astro-knowledge/data/placements/sign/jupiter-aries.json
Sky + You,placements/sign,jupiter-cancer,Natal Jupiter in Cancer,"tldr: Jupiter in Cancer: you grow through nurturing, home, and emotional depth body: Jupiter in Cancer: you grow through nurturing, home, and emotional depth. Strong placement, generous of heart. Luck comes via family and care. Watch: over-attachment. gift: At work this reads as growth and expansion carried out with protective. voiceNeutral: true","This placement can describe how growth, belief, opportunity, and expansion tends to operate through memory, protection, belonging, care, and emotional context.","You may notice a recurring tendency to approach growth, belief, opportunity, and expansion through memory, especially when that part of life is activated.","It can help by giving growth, belief, opportunity, and expansion a recognizable style, instinct, or rhythm.","It can become difficult when overpromising, overreaching, or mistaking optimism for evidence.",The work is noticing when this tendency is helping you respond clearly and when it is becoming automatic.,"Describe tendencies, not fixed identity. Keep astrology traceable. Avoid prediction.",packages/astro-knowledge/data/placements/sign/jupiter-cancer.json
Sky + You,placements/sign,jupiter-capricorn,Natal Jupiter in Capricorn,"tldr: Jupiter in Capricorn: you grow through discipline, ambition, and patient building body: Jupiter in Capricorn: you grow through discipline, ambition, and patient building. Luck comes via responsibility and the long game. Watch: pessimism limiting your reach. gift: At work this reads as growth and expansion carried out with disciplined. voiceNeutral: true","This placement can describe how growth, belief, opportunity, and expansion tends to operate through structure, restraint, responsibility, practical next steps, and endurance.","You may notice a recurring tendency to approach growth, belief, opportunity, and expansion through structure, especially when that part of life is activated.","It can help by giving growth, belief, opportunity, and expansion a recognizable style, instinct, or rhythm.","It can become difficult when overpromising, overreaching, or mistaking optimism for evidence.",The work is noticing when this tendency is helping you respond clearly and when it is becoming automatic.,"Describe tendencies, not fixed identity. Keep astrology traceable. Avoid prediction.",packages/astro-knowledge/data/placements/sign/jupiter-capricorn.json
Sky + You,placements/sign,jupiter-gemini,Natal Jupiter in Gemini,"tldr: Jupiter in Gemini: you grow through learning, talking, and curiosity body: Jupiter in Gemini: you grow through learning, talking, and curiosity. Luck comes via ideas and connections. Watch: scattering yourself thin. gift: At work this reads as growth and expansion carried out with curious. voiceNeutral: true","This placement can describe how growth, belief, opportunity, and expansion tends to operate through curiosity, language, movement, information, and adaptability.","You may notice a recurring tendency to approach growth, belief, opportunity, and expansion through curiosity, especially when that part of life is activated.","It can help by giving growth, belief, opportunity, and expansion a recognizable style, instinct, or rhythm.","It can become difficult when overpromising, overreaching, or mistaking optimism for evidence.",The work is noticing when this tendency is helping you respond clearly and when it is becoming automatic.,"Describe tendencies, not fixed identity. Keep astrology traceable. Avoid prediction.",packages/astro-knowledge/data/placements/sign/jupiter-gemini.json
Sky + You,placements/sign,jupiter-leo,Natal Jupiter in Leo,"tldr: Jupiter in Leo: you grow through creativity, generosity, and self-expression body: Jupiter in Leo: you grow through creativity, generosity, and self-expression. Luck favors big-hearted confidence. Watch: ego and overplaying the drama. gift: At work this reads as growth and expansion carried out with proud. voiceNeutral: true","This placement can describe how growth, belief, opportunity, and expansion tends to operate through visibility, confidence, creativity, recognition, and expressive warmth.","You may notice a recurring tendency to approach growth, belief, opportunity, and expansion through visibility, especially when that part of life is activated.","It can help by giving growth, belief, opportunity, and expansion a recognizable style, instinct, or rhythm.","It can become difficult when overpromising, overreaching, or mistaking optimism for evidence.",The work is noticing when this tendency is helping you respond clearly and when it is becoming automatic.,"Describe tendencies, not fixed identity. Keep astrology traceable. Avoid prediction.",packages/astro-knowledge/data/placements/sign/jupiter-leo.json
Sky + You,placements/sign,jupiter-libra,Natal Jupiter in Libra,"tldr: Jupiter in Libra: you grow through relationship, fairness, and beauty body: Jupiter in Libra: you grow through relationship, fairness, and beauty. Luck comes via partnership and diplomacy. Watch: indecision and over-accommodating. gift: At work this reads as growth and expansion carried out with relational. voiceNeutral: true","This placement can describe how growth, belief, opportunity, and expansion tends to operate through relationship, fairness, aesthetics, agreement, and social balance.","You may notice a recurring tendency to approach growth, belief, opportunity, and expansion through relationship, especially when that part of life is activated.","It can help by giving growth, belief, opportunity, and expansion a recognizable style, instinct, or rhythm.","It can become difficult when overpromising, overreaching, or mistaking optimism for evidence.",The work is noticing when this tendency is helping you respond clearly and when it is becoming automatic.,"Describe tendencies, not fixed identity. Keep astrology traceable. Avoid prediction.",packages/astro-knowledge/data/placements/sign/jupiter-libra.json
Sky + You,placements/sign,jupiter-pisces,Natal Jupiter in Pisces,"tldr: Jupiter in Pisces: you grow through compassion, imagination, and faith body: Jupiter in Pisces: you grow through compassion, imagination, and faith. Strong here, boundless and generous. Luck comes via surrender and creativity. Watch: escapism and no limits. gift: At work this reads as growth and expansion carried out with imaginative. voiceNeutral: true","This placement can describe how growth, belief, opportunity, and expansion tends to operate through sensitivity, imagination, compassion, porous boundaries, and surrender.","You may notice a recurring tendency to approach growth, belief, opportunity, and expansion through sensitivity, especially when that part of life is activated.","It can help by giving growth, belief, opportunity, and expansion a recognizable style, instinct, or rhythm.","It can become difficult when overpromising, overreaching, or mistaking optimism for evidence.",The work is noticing when this tendency is helping you respond clearly and when it is becoming automatic.,"Describe tendencies, not fixed identity. Keep astrology traceable. Avoid prediction.",packages/astro-knowledge/data/placements/sign/jupiter-pisces.json
Sky + You,placements/sign,jupiter-sagittarius,Natal Jupiter in Sagittarius,"tldr: Jupiter in Sagittarius: you grow through adventure, learning, and meaning body: Jupiter in Sagittarius: you grow through adventure, learning, and meaning. At home here, expansive and free. Luck favors the bold and curious. Watch: overreach and dogma. gift: At work this reads as growth and expansion carried out with expansive. voiceNeutral: true","This placement can describe how growth, belief, opportunity, and expansion tends to operate through meaning, belief, exploration, perspective, and growth.","You may notice a recurring tendency to approach growth, belief, opportunity, and expansion through meaning, especially when that part of life is activated.","It can help by giving growth, belief, opportunity, and expansion a recognizable style, instinct, or rhythm.","It can become difficult when overpromising, overreaching, or mistaking optimism for evidence.",The work is noticing when this tendency is helping you respond clearly and when it is becoming automatic.,"Describe tendencies, not fixed identity. Keep astrology traceable. Avoid prediction.",packages/astro-knowledge/data/placements/sign/jupiter-sagittarius.json
Sky + You,placements/sign,jupiter-scorpio,Natal Jupiter in Scorpio,"tldr: Jupiter in Scorpio: you grow through depth, intensity, and transformation body: Jupiter in Scorpio: you grow through depth, intensity, and transformation. Luck comes via shared resources and going beneath the surface. Watch: obsession and excess. gift: At work this reads as growth and expansion carried out with intense. voiceNeutral: true","This placement can describe how growth, belief, opportunity, and expansion tends to operate through depth, privacy, trust, emotional honesty, and intensity.","You may notice a recurring tendency to approach growth, belief, opportunity, and expansion through depth, especially when that part of life is activated.","It can help by giving growth, belief, opportunity, and expansion a recognizable style, instinct, or rhythm.","It can become difficult when overpromising, overreaching, or mistaking optimism for evidence.",The work is noticing when this tendency is helping you respond clearly and when it is becoming automatic.,"Describe tendencies, not fixed identity. Keep astrology traceable. Avoid prediction.",packages/astro-knowledge/data/placements/sign/jupiter-scorpio.json
Sky + You,placements/sign,jupiter-taurus,Natal Jupiter in Taurus,"tldr: Jupiter in Taurus: you grow through patience, comfort, and building real resources body: Jupiter in Taurus: you grow through patience, comfort, and building real resources. Luck comes via steadiness and the senses. Watch: complacency and overindulgence. gift: At work this reads as growth and expansion carried out with steady. voiceNeutral: true","This placement can describe how growth, belief, opportunity, and expansion tends to operate through stability, patience, material reality, comfort, and consistency.","You may notice a recurring tendency to approach growth, belief, opportunity, and expansion through stability, especially when that part of life is activated.","It can help by giving growth, belief, opportunity, and expansion a recognizable style, instinct, or rhythm.","It can become difficult when overpromising, overreaching, or mistaking optimism for evidence.",The work is noticing when this tendency is helping you respond clearly and when it is becoming automatic.,"Describe tendencies, not fixed identity. Keep astrology traceable. Avoid prediction.",packages/astro-knowledge/data/placements/sign/jupiter-taurus.json
Sky + You,placements/sign,jupiter-virgo,Natal Jupiter in Virgo,"tldr: Jupiter in Virgo: you grow through skill, service, and improvement body: Jupiter in Virgo: you grow through skill, service, and improvement. Luck comes via useful work and craft. Watch: shrinking the big picture into nitpicks. gift: At work this reads as growth and expansion carried out with precise. voiceNeutral: true","This placement can describe how growth, belief, opportunity, and expansion tends to operate through discernment, repair, routine, useful detail, and refinement.","You may notice a recurring tendency to approach growth, belief, opportunity, and expansion through discernment, especially when that part of life is activated.","It can help by giving growth, belief, opportunity, and expansion a recognizable style, instinct, or rhythm.","It can become difficult when overpromising, overreaching, or mistaking optimism for evidence.",The work is noticing when this tendency is helping you respond clearly and when it is becoming automatic.,"Describe tendencies, not fixed identity. Keep astrology traceable. Avoid prediction.",packages/astro-knowledge/data/placements/sign/jupiter-virgo.json
Sky + You,placements/sign,mars-aquarius,Natal Mars in Aquarius,"tldr: Mars in Aquarius: action is principled, independent, and system-disrupting. body: With Mars in Aquarius, drive moves through ideas, networks, and the urge to break stale patterns. You act when the future needs a different structure. gift: Innovation, social courage, independence, and strategic rebellion. voiceNeutral: true","This placement can describe how action, heat, courage, friction, and desire tends to operate through distance, systems, independence, collective patterns, and future orientation.","You may notice a recurring tendency to approach action, heat, courage, friction, and desire through distance, especially when that part of life is activated.","It can help by giving action, heat, courage, friction, and desire a recognizable style, instinct, or rhythm.",It can become difficult when forcing movement before the situation is ready.,The work is noticing when this tendency is helping you respond clearly and when it is becoming automatic.,"Describe tendencies, not fixed identity. Keep astrology traceable. Avoid prediction.",packages/astro-knowledge/data/placements/sign/mars-aquarius.json
Sky + You,placements/sign,mars-aries,Natal Mars in Aries,"tldr: Mars in Aries: action is fast, direct, and naturally assertive. body: With Mars in Aries, Mars is at home, so drive moves cleanly through courage, initiative, and confrontation when needed. You do best when energy has a clear target. gift: Bold action, independence, competitive strength, and the ability to start without waiting. voiceNeutral: true","This placement can describe how action, heat, courage, friction, and desire tends to operate through urgency, courage, initiative, and direct action.","You may notice a recurring tendency to approach action, heat, courage, friction, and desire through urgency, especially when that part of life is activated.","It can help by giving action, heat, courage, friction, and desire a recognizable style, instinct, or rhythm.",It can become difficult when forcing movement before the situation is ready.,The work is noticing when this tendency is helping you respond clearly and when it is becoming automatic.,"Describe tendencies, not fixed identity. Keep astrology traceable. Avoid prediction.",packages/astro-knowledge/data/placements/sign/mars-aries.json
Sky + You,placements/sign,mars-cancer,Natal Mars in Cancer,"tldr: Mars in Cancer: action is protective, emotional, and indirect when unsafe. body: With Mars in Cancer, drive is motivated by care, loyalty, and the need to defend what matters. Mars is in fall here, so anger can turn sideways until it is named directly. gift: Protective courage, tenacity, emotional motivation, and fierce devotion. voiceNeutral: true","This placement can describe how action, heat, courage, friction, and desire tends to operate through memory, protection, belonging, care, and emotional context.","You may notice a recurring tendency to approach action, heat, courage, friction, and desire through memory, especially when that part of life is activated.","It can help by giving action, heat, courage, friction, and desire a recognizable style, instinct, or rhythm.",It can become difficult when forcing movement before the situation is ready.,The work is noticing when this tendency is helping you respond clearly and when it is becoming automatic.,"Describe tendencies, not fixed identity. Keep astrology traceable. Avoid prediction.",packages/astro-knowledge/data/placements/sign/mars-cancer.json
Sky + You,placements/sign,mars-capricorn,Natal Mars in Capricorn,"tldr: Mars in Capricorn: action is disciplined, ambitious, and built for results. body: With Mars in Capricorn, Mars is exalted, so drive can become focused, strategic, and remarkably effective. Energy works best when pointed toward a concrete goal. gift: Endurance, executive force, patience, and the ability to turn effort into achievement. voiceNeutral: true","This placement can describe how action, heat, courage, friction, and desire tends to operate through structure, restraint, responsibility, practical next steps, and endurance.","You may notice a recurring tendency to approach action, heat, courage, friction, and desire through structure, especially when that part of life is activated.","It can help by giving action, heat, courage, friction, and desire a recognizable style, instinct, or rhythm.",It can become difficult when forcing movement before the situation is ready.,The work is noticing when this tendency is helping you respond clearly and when it is becoming automatic.,"Describe tendencies, not fixed identity. Keep astrology traceable. Avoid prediction.",packages/astro-knowledge/data/placements/sign/mars-capricorn.json
Sky + You,placements/sign,mars-gemini,Natal Mars in Gemini,"tldr: Mars in Gemini: action moves through words, ideas, and quick adaptation. body: With Mars in Gemini, drive is mental, verbal, and restless. You act by asking, debating, learning, and keeping options moving. gift: Fast thinking, tactical flexibility, persuasive speech, and mental courage. voiceNeutral: true","This placement can describe how action, heat, courage, friction, and desire tends to operate through curiosity, language, movement, information, and adaptability.","You may notice a recurring tendency to approach action, heat, courage, friction, and desire through curiosity, especially when that part of life is activated.","It can help by giving action, heat, courage, friction, and desire a recognizable style, instinct, or rhythm.",It can become difficult when forcing movement before the situation is ready.,The work is noticing when this tendency is helping you respond clearly and when it is becoming automatic.,"Describe tendencies, not fixed identity. Keep astrology traceable. Avoid prediction.",packages/astro-knowledge/data/placements/sign/mars-gemini.json
Sky + You,placements/sign,mars-leo,Natal Mars in Leo,"tldr: Mars in Leo: action is creative, bold, and fueled by pride in the work. body: With Mars in Leo, drive wants expression, recognition, and a worthy stage. You act best when courage, play, and purpose are all involved. gift: Creative initiative, passion, leadership, and the stamina to perform under pressure. voiceNeutral: true","This placement can describe how action, heat, courage, friction, and desire tends to operate through visibility, confidence, creativity, recognition, and expressive warmth.","You may notice a recurring tendency to approach action, heat, courage, friction, and desire through visibility, especially when that part of life is activated.","It can help by giving action, heat, courage, friction, and desire a recognizable style, instinct, or rhythm.",It can become difficult when forcing movement before the situation is ready.,The work is noticing when this tendency is helping you respond clearly and when it is becoming automatic.,"Describe tendencies, not fixed identity. Keep astrology traceable. Avoid prediction.",packages/astro-knowledge/data/placements/sign/mars-leo.json
Sky + You,placements/sign,mars-libra,Natal Mars in Libra,"tldr: Mars in Libra: action is relational, strategic, and shaped by fairness. body: With Mars in Libra, drive moves through negotiation, partnership, and social awareness. Mars is in detriment here, so direct action may get delayed by the need to keep balance. gift: Diplomatic courage, tactical charm, and the ability to fight for fairness. voiceNeutral: true","This placement can describe how action, heat, courage, friction, and desire tends to operate through relationship, fairness, aesthetics, agreement, and social balance.","You may notice a recurring tendency to approach action, heat, courage, friction, and desire through relationship, especially when that part of life is activated.","It can help by giving action, heat, courage, friction, and desire a recognizable style, instinct, or rhythm.",It can become difficult when forcing movement before the situation is ready.,The work is noticing when this tendency is helping you respond clearly and when it is becoming automatic.,"Describe tendencies, not fixed identity. Keep astrology traceable. Avoid prediction.",packages/astro-knowledge/data/placements/sign/mars-libra.json
Sky + You,placements/sign,mars-pisces,Natal Mars in Pisces,"tldr: Mars in Pisces: action is intuitive, compassionate, and indirect. body: With Mars in Pisces, drive moves through feeling, imagination, service, and spiritual pull. Energy needs meaning and clear boundaries or it disperses. gift: Inspired action, empathy, creativity, and the courage to serve something larger than ego. voiceNeutral: true","This placement can describe how action, heat, courage, friction, and desire tends to operate through sensitivity, imagination, compassion, porous boundaries, and surrender.","You may notice a recurring tendency to approach action, heat, courage, friction, and desire through sensitivity, especially when that part of life is activated.","It can help by giving action, heat, courage, friction, and desire a recognizable style, instinct, or rhythm.",It can become difficult when forcing movement before the situation is ready.,The work is noticing when this tendency is helping you respond clearly and when it is becoming automatic.,"Describe tendencies, not fixed identity. Keep astrology traceable. Avoid prediction.",packages/astro-knowledge/data/placements/sign/mars-pisces.json
Sky + You,placements/sign,mars-sagittarius,Natal Mars in Sagittarius,"tldr: Mars in Sagittarius: action is adventurous, candid, and motivated by belief. body: With Mars in Sagittarius, drive moves toward exploration, truth, risk, and the next horizon. You act when something feels meaningful enough to chase. gift: Courage, enthusiasm, moral fire, and willingness to take a leap. voiceNeutral: true","This placement can describe how action, heat, courage, friction, and desire tends to operate through meaning, belief, exploration, perspective, and growth.","You may notice a recurring tendency to approach action, heat, courage, friction, and desire through meaning, especially when that part of life is activated.","It can help by giving action, heat, courage, friction, and desire a recognizable style, instinct, or rhythm.",It can become difficult when forcing movement before the situation is ready.,The work is noticing when this tendency is helping you respond clearly and when it is becoming automatic.,"Describe tendencies, not fixed identity. Keep astrology traceable. Avoid prediction.",packages/astro-knowledge/data/placements/sign/mars-sagittarius.json
Sky + You,placements/sign,mars-scorpio,Natal Mars in Scorpio,"tldr: Mars in Scorpio: action is intense, strategic, and deeply focused. body: With Mars in Scorpio, Mars is at home, so drive moves through depth, endurance, and the willingness to confront what others avoid. Energy becomes powerful when trust and purpose are clear. gift: Strategic power, resilience, sexual vitality, and crisis strength. voiceNeutral: true","This placement can describe how action, heat, courage, friction, and desire tends to operate through depth, privacy, trust, emotional honesty, and intensity.","You may notice a recurring tendency to approach action, heat, courage, friction, and desire through depth, especially when that part of life is activated.","It can help by giving action, heat, courage, friction, and desire a recognizable style, instinct, or rhythm.",It can become difficult when forcing movement before the situation is ready.,The work is noticing when this tendency is helping you respond clearly and when it is becoming automatic.,"Describe tendencies, not fixed identity. Keep astrology traceable. Avoid prediction.",packages/astro-knowledge/data/placements/sign/mars-scorpio.json
Sky + You,placements/sign,mars-taurus,Natal Mars in Taurus,"tldr: Mars in Taurus: action is steady, stubborn, and slow to redirect. body: With Mars in Taurus, drive builds through persistence, endurance, and physical effort. Mars is in detriment here, so force can feel slow or stuck until desire is fully engaged. gift: Stamina, follow-through, practical effort, and the ability to keep going. voiceNeutral: true","This placement can describe how action, heat, courage, friction, and desire tends to operate through stability, patience, material reality, comfort, and consistency.","You may notice a recurring tendency to approach action, heat, courage, friction, and desire through stability, especially when that part of life is activated.","It can help by giving action, heat, courage, friction, and desire a recognizable style, instinct, or rhythm.",It can become difficult when forcing movement before the situation is ready.,The work is noticing when this tendency is helping you respond clearly and when it is becoming automatic.,"Describe tendencies, not fixed identity. Keep astrology traceable. Avoid prediction.",packages/astro-knowledge/data/placements/sign/mars-taurus.json
Sky + You,placements/sign,mars-virgo,Natal Mars in Virgo,"tldr: Mars in Virgo: action is precise, efficient, and aimed at improvement. body: With Mars in Virgo, drive works through problem-solving, technique, and practical correction. You act by fixing what is broken and refining what can be better. gift: Skill, discipline, service, and the ability to make effort useful. voiceNeutral: true","This placement can describe how action, heat, courage, friction, and desire tends to operate through discernment, repair, routine, useful detail, and refinement.","You may notice a recurring tendency to approach action, heat, courage, friction, and desire through discernment, especially when that part of life is activated.","It can help by giving action, heat, courage, friction, and desire a recognizable style, instinct, or rhythm.",It can become difficult when forcing movement before the situation is ready.,The work is noticing when this tendency is helping you respond clearly and when it is becoming automatic.,"Describe tendencies, not fixed identity. Keep astrology traceable. Avoid prediction.",packages/astro-knowledge/data/placements/sign/mars-virgo.json
Sky + You,placements/sign,mercury-aquarius,Natal Mercury in Aquarius,"tldr: Mercury in Aquarius: the mind is innovative, detached, and system-aware. body: With Mercury in Aquarius, thought moves toward patterns, future possibilities, and unconventional solutions. You communicate best when ideas have room to be original. gift: Objectivity, invention, systems thinking, and clear social perspective. voiceNeutral: true","This placement can describe how language, information, decisions, and nervous energy tends to operate through distance, systems, independence, collective patterns, and future orientation.","You may notice a recurring tendency to approach language, information, decisions, and nervous energy through distance, especially when that part of life is activated.","It can help by giving language, information, decisions, and nervous energy a recognizable style, instinct, or rhythm.","It can become difficult when overthinking, assuming, or moving too quickly to verify.",The work is noticing when this tendency is helping you respond clearly and when it is becoming automatic.,"Describe tendencies, not fixed identity. Keep astrology traceable. Avoid prediction.",packages/astro-knowledge/data/placements/sign/mercury-aquarius.json
Sky + You,placements/sign,mercury-aries,Natal Mercury in Aries,"tldr: Mercury in Aries: the mind is direct, fast, and built for decisive speech. body: With Mercury in Aries, thoughts move quickly and words arrive with heat. You communicate best when honesty is allowed to be clean and immediate, without turning every exchange into a contest. gift: Fast decisions, bold speech, problem-solving under pressure, and mental courage. voiceNeutral: true","This placement can describe how language, information, decisions, and nervous energy tends to operate through urgency, courage, initiative, and direct action.","You may notice a recurring tendency to approach language, information, decisions, and nervous energy through urgency, especially when that part of life is activated.","It can help by giving language, information, decisions, and nervous energy a recognizable style, instinct, or rhythm.","It can become difficult when overthinking, assuming, or moving too quickly to verify.",The work is noticing when this tendency is helping you respond clearly and when it is becoming automatic.,"Describe tendencies, not fixed identity. Keep astrology traceable. Avoid prediction.",packages/astro-knowledge/data/placements/sign/mercury-aries.json
Sky + You,placements/sign,mercury-cancer,Natal Mercury in Cancer,"tldr: Mercury in Cancer: the mind is intuitive, protective, and shaped by memory. body: With Mercury in Cancer, thought and feeling are intertwined. You communicate through emotional context, story, and the instinct to protect what matters. gift: Emotional intelligence, memory, nurturing speech, and sensitivity to subtext. voiceNeutral: true","This placement can describe how language, information, decisions, and nervous energy tends to operate through memory, protection, belonging, care, and emotional context.","You may notice a recurring tendency to approach language, information, decisions, and nervous energy through memory, especially when that part of life is activated.","It can help by giving language, information, decisions, and nervous energy a recognizable style, instinct, or rhythm.","It can become difficult when overthinking, assuming, or moving too quickly to verify.",The work is noticing when this tendency is helping you respond clearly and when it is becoming automatic.,"Describe tendencies, not fixed identity. Keep astrology traceable. Avoid prediction.",packages/astro-knowledge/data/placements/sign/mercury-cancer.json
Sky + You,placements/sign,mercury-capricorn,Natal Mercury in Capricorn,"tldr: Mercury in Capricorn: the mind is strategic, serious, and oriented toward results. body: With Mercury in Capricorn, communication becomes structured, practical, and focused on what can be built. You think in timelines, consequences, and usable plans. gift: Strategy, professionalism, concise speech, and long-range planning. voiceNeutral: true","This placement can describe how language, information, decisions, and nervous energy tends to operate through structure, restraint, responsibility, practical next steps, and endurance.","You may notice a recurring tendency to approach language, information, decisions, and nervous energy through structure, especially when that part of life is activated.","It can help by giving language, information, decisions, and nervous energy a recognizable style, instinct, or rhythm.","It can become difficult when overthinking, assuming, or moving too quickly to verify.",The work is noticing when this tendency is helping you respond clearly and when it is becoming automatic.,"Describe tendencies, not fixed identity. Keep astrology traceable. Avoid prediction.",packages/astro-knowledge/data/placements/sign/mercury-capricorn.json
Sky + You,placements/sign,mercury-gemini,Natal Mercury in Gemini,"tldr: Mercury in Gemini: the mind is quick, curious, and fluent in connection. body: With Mercury in Gemini, Mercury is at home, so language, learning, questions, and exchange move naturally. You think by exploring options and linking one idea to the next. gift: Wit, adaptability, communication skill, and the ability to translate complexity quickly. voiceNeutral: true","This placement can describe how language, information, decisions, and nervous energy tends to operate through curiosity, language, movement, information, and adaptability.","You may notice a recurring tendency to approach language, information, decisions, and nervous energy through curiosity, especially when that part of life is activated.","It can help by giving language, information, decisions, and nervous energy a recognizable style, instinct, or rhythm.","It can become difficult when overthinking, assuming, or moving too quickly to verify.",The work is noticing when this tendency is helping you respond clearly and when it is becoming automatic.,"Describe tendencies, not fixed identity. Keep astrology traceable. Avoid prediction.",packages/astro-knowledge/data/placements/sign/mercury-gemini.json
Sky + You,placements/sign,mercury-leo,Natal Mercury in Leo,"tldr: Mercury in Leo: the mind is expressive, creative, and confident in performance. body: With Mercury in Leo, speech wants color, conviction, and an audience that can feel the point. You communicate best when your words carry heart and creative force. gift: Storytelling, charisma, bold presentation, and memorable expression. voiceNeutral: true","This placement can describe how language, information, decisions, and nervous energy tends to operate through visibility, confidence, creativity, recognition, and expressive warmth.","You may notice a recurring tendency to approach language, information, decisions, and nervous energy through visibility, especially when that part of life is activated.","It can help by giving language, information, decisions, and nervous energy a recognizable style, instinct, or rhythm.","It can become difficult when overthinking, assuming, or moving too quickly to verify.",The work is noticing when this tendency is helping you respond clearly and when it is becoming automatic.,"Describe tendencies, not fixed identity. Keep astrology traceable. Avoid prediction.",packages/astro-knowledge/data/placements/sign/mercury-leo.json
Sky + You,placements/sign,mercury-libra,Natal Mercury in Libra,"tldr: Mercury in Libra: the mind seeks fairness, proportion, and relational intelligence. body: With Mercury in Libra, thought moves by comparison, dialogue, and the need to understand multiple sides. You communicate best when conversation has grace and ethical balance. gift: Diplomacy, mediation, social intelligence, and elegant reasoning. voiceNeutral: true","This placement can describe how language, information, decisions, and nervous energy tends to operate through relationship, fairness, aesthetics, agreement, and social balance.","You may notice a recurring tendency to approach language, information, decisions, and nervous energy through relationship, especially when that part of life is activated.","It can help by giving language, information, decisions, and nervous energy a recognizable style, instinct, or rhythm.","It can become difficult when overthinking, assuming, or moving too quickly to verify.",The work is noticing when this tendency is helping you respond clearly and when it is becoming automatic.,"Describe tendencies, not fixed identity. Keep astrology traceable. Avoid prediction.",packages/astro-knowledge/data/placements/sign/mercury-libra.json
Sky + You,placements/sign,mercury-pisces,Natal Mercury in Pisces,"tldr: Mercury in Pisces: the mind is intuitive, poetic, and porous to subtle information. body: With Mercury in Pisces, communication moves through images, feeling, dreams, and impression. Mercury is in detriment and fall here, so clarity needs extra structure. gift: Imagination, empathy, symbolic thinking, and intuitive listening. voiceNeutral: true","This placement can describe how language, information, decisions, and nervous energy tends to operate through sensitivity, imagination, compassion, porous boundaries, and surrender.","You may notice a recurring tendency to approach language, information, decisions, and nervous energy through sensitivity, especially when that part of life is activated.","It can help by giving language, information, decisions, and nervous energy a recognizable style, instinct, or rhythm.","It can become difficult when overthinking, assuming, or moving too quickly to verify.",The work is noticing when this tendency is helping you respond clearly and when it is becoming automatic.,"Describe tendencies, not fixed identity. Keep astrology traceable. Avoid prediction.",packages/astro-knowledge/data/placements/sign/mercury-pisces.json
Sky + You,placements/sign,mercury-sagittarius,Natal Mercury in Sagittarius,"tldr: Mercury in Sagittarius: the mind seeks meaning, truth, and the bigger view. body: With Mercury in Sagittarius, thought moves toward philosophy, teaching, travel, and conviction. Mercury is in detriment here, so the challenge is keeping the big picture connected to the details. gift: Candor, vision, teaching, humor, and broad perspective. voiceNeutral: true","This placement can describe how language, information, decisions, and nervous energy tends to operate through meaning, belief, exploration, perspective, and growth.","You may notice a recurring tendency to approach language, information, decisions, and nervous energy through meaning, especially when that part of life is activated.","It can help by giving language, information, decisions, and nervous energy a recognizable style, instinct, or rhythm.","It can become difficult when overthinking, assuming, or moving too quickly to verify.",The work is noticing when this tendency is helping you respond clearly and when it is becoming automatic.,"Describe tendencies, not fixed identity. Keep astrology traceable. Avoid prediction.",packages/astro-knowledge/data/placements/sign/mercury-sagittarius.json
Sky + You,placements/sign,mercury-scorpio,Natal Mercury in Scorpio,"tldr: Mercury in Scorpio: the mind probes, detects, and refuses shallow answers. body: With Mercury in Scorpio, communication is intense, private, and drawn toward what is hidden. You think best when you can investigate the motive beneath the statement. gift: Research, psychological insight, strategic speech, and the courage to name what others avoid. voiceNeutral: true","This placement can describe how language, information, decisions, and nervous energy tends to operate through depth, privacy, trust, emotional honesty, and intensity.","You may notice a recurring tendency to approach language, information, decisions, and nervous energy through depth, especially when that part of life is activated.","It can help by giving language, information, decisions, and nervous energy a recognizable style, instinct, or rhythm.","It can become difficult when overthinking, assuming, or moving too quickly to verify.",The work is noticing when this tendency is helping you respond clearly and when it is becoming automatic.,"Describe tendencies, not fixed identity. Keep astrology traceable. Avoid prediction.",packages/astro-knowledge/data/placements/sign/mercury-scorpio.json
Sky + You,placements/sign,mercury-taurus,Natal Mercury in Taurus,"tldr: Mercury in Taurus: the mind is steady, practical, and grounded in what can be trusted. body: With Mercury in Taurus, thinking is deliberate and words carry weight. You communicate best when ideas have time to settle into something useful and real. gift: Reliability, practical judgment, memory, and a calm persuasive voice. voiceNeutral: true","This placement can describe how language, information, decisions, and nervous energy tends to operate through stability, patience, material reality, comfort, and consistency.","You may notice a recurring tendency to approach language, information, decisions, and nervous energy through stability, especially when that part of life is activated.","It can help by giving language, information, decisions, and nervous energy a recognizable style, instinct, or rhythm.","It can become difficult when overthinking, assuming, or moving too quickly to verify.",The work is noticing when this tendency is helping you respond clearly and when it is becoming automatic.,"Describe tendencies, not fixed identity. Keep astrology traceable. Avoid prediction.",packages/astro-knowledge/data/placements/sign/mercury-taurus.json
Sky + You,placements/sign,mercury-virgo,Natal Mercury in Virgo,"tldr: Mercury in Virgo: the mind is precise, analytical, and built for useful discernment. body: With Mercury in Virgo, Mercury is at home and exalted, so thinking can be clear, practical, and exact. You communicate best when details matter and improvement is possible. gift: Analysis, editing, craft, practical advice, and the ability to solve real problems. voiceNeutral: true","This placement can describe how language, information, decisions, and nervous energy tends to operate through discernment, repair, routine, useful detail, and refinement.","You may notice a recurring tendency to approach language, information, decisions, and nervous energy through discernment, especially when that part of life is activated.","It can help by giving language, information, decisions, and nervous energy a recognizable style, instinct, or rhythm.","It can become difficult when overthinking, assuming, or moving too quickly to verify.",The work is noticing when this tendency is helping you respond clearly and when it is becoming automatic.,"Describe tendencies, not fixed identity. Keep astrology traceable. Avoid prediction.",packages/astro-knowledge/data/placements/sign/mercury-virgo.json
Sky + You,placements/sign,moon-aquarius,Natal Moon in Aquarius,"tldr: The Moon in Aquarius: emotions need space, perspective, and honest individuality. body: With the Moon in Aquarius, feelings often process through distance, observation, and connection to a larger pattern. Emotional safety grows when difference is respected and belonging does not require conformity. gift: Objectivity, independence, social awareness, and emotional steadiness in group contexts. voiceNeutral: true","This placement can describe how emotion, instinct, needs, and daily rhythm tends to operate through distance, systems, independence, collective patterns, and future orientation.","You may notice a recurring tendency to approach emotion, instinct, needs, and daily rhythm through distance, especially when that part of life is activated.","It can help by giving emotion, instinct, needs, and daily rhythm a recognizable style, instinct, or rhythm.",It can become difficult when letting a temporary mood make the decision.,The work is noticing when this tendency is helping you respond clearly and when it is becoming automatic.,"Describe tendencies, not fixed identity. Keep astrology traceable. Avoid prediction.",packages/astro-knowledge/data/placements/sign/moon-aquarius.json
Sky + You,placements/sign,moon-aries,Natal Moon in Aries,"tldr: The Moon in Aries: emotions move fast and need honest action. body: With the Moon in Aries, feelings come through heat, urgency, and the impulse to do something now. Emotional safety grows when you have freedom to act without being punished for wanting a direct path. gift: Emotional courage, independence, quick recovery, and instinctive leadership. voiceNeutral: true","This placement can describe how emotion, instinct, needs, and daily rhythm tends to operate through urgency, courage, initiative, and direct action.","You may notice a recurring tendency to approach emotion, instinct, needs, and daily rhythm through urgency, especially when that part of life is activated.","It can help by giving emotion, instinct, needs, and daily rhythm a recognizable style, instinct, or rhythm.",It can become difficult when letting a temporary mood make the decision.,The work is noticing when this tendency is helping you respond clearly and when it is becoming automatic.,"Describe tendencies, not fixed identity. Keep astrology traceable. Avoid prediction.",packages/astro-knowledge/data/placements/sign/moon-aries.json
Sky + You,placements/sign,moon-cancer,Natal Moon in Cancer,"tldr: The Moon in Cancer: emotions are deep, protective, and rooted in belonging. body: With the Moon in Cancer, feelings need tenderness, memory, family, home, and emotional continuity. The Moon is at home here, so instinct and care are powerful when they are not used as armor. gift: Nurturing intelligence, intuition, devotion, and the ability to create emotional safety. voiceNeutral: true","This placement can describe how emotion, instinct, needs, and daily rhythm tends to operate through memory, protection, belonging, care, and emotional context.","You may notice a recurring tendency to approach emotion, instinct, needs, and daily rhythm through memory, especially when that part of life is activated.","It can help by giving emotion, instinct, needs, and daily rhythm a recognizable style, instinct, or rhythm.",It can become difficult when letting a temporary mood make the decision.,The work is noticing when this tendency is helping you respond clearly and when it is becoming automatic.,"Describe tendencies, not fixed identity. Keep astrology traceable. Avoid prediction.",packages/astro-knowledge/data/placements/sign/moon-cancer.json
Sky + You,placements/sign,moon-capricorn,Natal Moon in Capricorn,"tldr: The Moon in Capricorn: emotions seek structure, responsibility, and earned security. body: With the Moon in Capricorn, feelings are serious, contained, and often managed through competence. The Moon is in detriment here, so softness may need deliberate permission before it feels safe. gift: Emotional discipline, reliability, maturity, and the ability to stay steady under pressure. voiceNeutral: true","This placement can describe how emotion, instinct, needs, and daily rhythm tends to operate through structure, restraint, responsibility, practical next steps, and endurance.","You may notice a recurring tendency to approach emotion, instinct, needs, and daily rhythm through structure, especially when that part of life is activated.","It can help by giving emotion, instinct, needs, and daily rhythm a recognizable style, instinct, or rhythm.",It can become difficult when letting a temporary mood make the decision.,The work is noticing when this tendency is helping you respond clearly and when it is becoming automatic.,"Describe tendencies, not fixed identity. Keep astrology traceable. Avoid prediction.",packages/astro-knowledge/data/placements/sign/moon-capricorn.json
Sky + You,placements/sign,moon-gemini,Natal Moon in Gemini,"tldr: The Moon in Gemini: emotions need language, variety, and mental movement. body: With the Moon in Gemini, feelings process through conversation, curiosity, and naming what is happening. You may need to talk your way into clarity before your body can settle. gift: Emotional adaptability, humor, curiosity, and the ability to translate feelings into words. voiceNeutral: true","This placement can describe how emotion, instinct, needs, and daily rhythm tends to operate through curiosity, language, movement, information, and adaptability.","You may notice a recurring tendency to approach emotion, instinct, needs, and daily rhythm through curiosity, especially when that part of life is activated.","It can help by giving emotion, instinct, needs, and daily rhythm a recognizable style, instinct, or rhythm.",It can become difficult when letting a temporary mood make the decision.,The work is noticing when this tendency is helping you respond clearly and when it is becoming automatic.,"Describe tendencies, not fixed identity. Keep astrology traceable. Avoid prediction.",packages/astro-knowledge/data/placements/sign/moon-gemini.json
Sky + You,placements/sign,moon-leo,Natal Moon in Leo,"tldr: The Moon in Leo: emotions need warmth, recognition, and creative expression. body: With the Moon in Leo, feelings want to be honored, not dismissed. Emotional safety grows when joy, play, affection, and appreciation are allowed to take up space. gift: Generosity, passion, loyalty, and the ability to make emotional life expressive and alive. voiceNeutral: true","This placement can describe how emotion, instinct, needs, and daily rhythm tends to operate through visibility, confidence, creativity, recognition, and expressive warmth.","You may notice a recurring tendency to approach emotion, instinct, needs, and daily rhythm through visibility, especially when that part of life is activated.","It can help by giving emotion, instinct, needs, and daily rhythm a recognizable style, instinct, or rhythm.",It can become difficult when letting a temporary mood make the decision.,The work is noticing when this tendency is helping you respond clearly and when it is becoming automatic.,"Describe tendencies, not fixed identity. Keep astrology traceable. Avoid prediction.",packages/astro-knowledge/data/placements/sign/moon-leo.json
Sky + You,placements/sign,moon-libra,Natal Moon in Libra,"tldr: The Moon in Libra: emotions seek harmony, reciprocity, and relational balance. body: With the Moon in Libra, feelings are shaped by atmosphere, fairness, and the quality of connection. Emotional safety grows when relationships feel mutual instead of performative. gift: Diplomacy, grace, emotional fairness, and the ability to soothe conflict without losing nuance. voiceNeutral: true","This placement can describe how emotion, instinct, needs, and daily rhythm tends to operate through relationship, fairness, aesthetics, agreement, and social balance.","You may notice a recurring tendency to approach emotion, instinct, needs, and daily rhythm through relationship, especially when that part of life is activated.","It can help by giving emotion, instinct, needs, and daily rhythm a recognizable style, instinct, or rhythm.",It can become difficult when letting a temporary mood make the decision.,The work is noticing when this tendency is helping you respond clearly and when it is becoming automatic.,"Describe tendencies, not fixed identity. Keep astrology traceable. Avoid prediction.",packages/astro-knowledge/data/placements/sign/moon-libra.json
Sky + You,placements/sign,moon-pisces,Natal Moon in Pisces,"tldr: The Moon in Pisces: emotions are sensitive, porous, and spiritually imaginative. body: With the Moon in Pisces, feelings move through intuition, dreams, compassion, music, art, and the unseen emotional field. Emotional safety grows when softness has boundaries. gift: Empathy, creativity, forgiveness, intuitive care, and emotional imagination. voiceNeutral: true","This placement can describe how emotion, instinct, needs, and daily rhythm tends to operate through sensitivity, imagination, compassion, porous boundaries, and surrender.","You may notice a recurring tendency to approach emotion, instinct, needs, and daily rhythm through sensitivity, especially when that part of life is activated.","It can help by giving emotion, instinct, needs, and daily rhythm a recognizable style, instinct, or rhythm.",It can become difficult when letting a temporary mood make the decision.,The work is noticing when this tendency is helping you respond clearly and when it is becoming automatic.,"Describe tendencies, not fixed identity. Keep astrology traceable. Avoid prediction.",packages/astro-knowledge/data/placements/sign/moon-pisces.json
Sky + You,placements/sign,moon-sagittarius,Natal Moon in Sagittarius,"tldr: The Moon in Sagittarius: emotions need freedom, meaning, and wider perspective. body: With the Moon in Sagittarius, feelings move toward hope, exploration, humor, and the need to understand why something matters. Emotional safety grows when there is room to breathe and tell the truth. gift: Optimism, resilience, candor, and the ability to find meaning without staying trapped in heaviness. voiceNeutral: true","This placement can describe how emotion, instinct, needs, and daily rhythm tends to operate through meaning, belief, exploration, perspective, and growth.","You may notice a recurring tendency to approach emotion, instinct, needs, and daily rhythm through meaning, especially when that part of life is activated.","It can help by giving emotion, instinct, needs, and daily rhythm a recognizable style, instinct, or rhythm.",It can become difficult when letting a temporary mood make the decision.,The work is noticing when this tendency is helping you respond clearly and when it is becoming automatic.,"Describe tendencies, not fixed identity. Keep astrology traceable. Avoid prediction.",packages/astro-knowledge/data/placements/sign/moon-sagittarius.json
Sky + You,placements/sign,moon-scorpio,Natal Moon in Scorpio,"tldr: The Moon in Scorpio: emotional nature is intense, private, and hard to soothe casually. body: With the Moon in Scorpio, the emotional life runs deep and guarded. You need trust before softness feels safe, and the Moon is in fall here, so feelings can become extreme until they are named honestly. gift: Crisis perception, emotional endurance, loyalty, investigative instinct, and the capacity to stay present with what others avoid. voiceNeutral: true","This placement can describe how emotion, instinct, needs, and daily rhythm tends to operate through depth, privacy, trust, emotional honesty, and intensity.","You may notice a recurring tendency to approach emotion, instinct, needs, and daily rhythm through depth, especially when that part of life is activated.","It can help by giving emotion, instinct, needs, and daily rhythm a recognizable style, instinct, or rhythm.",It can become difficult when letting a temporary mood make the decision.,The work is noticing when this tendency is helping you respond clearly and when it is becoming automatic.,"Describe tendencies, not fixed identity. Keep astrology traceable. Avoid prediction.",packages/astro-knowledge/data/placements/sign/moon-scorpio.json
Sky + You,placements/sign,moon-taurus,Natal Moon in Taurus,"tldr: The Moon in Taurus: emotions seek steadiness, comfort, and embodied security. body: With the Moon in Taurus, feelings settle through consistency, touch, beauty, food, nature, and routines that make the body believe life is safe. The Moon is exalted here, so emotional grounding can become a real strength. gift: Calm presence, loyalty, patience, and the ability to regulate through simple, tangible care. voiceNeutral: true","This placement can describe how emotion, instinct, needs, and daily rhythm tends to operate through stability, patience, material reality, comfort, and consistency.","You may notice a recurring tendency to approach emotion, instinct, needs, and daily rhythm through stability, especially when that part of life is activated.","It can help by giving emotion, instinct, needs, and daily rhythm a recognizable style, instinct, or rhythm.",It can become difficult when letting a temporary mood make the decision.,The work is noticing when this tendency is helping you respond clearly and when it is becoming automatic.,"Describe tendencies, not fixed identity. Keep astrology traceable. Avoid prediction.",packages/astro-knowledge/data/placements/sign/moon-taurus.json
Sky + You,placements/sign,moon-virgo,Natal Moon in Virgo,"tldr: The Moon in Virgo: emotions seek order, usefulness, and practical repair. body: With the Moon in Virgo, feelings often move through analysis, service, and the desire to make things better. Emotional safety grows when the nervous system has rhythm, clarity, and something manageable to tend. gift: Discernment, helpfulness, emotional precision, and the ability to improve daily life. voiceNeutral: true","This placement can describe how emotion, instinct, needs, and daily rhythm tends to operate through discernment, repair, routine, useful detail, and refinement.","You may notice a recurring tendency to approach emotion, instinct, needs, and daily rhythm through discernment, especially when that part of life is activated.","It can help by giving emotion, instinct, needs, and daily rhythm a recognizable style, instinct, or rhythm.",It can become difficult when letting a temporary mood make the decision.,The work is noticing when this tendency is helping you respond clearly and when it is becoming automatic.,"Describe tendencies, not fixed identity. Keep astrology traceable. Avoid prediction.",packages/astro-knowledge/data/placements/sign/moon-virgo.json
Sky + You,placements/sign,neptune-aquarius,Natal Neptune in Aquarius,"tldr: Neptune in Aquarius. body: Imagination and idealism expressed through independent, principled detachment. (Modern planet; no traditional dignity.) gift: At work this reads as imagination and idealism carried out with independent. voiceNeutral: true","This placement can describe how imagination, longing, vision, sensitivity, and uncertainty tends to operate through distance, systems, independence, collective patterns, and future orientation.","You may notice a recurring tendency to approach imagination, longing, vision, sensitivity, and uncertainty through distance, especially when that part of life is activated.","It can help by giving imagination, longing, vision, sensitivity, and uncertainty a recognizable style, instinct, or rhythm.",It can become difficult when mistaking a feeling for a fact.,The work is noticing when this tendency is helping you respond clearly and when it is becoming automatic.,"Describe tendencies, not fixed identity. Keep astrology traceable. Avoid prediction.",packages/astro-knowledge/data/placements/sign/neptune-aquarius.json
Sky + You,placements/sign,neptune-aries,Natal Neptune in Aries,"tldr: Neptune in Aries. body: Imagination and idealism expressed through direct, fast, assertive force. (Modern planet; no traditional dignity.) gift: At work this reads as imagination and idealism carried out with direct. voiceNeutral: true","This placement can describe how imagination, longing, vision, sensitivity, and uncertainty tends to operate through urgency, courage, initiative, and direct action.","You may notice a recurring tendency to approach imagination, longing, vision, sensitivity, and uncertainty through urgency, especially when that part of life is activated.","It can help by giving imagination, longing, vision, sensitivity, and uncertainty a recognizable style, instinct, or rhythm.",It can become difficult when mistaking a feeling for a fact.,The work is noticing when this tendency is helping you respond clearly and when it is becoming automatic.,"Describe tendencies, not fixed identity. Keep astrology traceable. Avoid prediction.",packages/astro-knowledge/data/placements/sign/neptune-aries.json
Sky + You,placements/sign,neptune-cancer,Natal Neptune in Cancer,"tldr: Neptune in Cancer. body: Imagination and idealism expressed through protective, feeling-led care. (Modern planet; no traditional dignity.) gift: At work this reads as imagination and idealism carried out with protective. voiceNeutral: true","This placement can describe how imagination, longing, vision, sensitivity, and uncertainty tends to operate through memory, protection, belonging, care, and emotional context.","You may notice a recurring tendency to approach imagination, longing, vision, sensitivity, and uncertainty through memory, especially when that part of life is activated.","It can help by giving imagination, longing, vision, sensitivity, and uncertainty a recognizable style, instinct, or rhythm.",It can become difficult when mistaking a feeling for a fact.,The work is noticing when this tendency is helping you respond clearly and when it is becoming automatic.,"Describe tendencies, not fixed identity. Keep astrology traceable. Avoid prediction.",packages/astro-knowledge/data/placements/sign/neptune-cancer.json
Sky + You,placements/sign,neptune-capricorn,Natal Neptune in Capricorn,"tldr: Neptune in Capricorn. body: Imagination and idealism expressed through disciplined, ambitious restraint. (Modern planet; no traditional dignity.) gift: At work this reads as imagination and idealism carried out with disciplined. voiceNeutral: true","This placement can describe how imagination, longing, vision, sensitivity, and uncertainty tends to operate through structure, restraint, responsibility, practical next steps, and endurance.","You may notice a recurring tendency to approach imagination, longing, vision, sensitivity, and uncertainty through structure, especially when that part of life is activated.","It can help by giving imagination, longing, vision, sensitivity, and uncertainty a recognizable style, instinct, or rhythm.",It can become difficult when mistaking a feeling for a fact.,The work is noticing when this tendency is helping you respond clearly and when it is becoming automatic.,"Describe tendencies, not fixed identity. Keep astrology traceable. Avoid prediction.",packages/astro-knowledge/data/placements/sign/neptune-capricorn.json
Sky + You,placements/sign,neptune-gemini,Natal Neptune in Gemini,"tldr: Neptune in Gemini. body: Imagination and idealism expressed through curious, verbal versatility. (Modern planet; no traditional dignity.) gift: At work this reads as imagination and idealism carried out with curious. voiceNeutral: true","This placement can describe how imagination, longing, vision, sensitivity, and uncertainty tends to operate through curiosity, language, movement, information, and adaptability.","You may notice a recurring tendency to approach imagination, longing, vision, sensitivity, and uncertainty through curiosity, especially when that part of life is activated.","It can help by giving imagination, longing, vision, sensitivity, and uncertainty a recognizable style, instinct, or rhythm.",It can become difficult when mistaking a feeling for a fact.,The work is noticing when this tendency is helping you respond clearly and when it is becoming automatic.,"Describe tendencies, not fixed identity. Keep astrology traceable. Avoid prediction.",packages/astro-knowledge/data/placements/sign/neptune-gemini.json
Sky + You,placements/sign,neptune-leo,Natal Neptune in Leo,"tldr: Neptune in Leo. body: Imagination and idealism expressed through proud, expressive warmth. (Modern planet; no traditional dignity.) gift: At work this reads as imagination and idealism carried out with proud. voiceNeutral: true","This placement can describe how imagination, longing, vision, sensitivity, and uncertainty tends to operate through visibility, confidence, creativity, recognition, and expressive warmth.","You may notice a recurring tendency to approach imagination, longing, vision, sensitivity, and uncertainty through visibility, especially when that part of life is activated.","It can help by giving imagination, longing, vision, sensitivity, and uncertainty a recognizable style, instinct, or rhythm.",It can become difficult when mistaking a feeling for a fact.,The work is noticing when this tendency is helping you respond clearly and when it is becoming automatic.,"Describe tendencies, not fixed identity. Keep astrology traceable. Avoid prediction.",packages/astro-knowledge/data/placements/sign/neptune-leo.json
Sky + You,placements/sign,neptune-libra,Natal Neptune in Libra,"tldr: Neptune in Libra. body: Imagination and idealism expressed through relational, fair-minded balance. (Modern planet; no traditional dignity.) gift: At work this reads as imagination and idealism carried out with relational. voiceNeutral: true","This placement can describe how imagination, longing, vision, sensitivity, and uncertainty tends to operate through relationship, fairness, aesthetics, agreement, and social balance.","You may notice a recurring tendency to approach imagination, longing, vision, sensitivity, and uncertainty through relationship, especially when that part of life is activated.","It can help by giving imagination, longing, vision, sensitivity, and uncertainty a recognizable style, instinct, or rhythm.",It can become difficult when mistaking a feeling for a fact.,The work is noticing when this tendency is helping you respond clearly and when it is becoming automatic.,"Describe tendencies, not fixed identity. Keep astrology traceable. Avoid prediction.",packages/astro-knowledge/data/placements/sign/neptune-libra.json
Sky + You,placements/sign,neptune-pisces,Natal Neptune in Pisces,"tldr: Neptune in Pisces. body: Imagination and idealism expressed through imaginative, boundary-less compassion. (Modern planet; no traditional dignity.) Modern affinity with this sign. gift: At work this reads as imagination and idealism carried out with imaginative. voiceNeutral: true","This placement can describe how imagination, longing, vision, sensitivity, and uncertainty tends to operate through sensitivity, imagination, compassion, porous boundaries, and surrender.","You may notice a recurring tendency to approach imagination, longing, vision, sensitivity, and uncertainty through sensitivity, especially when that part of life is activated.","It can help by giving imagination, longing, vision, sensitivity, and uncertainty a recognizable style, instinct, or rhythm.",It can become difficult when mistaking a feeling for a fact.,The work is noticing when this tendency is helping you respond clearly and when it is becoming automatic.,"Describe tendencies, not fixed identity. Keep astrology traceable. Avoid prediction.",packages/astro-knowledge/data/placements/sign/neptune-pisces.json
Sky + You,placements/sign,neptune-sagittarius,Natal Neptune in Sagittarius,"tldr: Neptune in Sagittarius. body: Imagination and idealism expressed through expansive, freedom-loving optimism. (Modern planet; no traditional dignity.) gift: At work this reads as imagination and idealism carried out with expansive. voiceNeutral: true","This placement can describe how imagination, longing, vision, sensitivity, and uncertainty tends to operate through meaning, belief, exploration, perspective, and growth.","You may notice a recurring tendency to approach imagination, longing, vision, sensitivity, and uncertainty through meaning, especially when that part of life is activated.","It can help by giving imagination, longing, vision, sensitivity, and uncertainty a recognizable style, instinct, or rhythm.",It can become difficult when mistaking a feeling for a fact.,The work is noticing when this tendency is helping you respond clearly and when it is becoming automatic.,"Describe tendencies, not fixed identity. Keep astrology traceable. Avoid prediction.",packages/astro-knowledge/data/placements/sign/neptune-sagittarius.json
Sky + You,placements/sign,neptune-scorpio,Natal Neptune in Scorpio,"tldr: Neptune in Scorpio. body: Imagination and idealism expressed through intense, controlling depth. (Modern planet; no traditional dignity.) gift: At work this reads as imagination and idealism carried out with intense. voiceNeutral: true","This placement can describe how imagination, longing, vision, sensitivity, and uncertainty tends to operate through depth, privacy, trust, emotional honesty, and intensity.","You may notice a recurring tendency to approach imagination, longing, vision, sensitivity, and uncertainty through depth, especially when that part of life is activated.","It can help by giving imagination, longing, vision, sensitivity, and uncertainty a recognizable style, instinct, or rhythm.",It can become difficult when mistaking a feeling for a fact.,The work is noticing when this tendency is helping you respond clearly and when it is becoming automatic.,"Describe tendencies, not fixed identity. Keep astrology traceable. Avoid prediction.",packages/astro-knowledge/data/placements/sign/neptune-scorpio.json
Sky + You,placements/sign,neptune-taurus,Natal Neptune in Taurus,"tldr: Neptune in Taurus. body: Imagination and idealism expressed through steady, sensual patience. (Modern planet; no traditional dignity.) gift: At work this reads as imagination and idealism carried out with steady. voiceNeutral: true","This placement can describe how imagination, longing, vision, sensitivity, and uncertainty tends to operate through stability, patience, material reality, comfort, and consistency.","You may notice a recurring tendency to approach imagination, longing, vision, sensitivity, and uncertainty through stability, especially when that part of life is activated.","It can help by giving imagination, longing, vision, sensitivity, and uncertainty a recognizable style, instinct, or rhythm.",It can become difficult when mistaking a feeling for a fact.,The work is noticing when this tendency is helping you respond clearly and when it is becoming automatic.,"Describe tendencies, not fixed identity. Keep astrology traceable. Avoid prediction.",packages/astro-knowledge/data/placements/sign/neptune-taurus.json
Sky + You,placements/sign,neptune-virgo,Natal Neptune in Virgo,"tldr: Neptune in Virgo. body: Imagination and idealism expressed through precise, analytical usefulness. (Modern planet; no traditional dignity.) gift: At work this reads as imagination and idealism carried out with precise. voiceNeutral: true","This placement can describe how imagination, longing, vision, sensitivity, and uncertainty tends to operate through discernment, repair, routine, useful detail, and refinement.","You may notice a recurring tendency to approach imagination, longing, vision, sensitivity, and uncertainty through discernment, especially when that part of life is activated.","It can help by giving imagination, longing, vision, sensitivity, and uncertainty a recognizable style, instinct, or rhythm.",It can become difficult when mistaking a feeling for a fact.,The work is noticing when this tendency is helping you respond clearly and when it is becoming automatic.,"Describe tendencies, not fixed identity. Keep astrology traceable. Avoid prediction.",packages/astro-knowledge/data/placements/sign/neptune-virgo.json
Sky + You,placements/sign,pluto-aquarius,Natal Pluto in Aquarius,"tldr: Pluto in Aquarius. body: Power and the urge to transform expressed through independent, principled detachment. (Modern planet; no traditional dignity.) gift: At work this reads as power and the urge to transform carried out with independent. voiceNeutral: true","This placement can describe how depth, power, pressure, release, and transformation tends to operate through distance, systems, independence, collective patterns, and future orientation.","You may notice a recurring tendency to approach depth, power, pressure, release, and transformation through distance, especially when that part of life is activated.","It can help by giving depth, power, pressure, release, and transformation a recognizable style, instinct, or rhythm.",It can become difficult when trying to control what actually needs to be understood or released.,The work is noticing when this tendency is helping you respond clearly and when it is becoming automatic.,"Describe tendencies, not fixed identity. Keep astrology traceable. Avoid prediction.",packages/astro-knowledge/data/placements/sign/pluto-aquarius.json
Sky + You,placements/sign,pluto-aries,Natal Pluto in Aries,"tldr: Pluto in Aries. body: Power and the urge to transform expressed through direct, fast, assertive force. (Modern planet; no traditional dignity.) gift: At work this reads as power and the urge to transform carried out with direct. voiceNeutral: true","This placement can describe how depth, power, pressure, release, and transformation tends to operate through urgency, courage, initiative, and direct action.","You may notice a recurring tendency to approach depth, power, pressure, release, and transformation through urgency, especially when that part of life is activated.","It can help by giving depth, power, pressure, release, and transformation a recognizable style, instinct, or rhythm.",It can become difficult when trying to control what actually needs to be understood or released.,The work is noticing when this tendency is helping you respond clearly and when it is becoming automatic.,"Describe tendencies, not fixed identity. Keep astrology traceable. Avoid prediction.",packages/astro-knowledge/data/placements/sign/pluto-aries.json
Sky + You,placements/sign,pluto-cancer,Natal Pluto in Cancer,"tldr: Pluto in Cancer. body: Power and the urge to transform expressed through protective, feeling-led care. (Modern planet; no traditional dignity.) gift: At work this reads as power and the urge to transform carried out with protective. voiceNeutral: true","This placement can describe how depth, power, pressure, release, and transformation tends to operate through memory, protection, belonging, care, and emotional context.","You may notice a recurring tendency to approach depth, power, pressure, release, and transformation through memory, especially when that part of life is activated.","It can help by giving depth, power, pressure, release, and transformation a recognizable style, instinct, or rhythm.",It can become difficult when trying to control what actually needs to be understood or released.,The work is noticing when this tendency is helping you respond clearly and when it is becoming automatic.,"Describe tendencies, not fixed identity. Keep astrology traceable. Avoid prediction.",packages/astro-knowledge/data/placements/sign/pluto-cancer.json
Sky + You,placements/sign,pluto-capricorn,Natal Pluto in Capricorn,"tldr: Pluto in Capricorn. body: Power and the urge to transform expressed through disciplined, ambitious restraint. (Modern planet; no traditional dignity.) gift: At work this reads as power and the urge to transform carried out with disciplined. voiceNeutral: true","This placement can describe how depth, power, pressure, release, and transformation tends to operate through structure, restraint, responsibility, practical next steps, and endurance.","You may notice a recurring tendency to approach depth, power, pressure, release, and transformation through structure, especially when that part of life is activated.","It can help by giving depth, power, pressure, release, and transformation a recognizable style, instinct, or rhythm.",It can become difficult when trying to control what actually needs to be understood or released.,The work is noticing when this tendency is helping you respond clearly and when it is becoming automatic.,"Describe tendencies, not fixed identity. Keep astrology traceable. Avoid prediction.",packages/astro-knowledge/data/placements/sign/pluto-capricorn.json
Sky + You,placements/sign,pluto-gemini,Natal Pluto in Gemini,"tldr: Pluto in Gemini. body: Power and the urge to transform expressed through curious, verbal versatility. (Modern planet; no traditional dignity.) gift: At work this reads as power and the urge to transform carried out with curious. voiceNeutral: true","This placement can describe how depth, power, pressure, release, and transformation tends to operate through curiosity, language, movement, information, and adaptability.","You may notice a recurring tendency to approach depth, power, pressure, release, and transformation through curiosity, especially when that part of life is activated.","It can help by giving depth, power, pressure, release, and transformation a recognizable style, instinct, or rhythm.",It can become difficult when trying to control what actually needs to be understood or released.,The work is noticing when this tendency is helping you respond clearly and when it is becoming automatic.,"Describe tendencies, not fixed identity. Keep astrology traceable. Avoid prediction.",packages/astro-knowledge/data/placements/sign/pluto-gemini.json
Sky + You,placements/sign,pluto-leo,Natal Pluto in Leo,"tldr: Pluto in Leo. body: Power and the urge to transform expressed through proud, expressive warmth. (Modern planet; no traditional dignity.) gift: At work this reads as power and the urge to transform carried out with proud. voiceNeutral: true","This placement can describe how depth, power, pressure, release, and transformation tends to operate through visibility, confidence, creativity, recognition, and expressive warmth.","You may notice a recurring tendency to approach depth, power, pressure, release, and transformation through visibility, especially when that part of life is activated.","It can help by giving depth, power, pressure, release, and transformation a recognizable style, instinct, or rhythm.",It can become difficult when trying to control what actually needs to be understood or released.,The work is noticing when this tendency is helping you respond clearly and when it is becoming automatic.,"Describe tendencies, not fixed identity. Keep astrology traceable. Avoid prediction.",packages/astro-knowledge/data/placements/sign/pluto-leo.json
Sky + You,placements/sign,pluto-libra,Natal Pluto in Libra,"tldr: Pluto in Libra. body: Power and the urge to transform expressed through relational, fair-minded balance. (Modern planet; no traditional dignity.) gift: At work this reads as power and the urge to transform carried out with relational. voiceNeutral: true","This placement can describe how depth, power, pressure, release, and transformation tends to operate through relationship, fairness, aesthetics, agreement, and social balance.","You may notice a recurring tendency to approach depth, power, pressure, release, and transformation through relationship, especially when that part of life is activated.","It can help by giving depth, power, pressure, release, and transformation a recognizable style, instinct, or rhythm.",It can become difficult when trying to control what actually needs to be understood or released.,The work is noticing when this tendency is helping you respond clearly and when it is becoming automatic.,"Describe tendencies, not fixed identity. Keep astrology traceable. Avoid prediction.",packages/astro-knowledge/data/placements/sign/pluto-libra.json
Sky + You,placements/sign,pluto-pisces,Natal Pluto in Pisces,"tldr: Pluto in Pisces. body: Power and the urge to transform expressed through imaginative, boundary-less compassion. (Modern planet; no traditional dignity.) gift: At work this reads as power and the urge to transform carried out with imaginative. voiceNeutral: true","This placement can describe how depth, power, pressure, release, and transformation tends to operate through sensitivity, imagination, compassion, porous boundaries, and surrender.","You may notice a recurring tendency to approach depth, power, pressure, release, and transformation through sensitivity, especially when that part of life is activated.","It can help by giving depth, power, pressure, release, and transformation a recognizable style, instinct, or rhythm.",It can become difficult when trying to control what actually needs to be understood or released.,The work is noticing when this tendency is helping you respond clearly and when it is becoming automatic.,"Describe tendencies, not fixed identity. Keep astrology traceable. Avoid prediction.",packages/astro-knowledge/data/placements/sign/pluto-pisces.json
Sky + You,placements/sign,pluto-sagittarius,Natal Pluto in Sagittarius,"tldr: Pluto in Sagittarius. body: Power and the urge to transform expressed through expansive, freedom-loving optimism. (Modern planet; no traditional dignity.) gift: At work this reads as power and the urge to transform carried out with expansive. voiceNeutral: true","This placement can describe how depth, power, pressure, release, and transformation tends to operate through meaning, belief, exploration, perspective, and growth.","You may notice a recurring tendency to approach depth, power, pressure, release, and transformation through meaning, especially when that part of life is activated.","It can help by giving depth, power, pressure, release, and transformation a recognizable style, instinct, or rhythm.",It can become difficult when trying to control what actually needs to be understood or released.,The work is noticing when this tendency is helping you respond clearly and when it is becoming automatic.,"Describe tendencies, not fixed identity. Keep astrology traceable. Avoid prediction.",packages/astro-knowledge/data/placements/sign/pluto-sagittarius.json
Sky + You,placements/sign,pluto-scorpio,Natal Pluto in Scorpio,"tldr: Pluto in Scorpio. body: Power and the urge to transform expressed through intense, controlling depth. (Modern planet; no traditional dignity.) Modern affinity with this sign. gift: At work this reads as power and the urge to transform carried out with intense. voiceNeutral: true","This placement can describe how depth, power, pressure, release, and transformation tends to operate through depth, privacy, trust, emotional honesty, and intensity.","You may notice a recurring tendency to approach depth, power, pressure, release, and transformation through depth, especially when that part of life is activated.","It can help by giving depth, power, pressure, release, and transformation a recognizable style, instinct, or rhythm.",It can become difficult when trying to control what actually needs to be understood or released.,The work is noticing when this tendency is helping you respond clearly and when it is becoming automatic.,"Describe tendencies, not fixed identity. Keep astrology traceable. Avoid prediction.",packages/astro-knowledge/data/placements/sign/pluto-scorpio.json
Sky + You,placements/sign,pluto-taurus,Natal Pluto in Taurus,"tldr: Pluto in Taurus. body: Power and the urge to transform expressed through steady, sensual patience. (Modern planet; no traditional dignity.) gift: At work this reads as power and the urge to transform carried out with steady. voiceNeutral: true","This placement can describe how depth, power, pressure, release, and transformation tends to operate through stability, patience, material reality, comfort, and consistency.","You may notice a recurring tendency to approach depth, power, pressure, release, and transformation through stability, especially when that part of life is activated.","It can help by giving depth, power, pressure, release, and transformation a recognizable style, instinct, or rhythm.",It can become difficult when trying to control what actually needs to be understood or released.,The work is noticing when this tendency is helping you respond clearly and when it is becoming automatic.,"Describe tendencies, not fixed identity. Keep astrology traceable. Avoid prediction.",packages/astro-knowledge/data/placements/sign/pluto-taurus.json
Sky + You,placements/sign,pluto-virgo,Natal Pluto in Virgo,"tldr: Pluto in Virgo. body: Power and the urge to transform expressed through precise, analytical usefulness. (Modern planet; no traditional dignity.) gift: At work this reads as power and the urge to transform carried out with precise. voiceNeutral: true","This placement can describe how depth, power, pressure, release, and transformation tends to operate through discernment, repair, routine, useful detail, and refinement.","You may notice a recurring tendency to approach depth, power, pressure, release, and transformation through discernment, especially when that part of life is activated.","It can help by giving depth, power, pressure, release, and transformation a recognizable style, instinct, or rhythm.",It can become difficult when trying to control what actually needs to be understood or released.,The work is noticing when this tendency is helping you respond clearly and when it is becoming automatic.,"Describe tendencies, not fixed identity. Keep astrology traceable. Avoid prediction.",packages/astro-knowledge/data/placements/sign/pluto-virgo.json
Sky + You,placements/sign,saturn-aquarius,Natal Saturn in Aquarius,"tldr: Saturn in Aquarius: discipline must be learned through community, systems, and future responsibility. body: With Saturn in Aquarius, the work is understanding your role inside the collective without surrendering your individuality. Saturn is at home here, so vision becomes powerful when it is structured. gift: Systemic thinking, social responsibility, innovation with discipline, and durable community work. voiceNeutral: true","This placement can describe how structure, limits, responsibility, time, and consequence tends to operate through distance, systems, independence, collective patterns, and future orientation.","You may notice a recurring tendency to approach structure, limits, responsibility, time, and consequence through distance, especially when that part of life is activated.","It can help by giving structure, limits, responsibility, time, and consequence a recognizable style, instinct, or rhythm.",It can become difficult when confusing caution with wisdom or delay with failure.,The work is noticing when this tendency is helping you respond clearly and when it is becoming automatic.,"Describe tendencies, not fixed identity. Keep astrology traceable. Avoid prediction.",packages/astro-knowledge/data/placements/sign/saturn-aquarius.json
Sky + You,placements/sign,saturn-aries,Natal Saturn in Aries,"tldr: Saturn in Aries: discipline must be learned through courage and self-direction. body: With Saturn in Aries, the work is developing initiative without recklessness and authority without constant combat. Patience becomes the tool that makes courage sustainable. gift: Self-command, mature leadership, and the ability to act with restraint instead of fear. voiceNeutral: true","This placement can describe how structure, limits, responsibility, time, and consequence tends to operate through urgency, courage, initiative, and direct action.","You may notice a recurring tendency to approach structure, limits, responsibility, time, and consequence through urgency, especially when that part of life is activated.","It can help by giving structure, limits, responsibility, time, and consequence a recognizable style, instinct, or rhythm.",It can become difficult when confusing caution with wisdom or delay with failure.,The work is noticing when this tendency is helping you respond clearly and when it is becoming automatic.,"Describe tendencies, not fixed identity. Keep astrology traceable. Avoid prediction.",packages/astro-knowledge/data/placements/sign/saturn-aries.json
Sky + You,placements/sign,saturn-cancer,Natal Saturn in Cancer,"tldr: Saturn in Cancer: discipline must be learned through emotional foundations and care. body: With Saturn in Cancer, the work is building inner security, mature boundaries, and a home within yourself that does not depend on everyone else being okay first. gift: Emotional responsibility, protective strength, and the ability to create durable safety. voiceNeutral: true","This placement can describe how structure, limits, responsibility, time, and consequence tends to operate through memory, protection, belonging, care, and emotional context.","You may notice a recurring tendency to approach structure, limits, responsibility, time, and consequence through memory, especially when that part of life is activated.","It can help by giving structure, limits, responsibility, time, and consequence a recognizable style, instinct, or rhythm.",It can become difficult when confusing caution with wisdom or delay with failure.,The work is noticing when this tendency is helping you respond clearly and when it is becoming automatic.,"Describe tendencies, not fixed identity. Keep astrology traceable. Avoid prediction.",packages/astro-knowledge/data/placements/sign/saturn-cancer.json
Sky + You,placements/sign,saturn-capricorn,Natal Saturn in Capricorn,"tldr: Saturn in Capricorn: discipline is strong, structural, and built for long-range mastery. body: With Saturn in Capricorn, the work is responsibility, ambition, endurance, and wise authority. Saturn is at home here, so effort can become legacy when it does not harden the heart. gift: Strategy, resilience, leadership, and the ability to build something that lasts. voiceNeutral: true","This placement can describe how structure, limits, responsibility, time, and consequence tends to operate through structure, restraint, responsibility, practical next steps, and endurance.","You may notice a recurring tendency to approach structure, limits, responsibility, time, and consequence through structure, especially when that part of life is activated.","It can help by giving structure, limits, responsibility, time, and consequence a recognizable style, instinct, or rhythm.",It can become difficult when confusing caution with wisdom or delay with failure.,The work is noticing when this tendency is helping you respond clearly and when it is becoming automatic.,"Describe tendencies, not fixed identity. Keep astrology traceable. Avoid prediction.",packages/astro-knowledge/data/placements/sign/saturn-capricorn.json
Sky + You,placements/sign,saturn-gemini,Natal Saturn in Gemini,"tldr: Saturn in Gemini: discipline must be learned through thought, language, and communication. body: With Saturn in Gemini, the work is refining the mind, choosing words carefully, and trusting that your voice can become stronger through practice. gift: Serious study, precise communication, and the ability to turn scattered ideas into structure. voiceNeutral: true","This placement can describe how structure, limits, responsibility, time, and consequence tends to operate through curiosity, language, movement, information, and adaptability.","You may notice a recurring tendency to approach structure, limits, responsibility, time, and consequence through curiosity, especially when that part of life is activated.","It can help by giving structure, limits, responsibility, time, and consequence a recognizable style, instinct, or rhythm.",It can become difficult when confusing caution with wisdom or delay with failure.,The work is noticing when this tendency is helping you respond clearly and when it is becoming automatic.,"Describe tendencies, not fixed identity. Keep astrology traceable. Avoid prediction.",packages/astro-knowledge/data/placements/sign/saturn-gemini.json
Sky + You,placements/sign,saturn-leo,Natal Saturn in Leo,"tldr: Saturn in Leo: discipline must be learned through creativity, visibility, and humility. body: With Saturn in Leo, the work is claiming expression without demanding constant validation. Confidence becomes real when it can survive both praise and silence. gift: Creative discipline, dignified leadership, and reliable self-expression. voiceNeutral: true","This placement can describe how structure, limits, responsibility, time, and consequence tends to operate through visibility, confidence, creativity, recognition, and expressive warmth.","You may notice a recurring tendency to approach structure, limits, responsibility, time, and consequence through visibility, especially when that part of life is activated.","It can help by giving structure, limits, responsibility, time, and consequence a recognizable style, instinct, or rhythm.",It can become difficult when confusing caution with wisdom or delay with failure.,The work is noticing when this tendency is helping you respond clearly and when it is becoming automatic.,"Describe tendencies, not fixed identity. Keep astrology traceable. Avoid prediction.",packages/astro-knowledge/data/placements/sign/saturn-leo.json
Sky + You,placements/sign,saturn-libra,Natal Saturn in Libra,"tldr: Saturn in Libra: discipline applied to relationship, fairness, and lasting agreements. body: With Saturn in Libra, the work is building just, committed, durable bonds. Saturn is exalted here, so structure and accountability can become unusually effective in partnership and negotiation. gift: Principled judgment, durable partnership-building, respect for agreements, and the ability to make fairness practical. voiceNeutral: true","This placement can describe how structure, limits, responsibility, time, and consequence tends to operate through relationship, fairness, aesthetics, agreement, and social balance.","You may notice a recurring tendency to approach structure, limits, responsibility, time, and consequence through relationship, especially when that part of life is activated.","It can help by giving structure, limits, responsibility, time, and consequence a recognizable style, instinct, or rhythm.",It can become difficult when confusing caution with wisdom or delay with failure.,The work is noticing when this tendency is helping you respond clearly and when it is becoming automatic.,"Describe tendencies, not fixed identity. Keep astrology traceable. Avoid prediction.",packages/astro-knowledge/data/placements/sign/saturn-libra.json
Sky + You,placements/sign,saturn-pisces,Natal Saturn in Pisces,"tldr: Saturn in Pisces: discipline must be learned through compassion, faith, and boundaries with the unseen. body: With Saturn in Pisces, the work is giving shape to intuition and learning that spiritual life still needs structure. Sensitivity becomes trustworthy when it has boundaries. gift: Spiritual discipline, compassionate responsibility, and the ability to ground imagination. voiceNeutral: true","This placement can describe how structure, limits, responsibility, time, and consequence tends to operate through sensitivity, imagination, compassion, porous boundaries, and surrender.","You may notice a recurring tendency to approach structure, limits, responsibility, time, and consequence through sensitivity, especially when that part of life is activated.","It can help by giving structure, limits, responsibility, time, and consequence a recognizable style, instinct, or rhythm.",It can become difficult when confusing caution with wisdom or delay with failure.,The work is noticing when this tendency is helping you respond clearly and when it is becoming automatic.,"Describe tendencies, not fixed identity. Keep astrology traceable. Avoid prediction.",packages/astro-knowledge/data/placements/sign/saturn-pisces.json
Sky + You,placements/sign,saturn-sagittarius,Natal Saturn in Sagittarius,"tldr: Saturn in Sagittarius: discipline must be learned through truth, belief, and embodied wisdom. body: With Saturn in Sagittarius, the work is testing your philosophies against lived reality. Belief has to become practice, not a speech you give when life is easier. gift: Integrity, disciplined study, mature teaching, and principled expansion. voiceNeutral: true","This placement can describe how structure, limits, responsibility, time, and consequence tends to operate through meaning, belief, exploration, perspective, and growth.","You may notice a recurring tendency to approach structure, limits, responsibility, time, and consequence through meaning, especially when that part of life is activated.","It can help by giving structure, limits, responsibility, time, and consequence a recognizable style, instinct, or rhythm.",It can become difficult when confusing caution with wisdom or delay with failure.,The work is noticing when this tendency is helping you respond clearly and when it is becoming automatic.,"Describe tendencies, not fixed identity. Keep astrology traceable. Avoid prediction.",packages/astro-knowledge/data/placements/sign/saturn-sagittarius.json
Sky + You,placements/sign,saturn-scorpio,Natal Saturn in Scorpio,"tldr: Saturn in Scorpio: discipline must be learned through trust, power, and transformation. body: With Saturn in Scorpio, the work is facing fear, control, grief, intimacy, and what cannot be healed by staying on the surface. Depth becomes mastery when secrecy gives way to self-honesty. gift: Emotional endurance, strategic focus, and the ability to transform pain into mature power. voiceNeutral: true","This placement can describe how structure, limits, responsibility, time, and consequence tends to operate through depth, privacy, trust, emotional honesty, and intensity.","You may notice a recurring tendency to approach structure, limits, responsibility, time, and consequence through depth, especially when that part of life is activated.","It can help by giving structure, limits, responsibility, time, and consequence a recognizable style, instinct, or rhythm.",It can become difficult when confusing caution with wisdom or delay with failure.,The work is noticing when this tendency is helping you respond clearly and when it is becoming automatic.,"Describe tendencies, not fixed identity. Keep astrology traceable. Avoid prediction.",packages/astro-knowledge/data/placements/sign/saturn-scorpio.json
Sky + You,placements/sign,saturn-taurus,Natal Saturn in Taurus,"tldr: Saturn in Taurus: discipline must be learned through resources, patience, and embodied security. body: With Saturn in Taurus, the work is building stability slowly and learning that value is proven through care, consistency, and wise stewardship. gift: Financial discipline, endurance, practical skill, and respect for what lasts. voiceNeutral: true","This placement can describe how structure, limits, responsibility, time, and consequence tends to operate through stability, patience, material reality, comfort, and consistency.","You may notice a recurring tendency to approach structure, limits, responsibility, time, and consequence through stability, especially when that part of life is activated.","It can help by giving structure, limits, responsibility, time, and consequence a recognizable style, instinct, or rhythm.",It can become difficult when confusing caution with wisdom or delay with failure.,The work is noticing when this tendency is helping you respond clearly and when it is becoming automatic.,"Describe tendencies, not fixed identity. Keep astrology traceable. Avoid prediction.",packages/astro-knowledge/data/placements/sign/saturn-taurus.json
Sky + You,placements/sign,saturn-virgo,Natal Saturn in Virgo,"tldr: Saturn in Virgo: discipline must be learned through craft, health, and daily refinement. body: With Saturn in Virgo, the work is developing skill, discernment, and useful routines without turning improvement into punishment. gift: Mastery of craft, practical intelligence, and devotion to meaningful service. voiceNeutral: true","This placement can describe how structure, limits, responsibility, time, and consequence tends to operate through discernment, repair, routine, useful detail, and refinement.","You may notice a recurring tendency to approach structure, limits, responsibility, time, and consequence through discernment, especially when that part of life is activated.","It can help by giving structure, limits, responsibility, time, and consequence a recognizable style, instinct, or rhythm.",It can become difficult when confusing caution with wisdom or delay with failure.,The work is noticing when this tendency is helping you respond clearly and when it is becoming automatic.,"Describe tendencies, not fixed identity. Keep astrology traceable. Avoid prediction.",packages/astro-knowledge/data/placements/sign/saturn-virgo.json
Sky + You,placements/sign,sun-aquarius,Natal Sun in Aquarius,"tldr: The Sun in Aquarius: identity built through originality, community, and future vision. body: With the Sun in Aquarius, the core self strengthens through independent thought, social awareness, and the courage to live outside stale expectations. You are here to bring perspective that serves more than the self. gift: Innovation, objectivity, humanitarian vision, and the ability to see systems clearly. voiceNeutral: true","This placement can describe how attention, vitality, visibility, and confidence tends to operate through distance, systems, independence, collective patterns, and future orientation.","You may notice a recurring tendency to approach attention, vitality, visibility, and confidence through distance, especially when that part of life is activated.","It can help by giving attention, vitality, visibility, and confidence a recognizable style, instinct, or rhythm.","It can become difficult when needing certainty, approval, or control before acting.",The work is noticing when this tendency is helping you respond clearly and when it is becoming automatic.,"Describe tendencies, not fixed identity. Keep astrology traceable. Avoid prediction.",packages/astro-knowledge/data/placements/sign/sun-aquarius.json
Sky + You,placements/sign,sun-aries,Natal Sun in Aries,"tldr: The Sun in Aries: identity built through courage, initiation, and direct self-assertion. body: With the Sun in Aries, the core self strengthens when you act, choose, begin, and trust the first honest impulse. You are here to develop courage without needing permission to move. gift: Leadership, bravery, independence, and the ability to begin what others only discuss. voiceNeutral: true","This placement can describe how attention, vitality, visibility, and confidence tends to operate through urgency, courage, initiative, and direct action.","You may notice a recurring tendency to approach attention, vitality, visibility, and confidence through urgency, especially when that part of life is activated.","It can help by giving attention, vitality, visibility, and confidence a recognizable style, instinct, or rhythm.","It can become difficult when needing certainty, approval, or control before acting.",The work is noticing when this tendency is helping you respond clearly and when it is becoming automatic.,"Describe tendencies, not fixed identity. Keep astrology traceable. Avoid prediction.",packages/astro-knowledge/data/placements/sign/sun-aries.json
Sky + You,placements/sign,sun-cancer,Natal Sun in Cancer,"tldr: The Sun in Cancer: identity built through care, memory, and emotional belonging. body: With the Sun in Cancer, the core self strengthens when you protect what matters and build spaces where tenderness can survive. You are here to trust emotional intelligence as real guidance. gift: Nurturing leadership, intuition, loyalty, and the ability to create emotional safety. voiceNeutral: true","This placement can describe how attention, vitality, visibility, and confidence tends to operate through memory, protection, belonging, care, and emotional context.","You may notice a recurring tendency to approach attention, vitality, visibility, and confidence through memory, especially when that part of life is activated.","It can help by giving attention, vitality, visibility, and confidence a recognizable style, instinct, or rhythm.","It can become difficult when needing certainty, approval, or control before acting.",The work is noticing when this tendency is helping you respond clearly and when it is becoming automatic.,"Describe tendencies, not fixed identity. Keep astrology traceable. Avoid prediction.",packages/astro-knowledge/data/placements/sign/sun-cancer.json
Sky + You,placements/sign,sun-capricorn,Natal Sun in Capricorn,"tldr: The Sun in Capricorn: identity built through responsibility, mastery, and long-term creation. body: With the Sun in Capricorn, the core self strengthens through discipline, structure, ambition, and earned authority. You are here to build something durable without sacrificing your humanity to the climb. gift: Strategy, endurance, leadership, patience, and the ability to turn effort into legacy. voiceNeutral: true","This placement can describe how attention, vitality, visibility, and confidence tends to operate through structure, restraint, responsibility, practical next steps, and endurance.","You may notice a recurring tendency to approach attention, vitality, visibility, and confidence through structure, especially when that part of life is activated.","It can help by giving attention, vitality, visibility, and confidence a recognizable style, instinct, or rhythm.","It can become difficult when needing certainty, approval, or control before acting.",The work is noticing when this tendency is helping you respond clearly and when it is becoming automatic.,"Describe tendencies, not fixed identity. Keep astrology traceable. Avoid prediction.",packages/astro-knowledge/data/placements/sign/sun-capricorn.json
Sky + You,placements/sign,sun-gemini,Natal Sun in Gemini,"tldr: The Sun in Gemini: identity built through curiosity, language, and connection. body: With the Sun in Gemini, the core self strengthens through learning, asking, translating, and staying mentally alive. You are here to gather experience and turn it into useful understanding. gift: Communication, adaptability, wit, and the ability to connect ideas and people. voiceNeutral: true","This placement can describe how attention, vitality, visibility, and confidence tends to operate through curiosity, language, movement, information, and adaptability.","You may notice a recurring tendency to approach attention, vitality, visibility, and confidence through curiosity, especially when that part of life is activated.","It can help by giving attention, vitality, visibility, and confidence a recognizable style, instinct, or rhythm.","It can become difficult when needing certainty, approval, or control before acting.",The work is noticing when this tendency is helping you respond clearly and when it is becoming automatic.,"Describe tendencies, not fixed identity. Keep astrology traceable. Avoid prediction.",packages/astro-knowledge/data/placements/sign/sun-gemini.json
Sky + You,placements/sign,sun-leo,Natal Sun in Leo,"tldr: The Sun in Leo: identity built through expression, visibility, and creative warmth. body: With the Sun in Leo, the core self strengthens through being seen, creating boldly, and leading from the heart. The Sun is at home in Leo, so confidence works cleanly when it has a generous purpose. gift: Magnetic presence, creative leadership, warmth, courage, and the ability to energize a room. voiceNeutral: true","This placement can describe how attention, vitality, visibility, and confidence tends to operate through visibility, confidence, creativity, recognition, and expressive warmth.","You may notice a recurring tendency to approach attention, vitality, visibility, and confidence through visibility, especially when that part of life is activated.","It can help by giving attention, vitality, visibility, and confidence a recognizable style, instinct, or rhythm.","It can become difficult when needing certainty, approval, or control before acting.",The work is noticing when this tendency is helping you respond clearly and when it is becoming automatic.,"Describe tendencies, not fixed identity. Keep astrology traceable. Avoid prediction.",packages/astro-knowledge/data/placements/sign/sun-leo.json
Sky + You,placements/sign,sun-libra,Natal Sun in Libra,"tldr: The Sun in Libra: identity built through relationship, balance, and ethical choice. body: With the Sun in Libra, the core self strengthens through partnership, beauty, fairness, and the ability to consider more than one side. You are here to create harmony without losing your own center. gift: Diplomacy, charm, fairness, social intelligence, and partnership skill. voiceNeutral: true","This placement can describe how attention, vitality, visibility, and confidence tends to operate through relationship, fairness, aesthetics, agreement, and social balance.","You may notice a recurring tendency to approach attention, vitality, visibility, and confidence through relationship, especially when that part of life is activated.","It can help by giving attention, vitality, visibility, and confidence a recognizable style, instinct, or rhythm.","It can become difficult when needing certainty, approval, or control before acting.",The work is noticing when this tendency is helping you respond clearly and when it is becoming automatic.,"Describe tendencies, not fixed identity. Keep astrology traceable. Avoid prediction.",packages/astro-knowledge/data/placements/sign/sun-libra.json
Sky + You,placements/sign,sun-pisces,Natal Sun in Pisces,"tldr: The Sun in Pisces: identity built through compassion, imagination, and spiritual sensitivity. body: With the Sun in Pisces, the core self strengthens through empathy, creativity, intuition, and connection to what cannot be measured. You are here to keep your heart open while still staying embodied. gift: Compassion, artistry, intuition, forgiveness, and imaginative wisdom. voiceNeutral: true","This placement can describe how attention, vitality, visibility, and confidence tends to operate through sensitivity, imagination, compassion, porous boundaries, and surrender.","You may notice a recurring tendency to approach attention, vitality, visibility, and confidence through sensitivity, especially when that part of life is activated.","It can help by giving attention, vitality, visibility, and confidence a recognizable style, instinct, or rhythm.","It can become difficult when needing certainty, approval, or control before acting.",The work is noticing when this tendency is helping you respond clearly and when it is becoming automatic.,"Describe tendencies, not fixed identity. Keep astrology traceable. Avoid prediction.",packages/astro-knowledge/data/placements/sign/sun-pisces.json
Sky + You,placements/sign,sun-sagittarius,Natal Sun in Sagittarius,"tldr: The Sun in Sagittarius: identity built through truth, freedom, and lived wisdom. body: With the Sun in Sagittarius, the core self strengthens through exploration, study, candor, and the search for meaning. You are here to keep widening the view while embodying what you claim to believe. gift: Optimism, teaching, humor, honesty, and faith in possibility. voiceNeutral: true","This placement can describe how attention, vitality, visibility, and confidence tends to operate through meaning, belief, exploration, perspective, and growth.","You may notice a recurring tendency to approach attention, vitality, visibility, and confidence through meaning, especially when that part of life is activated.","It can help by giving attention, vitality, visibility, and confidence a recognizable style, instinct, or rhythm.","It can become difficult when needing certainty, approval, or control before acting.",The work is noticing when this tendency is helping you respond clearly and when it is becoming automatic.,"Describe tendencies, not fixed identity. Keep astrology traceable. Avoid prediction.",packages/astro-knowledge/data/placements/sign/sun-sagittarius.json
Sky + You,placements/sign,sun-scorpio,Natal Sun in Scorpio,"tldr: The Sun in Scorpio: identity built through depth, honesty, and transformation. body: With the Sun in Scorpio, the core self strengthens when you stop skimming the surface and face what is real. You are here to develop power through truth, trust, and emotional courage. gift: Intensity, resilience, loyalty, psychological insight, and the ability to transform through crisis. voiceNeutral: true","This placement can describe how attention, vitality, visibility, and confidence tends to operate through depth, privacy, trust, emotional honesty, and intensity.","You may notice a recurring tendency to approach attention, vitality, visibility, and confidence through depth, especially when that part of life is activated.","It can help by giving attention, vitality, visibility, and confidence a recognizable style, instinct, or rhythm.","It can become difficult when needing certainty, approval, or control before acting.",The work is noticing when this tendency is helping you respond clearly and when it is becoming automatic.,"Describe tendencies, not fixed identity. Keep astrology traceable. Avoid prediction.",packages/astro-knowledge/data/placements/sign/sun-scorpio.json
Sky + You,placements/sign,sun-taurus,Natal Sun in Taurus,"tldr: The Sun in Taurus: identity built through steadiness, embodiment, and lasting value. body: With the Sun in Taurus, the core self strengthens through patience, consistency, beauty, and tangible creation. You are here to build a life that can be felt, held, enjoyed, and trusted. gift: Endurance, loyalty, grounded confidence, and the ability to make value real. voiceNeutral: true","This placement can describe how attention, vitality, visibility, and confidence tends to operate through stability, patience, material reality, comfort, and consistency.","You may notice a recurring tendency to approach attention, vitality, visibility, and confidence through stability, especially when that part of life is activated.","It can help by giving attention, vitality, visibility, and confidence a recognizable style, instinct, or rhythm.","It can become difficult when needing certainty, approval, or control before acting.",The work is noticing when this tendency is helping you respond clearly and when it is becoming automatic.,"Describe tendencies, not fixed identity. Keep astrology traceable. Avoid prediction.",packages/astro-knowledge/data/placements/sign/sun-taurus.json
Sky + You,placements/sign,sun-virgo,Natal Sun in Virgo,"tldr: The Sun in Virgo: identity built through skill, discernment, and useful service. body: With the Sun in Virgo, the core self strengthens through improving what is real, tending the details, and making life work better. You are here to refine without reducing yourself to what still needs fixing. gift: Precision, humility, analysis, devotion, and practical excellence. voiceNeutral: true","This placement can describe how attention, vitality, visibility, and confidence tends to operate through discernment, repair, routine, useful detail, and refinement.","You may notice a recurring tendency to approach attention, vitality, visibility, and confidence through discernment, especially when that part of life is activated.","It can help by giving attention, vitality, visibility, and confidence a recognizable style, instinct, or rhythm.","It can become difficult when needing certainty, approval, or control before acting.",The work is noticing when this tendency is helping you respond clearly and when it is becoming automatic.,"Describe tendencies, not fixed identity. Keep astrology traceable. Avoid prediction.",packages/astro-knowledge/data/placements/sign/sun-virgo.json
Sky + You,placements/sign,uranus-aquarius,Natal Uranus in Aquarius,"tldr: Uranus in Aquarius. body: The urge to disrupt and break free expressed through independent, principled detachment. (Modern planet; no traditional dignity.) Modern affinity with this sign. gift: At work this reads as the urge to disrupt and break free carried out with independent. voiceNeutral: true","This placement can describe how change, disruption, freedom, and originality tends to operate through distance, systems, independence, collective patterns, and future orientation.","You may notice a recurring tendency to approach change, disruption, freedom, and originality through distance, especially when that part of life is activated.","It can help by giving change, disruption, freedom, and originality a recognizable style, instinct, or rhythm.",It can become difficult when breaking pattern for the sake of escape rather than truth.,The work is noticing when this tendency is helping you respond clearly and when it is becoming automatic.,"Describe tendencies, not fixed identity. Keep astrology traceable. Avoid prediction.",packages/astro-knowledge/data/placements/sign/uranus-aquarius.json
Sky + You,placements/sign,uranus-aries,Natal Uranus in Aries,"tldr: Uranus in Aries. body: The urge to disrupt and break free expressed through direct, fast, assertive force. (Modern planet; no traditional dignity.) gift: At work this reads as the urge to disrupt and break free carried out with direct. voiceNeutral: true","This placement can describe how change, disruption, freedom, and originality tends to operate through urgency, courage, initiative, and direct action.","You may notice a recurring tendency to approach change, disruption, freedom, and originality through urgency, especially when that part of life is activated.","It can help by giving change, disruption, freedom, and originality a recognizable style, instinct, or rhythm.",It can become difficult when breaking pattern for the sake of escape rather than truth.,The work is noticing when this tendency is helping you respond clearly and when it is becoming automatic.,"Describe tendencies, not fixed identity. Keep astrology traceable. Avoid prediction.",packages/astro-knowledge/data/placements/sign/uranus-aries.json
Sky + You,placements/sign,uranus-cancer,Natal Uranus in Cancer,"tldr: Uranus in Cancer. body: The urge to disrupt and break free expressed through protective, feeling-led care. (Modern planet; no traditional dignity.) gift: At work this reads as the urge to disrupt and break free carried out with protective. voiceNeutral: true","This placement can describe how change, disruption, freedom, and originality tends to operate through memory, protection, belonging, care, and emotional context.","You may notice a recurring tendency to approach change, disruption, freedom, and originality through memory, especially when that part of life is activated.","It can help by giving change, disruption, freedom, and originality a recognizable style, instinct, or rhythm.",It can become difficult when breaking pattern for the sake of escape rather than truth.,The work is noticing when this tendency is helping you respond clearly and when it is becoming automatic.,"Describe tendencies, not fixed identity. Keep astrology traceable. Avoid prediction.",packages/astro-knowledge/data/placements/sign/uranus-cancer.json
Sky + You,placements/sign,uranus-capricorn,Natal Uranus in Capricorn,"tldr: Uranus in Capricorn. body: The urge to disrupt and break free expressed through disciplined, ambitious restraint. (Modern planet; no traditional dignity.) gift: At work this reads as the urge to disrupt and break free carried out with disciplined. voiceNeutral: true","This placement can describe how change, disruption, freedom, and originality tends to operate through structure, restraint, responsibility, practical next steps, and endurance.","You may notice a recurring tendency to approach change, disruption, freedom, and originality through structure, especially when that part of life is activated.","It can help by giving change, disruption, freedom, and originality a recognizable style, instinct, or rhythm.",It can become difficult when breaking pattern for the sake of escape rather than truth.,The work is noticing when this tendency is helping you respond clearly and when it is becoming automatic.,"Describe tendencies, not fixed identity. Keep astrology traceable. Avoid prediction.",packages/astro-knowledge/data/placements/sign/uranus-capricorn.json
Sky + You,placements/sign,uranus-gemini,Natal Uranus in Gemini,"tldr: Uranus in Gemini. body: The urge to disrupt and break free expressed through curious, verbal versatility. (Modern planet; no traditional dignity.) gift: At work this reads as the urge to disrupt and break free carried out with curious. voiceNeutral: true","This placement can describe how change, disruption, freedom, and originality tends to operate through curiosity, language, movement, information, and adaptability.","You may notice a recurring tendency to approach change, disruption, freedom, and originality through curiosity, especially when that part of life is activated.","It can help by giving change, disruption, freedom, and originality a recognizable style, instinct, or rhythm.",It can become difficult when breaking pattern for the sake of escape rather than truth.,The work is noticing when this tendency is helping you respond clearly and when it is becoming automatic.,"Describe tendencies, not fixed identity. Keep astrology traceable. Avoid prediction.",packages/astro-knowledge/data/placements/sign/uranus-gemini.json
Sky + You,placements/sign,uranus-leo,Natal Uranus in Leo,"tldr: Uranus in Leo. body: The urge to disrupt and break free expressed through proud, expressive warmth. (Modern planet; no traditional dignity.) gift: At work this reads as the urge to disrupt and break free carried out with proud. voiceNeutral: true","This placement can describe how change, disruption, freedom, and originality tends to operate through visibility, confidence, creativity, recognition, and expressive warmth.","You may notice a recurring tendency to approach change, disruption, freedom, and originality through visibility, especially when that part of life is activated.","It can help by giving change, disruption, freedom, and originality a recognizable style, instinct, or rhythm.",It can become difficult when breaking pattern for the sake of escape rather than truth.,The work is noticing when this tendency is helping you respond clearly and when it is becoming automatic.,"Describe tendencies, not fixed identity. Keep astrology traceable. Avoid prediction.",packages/astro-knowledge/data/placements/sign/uranus-leo.json
Sky + You,placements/sign,uranus-libra,Natal Uranus in Libra,"tldr: Uranus in Libra. body: The urge to disrupt and break free expressed through relational, fair-minded balance. (Modern planet; no traditional dignity.) gift: At work this reads as the urge to disrupt and break free carried out with relational. voiceNeutral: true","This placement can describe how change, disruption, freedom, and originality tends to operate through relationship, fairness, aesthetics, agreement, and social balance.","You may notice a recurring tendency to approach change, disruption, freedom, and originality through relationship, especially when that part of life is activated.","It can help by giving change, disruption, freedom, and originality a recognizable style, instinct, or rhythm.",It can become difficult when breaking pattern for the sake of escape rather than truth.,The work is noticing when this tendency is helping you respond clearly and when it is becoming automatic.,"Describe tendencies, not fixed identity. Keep astrology traceable. Avoid prediction.",packages/astro-knowledge/data/placements/sign/uranus-libra.json
Sky + You,placements/sign,uranus-pisces,Natal Uranus in Pisces,"tldr: Uranus in Pisces. body: The urge to disrupt and break free expressed through imaginative, boundary-less compassion. (Modern planet; no traditional dignity.) gift: At work this reads as the urge to disrupt and break free carried out with imaginative. voiceNeutral: true","This placement can describe how change, disruption, freedom, and originality tends to operate through sensitivity, imagination, compassion, porous boundaries, and surrender.","You may notice a recurring tendency to approach change, disruption, freedom, and originality through sensitivity, especially when that part of life is activated.","It can help by giving change, disruption, freedom, and originality a recognizable style, instinct, or rhythm.",It can become difficult when breaking pattern for the sake of escape rather than truth.,The work is noticing when this tendency is helping you respond clearly and when it is becoming automatic.,"Describe tendencies, not fixed identity. Keep astrology traceable. Avoid prediction.",packages/astro-knowledge/data/placements/sign/uranus-pisces.json
Sky + You,placements/sign,uranus-sagittarius,Natal Uranus in Sagittarius,"tldr: Uranus in Sagittarius. body: The urge to disrupt and break free expressed through expansive, freedom-loving optimism. (Modern planet; no traditional dignity.) gift: At work this reads as the urge to disrupt and break free carried out with expansive. voiceNeutral: true","This placement can describe how change, disruption, freedom, and originality tends to operate through meaning, belief, exploration, perspective, and growth.","You may notice a recurring tendency to approach change, disruption, freedom, and originality through meaning, especially when that part of life is activated.","It can help by giving change, disruption, freedom, and originality a recognizable style, instinct, or rhythm.",It can become difficult when breaking pattern for the sake of escape rather than truth.,The work is noticing when this tendency is helping you respond clearly and when it is becoming automatic.,"Describe tendencies, not fixed identity. Keep astrology traceable. Avoid prediction.",packages/astro-knowledge/data/placements/sign/uranus-sagittarius.json
Sky + You,placements/sign,uranus-scorpio,Natal Uranus in Scorpio,"tldr: Uranus in Scorpio. body: The urge to disrupt and break free expressed through intense, controlling depth. (Modern planet; no traditional dignity.) gift: At work this reads as the urge to disrupt and break free carried out with intense. voiceNeutral: true","This placement can describe how change, disruption, freedom, and originality tends to operate through depth, privacy, trust, emotional honesty, and intensity.","You may notice a recurring tendency to approach change, disruption, freedom, and originality through depth, especially when that part of life is activated.","It can help by giving change, disruption, freedom, and originality a recognizable style, instinct, or rhythm.",It can become difficult when breaking pattern for the sake of escape rather than truth.,The work is noticing when this tendency is helping you respond clearly and when it is becoming automatic.,"Describe tendencies, not fixed identity. Keep astrology traceable. Avoid prediction.",packages/astro-knowledge/data/placements/sign/uranus-scorpio.json
Sky + You,placements/sign,uranus-taurus,Natal Uranus in Taurus,"tldr: Uranus in Taurus. body: The urge to disrupt and break free expressed through steady, sensual patience. (Modern planet; no traditional dignity.) gift: At work this reads as the urge to disrupt and break free carried out with steady. voiceNeutral: true","This placement can describe how change, disruption, freedom, and originality tends to operate through stability, patience, material reality, comfort, and consistency.","You may notice a recurring tendency to approach change, disruption, freedom, and originality through stability, especially when that part of life is activated.","It can help by giving change, disruption, freedom, and originality a recognizable style, instinct, or rhythm.",It can become difficult when breaking pattern for the sake of escape rather than truth.,The work is noticing when this tendency is helping you respond clearly and when it is becoming automatic.,"Describe tendencies, not fixed identity. Keep astrology traceable. Avoid prediction.",packages/astro-knowledge/data/placements/sign/uranus-taurus.json
Sky + You,placements/sign,uranus-virgo,Natal Uranus in Virgo,"tldr: Uranus in Virgo. body: The urge to disrupt and break free expressed through precise, analytical usefulness. (Modern planet; no traditional dignity.) gift: At work this reads as the urge to disrupt and break free carried out with precise. voiceNeutral: true","This placement can describe how change, disruption, freedom, and originality tends to operate through discernment, repair, routine, useful detail, and refinement.","You may notice a recurring tendency to approach change, disruption, freedom, and originality through discernment, especially when that part of life is activated.","It can help by giving change, disruption, freedom, and originality a recognizable style, instinct, or rhythm.",It can become difficult when breaking pattern for the sake of escape rather than truth.,The work is noticing when this tendency is helping you respond clearly and when it is becoming automatic.,"Describe tendencies, not fixed identity. Keep astrology traceable. Avoid prediction.",packages/astro-knowledge/data/placements/sign/uranus-virgo.json
Sky + You,placements/sign,venus-aquarius,Natal Venus in Aquarius,"tldr: Venus in Aquarius: love needs friendship, freedom, and respect for difference. body: With Venus in Aquarius, attraction grows through mental connection, shared ideals, and room to be unconventional. You value bonds that do not demand conformity. gift: Friendship, originality, social awareness, and love that honors individuality. voiceNeutral: true","This placement can describe how connection, value, pleasure, attraction, and ease tends to operate through distance, systems, independence, collective patterns, and future orientation.","You may notice a recurring tendency to approach connection, value, pleasure, attraction, and ease through distance, especially when that part of life is activated.","It can help by giving connection, value, pleasure, attraction, and ease a recognizable style, instinct, or rhythm.",It can become difficult when keeping things pleasant while avoiding what needs to be named.,The work is noticing when this tendency is helping you respond clearly and when it is becoming automatic.,"Describe tendencies, not fixed identity. Keep astrology traceable. Avoid prediction.",packages/astro-knowledge/data/placements/sign/venus-aquarius.json
Sky + You,placements/sign,venus-aries,Natal Venus in Aries,"tldr: Venus in Aries: love is direct, passionate, and sparked by aliveness. body: With Venus in Aries, attraction moves quickly and wants honesty, excitement, and pursuit. You value desire that feels immediate and brave. gift: Bold affection, romantic courage, creative heat, and the ability to ask for what you want. voiceNeutral: true","This placement can describe how connection, value, pleasure, attraction, and ease tends to operate through urgency, courage, initiative, and direct action.","You may notice a recurring tendency to approach connection, value, pleasure, attraction, and ease through urgency, especially when that part of life is activated.","It can help by giving connection, value, pleasure, attraction, and ease a recognizable style, instinct, or rhythm.",It can become difficult when keeping things pleasant while avoiding what needs to be named.,The work is noticing when this tendency is helping you respond clearly and when it is becoming automatic.,"Describe tendencies, not fixed identity. Keep astrology traceable. Avoid prediction.",packages/astro-knowledge/data/placements/sign/venus-aries.json
Sky + You,placements/sign,venus-cancer,Natal Venus in Cancer,"tldr: Venus in Cancer: love is protective, tender, and rooted in emotional belonging. body: With Venus in Cancer, affection shows through care, memory, home, food, and the desire to make someone feel safe. You value devotion that feels emotionally real. gift: Nurturing love, loyalty, emotional generosity, and the ability to create comfort. voiceNeutral: true","This placement can describe how connection, value, pleasure, attraction, and ease tends to operate through memory, protection, belonging, care, and emotional context.","You may notice a recurring tendency to approach connection, value, pleasure, attraction, and ease through memory, especially when that part of life is activated.","It can help by giving connection, value, pleasure, attraction, and ease a recognizable style, instinct, or rhythm.",It can become difficult when keeping things pleasant while avoiding what needs to be named.,The work is noticing when this tendency is helping you respond clearly and when it is becoming automatic.,"Describe tendencies, not fixed identity. Keep astrology traceable. Avoid prediction.",packages/astro-knowledge/data/placements/sign/venus-cancer.json
Sky + You,placements/sign,venus-capricorn,Natal Venus in Capricorn,"tldr: Venus in Capricorn: love is serious, loyal, and built through time. body: With Venus in Capricorn, affection may be reserved at first, but it values commitment, reliability, and shared ambition. Love becomes real through consistency. gift: Loyalty, maturity, practical devotion, and the ability to build lasting value. voiceNeutral: true","This placement can describe how connection, value, pleasure, attraction, and ease tends to operate through structure, restraint, responsibility, practical next steps, and endurance.","You may notice a recurring tendency to approach connection, value, pleasure, attraction, and ease through structure, especially when that part of life is activated.","It can help by giving connection, value, pleasure, attraction, and ease a recognizable style, instinct, or rhythm.",It can become difficult when keeping things pleasant while avoiding what needs to be named.,The work is noticing when this tendency is helping you respond clearly and when it is becoming automatic.,"Describe tendencies, not fixed identity. Keep astrology traceable. Avoid prediction.",packages/astro-knowledge/data/placements/sign/venus-capricorn.json
Sky + You,placements/sign,venus-gemini,Natal Venus in Gemini,"tldr: Venus in Gemini: love needs conversation, curiosity, and mental play. body: With Venus in Gemini, attraction grows through words, wit, variety, and the pleasure of being mentally met. You value connection that keeps moving and learning. gift: Charm, flirtation, adaptability, and relational curiosity. voiceNeutral: true","This placement can describe how connection, value, pleasure, attraction, and ease tends to operate through curiosity, language, movement, information, and adaptability.","You may notice a recurring tendency to approach connection, value, pleasure, attraction, and ease through curiosity, especially when that part of life is activated.","It can help by giving connection, value, pleasure, attraction, and ease a recognizable style, instinct, or rhythm.",It can become difficult when keeping things pleasant while avoiding what needs to be named.,The work is noticing when this tendency is helping you respond clearly and when it is becoming automatic.,"Describe tendencies, not fixed identity. Keep astrology traceable. Avoid prediction.",packages/astro-knowledge/data/placements/sign/venus-gemini.json
Sky + You,placements/sign,venus-leo,Natal Venus in Leo,"tldr: Venus in Leo: love is warm, expressive, and generous with the heart. body: With Venus in Leo, affection wants joy, celebration, romance, and visible appreciation. You value love that feels alive, proud, and creative. gift: Generosity, charisma, playfulness, and radiant affection. voiceNeutral: true","This placement can describe how connection, value, pleasure, attraction, and ease tends to operate through visibility, confidence, creativity, recognition, and expressive warmth.","You may notice a recurring tendency to approach connection, value, pleasure, attraction, and ease through visibility, especially when that part of life is activated.","It can help by giving connection, value, pleasure, attraction, and ease a recognizable style, instinct, or rhythm.",It can become difficult when keeping things pleasant while avoiding what needs to be named.,The work is noticing when this tendency is helping you respond clearly and when it is becoming automatic.,"Describe tendencies, not fixed identity. Keep astrology traceable. Avoid prediction.",packages/astro-knowledge/data/placements/sign/venus-leo.json
Sky + You,placements/sign,venus-libra,Natal Venus in Libra,"tldr: Venus in Libra: love seeks harmony, beauty, fairness, and mutuality. body: With Venus in Libra, Venus is at home, so relationship intelligence, social grace, and aesthetic balance are strong. You value partnership that feels reciprocal and elegant. gift: Diplomacy, charm, fairness, artistic taste, and the ability to create relational ease. voiceNeutral: true","This placement can describe how connection, value, pleasure, attraction, and ease tends to operate through relationship, fairness, aesthetics, agreement, and social balance.","You may notice a recurring tendency to approach connection, value, pleasure, attraction, and ease through relationship, especially when that part of life is activated.","It can help by giving connection, value, pleasure, attraction, and ease a recognizable style, instinct, or rhythm.",It can become difficult when keeping things pleasant while avoiding what needs to be named.,The work is noticing when this tendency is helping you respond clearly and when it is becoming automatic.,"Describe tendencies, not fixed identity. Keep astrology traceable. Avoid prediction.",packages/astro-knowledge/data/placements/sign/venus-libra.json
Sky + You,placements/sign,venus-pisces,Natal Venus in Pisces,"tldr: Venus in Pisces: love is compassionate, imaginative, and spiritually porous. body: With Venus in Pisces, Venus is exalted, so empathy, romance, artistry, and unconditional tenderness can be strong. You value love that feels soulful and kind. gift: Compassion, forgiveness, creativity, and the ability to love beyond surface conditions. voiceNeutral: true","This placement can describe how connection, value, pleasure, attraction, and ease tends to operate through sensitivity, imagination, compassion, porous boundaries, and surrender.","You may notice a recurring tendency to approach connection, value, pleasure, attraction, and ease through sensitivity, especially when that part of life is activated.","It can help by giving connection, value, pleasure, attraction, and ease a recognizable style, instinct, or rhythm.",It can become difficult when keeping things pleasant while avoiding what needs to be named.,The work is noticing when this tendency is helping you respond clearly and when it is becoming automatic.,"Describe tendencies, not fixed identity. Keep astrology traceable. Avoid prediction.",packages/astro-knowledge/data/placements/sign/venus-pisces.json
Sky + You,placements/sign,venus-sagittarius,Natal Venus in Sagittarius,"tldr: Venus in Sagittarius: love needs freedom, honesty, and shared exploration. body: With Venus in Sagittarius, attraction grows through adventure, laughter, truth, and a wider horizon. You value relationships that expand rather than confine. gift: Optimism, candor, generosity, and love of shared discovery. voiceNeutral: true","This placement can describe how connection, value, pleasure, attraction, and ease tends to operate through meaning, belief, exploration, perspective, and growth.","You may notice a recurring tendency to approach connection, value, pleasure, attraction, and ease through meaning, especially when that part of life is activated.","It can help by giving connection, value, pleasure, attraction, and ease a recognizable style, instinct, or rhythm.",It can become difficult when keeping things pleasant while avoiding what needs to be named.,The work is noticing when this tendency is helping you respond clearly and when it is becoming automatic.,"Describe tendencies, not fixed identity. Keep astrology traceable. Avoid prediction.",packages/astro-knowledge/data/placements/sign/venus-sagittarius.json
Sky + You,placements/sign,venus-scorpio,Natal Venus in Scorpio,"tldr: Venus in Scorpio: love is intense, private, and transformative. body: With Venus in Scorpio, attraction wants depth, loyalty, truth, and emotional risk. Venus is in detriment here, so attachment can become all-or-nothing until trust is handled consciously. gift: Magnetism, loyalty, emotional courage, and the capacity for deep intimacy. voiceNeutral: true","This placement can describe how connection, value, pleasure, attraction, and ease tends to operate through depth, privacy, trust, emotional honesty, and intensity.","You may notice a recurring tendency to approach connection, value, pleasure, attraction, and ease through depth, especially when that part of life is activated.","It can help by giving connection, value, pleasure, attraction, and ease a recognizable style, instinct, or rhythm.",It can become difficult when keeping things pleasant while avoiding what needs to be named.,The work is noticing when this tendency is helping you respond clearly and when it is becoming automatic.,"Describe tendencies, not fixed identity. Keep astrology traceable. Avoid prediction.",packages/astro-knowledge/data/placements/sign/venus-scorpio.json
Sky + You,placements/sign,venus-taurus,Natal Venus in Taurus,"tldr: Venus in Taurus: love is sensual, steady, and rooted in tangible care. body: With Venus in Taurus, Venus is at home, so pleasure, loyalty, beauty, and embodiment are strong. You value consistency that can be felt in the body. gift: Sensuality, loyalty, aesthetic instinct, and the ability to build comfort and value. voiceNeutral: true","This placement can describe how connection, value, pleasure, attraction, and ease tends to operate through stability, patience, material reality, comfort, and consistency.","You may notice a recurring tendency to approach connection, value, pleasure, attraction, and ease through stability, especially when that part of life is activated.","It can help by giving connection, value, pleasure, attraction, and ease a recognizable style, instinct, or rhythm.",It can become difficult when keeping things pleasant while avoiding what needs to be named.,The work is noticing when this tendency is helping you respond clearly and when it is becoming automatic.,"Describe tendencies, not fixed identity. Keep astrology traceable. Avoid prediction.",packages/astro-knowledge/data/placements/sign/venus-taurus.json
Sky + You,placements/sign,venus-virgo,Natal Venus in Virgo,"tldr: Venus in Virgo: love is practical, attentive, and expressed through useful care. body: With Venus in Virgo, affection is shown in details, service, repair, and thoughtful support. Venus is in fall here, so receiving may need practice. gift: Devotion, discernment, skillful care, and love expressed through consistency. voiceNeutral: true","This placement can describe how connection, value, pleasure, attraction, and ease tends to operate through discernment, repair, routine, useful detail, and refinement.","You may notice a recurring tendency to approach connection, value, pleasure, attraction, and ease through discernment, especially when that part of life is activated.","It can help by giving connection, value, pleasure, attraction, and ease a recognizable style, instinct, or rhythm.",It can become difficult when keeping things pleasant while avoiding what needs to be named.,The work is noticing when this tendency is helping you respond clearly and when it is becoming automatic.,"Describe tendencies, not fixed identity. Keep astrology traceable. Avoid prediction.",packages/astro-knowledge/data/placements/sign/venus-virgo.json
Sky + You,planetary,jupiter,Jupiter Meaning,"title: Jupiter Meaning signs[0].body: Jupiter in Aries grows through courage, initiative, risk, and self-trust. Opportunity opens when the person is willing to begin before every condition is perfect. signs[1].body: Jupiter in Taurus grows through steadiness, resources, embodiment, and the patient building of value. Opportunity opens through consistency and respect for what is tangible. signs[2].body: Jupiter in Gemini grows through curiosity, language, learning, and connection. Opportunity opens through conversation, adaptability, and the willingness to explore many angles. signs[3].body: Jupiter in Cancer grows through care, belonging, home, protection, and emotional wisdom. Opportunity opens through nurturing what matters and creating a safe base. signs[4].body: Jupiter in Leo grows through creativity, confidence, generosity, and visible self-expression. Opportunity opens when the person shares their gifts without apologizing for being seen. signs[5].body: Jupiter in Virgo grows through service, craft, health, refinement, and practical improvement. Opportunity opens when usefulness becomes devotion rather than perfectionism. signs[6].body: Jupiter in Libra grows through partnership, fairness, art, diplomacy, and social intelligence. Opportunity opens through cooperation, balance, and wise relationship choices. signs[7].body: Jupiter in Scorpio grows through depth, trust, intimacy, shared resources, and the courage to face what is hidden. Opportunity opens through emotional honesty and transformation. signs[8].body: Jupiter in Sagittarius grows through travel, study, faith, teaching, and the search for truth. Opportunity opens when the person follows meaning and lets experience become wisdom. signs[9].body: Jupiter in Capricorn grows through discipline, structure, responsibility, and long-range ambition. Opportunity opens when optimism is paired with patience and a real plan. signs[10].body: Jupiter in Aquarius grows through community, innovation, friendship, systems thinking, and future-oriented ideals. Opportunity opens when individual vision serves a wider field. signs[11].body: Jupiter in Pisces grows through compassion, imagination, spiritual openness, art, and trust in what cannot be measured. Opportunity opens through empathy and inspired surrender with boundaries. source.title: Project-authored planetary overview cleanup voiceNeutral: true","This natal factor can describe a recurring pattern involving growth, belief, opportunity, and expansion.","You may notice this pattern showing up repeatedly as a tendency, not a fixed identity.",It can help when it becomes conscious and chosen.,"It can become difficult when overpromising, overreaching, or mistaking optimism for evidence.",The question is how this pattern can become something you work with instead of something you are defined by.,"Describe tendencies, not fixed identity. Keep astrology traceable. Avoid prediction.",packages/astro-knowledge/data/planetary/jupiter.json
Sky + You,planetary,mars,Mars Meaning,"title: Mars Meaning signs[0].body: Mars in Aries acts quickly, directly, and with strong initiative. This placement has clean ignition, but needs a worthy outlet so courage does not become needless conflict. signs[1].body: Mars in Taurus acts slowly but persistently. This placement builds momentum through endurance, but can become immovable when anger has nowhere honest to go. signs[2].body: Mars in Gemini acts through words, ideas, movement, and quick decisions. This placement is mentally sharp and versatile, but needs focus so energy does not scatter. signs[3].body: Mars in Cancer acts protectively and emotionally. This placement fights for home, family, and safety, but must watch indirect anger when needs are not named. signs[4].body: Mars in Leo acts with pride, warmth, creativity, and dramatic force. This placement needs a stage for courage and a purpose that lets effort feel personal. signs[5].body: Mars in Virgo acts through precision, improvement, service, and practical skill. This placement is effective when focused on useful work, but can turn heat into criticism. signs[6].body: Mars in Libra acts through strategy, negotiation, aesthetics, and the pursuit of fairness. This placement fights best when it knows what it wants and stops outsourcing the decision. signs[7].body: Mars in Scorpio acts with depth, intensity, patience, and controlled force. This placement can endure pressure and move with precision, but must watch control as a defense. signs[8].body: Mars in Sagittarius acts through conviction, movement, risk, and the pursuit of truth. This placement needs a horizon, but must make sure belief is embodied in action. signs[9].body: Mars in Capricorn acts with discipline, strategy, endurance, and respect for results. This placement can build real power through patience and directed effort. signs[10].body: Mars in Aquarius acts through principle, innovation, independence, and group-minded change. This placement needs a cause and the freedom to move differently. signs[11].body: Mars in Pisces acts through intuition, compassion, imagination, and subtle timing. This placement needs spiritual or creative purpose, plus boundaries strong enough to keep energy from leaking. source.title: Project-authored planetary overview cleanup voiceNeutral: true","This natal factor can describe a recurring pattern involving action, heat, courage, friction, and desire.","You may notice this pattern showing up repeatedly as a tendency, not a fixed identity.",It can help when it becomes conscious and chosen.,It can become difficult when forcing movement before the situation is ready.,The question is how this pattern can become something you work with instead of something you are defined by.,"Describe tendencies, not fixed identity. Keep astrology traceable. Avoid prediction.",packages/astro-knowledge/data/planetary/mars.json
Sky + You,planetary,mercury,Mercury Meaning,"title: Mercury Meaning signs[0].body: Mercury in Aries thinks quickly, speaks directly, and prefers decisive language. This placement learns by acting and may need to slow down long enough to hear the reply. signs[1].body: Mercury in Taurus thinks carefully, speaks plainly, and trusts what can be tested. This placement needs time to decide, but once the mind is made up it tends to hold steady. signs[2].body: Mercury in Gemini is curious, agile, verbal, and quick to connect ideas. This placement learns through variety, conversation, comparison, and mental movement. signs[3].body: Mercury in Cancer thinks through feeling, memory, and emotional context. Communication is intuitive and protective, and words land best when safety is present. signs[4].body: Mercury in Leo communicates with warmth, confidence, creativity, and dramatic presence. This placement speaks best when the message has heart and personal meaning. signs[5].body: Mercury in Virgo analyzes, edits, improves, and notices what others miss. This placement communicates with precision and is strongest when its discernment serves repair rather than worry. signs[6].body: Mercury in Libra thinks relationally and weighs multiple sides before speaking. This placement is skilled at mediation, diplomacy, aesthetics, and fair-minded conversation. signs[7].body: Mercury in Scorpio investigates beneath the surface and prefers meaningful conversation over empty noise. This placement notices subtext and can speak with penetrating honesty. signs[8].body: Mercury in Sagittarius thinks broadly, speaks candidly, and looks for meaning behind the facts. This placement needs truth, perspective, and room for big questions. signs[9].body: Mercury in Capricorn thinks strategically, practically, and with respect for consequences. This placement communicates best through structure, planning, and clear purpose. signs[10].body: Mercury in Aquarius thinks independently, experimentally, and collectively. This placement is drawn to systems, future possibilities, unusual ideas, and social patterns. signs[11].body: Mercury in Pisces thinks through image, feeling, symbol, and intuition. This placement communicates with imagination and empathy, but needs grounding when details matter. source.title: Project-authored planetary overview cleanup voiceNeutral: true","This natal factor can describe a recurring pattern involving language, information, decisions, and nervous energy.","You may notice this pattern showing up repeatedly as a tendency, not a fixed identity.",It can help when it becomes conscious and chosen.,"It can become difficult when overthinking, assuming, or moving too quickly to verify.",The question is how this pattern can become something you work with instead of something you are defined by.,"Describe tendencies, not fixed identity. Keep astrology traceable. Avoid prediction.",packages/astro-knowledge/data/planetary/mercury.json
Sky + You,planetary,moon,Moon Meaning,"title: Moon Meaning signs[0].body: Moon in Aries feels quickly and responds directly. Emotional safety comes through autonomy, honest action, and the freedom to move instead of waiting for permission. signs[1].body: Moon in Taurus seeks emotional steadiness through comfort, touch, routine, and reliable surroundings. Feelings settle when life feels simple, embodied, and materially secure. signs[2].body: Moon in Gemini processes feelings through language, movement, curiosity, and mental variety. Emotional regulation often comes from naming the feeling and talking it through. signs[3].body: Moon in Cancer is deeply responsive, protective, and tied to home, memory, and belonging. Emotional safety comes through care, privacy, and trusted bonds. signs[4].body: Moon in Leo needs warmth, affection, play, and heartfelt recognition. Feelings want expression, and emotional safety grows when joy and loyalty are present. signs[5].body: Moon in Virgo processes emotions through order, usefulness, observation, and practical care. Safety comes from rhythm, repair, and knowing what can be done next. signs[6].body: Moon in Libra seeks emotional balance through harmony, fairness, beauty, and relational attunement. Safety grows when conflict can be addressed without losing respect. signs[7].body: Moon in Scorpio feels intensely and needs emotional honesty, privacy, and trust. Safety comes from depth, loyalty, and the freedom to name what is usually hidden. signs[8].body: Moon in Sagittarius needs freedom, movement, humor, meaning, and room to breathe. Emotional safety grows when life still feels open and the story can keep expanding. signs[9].body: Moon in Capricorn seeks emotional safety through competence, structure, responsibility, and self-command. Feelings may be private, but they are not absent. signs[10].body: Moon in Aquarius needs space, perspective, friendship, and respect for individuality. Emotional safety grows when feelings can be understood without being crowded. signs[11].body: Moon in Pisces feels through empathy, imagination, atmosphere, and spiritual sensitivity. Safety comes through gentleness, creative release, and boundaries that keep compassion from becoming overwhelm. source.title: Project-authored planetary overview cleanup voiceNeutral: true","This natal factor can describe a recurring pattern involving emotion, instinct, needs, and daily rhythm.","You may notice this pattern showing up repeatedly as a tendency, not a fixed identity.",It can help when it becomes conscious and chosen.,It can become difficult when letting a temporary mood make the decision.,The question is how this pattern can become something you work with instead of something you are defined by.,"Describe tendencies, not fixed identity. Keep astrology traceable. Avoid prediction.",packages/astro-knowledge/data/planetary/moon.json
Sky + You,planetary,neptune,Neptune Meaning,"title: Neptune Meaning signs[0].body: Neptune in Aries describes a generation seeking inspiration through independence, action, and spiritual courage. The dream is personal freedom; the risk is confusing impulse with calling. signs[1].body: Neptune in Taurus describes a generation seeking inspiration through nature, the body, art, value, and the material world. The dream is sacred simplicity; the risk is glamorizing security. signs[2].body: Neptune in Gemini describes a generation seeking inspiration through language, media, thought, and exchange. The dream is imaginative connection; the risk is confusion through too many voices. signs[3].body: Neptune in Cancer describes a generation seeking inspiration through home, ancestry, care, and emotional belonging. The dream is spiritual refuge; the risk is idealizing the past. signs[4].body: Neptune in Leo describes a generation seeking inspiration through creativity, performance, romance, and personal radiance. The dream is inspired self-expression; the risk is confusing attention with love. signs[5].body: Neptune in Virgo describes a generation seeking inspiration through service, healing, craft, and practical devotion. The dream is meaningful usefulness; the risk is trying to perfect what needs compassion. signs[6].body: Neptune in Libra describes a generation seeking inspiration through partnership, beauty, peace, and justice. The dream is ideal relationship; the risk is seeing harmony where truth has been avoided. signs[7].body: Neptune in Scorpio describes a generation seeking inspiration through depth, intimacy, mystery, psychology, and hidden power. The dream is total transformation; the risk is glamorizing intensity. signs[8].body: Neptune in Sagittarius describes a generation seeking inspiration through belief, travel, philosophy, and spiritual exploration. The dream is ultimate meaning; the risk is mistaking certainty for wisdom. signs[9].body: Neptune in Capricorn describes a generation seeking inspiration through structure, ambition, institutions, and public purpose. The dream is meaningful authority; the risk is disillusionment with systems. signs[10].body: Neptune in Aquarius describes a generation seeking inspiration through technology, community, social ideals, and collective imagination. The dream is a better future; the risk is idealizing the group. signs[11].body: Neptune in Pisces describes a generation seeking inspiration through compassion, art, spirituality, and collective feeling. The dream is unity; the risk is losing boundaries in the longing to merge. source.title: Project-authored planetary overview cleanup voiceNeutral: true","This natal factor can describe a recurring pattern involving imagination, longing, vision, sensitivity, and uncertainty.","You may notice this pattern showing up repeatedly as a tendency, not a fixed identity.",It can help when it becomes conscious and chosen.,It can become difficult when mistaking a feeling for a fact.,The question is how this pattern can become something you work with instead of something you are defined by.,"Describe tendencies, not fixed identity. Keep astrology traceable. Avoid prediction.",packages/astro-knowledge/data/planetary/neptune.json
Sky + You,planetary,pluto,Pluto Meaning,"title: Pluto Meaning signs[0].body: Pluto in Aries describes a generation transforming identity, courage, conflict, and the right to act. Power is confronted through independence and raw initiative. signs[1].body: Pluto in Taurus describes a generation transforming money, land, food, bodies, values, and survival. Power is confronted through attachment, possession, and material security. signs[2].body: Pluto in Gemini describes a generation transforming language, media, education, movement, and information. Power is confronted through ideas and the control of narrative. signs[3].body: Pluto in Cancer describes a generation transforming home, family, ancestry, belonging, and emotional inheritance. Power is confronted through memory and protection. signs[4].body: Pluto in Leo describes a generation transforming creativity, leadership, fame, pleasure, and personal expression. Power is confronted through visibility and the need to be special. signs[5].body: Pluto in Virgo describes a generation transforming labor, health, service, systems, and methods of repair. Power is confronted through usefulness, efficiency, and bodily maintenance. signs[6].body: Pluto in Libra describes a generation transforming partnership, law, beauty, justice, and social contracts. Power is confronted through relationship and the demand for balance. signs[7].body: Pluto in Scorpio describes a generation transforming intimacy, shared resources, taboo, psychology, and hidden power. Power is confronted through emotional truth and deep release. signs[8].body: Pluto in Sagittarius describes a generation transforming belief, education, travel, law, and global worldview. Power is confronted through truth claims and the meaning systems people live by. signs[9].body: Pluto in Capricorn describes a generation transforming institutions, authority, career, government, and social hierarchy. Power is confronted through structure and accountability. signs[10].body: Pluto in Aquarius describes a generation transforming technology, networks, community, social ideals, and collective power. Power is confronted through systems of belonging and exclusion. signs[11].body: Pluto in Pisces describes a generation transforming spirituality, art, compassion, escapism, and collective grief. Power is confronted through what dissolves, heals, or overwhelms. source.title: Project-authored planetary overview cleanup voiceNeutral: true","This natal factor can describe a recurring pattern involving depth, power, pressure, release, and transformation.","You may notice this pattern showing up repeatedly as a tendency, not a fixed identity.",It can help when it becomes conscious and chosen.,It can become difficult when trying to control what actually needs to be understood or released.,The question is how this pattern can become something you work with instead of something you are defined by.,"Describe tendencies, not fixed identity. Keep astrology traceable. Avoid prediction.",packages/astro-knowledge/data/planetary/pluto.json
Sky + You,planetary,saturn,Saturn Meaning,"title: Saturn Meaning signs[0].body: Saturn in Aries learns maturity through courage, self-command, and responsible action. The work is to lead without impulsiveness and assert the self without turning every move into a fight. signs[1].body: Saturn in Taurus learns maturity through resources, stability, patience, and self-worth. The work is to build security without becoming trapped by fear of loss. signs[2].body: Saturn in Gemini learns maturity through speech, learning, listening, and mental discipline. The work is to trust the mind while taking communication seriously. signs[3].body: Saturn in Cancer learns maturity through care, family, emotional boundaries, and the creation of safety. The work is to protect without closing the heart. signs[4].body: Saturn in Leo learns maturity through creativity, visibility, confidence, and the right use of pride. The work is to be seen without making recognition the measure of worth. signs[5].body: Saturn in Virgo learns maturity through service, health, craft, and daily discipline. The work is to refine without turning improvement into self-harm. signs[6].body: Saturn in Libra learns maturity through partnership, fairness, commitment, and balanced judgment. The work is to build relationships that are honest, reciprocal, and structurally sound. signs[7].body: Saturn in Scorpio learns maturity through trust, shared resources, intimacy, endings, and emotional honesty. The work is to face depth without using control as armor. signs[8].body: Saturn in Sagittarius learns maturity through belief, study, truth, and lived wisdom. The work is to test convictions against reality and embody the philosophy being taught. signs[9].body: Saturn in Capricorn learns maturity through discipline, structure, leadership, and long-range responsibility. The work is to build with integrity rather than proving worth through achievement alone. signs[10].body: Saturn in Aquarius learns maturity through community, systems, boundaries, and social responsibility. The work is to serve the collective without hiding behind detachment. signs[11].body: Saturn in Pisces learns maturity through compassion, faith, imagination, and spiritual boundaries. The work is to give form to sensitivity without drifting away from reality. source.title: Project-authored planetary overview cleanup voiceNeutral: true","This natal factor can describe a recurring pattern involving structure, limits, responsibility, time, and consequence.","You may notice this pattern showing up repeatedly as a tendency, not a fixed identity.",It can help when it becomes conscious and chosen.,It can become difficult when confusing caution with wisdom or delay with failure.,The question is how this pattern can become something you work with instead of something you are defined by.,"Describe tendencies, not fixed identity. Keep astrology traceable. Avoid prediction.",packages/astro-knowledge/data/planetary/saturn.json
Sky + You,planetary,sun,Sun Meaning,"title: Sun Meaning signs[0].body: Sun in Aries expresses identity through courage, immediacy, initiative, and the willingness to begin. This placement needs movement, challenge, and room to act directly. signs[1].body: Sun in Taurus expresses identity through steadiness, embodiment, loyalty, and the building of lasting value. This placement needs stability, beauty, and a life that can be trusted by the senses. signs[2].body: Sun in Gemini expresses identity through curiosity, language, movement, and connection. This placement needs variety, conversation, learning, and room to keep asking better questions. signs[3].body: Sun in Cancer expresses identity through care, protection, memory, and emotional intelligence. This placement needs belonging, privacy, and a life rooted in what feels safe and meaningful. signs[4].body: Sun in Leo expresses identity through creativity, warmth, visibility, and personal radiance. This placement needs joy, self-expression, and permission to be seen without performing for approval. signs[5].body: Sun in Virgo expresses identity through discernment, craft, service, repair, and attention to what can be improved. This placement needs useful work and a way to serve without reducing the self to flaws. signs[6].body: Sun in Libra expresses identity through relationship, balance, beauty, fairness, and social awareness. This placement needs reciprocity and the courage to choose without disappearing into compromise. signs[7].body: Sun in Scorpio expresses identity through depth, emotional honesty, trust, and transformation. This placement needs real intimacy, privacy, and the strength to release control when truth is asking to surface. signs[8].body: Sun in Sagittarius expresses identity through meaning, movement, candor, learning, and the search for a wider horizon. This placement needs freedom, truth, and experience that becomes wisdom. signs[9].body: Sun in Capricorn expresses identity through discipline, responsibility, structure, and earned authority. This placement needs goals that matter and a path where effort can become legacy. signs[10].body: Sun in Aquarius expresses identity through originality, perspective, community, and future-minded change. This placement needs room to be different while staying connected to something larger than the self. signs[11].body: Sun in Pisces expresses identity through empathy, imagination, spiritual sensitivity, and porous awareness. This placement needs compassion, creative space, and boundaries strong enough to protect openness. source.title: Project-authored planetary overview cleanup voiceNeutral: true","This natal factor can describe a recurring pattern involving attention, vitality, visibility, and confidence.","You may notice this pattern showing up repeatedly as a tendency, not a fixed identity.",It can help when it becomes conscious and chosen.,"It can become difficult when needing certainty, approval, or control before acting.",The question is how this pattern can become something you work with instead of something you are defined by.,"Describe tendencies, not fixed identity. Keep astrology traceable. Avoid prediction.",packages/astro-knowledge/data/planetary/sun.json
Sky + You,planetary,uranus,Uranus Meaning,"title: Uranus Meaning signs[0].body: Uranus in Aries describes a generation that disrupts through courage, independence, and bold action. Innovation comes through refusal to wait for permission. signs[1].body: Uranus in Taurus describes disruption around money, land, food, bodies, values, and material security. Innovation comes through changing what stability means. signs[2].body: Uranus in Gemini describes disruption through language, media, education, mobility, and information systems. Innovation comes through new ways of thinking and connecting. signs[3].body: Uranus in Cancer describes disruption around home, family, belonging, and emotional inheritance. Innovation comes through redefining protection and private life. signs[4].body: Uranus in Leo describes disruption through creativity, performance, leadership, and personal expression. Innovation comes through new ways of being seen. signs[5].body: Uranus in Virgo describes disruption around work, health, service, systems, and daily process. Innovation comes through better methods and practical reform. signs[6].body: Uranus in Libra describes disruption around partnership, justice, aesthetics, and social agreements. Innovation comes through changing how people relate and negotiate. signs[7].body: Uranus in Scorpio describes disruption around intimacy, shared resources, power, psychology, and taboo material. Innovation comes through confronting what was hidden. signs[8].body: Uranus in Sagittarius describes disruption around belief, travel, education, law, publishing, and global perspective. Innovation comes through challenging inherited truths. signs[9].body: Uranus in Capricorn describes disruption around institutions, authority, career, government, and long-standing structures. Innovation comes through rebuilding systems. signs[10].body: Uranus in Aquarius describes disruption around networks, technology, community, social ideals, and collective futures. Innovation comes through new forms of belonging. signs[11].body: Uranus in Pisces describes disruption around spirituality, compassion, art, dreams, and collective sensitivity. Innovation comes through awakening what had been submerged. source.title: Project-authored planetary overview cleanup voiceNeutral: true","This natal factor can describe a recurring pattern involving change, disruption, freedom, and originality.","You may notice this pattern showing up repeatedly as a tendency, not a fixed identity.",It can help when it becomes conscious and chosen.,It can become difficult when breaking pattern for the sake of escape rather than truth.,The question is how this pattern can become something you work with instead of something you are defined by.,"Describe tendencies, not fixed identity. Keep astrology traceable. Avoid prediction.",packages/astro-knowledge/data/planetary/uranus.json
Sky + You,planetary,venus,Venus Meaning,"title: Venus Meaning signs[0].body: Venus in Aries loves directly, boldly, and with appetite for pursuit. This placement needs aliveness, honesty, and the freedom to want what it wants without over-explaining desire. signs[1].body: Venus in Taurus loves through steadiness, touch, loyalty, pleasure, and material care. This placement needs consistency and a love that can be felt in the body. signs[2].body: Venus in Gemini loves through conversation, curiosity, wit, and mental connection. This placement needs variety, laughter, and a partner who keeps the mind awake. signs[3].body: Venus in Cancer loves protectively, tenderly, and through emotional memory. This placement needs trust, care, and a bond that feels like a safe place to land. signs[4].body: Venus in Leo loves warmly, generously, creatively, and with a need for visible affection. This placement needs admiration, play, loyalty, and romance with heart. signs[5].body: Venus in Virgo loves through service, attention, repair, and thoughtful detail. This placement needs sincerity and may show devotion by noticing what would make life easier. signs[6].body: Venus in Libra loves through reciprocity, beauty, fairness, and partnership. This placement needs mutuality and can create harmony without losing the ability to choose. signs[7].body: Venus in Scorpio loves intensely, privately, and with a need for emotional truth. This placement needs trust, depth, and relationships that can hold real vulnerability. signs[8].body: Venus in Sagittarius loves through honesty, adventure, humor, and shared meaning. This placement needs freedom and a bond that makes life feel wider. signs[9].body: Venus in Capricorn loves seriously, loyally, and through commitment that proves itself over time. This placement needs reliability, maturity, and shared long-term values. signs[10].body: Venus in Aquarius loves through friendship, ideals, freedom, and respect for difference. This placement needs space inside connection and a bond that can hold individuality. signs[11].body: Venus in Pisces loves compassionately, imaginatively, and with great emotional openness. This placement needs tenderness, inspiration, and boundaries that keep devotion from becoming self-loss. source.title: Project-authored planetary overview cleanup voiceNeutral: true","This natal factor can describe a recurring pattern involving connection, value, pleasure, attraction, and ease.","You may notice this pattern showing up repeatedly as a tendency, not a fixed identity.",It can help when it becomes conscious and chosen.,It can become difficult when keeping things pleasant while avoiding what needs to be named.,The question is how this pattern can become something you work with instead of something you are defined by.,"Describe tendencies, not fixed identity. Keep astrology traceable. Avoid prediction.",packages/astro-knowledge/data/planetary/venus.json
You,points/aspects/natal,chiron-conjunct-ascendant,chiron-conjunct-ascendant,"tldr: Chiron conjunct Ascendant. body: The wound is visible; you may feel marked or exposed, as if others see the sore spot on sight. shadow: Identifying with the injury, or armoring so thoroughly no one gets near it. voiceNeutral: true",This aspect creates a fusion between chiron and conjunct ascendant.,You may notice these two chart themes showing up together in repeated patterns.,It can help by making the relationship between these two needs more available to conscious use.,Acting from the intensity before identifying the separate parts.,The work is learning when this aspect is offering information and when it is running the pattern for you.,"Describe tendencies, not fixed identity. Keep astrology traceable. Avoid prediction.",packages/astro-knowledge/data/points/aspects/natal/chiron-conjunct-ascendant.json
You,points/aspects/natal,chiron-conjunct-mars,chiron-conjunct-mars,"tldr: Chiron conjunct Mars. body: The wound is in action and assertion: a hurt around your right to want, push, or compete, so anger and initiative feel risky. shadow: Blocked or overcorrected aggression, or turning the hurt into self-attack. voiceNeutral: true",This aspect creates a fusion between chiron and conjunct mars.,You may notice these two chart themes showing up together in repeated patterns.,It can help by making the relationship between these two needs more available to conscious use.,Acting from the intensity before identifying the separate parts.,The work is learning when this aspect is offering information and when it is running the pattern for you.,"Describe tendencies, not fixed identity. Keep astrology traceable. Avoid prediction.",packages/astro-knowledge/data/points/aspects/natal/chiron-conjunct-mars.json
You,points/aspects/natal,chiron-conjunct-mc,chiron-conjunct-mc,"tldr: Chiron conjunct Midheaven. body: The wound is public, tied to career and standing; your calling often grows directly out of the hurt. shadow: Overbuilding status to cover the wound, or sabotaging your own visibility. voiceNeutral: true",This aspect creates a fusion between chiron and conjunct mc.,You may notice these two chart themes showing up together in repeated patterns.,It can help by making the relationship between these two needs more available to conscious use.,Acting from the intensity before identifying the separate parts.,The work is learning when this aspect is offering information and when it is running the pattern for you.,"Describe tendencies, not fixed identity. Keep astrology traceable. Avoid prediction.",packages/astro-knowledge/data/points/aspects/natal/chiron-conjunct-mc.json
You,points/aspects/natal,chiron-conjunct-moon,chiron-conjunct-moon,"tldr: Chiron conjunct Moon. body: The wound sits in the emotional core, close to your feelings and easily touched, often rooted in early care. shadow: Emotional rawness, or caretaking others to avoid your own ache. voiceNeutral: true",This aspect creates a fusion between chiron and conjunct moon.,You may notice these two chart themes showing up together in repeated patterns.,It can help by making the relationship between these two needs more available to conscious use.,Acting from the intensity before identifying the separate parts.,The work is learning when this aspect is offering information and when it is running the pattern for you.,"Describe tendencies, not fixed identity. Keep astrology traceable. Avoid prediction.",packages/astro-knowledge/data/points/aspects/natal/chiron-conjunct-moon.json
You,points/aspects/natal,chiron-conjunct-saturn,chiron-conjunct-saturn,"tldr: Chiron conjunct Saturn. body: The wound meets fear, limitation, and authority: deep doubt about being adequate or legitimate that can harden into self-denial. shadow: Harsh self-judgment, or building walls of competence over the ache. voiceNeutral: true",This aspect creates a fusion between chiron and conjunct saturn.,You may notice these two chart themes showing up together in repeated patterns.,It can help by making the relationship between these two needs more available to conscious use.,Acting from the intensity before identifying the separate parts.,The work is learning when this aspect is offering information and when it is running the pattern for you.,"Describe tendencies, not fixed identity. Keep astrology traceable. Avoid prediction.",packages/astro-knowledge/data/points/aspects/natal/chiron-conjunct-saturn.json
You,points/aspects/natal,chiron-conjunct-sun,chiron-conjunct-sun,"tldr: Chiron conjunct Sun. body: The core wound fuses with identity and vitality; healing your sense of self and becoming yourself are the same project. shadow: Defining yourself by the wound, or dimming your light to keep it hidden. voiceNeutral: true",This aspect creates a fusion between chiron and conjunct sun.,You may notice these two chart themes showing up together in repeated patterns.,It can help by making the relationship between these two needs more available to conscious use.,Acting from the intensity before identifying the separate parts.,The work is learning when this aspect is offering information and when it is running the pattern for you.,"Describe tendencies, not fixed identity. Keep astrology traceable. Avoid prediction.",packages/astro-knowledge/data/points/aspects/natal/chiron-conjunct-sun.json
You,points/aspects/natal,chiron-conjunct-venus,chiron-conjunct-venus,"tldr: Chiron conjunct Venus. body: The wound is in love and worth: a fear of not being lovable or valued, often from early rejection. shadow: Over-giving to be kept, or avoiding closeness to protect the sore spot. voiceNeutral: true",This aspect creates a fusion between chiron and conjunct venus.,You may notice these two chart themes showing up together in repeated patterns.,It can help by making the relationship between these two needs more available to conscious use.,Acting from the intensity before identifying the separate parts.,The work is learning when this aspect is offering information and when it is running the pattern for you.,"Describe tendencies, not fixed identity. Keep astrology traceable. Avoid prediction.",packages/astro-knowledge/data/points/aspects/natal/chiron-conjunct-venus.json
You,points/aspects/natal,lilith-conjunct-ascendant,lilith-conjunct-ascendant,"tldr: Black Moon Lilith conjunct the Ascendant. body: The disowned, uncompromising self sits right on the face you show the world; people feel your raw, untamed edge before you say a word. shadow: A guarded or confrontational first impression, either over-projecting the raw self or hiding it behind armor. voiceNeutral: true",This aspect creates a fusion between lilith and conjunct ascendant.,You may notice these two chart themes showing up together in repeated patterns.,It can help by making the relationship between these two needs more available to conscious use.,Acting from the intensity before identifying the separate parts.,The work is learning when this aspect is offering information and when it is running the pattern for you.,"Describe tendencies, not fixed identity. Keep astrology traceable. Avoid prediction.",packages/astro-knowledge/data/points/aspects/natal/lilith-conjunct-ascendant.json
You,points/aspects/natal,lilith-conjunct-jupiter,lilith-conjunct-jupiter,"tldr: Black Moon Lilith conjunct Jupiter. body: Growth and expansion are tied to a sharp sense of truth and integrity; you achieve when the cause is authentic and stall when it isn't. shadow: All-or-nothing about your own truth, tipping into dogma or self-righteousness. voiceNeutral: true",This aspect creates a fusion between lilith and conjunct jupiter.,You may notice these two chart themes showing up together in repeated patterns.,It can help by making the relationship between these two needs more available to conscious use.,Acting from the intensity before identifying the separate parts.,The work is learning when this aspect is offering information and when it is running the pattern for you.,"Describe tendencies, not fixed identity. Keep astrology traceable. Avoid prediction.",packages/astro-knowledge/data/points/aspects/natal/lilith-conjunct-jupiter.json
You,points/aspects/natal,lilith-conjunct-mars,lilith-conjunct-mars,"tldr: Black Moon Lilith conjunct Mars. body: Drive turns inward as much as outward; the will is intense and self-directed, often used for self-mastery and depth rather than only external conquest. With nowhere to go, it can sit as simmering anger; given a channel, it becomes formidable focus. shadow: Anger held in until it leaks or erupts, or force aimed at the self when the raw instinct is triggered. voiceNeutral: true",This aspect creates a fusion between lilith and conjunct mars.,You may notice these two chart themes showing up together in repeated patterns.,It can help by making the relationship between these two needs more available to conscious use.,Acting from the intensity before identifying the separate parts.,The work is learning when this aspect is offering information and when it is running the pattern for you.,"Describe tendencies, not fixed identity. Keep astrology traceable. Avoid prediction.",packages/astro-knowledge/data/points/aspects/natal/lilith-conjunct-mars.json
You,points/aspects/natal,lilith-conjunct-mc,lilith-conjunct-mc,"tldr: Black Moon Lilith conjunct the Midheaven. body: The raw, autonomous self is bound up with your public role; you can't comfortably play a sanitized part and are pulled to work on your own terms, often as an outsider. shadow: Clashes with authority, or quietly sabotaging your own standing to stay free. voiceNeutral: true",This aspect creates a fusion between lilith and conjunct mc.,You may notice these two chart themes showing up together in repeated patterns.,It can help by making the relationship between these two needs more available to conscious use.,Acting from the intensity before identifying the separate parts.,The work is learning when this aspect is offering information and when it is running the pattern for you.,"Describe tendencies, not fixed identity. Keep astrology traceable. Avoid prediction.",packages/astro-knowledge/data/points/aspects/natal/lilith-conjunct-mc.json
You,points/aspects/natal,lilith-conjunct-mercury,lilith-conjunct-mercury,"tldr: Black Moon Lilith conjunct Mercury. body: A sharp, intuitive mind with quick insight into other people's real motives, not their surface. Inner life is complex and layered. shadow: A cutting, alienating tongue, or impatience with people who live by convention. voiceNeutral: true",This aspect creates a fusion between lilith and conjunct mercury.,You may notice these two chart themes showing up together in repeated patterns.,It can help by making the relationship between these two needs more available to conscious use.,Acting from the intensity before identifying the separate parts.,The work is learning when this aspect is offering information and when it is running the pattern for you.,"Describe tendencies, not fixed identity. Keep astrology traceable. Avoid prediction.",packages/astro-knowledge/data/points/aspects/natal/lilith-conjunct-mercury.json
You,points/aspects/natal,lilith-conjunct-moon,lilith-conjunct-moon,"tldr: Black Moon Lilith conjunct Moon. body: Emotional life runs deep and sits close to the unconscious; you feel intensely and stay unusually in touch with what most people bury. Feelings can surface with a force others don't carry, and little stays buried for long. shadow: Emotional volatility, and old feelings that come up raw and large until they're given room. voiceNeutral: true",This aspect creates a fusion between lilith and conjunct moon.,You may notice these two chart themes showing up together in repeated patterns.,It can help by making the relationship between these two needs more available to conscious use.,Acting from the intensity before identifying the separate parts.,The work is learning when this aspect is offering information and when it is running the pattern for you.,"Describe tendencies, not fixed identity. Keep astrology traceable. Avoid prediction.",packages/astro-knowledge/data/points/aspects/natal/lilith-conjunct-moon.json
You,points/aspects/natal,lilith-conjunct-saturn,lilith-conjunct-saturn,"tldr: Black Moon Lilith conjunct Saturn. body: A rigorous drive toward purity of purpose, structure, and inner clarity; the raw instinct gets disciplined and made serious. When the rigor turns inward it can bring heavy, low stretches, so the work is keeping enough clarity that it serves you. shadow: Harshness and austerity, and weighed-down spells when the discipline turns against the self. voiceNeutral: true",This aspect creates a fusion between lilith and conjunct saturn.,You may notice these two chart themes showing up together in repeated patterns.,It can help by making the relationship between these two needs more available to conscious use.,Acting from the intensity before identifying the separate parts.,The work is learning when this aspect is offering information and when it is running the pattern for you.,"Describe tendencies, not fixed identity. Keep astrology traceable. Avoid prediction.",packages/astro-knowledge/data/points/aspects/natal/lilith-conjunct-saturn.json
You,points/aspects/natal,lilith-conjunct-sun,lilith-conjunct-sun,"tldr: Black Moon Lilith conjunct Sun. body: The disowned, uncompromising self fuses with core identity, producing the classic strong-willed, independent, freedom-loving, non-conformist temperament. You challenge authority openly and won't be talked out of a decision once made. shadow: Reflexive defiance, burning bridges with anyone in charge, an ego that can't back down. voiceNeutral: true",This aspect creates a fusion between lilith and conjunct sun.,You may notice these two chart themes showing up together in repeated patterns.,It can help by making the relationship between these two needs more available to conscious use.,Acting from the intensity before identifying the separate parts.,The work is learning when this aspect is offering information and when it is running the pattern for you.,"Describe tendencies, not fixed identity. Keep astrology traceable. Avoid prediction.",packages/astro-knowledge/data/points/aspects/natal/lilith-conjunct-sun.json
You,points/aspects/natal,lilith-conjunct-venus,lilith-conjunct-venus,"tldr: Black Moon Lilith conjunct Venus. body: Attraction, taste, and values are intensified and made original; you hold an absolute, uncompromising standard in love and beauty. shadow: Perfectionism that blocks real intimacy, refusing anything short of an ideal. voiceNeutral: true",This aspect creates a fusion between lilith and conjunct venus.,You may notice these two chart themes showing up together in repeated patterns.,It can help by making the relationship between these two needs more available to conscious use.,Acting from the intensity before identifying the separate parts.,The work is learning when this aspect is offering information and when it is running the pattern for you.,"Describe tendencies, not fixed identity. Keep astrology traceable. Avoid prediction.",packages/astro-knowledge/data/points/aspects/natal/lilith-conjunct-venus.json
Knowledge,points,black-moon-lilith,black-moon-lilith,voiceNeutral: true,This natal factor can describe a recurring pattern involving black.,"You may notice this pattern showing up repeatedly as a tendency, not a fixed identity.",It can help when it becomes conscious and chosen.,It can become difficult when letting the pattern run unconsciously.,The question is how this pattern can become something you work with instead of something you are defined by.,"Describe tendencies, not fixed identity. Keep astrology traceable. Avoid prediction.",packages/astro-knowledge/data/points/black-moon-lilith.json
Knowledge,points,chiron,chiron,voiceNeutral: true,This natal factor can describe a recurring pattern involving chiron.,"You may notice this pattern showing up repeatedly as a tendency, not a fixed identity.",It can help when it becomes conscious and chosen.,It can become difficult when letting the pattern run unconsciously.,The question is how this pattern can become something you work with instead of something you are defined by.,"Describe tendencies, not fixed identity. Keep astrology traceable. Avoid prediction.",packages/astro-knowledge/data/points/chiron.json
Knowledge,points,north-node,north-node,voiceNeutral: true,This natal factor can describe a recurring pattern involving north.,"You may notice this pattern showing up repeatedly as a tendency, not a fixed identity.",It can help when it becomes conscious and chosen.,It can become difficult when letting the pattern run unconsciously.,The question is how this pattern can become something you work with instead of something you are defined by.,"Describe tendencies, not fixed identity. Keep astrology traceable. Avoid prediction.",packages/astro-knowledge/data/points/north-node.json
You,points/placements/house,chiron-1,Natal Chiron in the 1st House,"tldr: Chiron in the 1st house. body: The wound is bound to your identity and body; you may feel marked, awkward in your own skin, or 'too much / not enough' as a person. shadow: Defining yourself by the injury, or armoring up so no one sees it. voiceNeutral: true","This placement concentrates chiron in the life area of self, body, identity, and first response.","You may notice that self, body, identity, and first response repeatedly becomes a place where chiron asks for attention, choice, or development.","It can help by making this area of life more active, instructive, or meaningful.",It can become difficult when this area carries too much of the planet's shadow: letting the pattern run unconsciously.,The question is how to work with this house consciously rather than treating it as a fixed verdict.,"Describe tendencies, not fixed identity. Keep astrology traceable. Avoid prediction.",packages/astro-knowledge/data/points/placements/house/chiron-1.json
You,points/placements/house,chiron-10,Natal Chiron in the 10th House,"tldr: Chiron in the 10th house. body: The wound is public, in career and standing; you may feel illegitimate or exposed in your role. shadow: Overbuilding status to cover the wound, or sabotaging your own visibility. voiceNeutral: true","This placement concentrates chiron in the life area of career, reputation, authority, public role, and contribution.","You may notice that career, reputation, authority, public role, and contribution repeatedly becomes a place where chiron asks for attention, choice, or development.","It can help by making this area of life more active, instructive, or meaningful.",It can become difficult when this area carries too much of the planet's shadow: letting the pattern run unconsciously.,The question is how to work with this house consciously rather than treating it as a fixed verdict.,"Describe tendencies, not fixed identity. Keep astrology traceable. Avoid prediction.",packages/astro-knowledge/data/points/placements/house/chiron-10.json
You,points/placements/house,chiron-11,Natal Chiron in the 11th House,"tldr: Chiron in the 11th house. body: The wound is in groups and belonging; friendships, communities, or hopes have hurt. shadow: Withdrawing from community, or chasing a belonging that costs you. voiceNeutral: true","This placement concentrates chiron in the life area of friendship, groups, community, hopes, allies, and future plans.","You may notice that friendship, groups, community, hopes, allies, and future plans repeatedly becomes a place where chiron asks for attention, choice, or development.","It can help by making this area of life more active, instructive, or meaningful.",It can become difficult when this area carries too much of the planet's shadow: letting the pattern run unconsciously.,The question is how to work with this house consciously rather than treating it as a fixed verdict.,"Describe tendencies, not fixed identity. Keep astrology traceable. Avoid prediction.",packages/astro-knowledge/data/points/placements/house/chiron-11.json
You,points/placements/house,chiron-12,Natal Chiron in the 12th House,"tldr: Chiron in the 12th house. body: The wound is hidden, even from you; it lives in the unconscious, in solitude, in what you cannot name. shadow: Letting the wound run things from the dark until you bring it to light. voiceNeutral: true","This placement concentrates chiron in the life area of solitude, the unconscious, hidden things, retreat, isolation, and release.","You may notice that solitude, the unconscious, hidden things, retreat, isolation, and release repeatedly becomes a place where chiron asks for attention, choice, or development.","It can help by making this area of life more active, instructive, or meaningful.",It can become difficult when this area carries too much of the planet's shadow: letting the pattern run unconsciously.,The question is how to work with this house consciously rather than treating it as a fixed verdict.,"Describe tendencies, not fixed identity. Keep astrology traceable. Avoid prediction.",packages/astro-knowledge/data/points/placements/house/chiron-12.json
You,points/placements/house,chiron-2,Natal Chiron in the 2nd House,"tldr: Chiron in the 2nd house. body: The wound lives in self-worth and resources; you may chase or distrust money and struggle to feel you deserve. shadow: Equating your worth with what you have, in either direction. voiceNeutral: true","This placement concentrates chiron in the life area of money, resources, possessions, and values.","You may notice that money, resources, possessions, and values repeatedly becomes a place where chiron asks for attention, choice, or development.","It can help by making this area of life more active, instructive, or meaningful.",It can become difficult when this area carries too much of the planet's shadow: letting the pattern run unconsciously.,The question is how to work with this house consciously rather than treating it as a fixed verdict.,"Describe tendencies, not fixed identity. Keep astrology traceable. Avoid prediction.",packages/astro-knowledge/data/points/placements/house/chiron-2.json
You,points/placements/house,chiron-3,Natal Chiron in the 3rd House,"tldr: Chiron in the 3rd house. body: The wound is in voice, learning, and the everyday mind; school, siblings, or early speech may be the sore spot. shadow: Talking around the wound, or quietly doubting your own intelligence. voiceNeutral: true","This placement concentrates chiron in the life area of communication, siblings, local life, daily movement, and immediate environment.","You may notice that communication, siblings, local life, daily movement, and immediate environment repeatedly becomes a place where chiron asks for attention, choice, or development.","It can help by making this area of life more active, instructive, or meaningful.",It can become difficult when this area carries too much of the planet's shadow: letting the pattern run unconsciously.,The question is how to work with this house consciously rather than treating it as a fixed verdict.,"Describe tendencies, not fixed identity. Keep astrology traceable. Avoid prediction.",packages/astro-knowledge/data/points/placements/house/chiron-3.json
You,points/placements/house,chiron-4,Natal Chiron in the 4th House,"tldr: Chiron in the 4th house. body: The wound is in home and family; the early foundation was unstable, and 'home' never felt safe. shadow: Recreating the old instability, or never letting anyone near the core. voiceNeutral: true","This placement concentrates chiron in the life area of home, family, roots, privacy, and emotional foundation.","You may notice that home, family, roots, privacy, and emotional foundation repeatedly becomes a place where chiron asks for attention, choice, or development.","It can help by making this area of life more active, instructive, or meaningful.",It can become difficult when this area carries too much of the planet's shadow: letting the pattern run unconsciously.,The question is how to work with this house consciously rather than treating it as a fixed verdict.,"Describe tendencies, not fixed identity. Keep astrology traceable. Avoid prediction.",packages/astro-knowledge/data/points/placements/house/chiron-4.json
You,points/placements/house,chiron-5,Natal Chiron in the 5th House,"tldr: Chiron in the 5th house. body: The wound is in creativity, romance, and play; a fear that what you make or who you love is not enough. shadow: Withholding your creative or romantic self to avoid judgment. voiceNeutral: true","This placement concentrates chiron in the life area of creativity, romance, play, joy, and self-expression.","You may notice that creativity, romance, play, joy, and self-expression repeatedly becomes a place where chiron asks for attention, choice, or development.","It can help by making this area of life more active, instructive, or meaningful.",It can become difficult when this area carries too much of the planet's shadow: letting the pattern run unconsciously.,The question is how to work with this house consciously rather than treating it as a fixed verdict.,"Describe tendencies, not fixed identity. Keep astrology traceable. Avoid prediction.",packages/astro-knowledge/data/points/placements/house/chiron-5.json
You,points/placements/house,chiron-6,Natal Chiron in the 6th House,"tldr: Chiron in the 6th house. body: The wound is in work, routine, and health, often showing through the body or a sense of daily inadequacy. shadow: Overworking the body, or letting health stand in for the deeper wound. voiceNeutral: true","This placement concentrates chiron in the life area of work, routine, service, maintenance, health, and daily obligations.","You may notice that work, routine, service, maintenance, health, and daily obligations repeatedly becomes a place where chiron asks for attention, choice, or development.","It can help by making this area of life more active, instructive, or meaningful.",It can become difficult when this area carries too much of the planet's shadow: letting the pattern run unconsciously.,The question is how to work with this house consciously rather than treating it as a fixed verdict.,"Describe tendencies, not fixed identity. Keep astrology traceable. Avoid prediction.",packages/astro-knowledge/data/points/placements/house/chiron-6.json
You,points/placements/house,chiron-7,Natal Chiron in the 7th House,"tldr: Chiron in the 7th house. body: The wound surfaces through partners; you draw wounded or wounding others, and relationship is where it shows. shadow: Healing partners instead of yourself, or expecting them to fix the wound. voiceNeutral: true","This placement concentrates chiron in the life area of partnership, collaboration, one-to-one bonds, and open others.","You may notice that partnership, collaboration, one-to-one bonds, and open others repeatedly becomes a place where chiron asks for attention, choice, or development.","It can help by making this area of life more active, instructive, or meaningful.",It can become difficult when this area carries too much of the planet's shadow: letting the pattern run unconsciously.,The question is how to work with this house consciously rather than treating it as a fixed verdict.,"Describe tendencies, not fixed identity. Keep astrology traceable. Avoid prediction.",packages/astro-knowledge/data/points/placements/house/chiron-7.json
You,points/placements/house,chiron-8,Natal Chiron in the 8th House,"tldr: Chiron in the 8th house. body: The wound is in intimacy, trust, and shared resources; loss, debt, or betrayal cut deep here. shadow: Guarding everything, or merging too completely to feel safe. voiceNeutral: true","This placement concentrates chiron in the life area of shared resources, intimacy, trust, debt, inheritance, and transformation.","You may notice that shared resources, intimacy, trust, debt, inheritance, and transformation repeatedly becomes a place where chiron asks for attention, choice, or development.","It can help by making this area of life more active, instructive, or meaningful.",It can become difficult when this area carries too much of the planet's shadow: letting the pattern run unconsciously.,The question is how to work with this house consciously rather than treating it as a fixed verdict.,"Describe tendencies, not fixed identity. Keep astrology traceable. Avoid prediction.",packages/astro-knowledge/data/points/placements/house/chiron-8.json
You,points/placements/house,chiron-9,Natal Chiron in the 9th House,"tldr: Chiron in the 9th house. body: The wound is in belief and meaning; a faith, education, or worldview that failed you. shadow: Preaching a borrowed certainty, or refusing to believe in anything. voiceNeutral: true","This placement concentrates chiron in the life area of beliefs, higher learning, travel, philosophy, and meaning.","You may notice that beliefs, higher learning, travel, philosophy, and meaning repeatedly becomes a place where chiron asks for attention, choice, or development.","It can help by making this area of life more active, instructive, or meaningful.",It can become difficult when this area carries too much of the planet's shadow: letting the pattern run unconsciously.,The question is how to work with this house consciously rather than treating it as a fixed verdict.,"Describe tendencies, not fixed identity. Keep astrology traceable. Avoid prediction.",packages/astro-knowledge/data/points/placements/house/chiron-9.json
You,points/placements/house,lilith-1,Natal Lilith in the 1st House,"tldr: Lilith in the 1st house: your raw, untamed self shows openly body: Lilith in the 1st house: your raw, untamed self shows openly. Where you refuse to be tamed and reclaim your right to take up space. Watch: defiance that pushes people away. You are uncompromising about who you are; you refuse to be told how to be, and it shows on sight. Strongly colors the whole personality; intense drives that often sit hidden in the unconscious. The work is to understand and own the energy rather than be unconsciously run by it. shadow: A confrontational identity, or hiding the raw self behind a guarded front. voiceNeutral: true","This placement concentrates lilith in the life area of self, body, identity, and first response.","You may notice that self, body, identity, and first response repeatedly becomes a place where lilith asks for attention, choice, or development.","It can help by making this area of life more active, instructive, or meaningful.",It can become difficult when this area carries too much of the planet's shadow: letting the pattern run unconsciously.,The question is how to work with this house consciously rather than treating it as a fixed verdict.,"Describe tendencies, not fixed identity. Keep astrology traceable. Avoid prediction.",packages/astro-knowledge/data/points/placements/house/lilith-1.json
You,points/placements/house,lilith-10,Natal Lilith in the 10th House,"tldr: Lilith in the 10th house: the untamed in public life body: Lilith in the 10th house: the untamed in public life. Where you reclaim power and visibility outside the rules. Watch: a reputation built on defiance, or being cast as the villain. You refuse to be controlled in public life; raw ambition that will not play the expected role. Needs unconventional, self-directed work and resists rigid authority; may go marginal or self-employed. Originality is an asset in creative fields, a liability in rigid ones. shadow: Self-sabotage of reputation, or a combative public face. voiceNeutral: true","This placement concentrates lilith in the life area of career, reputation, authority, public role, and contribution.","You may notice that career, reputation, authority, public role, and contribution repeatedly becomes a place where lilith asks for attention, choice, or development.","It can help by making this area of life more active, instructive, or meaningful.",It can become difficult when this area carries too much of the planet's shadow: letting the pattern run unconsciously.,The question is how to work with this house consciously rather than treating it as a fixed verdict.,"Describe tendencies, not fixed identity. Keep astrology traceable. Avoid prediction.",packages/astro-knowledge/data/points/placements/house/lilith-10.json
You,points/placements/house,lilith-11,Natal Lilith in the 11th House,"tldr: Lilith in the 11th house: the outsider in the group body: Lilith in the 11th house: the outsider in the group. Where you reclaim belonging on your own terms and disrupt the collective. Watch: alienating the people who would have you. You refuse to belong to the group on its terms; raw nonconformity in community and friendship. Idealistic and highly selective about friends and groups; risks over-demanding others and feeling betrayed. Wants to make a unique contribution, but needs realism so perfectionism doesn't deliver nothing. shadow: Alienation from groups, or burning bridges with allies. voiceNeutral: true","This placement concentrates lilith in the life area of friendship, groups, community, hopes, allies, and future plans.","You may notice that friendship, groups, community, hopes, allies, and future plans repeatedly becomes a place where lilith asks for attention, choice, or development.","It can help by making this area of life more active, instructive, or meaningful.",It can become difficult when this area carries too much of the planet's shadow: letting the pattern run unconsciously.,The question is how to work with this house consciously rather than treating it as a fixed verdict.,"Describe tendencies, not fixed identity. Keep astrology traceable. Avoid prediction.",packages/astro-knowledge/data/points/placements/house/lilith-11.json
You,points/placements/house,lilith-12,Natal Lilith in the 12th House,"tldr: Lilith in the 12th house: the deeply buried and exiled self body: Lilith in the 12th house: the deeply buried and exiled self. Where you reclaim what was repressed below awareness. Watch: hidden rage and self-undoing until it is made conscious. The disowned self is buried in the unconscious; raw instinct you may not see, surfacing in private. The disowned self buried in the unconscious: at once a wound and a gateway. Unexamined it blocks expression; explored, it becomes a source of intuitive depth. shadow: Self-sabotage from the dark, or repression that leaks out sideways. voiceNeutral: true","This placement concentrates lilith in the life area of solitude, the unconscious, hidden things, retreat, isolation, and release.","You may notice that solitude, the unconscious, hidden things, retreat, isolation, and release repeatedly becomes a place where lilith asks for attention, choice, or development.","It can help by making this area of life more active, instructive, or meaningful.",It can become difficult when this area carries too much of the planet's shadow: letting the pattern run unconsciously.,The question is how to work with this house consciously rather than treating it as a fixed verdict.,"Describe tendencies, not fixed identity. Keep astrology traceable. Avoid prediction.",packages/astro-knowledge/data/points/placements/house/lilith-12.json
You,points/placements/house,lilith-2,Natal Lilith in the 2nd House,"tldr: Lilith in the 2nd house: the untamed shows in worth, money, and the body body: Lilith in the 2nd house: the untamed shows in worth, money, and the body. Where you reclaim pleasure and value on your own terms. Watch: using worth or sensuality as leverage. You refuse to be controlled through money or made to feel undeserving; raw drive around resources and worth. A conflicted relationship with money: rejecting it as a symbol of control while secretly wanting it intensely, plus a fear of loss. Can unconsciously create scarcity until the conflict is faced. shadow: Money as a battleground, or shame and self-denial around having. voiceNeutral: true","This placement concentrates lilith in the life area of money, resources, possessions, and values.","You may notice that money, resources, possessions, and values repeatedly becomes a place where lilith asks for attention, choice, or development.","It can help by making this area of life more active, instructive, or meaningful.",It can become difficult when this area carries too much of the planet's shadow: letting the pattern run unconsciously.,The question is how to work with this house consciously rather than treating it as a fixed verdict.,"Describe tendencies, not fixed identity. Keep astrology traceable. Avoid prediction.",packages/astro-knowledge/data/points/placements/house/lilith-2.json
You,points/placements/house,lilith-3,Natal Lilith in the 3rd House,"tldr: Lilith in the 3rd house: the silenced voice and the forbidden thought body: Lilith in the 3rd house: the silenced voice and the forbidden thought. Where you reclaim the right to say what others won't. Watch: a sharp or provocative tongue. You refuse to be silenced; your voice and daily thinking will not be policed. Buried intensity finds an outlet in writing and communication; thinking runs deep and unconventional. Putting the undercurrent into words is part of the reclamation. The source also links this placement to a significant early event or focus involving a sibling, which can leave a lasting imprint and calls for honest self-exploration. shadow: A sharp, alienating tongue, or swallowed words that turn bitter. voiceNeutral: true","This placement concentrates lilith in the life area of communication, siblings, local life, daily movement, and immediate environment.","You may notice that communication, siblings, local life, daily movement, and immediate environment repeatedly becomes a place where lilith asks for attention, choice, or development.","It can help by making this area of life more active, instructive, or meaningful.",It can become difficult when this area carries too much of the planet's shadow: letting the pattern run unconsciously.,The question is how to work with this house consciously rather than treating it as a fixed verdict.,"Describe tendencies, not fixed identity. Keep astrology traceable. Avoid prediction.",packages/astro-knowledge/data/points/placements/house/lilith-3.json
You,points/placements/house,lilith-4,Natal Lilith in the 4th House,"tldr: Lilith in the 4th house: the wound and the wild in home and family body: Lilith in the 4th house: the wound and the wild in home and family. Where you reclaim a self the family tried to suppress. Watch: repeating or weaponizing old family pain. The ungovernable self lives at home and in family; you refuse the roles you were assigned there. A deep wound around home and family: a restlessness that never quite feels at home and an urge to cut roots, paired with sharp perception of other people's hidden motives. It can also mark a significant early event or focus involving a parent or the family home, carried forward as a heavy, formative weight. shadow: Family rupture, or a home life ruled by old repression. voiceNeutral: true","This placement concentrates lilith in the life area of home, family, roots, privacy, and emotional foundation.","You may notice that home, family, roots, privacy, and emotional foundation repeatedly becomes a place where lilith asks for attention, choice, or development.","It can help by making this area of life more active, instructive, or meaningful.",It can become difficult when this area carries too much of the planet's shadow: letting the pattern run unconsciously.,The question is how to work with this house consciously rather than treating it as a fixed verdict.,"Describe tendencies, not fixed identity. Keep astrology traceable. Avoid prediction.",packages/astro-knowledge/data/points/placements/house/lilith-4.json
You,points/placements/house,lilith-5,Natal Lilith in the 5th House,"tldr: Lilith in the 5th house: untamed creativity, desire, and self-expression body: Lilith in the 5th house: untamed creativity, desire, and self-expression. Where you reclaim raw pleasure and the right to play and create freely. Watch: drama and reckless romance. You refuse to perform desire or creativity for approval; raw self-expression and appetite. Strong ambivalence about creativity and children, fierce desire set against fear, and a perfectionism that can paralyze. Freed, it pours out original, non-conforming work. shadow: Drama and risk in love and play, or creativity locked away by shame. voiceNeutral: true","This placement concentrates lilith in the life area of creativity, romance, play, joy, and self-expression.","You may notice that creativity, romance, play, joy, and self-expression repeatedly becomes a place where lilith asks for attention, choice, or development.","It can help by making this area of life more active, instructive, or meaningful.",It can become difficult when this area carries too much of the planet's shadow: letting the pattern run unconsciously.,The question is how to work with this house consciously rather than treating it as a fixed verdict.,"Describe tendencies, not fixed identity. Keep astrology traceable. Avoid prediction.",packages/astro-knowledge/data/points/placements/house/lilith-5.json
You,points/placements/house,lilith-6,Natal Lilith in the 6th House,"tldr: Lilith in the 6th house: the rebel against routine and the shamed body body: Lilith in the 6th house: the rebel against routine and the shamed body. Where you reclaim autonomy over your work and health. Watch: self-sabotage disguised as defiance. You refuse to be a compliant worker or to ignore your body; raw instinct around labor and health. Resists being managed and is drawn to unconventional or independent work; clashes with bosses are common. Health here can mirror deeper emotional pressure, so treat the whole person, not just symptoms. shadow: Defiant burnout, or repression that surfaces as illness. voiceNeutral: true","This placement concentrates lilith in the life area of work, routine, service, maintenance, health, and daily obligations.","You may notice that work, routine, service, maintenance, health, and daily obligations repeatedly becomes a place where lilith asks for attention, choice, or development.","It can help by making this area of life more active, instructive, or meaningful.",It can become difficult when this area carries too much of the planet's shadow: letting the pattern run unconsciously.,The question is how to work with this house consciously rather than treating it as a fixed verdict.,"Describe tendencies, not fixed identity. Keep astrology traceable. Avoid prediction.",packages/astro-knowledge/data/points/placements/house/lilith-6.json
You,points/placements/house,lilith-7,Natal Lilith in the 7th House,"tldr: Lilith in the 7th house: the untamed in partnership body: Lilith in the 7th house: the untamed in partnership. Where you reclaim honesty and power in close bonds instead of performing the role. Watch: provocation and power struggles. You refuse to disappear inside a partnership; relationship is where the disowned self gets triggered and reclaimed. Idealized expectations projected onto partners, with disappointment when they prove human. Attracts independent, rebellious partners, and relationship crises tend to be the catalyst for real healing. shadow: Power struggles, or attracting the controlling dynamic you fear. voiceNeutral: true","This placement concentrates lilith in the life area of partnership, collaboration, one-to-one bonds, and open others.","You may notice that partnership, collaboration, one-to-one bonds, and open others repeatedly becomes a place where lilith asks for attention, choice, or development.","It can help by making this area of life more active, instructive, or meaningful.",It can become difficult when this area carries too much of the planet's shadow: letting the pattern run unconsciously.,The question is how to work with this house consciously rather than treating it as a fixed verdict.,"Describe tendencies, not fixed identity. Keep astrology traceable. Avoid prediction.",packages/astro-knowledge/data/points/placements/house/lilith-7.json
You,points/placements/house,lilith-8,Natal Lilith in the 8th House,"tldr: Lilith in the 8th house: raw sexuality, power, and the taboo body: Lilith in the 8th house: raw sexuality, power, and the taboo. A strong placement. Where you reclaim desire, depth, and what was shamed. Watch: control, obsession, merging that overwhelms. Raw power in intimacy, trust, and shared resources; you refuse to be controlled in the deepest places. An all-or-nothing charge around intimacy and shared resources: either powerfully alive or shut down and refused. Strong affinity for the hidden and the taboo. shadow: Control, obsession, or repeating the betrayal wound. voiceNeutral: true","This placement concentrates lilith in the life area of shared resources, intimacy, trust, debt, inheritance, and transformation.","You may notice that shared resources, intimacy, trust, debt, inheritance, and transformation repeatedly becomes a place where lilith asks for attention, choice, or development.","It can help by making this area of life more active, instructive, or meaningful.",It can become difficult when this area carries too much of the planet's shadow: letting the pattern run unconsciously.,The question is how to work with this house consciously rather than treating it as a fixed verdict.,"Describe tendencies, not fixed identity. Keep astrology traceable. Avoid prediction.",packages/astro-knowledge/data/points/placements/house/lilith-8.json
You,points/placements/house,lilith-9,Natal Lilith in the 9th House,"tldr: Lilith in the 9th house: the wild truth and the refusal of inherited belief body: Lilith in the 9th house: the wild truth and the refusal of inherited belief. Where you reclaim your own meaning. Watch: dogmatic rebellion. You refuse imposed belief; raw truth-seeking that will not accept a borrowed worldview. Rejects imposed belief and conventional study in favor of instinctive knowing. Periodic, sweeping rethinks of worldview and values are part of the pattern. shadow: Zealotry, or rejecting all meaning to stay free. voiceNeutral: true","This placement concentrates lilith in the life area of beliefs, higher learning, travel, philosophy, and meaning.","You may notice that beliefs, higher learning, travel, philosophy, and meaning repeatedly becomes a place where lilith asks for attention, choice, or development.","It can help by making this area of life more active, instructive, or meaningful.",It can become difficult when this area carries too much of the planet's shadow: letting the pattern run unconsciously.,The question is how to work with this house consciously rather than treating it as a fixed verdict.,"Describe tendencies, not fixed identity. Keep astrology traceable. Avoid prediction.",packages/astro-knowledge/data/points/placements/house/lilith-9.json
You,points/placements/house,north-node-1,Natal North in the node-1 House,"tldr: North Node in House 1: growth through identity, body, autonomy, and direct self-authorship. body: This nodal axis asks the person to develop identity, body, autonomy, and direct self-authorship. The South Node in House 7 shows the familiar life field: partnership, approval, clients, or other people's needs defining the self. The house axis describes where the growth has to become lived, not just understood. The practice is to meet life from the self first. shadow: Under stress, the South Node in House 7 can pull the person back toward partnership, approval, clients, or other people's needs defining the self. voiceNeutral: true",This placement concentrates north in the life area of house node-1.,"You may notice that house node-1 repeatedly becomes a place where north asks for attention, choice, or development.","It can help by making this area of life more active, instructive, or meaningful.",It can become difficult when this area carries too much of the planet's shadow: letting the pattern run unconsciously.,The question is how to work with this house consciously rather than treating it as a fixed verdict.,"Describe tendencies, not fixed identity. Keep astrology traceable. Avoid prediction.",packages/astro-knowledge/data/points/placements/house/north-node-1.json
You,points/placements/house,north-node-10,Natal North in the node-10 House,"tldr: North Node in House 10: growth through career, leadership, public contribution, legacy, and adult authority. body: This nodal axis asks the person to develop career, leadership, public contribution, legacy, and adult authority. The South Node in House 4 shows the familiar life field: family scripts, privacy, emotional retreat, or staying inside the familiar. The house axis describes where the growth has to become lived, not just understood. The practice is to build something visible without abandoning the self. shadow: Under stress, the South Node in House 4 can pull the person back toward family scripts, privacy, emotional retreat, or staying inside the familiar. voiceNeutral: true",This placement concentrates north in the life area of house node-10.,"You may notice that house node-10 repeatedly becomes a place where north asks for attention, choice, or development.","It can help by making this area of life more active, instructive, or meaningful.",It can become difficult when this area carries too much of the planet's shadow: letting the pattern run unconsciously.,The question is how to work with this house consciously rather than treating it as a fixed verdict.,"Describe tendencies, not fixed identity. Keep astrology traceable. Avoid prediction.",packages/astro-knowledge/data/points/placements/house/north-node-10.json
You,points/placements/house,north-node-11,Natal North in the node-11 House,"tldr: North Node in House 11: growth through community, networks, future plans, collaboration, and collective purpose. body: This nodal axis asks the person to develop community, networks, future plans, collaboration, and collective purpose. The South Node in House 5 shows the familiar life field: personal drama, recognition hunger, romance, or solo performance. The house axis describes where the growth has to become lived, not just understood. The practice is to put personal gifts in service of a wider field. shadow: Under stress, the South Node in House 5 can pull the person back toward personal drama, recognition hunger, romance, or solo performance. voiceNeutral: true",This placement concentrates north in the life area of house node-11.,"You may notice that house node-11 repeatedly becomes a place where north asks for attention, choice, or development.","It can help by making this area of life more active, instructive, or meaningful.",It can become difficult when this area carries too much of the planet's shadow: letting the pattern run unconsciously.,The question is how to work with this house consciously rather than treating it as a fixed verdict.,"Describe tendencies, not fixed identity. Keep astrology traceable. Avoid prediction.",packages/astro-knowledge/data/points/placements/house/north-node-11.json
You,points/placements/house,north-node-12,Natal North in the node-12 House,"tldr: North Node in House 12: growth through retreat, spiritual practice, closure, dreamwork, hidden healing, and surrender. body: This nodal axis asks the person to develop retreat, spiritual practice, closure, dreamwork, hidden healing, and surrender. The South Node in House 6 shows the familiar life field: overwork, fixing, control, hyper-usefulness, or health anxiety. The house axis describes where the growth has to become lived, not just understood. The practice is to protect space for what cannot be measured yet. shadow: Under stress, the South Node in House 6 can pull the person back toward overwork, fixing, control, hyper-usefulness, or health anxiety. voiceNeutral: true",This placement concentrates north in the life area of house node-12.,"You may notice that house node-12 repeatedly becomes a place where north asks for attention, choice, or development.","It can help by making this area of life more active, instructive, or meaningful.",It can become difficult when this area carries too much of the planet's shadow: letting the pattern run unconsciously.,The question is how to work with this house consciously rather than treating it as a fixed verdict.,"Describe tendencies, not fixed identity. Keep astrology traceable. Avoid prediction.",packages/astro-knowledge/data/points/placements/house/north-node-12.json
You,points/placements/house,north-node-2,Natal North in the node-2 House,"tldr: North Node in House 2: growth through money, self-worth, skills, possessions, and embodied stability. body: This nodal axis asks the person to develop money, self-worth, skills, possessions, and embodied stability. The South Node in House 8 shows the familiar life field: shared resources, crisis, entanglement, debt, or other people's values. The house axis describes where the growth has to become lived, not just understood. The practice is to build personal resources that do not depend on intensity. shadow: Under stress, the South Node in House 8 can pull the person back toward shared resources, crisis, entanglement, debt, or other people's values. voiceNeutral: true",This placement concentrates north in the life area of house node-2.,"You may notice that house node-2 repeatedly becomes a place where north asks for attention, choice, or development.","It can help by making this area of life more active, instructive, or meaningful.",It can become difficult when this area carries too much of the planet's shadow: letting the pattern run unconsciously.,The question is how to work with this house consciously rather than treating it as a fixed verdict.,"Describe tendencies, not fixed identity. Keep astrology traceable. Avoid prediction.",packages/astro-knowledge/data/points/placements/house/north-node-2.json
You,points/placements/house,north-node-3,Natal North in the node-3 House,"tldr: North Node in House 3: growth through voice, writing, learning, siblings, daily movement, and concrete truth. body: This nodal axis asks the person to develop voice, writing, learning, siblings, daily movement, and concrete truth. The South Node in House 9 shows the familiar life field: belief systems, distant authority, inherited philosophy, or abstract certainty. The house axis describes where the growth has to become lived, not just understood. The practice is to name what is true in the immediate room. shadow: Under stress, the South Node in House 9 can pull the person back toward belief systems, distant authority, inherited philosophy, or abstract certainty. voiceNeutral: true",This placement concentrates north in the life area of house node-3.,"You may notice that house node-3 repeatedly becomes a place where north asks for attention, choice, or development.","It can help by making this area of life more active, instructive, or meaningful.",It can become difficult when this area carries too much of the planet's shadow: letting the pattern run unconsciously.,The question is how to work with this house consciously rather than treating it as a fixed verdict.,"Describe tendencies, not fixed identity. Keep astrology traceable. Avoid prediction.",packages/astro-knowledge/data/points/placements/house/north-node-3.json
You,points/placements/house,north-node-4,Natal North in the node-4 House,"tldr: North Node in House 4: growth through home, roots, private safety, family patterns, and emotional foundation. body: This nodal axis asks the person to develop home, roots, private safety, family patterns, and emotional foundation. The South Node in House 10 shows the familiar life field: status, authority, public achievement, or proving worth through success. The house axis describes where the growth has to become lived, not just understood. The practice is to make the inner foundation strong enough to support the outer life. shadow: Under stress, the South Node in House 10 can pull the person back toward status, authority, public achievement, or proving worth through success. voiceNeutral: true",This placement concentrates north in the life area of house node-4.,"You may notice that house node-4 repeatedly becomes a place where north asks for attention, choice, or development.","It can help by making this area of life more active, instructive, or meaningful.",It can become difficult when this area carries too much of the planet's shadow: letting the pattern run unconsciously.,The question is how to work with this house consciously rather than treating it as a fixed verdict.,"Describe tendencies, not fixed identity. Keep astrology traceable. Avoid prediction.",packages/astro-knowledge/data/points/placements/house/north-node-4.json
You,points/placements/house,north-node-5,Natal North in the node-5 House,"tldr: North Node in House 5: growth through creativity, pleasure, romance, children, and personal expression. body: This nodal axis asks the person to develop creativity, pleasure, romance, children, and personal expression. The South Node in House 11 shows the familiar life field: group identity, audience, ideology, or hiding in community. The house axis describes where the growth has to become lived, not just understood. The practice is to let joy and creative risk matter. shadow: Under stress, the South Node in House 11 can pull the person back toward group identity, audience, ideology, or hiding in community. voiceNeutral: true",This placement concentrates north in the life area of house node-5.,"You may notice that house node-5 repeatedly becomes a place where north asks for attention, choice, or development.","It can help by making this area of life more active, instructive, or meaningful.",It can become difficult when this area carries too much of the planet's shadow: letting the pattern run unconsciously.,The question is how to work with this house consciously rather than treating it as a fixed verdict.,"Describe tendencies, not fixed identity. Keep astrology traceable. Avoid prediction.",packages/astro-knowledge/data/points/placements/house/north-node-5.json
You,points/placements/house,north-node-6,Natal North in the node-6 House,"tldr: North Node in House 6: growth through daily rhythms, health maintenance, work habits, service, and practical repair. body: This nodal axis asks the person to develop daily rhythms, health maintenance, work habits, service, and practical repair. The South Node in House 12 shows the familiar life field: avoidance, isolation, hidden burdens, spiritual bypassing, or drifting. The house axis describes where the growth has to become lived, not just understood. The practice is to make healing repeatable in ordinary life. shadow: Under stress, the South Node in House 12 can pull the person back toward avoidance, isolation, hidden burdens, spiritual bypassing, or drifting. voiceNeutral: true",This placement concentrates north in the life area of house node-6.,"You may notice that house node-6 repeatedly becomes a place where north asks for attention, choice, or development.","It can help by making this area of life more active, instructive, or meaningful.",It can become difficult when this area carries too much of the planet's shadow: letting the pattern run unconsciously.,The question is how to work with this house consciously rather than treating it as a fixed verdict.,"Describe tendencies, not fixed identity. Keep astrology traceable. Avoid prediction.",packages/astro-knowledge/data/points/placements/house/north-node-6.json
You,points/placements/house,north-node-7,Natal North in the node-7 House,"tldr: North Node in House 7: growth through partnership, reciprocity, contracts, clients, and being met by others. body: This nodal axis asks the person to develop partnership, reciprocity, contracts, clients, and being met by others. The South Node in House 1 shows the familiar life field: over-identification with independence, image, or doing everything alone. The house axis describes where the growth has to become lived, not just understood. The practice is to let relationship become a place of conscious choice. shadow: Under stress, the South Node in House 1 can pull the person back toward over-identification with independence, image, or doing everything alone. voiceNeutral: true",This placement concentrates north in the life area of house node-7.,"You may notice that house node-7 repeatedly becomes a place where north asks for attention, choice, or development.","It can help by making this area of life more active, instructive, or meaningful.",It can become difficult when this area carries too much of the planet's shadow: letting the pattern run unconsciously.,The question is how to work with this house consciously rather than treating it as a fixed verdict.,"Describe tendencies, not fixed identity. Keep astrology traceable. Avoid prediction.",packages/astro-knowledge/data/points/placements/house/north-node-7.json
You,points/placements/house,north-node-8,Natal North in the node-8 House,"tldr: North Node in House 8: growth through shared resources, trust, intimacy, grief work, and honest exchange. body: This nodal axis asks the person to develop shared resources, trust, intimacy, grief work, and honest exchange. The South Node in House 2 shows the familiar life field: self-protection through possessions, certainty, or keeping everything separate. The house axis describes where the growth has to become lived, not just understood. The practice is to learn which bonds are safe enough for depth. shadow: Under stress, the South Node in House 2 can pull the person back toward self-protection through possessions, certainty, or keeping everything separate. voiceNeutral: true",This placement concentrates north in the life area of house node-8.,"You may notice that house node-8 repeatedly becomes a place where north asks for attention, choice, or development.","It can help by making this area of life more active, instructive, or meaningful.",It can become difficult when this area carries too much of the planet's shadow: letting the pattern run unconsciously.,The question is how to work with this house consciously rather than treating it as a fixed verdict.,"Describe tendencies, not fixed identity. Keep astrology traceable. Avoid prediction.",packages/astro-knowledge/data/points/placements/house/north-node-8.json
You,points/placements/house,north-node-9,Natal North in the node-9 House,"tldr: North Node in House 9: growth through faith, higher learning, publishing, law, travel, and lived philosophy. body: This nodal axis asks the person to develop faith, higher learning, publishing, law, travel, and lived philosophy. The South Node in House 3 shows the familiar life field: facts without meaning, local noise, sibling scripts, or endless mental motion. The house axis describes where the growth has to become lived, not just understood. The practice is to commit to a worldview that can guide action. shadow: Under stress, the South Node in House 3 can pull the person back toward facts without meaning, local noise, sibling scripts, or endless mental motion. voiceNeutral: true",This placement concentrates north in the life area of house node-9.,"You may notice that house node-9 repeatedly becomes a place where north asks for attention, choice, or development.","It can help by making this area of life more active, instructive, or meaningful.",It can become difficult when this area carries too much of the planet's shadow: letting the pattern run unconsciously.,The question is how to work with this house consciously rather than treating it as a fixed verdict.,"Describe tendencies, not fixed identity. Keep astrology traceable. Avoid prediction.",packages/astro-knowledge/data/points/placements/house/north-node-9.json
Sky + You,points/placements/sign,chiron-aquarius,Natal Chiron in Aquarius,"tldr: Chiron in Aquarius. body: A wound around belonging: the pain of being the outsider, too different to fit yet wanting to. shadow: Self-isolating in advance, or forcing a belonging that costs your difference. voiceNeutral: true","This placement can describe how chiron tends to operate through distance, systems, independence, collective patterns, and future orientation.","You may notice a recurring tendency to approach chiron through distance, especially when that part of life is activated.","It can help by giving chiron a recognizable style, instinct, or rhythm.",It can become difficult when letting the pattern run unconsciously.,The work is noticing when this tendency is helping you respond clearly and when it is becoming automatic.,"Describe tendencies, not fixed identity. Keep astrology traceable. Avoid prediction.",packages/astro-knowledge/data/points/placements/sign/chiron-aquarius.json
Sky + You,points/placements/sign,chiron-aries,Natal Chiron in Aries,tldr: Chiron in Aries. body: A wound around the right to assert yourself and act on your own behalf; you may freeze between aggression and apology. shadow: Veering between meekness and overcorrected aggression. voiceNeutral: true,"This placement can describe how chiron tends to operate through urgency, courage, initiative, and direct action.","You may notice a recurring tendency to approach chiron through urgency, especially when that part of life is activated.","It can help by giving chiron a recognizable style, instinct, or rhythm.",It can become difficult when letting the pattern run unconsciously.,The work is noticing when this tendency is helping you respond clearly and when it is becoming automatic.,"Describe tendencies, not fixed identity. Keep astrology traceable. Avoid prediction.",packages/astro-knowledge/data/points/placements/sign/chiron-aries.json
Sky + You,points/placements/sign,chiron-cancer,Natal Chiron in Cancer,"tldr: Chiron in Cancer. body: A wound around belonging and care, often rooted in early family; the sense of never feeling fully safe or held. shadow: Smothering others, or withdrawing to avoid needing anyone. voiceNeutral: true","This placement can describe how chiron tends to operate through memory, protection, belonging, care, and emotional context.","You may notice a recurring tendency to approach chiron through memory, especially when that part of life is activated.","It can help by giving chiron a recognizable style, instinct, or rhythm.",It can become difficult when letting the pattern run unconsciously.,The work is noticing when this tendency is helping you respond clearly and when it is becoming automatic.,"Describe tendencies, not fixed identity. Keep astrology traceable. Avoid prediction.",packages/astro-knowledge/data/points/placements/sign/chiron-cancer.json
Sky + You,points/placements/sign,chiron-capricorn,Natal Chiron in Capricorn,"tldr: Chiron in Capricorn. body: A wound around authority and achievement: a sense of not being legitimate no matter how much you accomplish. shadow: Overworking to prove worth, or rejecting authority entirely. voiceNeutral: true","This placement can describe how chiron tends to operate through structure, restraint, responsibility, practical next steps, and endurance.","You may notice a recurring tendency to approach chiron through structure, especially when that part of life is activated.","It can help by giving chiron a recognizable style, instinct, or rhythm.",It can become difficult when letting the pattern run unconsciously.,The work is noticing when this tendency is helping you respond clearly and when it is becoming automatic.,"Describe tendencies, not fixed identity. Keep astrology traceable. Avoid prediction.",packages/astro-knowledge/data/points/placements/sign/chiron-capricorn.json
Sky + You,points/placements/sign,chiron-gemini,Natal Chiron in Gemini,"tldr: Chiron in Gemini. body: A wound around your voice and mind: a fear of not being smart enough or of never truly being heard. shadow: Over-explaining, or going silent rather than risk being dismissed. voiceNeutral: true","This placement can describe how chiron tends to operate through curiosity, language, movement, information, and adaptability.","You may notice a recurring tendency to approach chiron through curiosity, especially when that part of life is activated.","It can help by giving chiron a recognizable style, instinct, or rhythm.",It can become difficult when letting the pattern run unconsciously.,The work is noticing when this tendency is helping you respond clearly and when it is becoming automatic.,"Describe tendencies, not fixed identity. Keep astrology traceable. Avoid prediction.",packages/astro-knowledge/data/points/placements/sign/chiron-gemini.json
Sky + You,points/placements/sign,chiron-leo,Natal Chiron in Leo,"tldr: Chiron in Leo. body: A wound around visibility and creative worth: a fear that you are not special, paired with a need to be. shadow: Hiding your gifts, or demanding constant validation for them. voiceNeutral: true","This placement can describe how chiron tends to operate through visibility, confidence, creativity, recognition, and expressive warmth.","You may notice a recurring tendency to approach chiron through visibility, especially when that part of life is activated.","It can help by giving chiron a recognizable style, instinct, or rhythm.",It can become difficult when letting the pattern run unconsciously.,The work is noticing when this tendency is helping you respond clearly and when it is becoming automatic.,"Describe tendencies, not fixed identity. Keep astrology traceable. Avoid prediction.",packages/astro-knowledge/data/points/placements/sign/chiron-leo.json
Sky + You,points/placements/sign,chiron-libra,Natal Chiron in Libra,"tldr: Chiron in Libra. body: A wound around relationship and worth-to-others: a fear of not being chosen, wanted, or treated fairly. shadow: Over-giving to be kept, or avoiding closeness to dodge rejection. voiceNeutral: true","This placement can describe how chiron tends to operate through relationship, fairness, aesthetics, agreement, and social balance.","You may notice a recurring tendency to approach chiron through relationship, especially when that part of life is activated.","It can help by giving chiron a recognizable style, instinct, or rhythm.",It can become difficult when letting the pattern run unconsciously.,The work is noticing when this tendency is helping you respond clearly and when it is becoming automatic.,"Describe tendencies, not fixed identity. Keep astrology traceable. Avoid prediction.",packages/astro-knowledge/data/points/placements/sign/chiron-libra.json
Sky + You,points/placements/sign,chiron-pisces,Natal Chiron in Pisces,"tldr: Chiron in Pisces. body: A wound around boundaries and sensitivity: you feel everything, absorb what isn't yours, and can lose your own edges. When the ache gets to be too much, the pull is to escape or numb it rather than stay with it. shadow: Slipping into fog, numbing, or martyrdom instead of gently tending the wound. voiceNeutral: true","This placement can describe how chiron tends to operate through sensitivity, imagination, compassion, porous boundaries, and surrender.","You may notice a recurring tendency to approach chiron through sensitivity, especially when that part of life is activated.","It can help by giving chiron a recognizable style, instinct, or rhythm.",It can become difficult when letting the pattern run unconsciously.,The work is noticing when this tendency is helping you respond clearly and when it is becoming automatic.,"Describe tendencies, not fixed identity. Keep astrology traceable. Avoid prediction.",packages/astro-knowledge/data/points/placements/sign/chiron-pisces.json
Sky + You,points/placements/sign,chiron-sagittarius,Natal Chiron in Sagittarius,"tldr: Chiron in Sagittarius. body: A wound around belief and meaning: a faith that broke, or a freedom that was denied, leaving you searching. shadow: Clinging to dogma, or refusing all belief to avoid being let down again. voiceNeutral: true","This placement can describe how chiron tends to operate through meaning, belief, exploration, perspective, and growth.","You may notice a recurring tendency to approach chiron through meaning, especially when that part of life is activated.","It can help by giving chiron a recognizable style, instinct, or rhythm.",It can become difficult when letting the pattern run unconsciously.,The work is noticing when this tendency is helping you respond clearly and when it is becoming automatic.,"Describe tendencies, not fixed identity. Keep astrology traceable. Avoid prediction.",packages/astro-knowledge/data/points/placements/sign/chiron-sagittarius.json
Sky + You,points/placements/sign,chiron-scorpio,Natal Chiron in Scorpio,"tldr: Chiron in Scorpio. body: A wound around trust and power, often from betrayal or loss of control; intimacy can feel dangerous. shadow: Controlling or testing others, or refusing to be vulnerable at all. voiceNeutral: true","This placement can describe how chiron tends to operate through depth, privacy, trust, emotional honesty, and intensity.","You may notice a recurring tendency to approach chiron through depth, especially when that part of life is activated.","It can help by giving chiron a recognizable style, instinct, or rhythm.",It can become difficult when letting the pattern run unconsciously.,The work is noticing when this tendency is helping you respond clearly and when it is becoming automatic.,"Describe tendencies, not fixed identity. Keep astrology traceable. Avoid prediction.",packages/astro-knowledge/data/points/placements/sign/chiron-scorpio.json
Sky + You,points/placements/sign,chiron-taurus,Natal Chiron in Taurus,"tldr: Chiron in Taurus. body: A wound around self-worth and security: a deep sense of not having or deserving enough, whatever you actually hold. shadow: Over-accumulating or self-denying to prove you are safe. voiceNeutral: true","This placement can describe how chiron tends to operate through stability, patience, material reality, comfort, and consistency.","You may notice a recurring tendency to approach chiron through stability, especially when that part of life is activated.","It can help by giving chiron a recognizable style, instinct, or rhythm.",It can become difficult when letting the pattern run unconsciously.,The work is noticing when this tendency is helping you respond clearly and when it is becoming automatic.,"Describe tendencies, not fixed identity. Keep astrology traceable. Avoid prediction.",packages/astro-knowledge/data/points/placements/sign/chiron-taurus.json
Sky + You,points/placements/sign,chiron-virgo,Natal Chiron in Virgo,"tldr: Chiron in Virgo. body: A wound around adequacy, often tied to the body or health: a feeling of being flawed or never quite good enough. shadow: Relentless self-criticism, or fixing others to avoid your own wound. voiceNeutral: true","This placement can describe how chiron tends to operate through discernment, repair, routine, useful detail, and refinement.","You may notice a recurring tendency to approach chiron through discernment, especially when that part of life is activated.","It can help by giving chiron a recognizable style, instinct, or rhythm.",It can become difficult when letting the pattern run unconsciously.,The work is noticing when this tendency is helping you respond clearly and when it is becoming automatic.,"Describe tendencies, not fixed identity. Keep astrology traceable. Avoid prediction.",packages/astro-knowledge/data/points/placements/sign/chiron-virgo.json
Sky + You,points/placements/sign,lilith-aquarius,Natal Lilith in Aquarius,"tldr: Lilith in Aquarius: the outsider who refuses to conform body: Lilith in Aquarius: the outsider who refuses to conform. Where you reclaim your difference and the right to disrupt. Watch: detachment and contrarianism. Radical nonconformity: you refuse to belong on anyone else's terms. Ideals lived out through groups and friendships, with a real sense of responsibility for others in distress and a vulnerability to being used through the wish to belong. Often rooted in early family chaos you couldn't fix and were punished for naming. Sometimes the healthiest move is a fresh start in a new circle, on your own terms. shadow: Suppressed it becomes alienation; unchecked, contrarianism for its own sake. voiceNeutral: true","This placement can describe how lilith tends to operate through distance, systems, independence, collective patterns, and future orientation.","You may notice a recurring tendency to approach lilith through distance, especially when that part of life is activated.","It can help by giving lilith a recognizable style, instinct, or rhythm.",It can become difficult when letting the pattern run unconsciously.,The work is noticing when this tendency is helping you respond clearly and when it is becoming automatic.,"Describe tendencies, not fixed identity. Keep astrology traceable. Avoid prediction.",packages/astro-knowledge/data/points/placements/sign/lilith-aquarius.json
Sky + You,points/placements/sign,lilith-aries,Natal Lilith in Aries,"tldr: Lilith in Aries: raw will and the refusal to be tamed body: Lilith in Aries: raw will and the refusal to be tamed. Where you reclaim the right to want, fight, and exist on your own terms. Watch: rage that turns reckless. Raw will and anger: you refuse to be passive or to ask permission to want what you want. The instinct here lives in the body and needs to move. When that physical energy gets bottled up, it's the mind that pays; the way back is simple and physical, making, moving, doing, releasing energy through the body rather than sitting on it. shadow: Suppressed it festers into resentment; unleashed, into rage and recklessness. voiceNeutral: true","This placement can describe how lilith tends to operate through urgency, courage, initiative, and direct action.","You may notice a recurring tendency to approach lilith through urgency, especially when that part of life is activated.","It can help by giving lilith a recognizable style, instinct, or rhythm.",It can become difficult when letting the pattern run unconsciously.,The work is noticing when this tendency is helping you respond clearly and when it is becoming automatic.,"Describe tendencies, not fixed identity. Keep astrology traceable. Avoid prediction.",packages/astro-knowledge/data/points/placements/sign/lilith-aries.json
Sky + You,points/placements/sign,lilith-cancer,Natal Lilith in Cancer,"tldr: Lilith in Cancer: the rejected need for nurture and the untamed mother body: Lilith in Cancer: the rejected need for nurture and the untamed mother. Where you reclaim feeling and the right to be held. Watch: emotional manipulation or withdrawal. shadow: Suppressed it becomes martyred caretaking; unchecked, emotional walls and coldness. voiceNeutral: true","This placement can describe how lilith tends to operate through memory, protection, belonging, care, and emotional context.","You may notice a recurring tendency to approach lilith through memory, especially when that part of life is activated.","It can help by giving lilith a recognizable style, instinct, or rhythm.",It can become difficult when letting the pattern run unconsciously.,The work is noticing when this tendency is helping you respond clearly and when it is becoming automatic.,"Describe tendencies, not fixed identity. Keep astrology traceable. Avoid prediction.",packages/astro-knowledge/data/points/placements/sign/lilith-cancer.json
Sky + You,points/placements/sign,lilith-capricorn,Natal Lilith in Capricorn,"tldr: Lilith in Capricorn: the rebel against authority and rules body: Lilith in Capricorn: the rebel against authority and rules. Where you reclaim power on your own terms, outside the system. Watch: ruthlessness in ambition. Refusal of imposed authority: you reject the rules of a system that did not earn your respect. Ambition shaped, and often pressured, by status and demanding early expectations, with a quiet frustration at social standards. Unintegrated it can over-control or misuse position; owned, it turns that authority toward helping others structure and steady their lives, and the reminder is to extend that care to yourself too. shadow: Suppressed it becomes bitter compliance; unchecked, cold defiance and control. voiceNeutral: true","This placement can describe how lilith tends to operate through structure, restraint, responsibility, practical next steps, and endurance.","You may notice a recurring tendency to approach lilith through structure, especially when that part of life is activated.","It can help by giving lilith a recognizable style, instinct, or rhythm.",It can become difficult when letting the pattern run unconsciously.,The work is noticing when this tendency is helping you respond clearly and when it is becoming automatic.,"Describe tendencies, not fixed identity. Keep astrology traceable. Avoid prediction.",packages/astro-knowledge/data/points/placements/sign/lilith-capricorn.json
Sky + You,points/placements/sign,lilith-gemini,Natal Lilith in Gemini,"tldr: Lilith in Gemini: the unspoken and the silenced voice body: Lilith in Gemini: the unspoken and the silenced voice. Where you reclaim the right to say the forbidden thing. Watch: provocation for its own sake. Unfiltered speech and thought: you refuse to be silenced, censored, or talked over. A communication wound: honesty that got punished early, being told to be quiet, truths that stirred conflict. It reads people sharply and refuses to lie. The growth is learning to deliver the truth with a tone soft enough for it to land, often finding its real outlet in writing. shadow: Suppressed it becomes self-censorship; unchecked, a cutting or manipulative tongue. voiceNeutral: true","This placement can describe how lilith tends to operate through curiosity, language, movement, information, and adaptability.","You may notice a recurring tendency to approach lilith through curiosity, especially when that part of life is activated.","It can help by giving lilith a recognizable style, instinct, or rhythm.",It can become difficult when letting the pattern run unconsciously.,The work is noticing when this tendency is helping you respond clearly and when it is becoming automatic.,"Describe tendencies, not fixed identity. Keep astrology traceable. Avoid prediction.",packages/astro-knowledge/data/points/placements/sign/lilith-gemini.json
Sky + You,points/placements/sign,lilith-leo,Natal Lilith in Leo,"tldr: Lilith in Leo: the suppressed need to be seen and to shine body: Lilith in Leo: the suppressed need to be seen and to shine. Where you reclaim creative power and unapologetic self-expression. Watch: ego and the demand for attention. Defiant self-expression: you refuse to dim, hide, or perform for approval. A creative, expressive self that was likely suppressed or shamed in a family uneasy with that much spark. Unowned, it folds into a quiet, withheld version of you; owned, it reclaims bold creativity and tends to find its home in creative, visionary, or caring work. shadow: Suppressed it becomes a hunger for validation; unchecked, attention-seeking and pride. voiceNeutral: true","This placement can describe how lilith tends to operate through visibility, confidence, creativity, recognition, and expressive warmth.","You may notice a recurring tendency to approach lilith through visibility, especially when that part of life is activated.","It can help by giving lilith a recognizable style, instinct, or rhythm.",It can become difficult when letting the pattern run unconsciously.,The work is noticing when this tendency is helping you respond clearly and when it is becoming automatic.,"Describe tendencies, not fixed identity. Keep astrology traceable. Avoid prediction.",packages/astro-knowledge/data/points/placements/sign/lilith-leo.json
Sky + You,points/placements/sign,lilith-libra,Natal Lilith in Libra,"tldr: Lilith in Libra: the untamed in relationship and the refusal to perform niceness body: Lilith in Libra: the untamed in relationship and the refusal to perform niceness. Where you reclaim honest desire over keeping the peace. Watch: provocation in partnership. Refusal to keep the peace at your own cost: you reject forced harmony and unfair niceness. A longing for an ideal, near-perfect union and a sharp read on partners, paired with high expectations and a private uncertainty that can make relationships harder than they need to be, even magnifying tensions into self-fulfilling ones. The growth is learning when to speak and when to let be, and turning the relational gift toward genuine collaboration. shadow: Suppressed it becomes resentful people-pleasing; unchecked, combativeness dressed as fairness. voiceNeutral: true","This placement can describe how lilith tends to operate through relationship, fairness, aesthetics, agreement, and social balance.","You may notice a recurring tendency to approach lilith through relationship, especially when that part of life is activated.","It can help by giving lilith a recognizable style, instinct, or rhythm.",It can become difficult when letting the pattern run unconsciously.,The work is noticing when this tendency is helping you respond clearly and when it is becoming automatic.,"Describe tendencies, not fixed identity. Keep astrology traceable. Avoid prediction.",packages/astro-knowledge/data/points/placements/sign/lilith-libra.json
Sky + You,points/placements/sign,lilith-pisces,Natal Lilith in Pisces,"tldr: Lilith in Pisces: the drowned, dreaming, untamed unconscious body: Lilith in Pisces: the drowned, dreaming, untamed unconscious. Where you reclaim imagination, sensitivity, and the right to feel everything. Watch: escapism and victimhood. Refusal of martyrdom: raw, boundaryless instinct that will not dissolve itself to keep others comfortable. Deep sensitivity and empathy attuned to the unseen, carrying a real loneliness. The fear of being judged can lead you to over-conform, 'act normal,' and over-work until you can't, quietly imprisoning the real self. The way back is letting the sensitivity and inner life be real and expressed rather than hidden. shadow: Suppressed it becomes victimhood and escape; unchecked, chaos and lost boundaries. voiceNeutral: true","This placement can describe how lilith tends to operate through sensitivity, imagination, compassion, porous boundaries, and surrender.","You may notice a recurring tendency to approach lilith through sensitivity, especially when that part of life is activated.","It can help by giving lilith a recognizable style, instinct, or rhythm.",It can become difficult when letting the pattern run unconsciously.,The work is noticing when this tendency is helping you respond clearly and when it is becoming automatic.,"Describe tendencies, not fixed identity. Keep astrology traceable. Avoid prediction.",packages/astro-knowledge/data/points/placements/sign/lilith-pisces.json
Sky + You,points/placements/sign,lilith-sagittarius,Natal Lilith in Sagittarius,"tldr: Lilith in Sagittarius: the wild truth-teller and the refusal of dogma body: Lilith in Sagittarius: the wild truth-teller and the refusal of dogma. Where you reclaim your own meaning and freedom. Watch: righteous excess. shadow: Suppressed it becomes restless discontent; unchecked, preachy dogma or flight from commitment. voiceNeutral: true","This placement can describe how lilith tends to operate through meaning, belief, exploration, perspective, and growth.","You may notice a recurring tendency to approach lilith through meaning, especially when that part of life is activated.","It can help by giving lilith a recognizable style, instinct, or rhythm.",It can become difficult when letting the pattern run unconsciously.,The work is noticing when this tendency is helping you respond clearly and when it is becoming automatic.,"Describe tendencies, not fixed identity. Keep astrology traceable. Avoid prediction.",packages/astro-knowledge/data/points/placements/sign/lilith-sagittarius.json
Sky + You,points/placements/sign,lilith-scorpio,Natal Lilith in Scorpio,"tldr: Lilith in Scorpio: raw depth, taboo, and power body: Lilith in Scorpio: raw depth, taboo, and power. A strong placement. Where you reclaim sexuality, intensity, and what others fear. Watch: control, obsession, and revenge. Raw power and depth: you refuse to be controlled, owned, or exposed. A strong placement for this point. A natural depth-reader and instinctive therapist, tuned into what others feel beneath the surface. Uncertain, it can push past boundaries or feed on intensity; matured, it respects others' edges and can hold grief and darkness with compassion. Depth work and honoring boundaries are the path. shadow: Suppressed it becomes obsession and distrust; unchecked, control and vengeance. voiceNeutral: true","This placement can describe how lilith tends to operate through depth, privacy, trust, emotional honesty, and intensity.","You may notice a recurring tendency to approach lilith through depth, especially when that part of life is activated.","It can help by giving lilith a recognizable style, instinct, or rhythm.",It can become difficult when letting the pattern run unconsciously.,The work is noticing when this tendency is helping you respond clearly and when it is becoming automatic.,"Describe tendencies, not fixed identity. Keep astrology traceable. Avoid prediction.",packages/astro-knowledge/data/points/placements/sign/lilith-scorpio.json
Sky + You,points/placements/sign,lilith-taurus,Natal Lilith in Taurus,"tldr: Lilith in Taurus: untamed sensuality and the body's appetites body: Lilith in Taurus: untamed sensuality and the body's appetites. Where you reclaim pleasure, worth, and wanting without shame. Watch: possessiveness and excess. Raw appetite and ownership: you refuse to be denied pleasure, money, or your own body. A deep, sensing bond with the physical and natural world; the instinct is rooted in the body and in what is genuinely yours. Misdirected it grasps at money or leans on others' resources; owned, it becomes a grounded, restorative presence. Time in nature and reconnecting with the body are the way back. shadow: Suppressed it becomes shame around desire; unchecked, possessiveness and excess. voiceNeutral: true","This placement can describe how lilith tends to operate through stability, patience, material reality, comfort, and consistency.","You may notice a recurring tendency to approach lilith through stability, especially when that part of life is activated.","It can help by giving lilith a recognizable style, instinct, or rhythm.",It can become difficult when letting the pattern run unconsciously.,The work is noticing when this tendency is helping you respond clearly and when it is becoming automatic.,"Describe tendencies, not fixed identity. Keep astrology traceable. Avoid prediction.",packages/astro-knowledge/data/points/placements/sign/lilith-taurus.json
Sky + You,points/placements/sign,lilith-virgo,Natal Lilith in Virgo,"tldr: Lilith in Virgo: the shamed body and the rebel against control body: Lilith in Virgo: the shamed body and the rebel against control. Where you reclaim the right to be imperfect and your own master. Watch: self-criticism turned to contempt. Refusal of imposed standards: you reject the demand to be tidy, useful, or perfect on command. An intuitive read on the link between mind and body; as a child you may have absorbed others' pain physically and learned to override your own signals. When those signals stay ignored, wellbeing suffers; the way back is gentle, embodied care, listening to the body and tending health rather than pushing through. shadow: Suppressed it turns into harsh self-criticism; unchecked, contempt for others' standards. voiceNeutral: true","This placement can describe how lilith tends to operate through discernment, repair, routine, useful detail, and refinement.","You may notice a recurring tendency to approach lilith through discernment, especially when that part of life is activated.","It can help by giving lilith a recognizable style, instinct, or rhythm.",It can become difficult when letting the pattern run unconsciously.,The work is noticing when this tendency is helping you respond clearly and when it is becoming automatic.,"Describe tendencies, not fixed identity. Keep astrology traceable. Avoid prediction.",packages/astro-knowledge/data/points/placements/sign/lilith-virgo.json
Sky + You,points/placements/sign,north-node-aquarius,Natal North in Node Aquarius,"tldr: North Node in aquarius: growth through community, future vision, shared systems, and principled difference. body: This nodal axis asks the person to develop community, future vision, shared systems, and principled difference. The South Node in leo shows the familiar route: needing to be special, dramatizing recognition, or centering the self in every room. The work is not to reject the South Node completely, but to stop letting it run automatically. The North Node becomes stronger through repeated, conscious choices to bring your gifts into a larger future. shadow: Under stress, the South Node in leo can pull the person back into needing to be special, dramatizing recognition, or centering the self in every room. voiceNeutral: true",This placement can describe how north tends to operate through Node Aquarius.,"You may notice a recurring tendency to approach north through Node Aquarius, especially when that part of life is activated.","It can help by giving north a recognizable style, instinct, or rhythm.",It can become difficult when letting the pattern run unconsciously.,The work is noticing when this tendency is helping you respond clearly and when it is becoming automatic.,"Describe tendencies, not fixed identity. Keep astrology traceable. Avoid prediction.",packages/astro-knowledge/data/points/placements/sign/north-node-aquarius.json
Sky + You,points/placements/sign,north-node-aries,Natal North in Node Aries,"tldr: North Node in aries: growth through self-direction, courage, and clean initiative. body: This nodal axis asks the person to develop self-direction, courage, and clean initiative. The South Node in libra shows the familiar route: people-pleasing, over-compromise, and waiting for consensus before acting. The work is not to reject the South Node completely, but to stop letting it run automatically. The North Node becomes stronger through repeated, conscious choices to lead before every room approves. shadow: Under stress, the South Node in libra can pull the person back into people-pleasing, over-compromise, and waiting for consensus before acting. voiceNeutral: true",This placement can describe how north tends to operate through Node Aries.,"You may notice a recurring tendency to approach north through Node Aries, especially when that part of life is activated.","It can help by giving north a recognizable style, instinct, or rhythm.",It can become difficult when letting the pattern run unconsciously.,The work is noticing when this tendency is helping you respond clearly and when it is becoming automatic.,"Describe tendencies, not fixed identity. Keep astrology traceable. Avoid prediction.",packages/astro-knowledge/data/points/placements/sign/north-node-aries.json
Sky + You,points/placements/sign,north-node-cancer,Natal North in Node Cancer,"tldr: North Node in cancer: growth through care, belonging, emotional honesty, and private safety. body: This nodal axis asks the person to develop care, belonging, emotional honesty, and private safety. The South Node in capricorn shows the familiar route: overachievement, emotional austerity, and proving worth through control. The work is not to reject the South Node completely, but to stop letting it run automatically. The North Node becomes stronger through repeated, conscious choices to build a life that can hold feeling. shadow: Under stress, the South Node in capricorn can pull the person back into overachievement, emotional austerity, and proving worth through control. voiceNeutral: true",This placement can describe how north tends to operate through Node Cancer.,"You may notice a recurring tendency to approach north through Node Cancer, especially when that part of life is activated.","It can help by giving north a recognizable style, instinct, or rhythm.",It can become difficult when letting the pattern run unconsciously.,The work is noticing when this tendency is helping you respond clearly and when it is becoming automatic.,"Describe tendencies, not fixed identity. Keep astrology traceable. Avoid prediction.",packages/astro-knowledge/data/points/placements/sign/north-node-cancer.json
Sky + You,points/placements/sign,north-node-capricorn,Natal North in Node Capricorn,"tldr: North Node in capricorn: growth through maturity, structure, public contribution, and self-respect. body: This nodal axis asks the person to develop maturity, structure, public contribution, and self-respect. The South Node in cancer shows the familiar route: retreating into dependency, mood, family scripts, or protection that keeps life small. The work is not to reject the South Node completely, but to stop letting it run automatically. The North Node becomes stronger through repeated, conscious choices to take responsibility without abandoning tenderness. shadow: Under stress, the South Node in cancer can pull the person back into retreating into dependency, mood, family scripts, or protection that keeps life small. voiceNeutral: true",This placement can describe how north tends to operate through Node Capricorn.,"You may notice a recurring tendency to approach north through Node Capricorn, especially when that part of life is activated.","It can help by giving north a recognizable style, instinct, or rhythm.",It can become difficult when letting the pattern run unconsciously.,The work is noticing when this tendency is helping you respond clearly and when it is becoming automatic.,"Describe tendencies, not fixed identity. Keep astrology traceable. Avoid prediction.",packages/astro-knowledge/data/points/placements/sign/north-node-capricorn.json
Sky + You,points/placements/sign,north-node-gemini,Natal North in Node Gemini,"tldr: North Node in gemini: growth through curiosity, listening, questions, and local truth. body: This nodal axis asks the person to develop curiosity, listening, questions, and local truth. The South Node in sagittarius shows the familiar route: certainty, preaching, overgeneralizing, and using belief to avoid details. The work is not to reject the South Node completely, but to stop letting it run automatically. The North Node becomes stronger through repeated, conscious choices to stay teachable even when you know a lot. shadow: Under stress, the South Node in sagittarius can pull the person back into certainty, preaching, overgeneralizing, and using belief to avoid details. voiceNeutral: true",This placement can describe how north tends to operate through Node Gemini.,"You may notice a recurring tendency to approach north through Node Gemini, especially when that part of life is activated.","It can help by giving north a recognizable style, instinct, or rhythm.",It can become difficult when letting the pattern run unconsciously.,The work is noticing when this tendency is helping you respond clearly and when it is becoming automatic.,"Describe tendencies, not fixed identity. Keep astrology traceable. Avoid prediction.",packages/astro-knowledge/data/points/placements/sign/north-node-gemini.json
Sky + You,points/placements/sign,north-node-leo,Natal North in Node Leo,"tldr: North Node in leo: growth through visibility, creative courage, and personal warmth. body: This nodal axis asks the person to develop visibility, creative courage, and personal warmth. The South Node in aquarius shows the familiar route: detachment, hiding in the group, and making distance look enlightened. The work is not to reject the South Node completely, but to stop letting it run automatically. The North Node becomes stronger through repeated, conscious choices to let yourself be seen without making applause the goal. shadow: Under stress, the South Node in aquarius can pull the person back into detachment, hiding in the group, and making distance look enlightened. voiceNeutral: true",This placement can describe how north tends to operate through Node Leo.,"You may notice a recurring tendency to approach north through Node Leo, especially when that part of life is activated.","It can help by giving north a recognizable style, instinct, or rhythm.",It can become difficult when letting the pattern run unconsciously.,The work is noticing when this tendency is helping you respond clearly and when it is becoming automatic.,"Describe tendencies, not fixed identity. Keep astrology traceable. Avoid prediction.",packages/astro-knowledge/data/points/placements/sign/north-node-leo.json
Sky + You,points/placements/sign,north-node-libra,Natal North in Node Libra,"tldr: North Node in libra: growth through relationship skill, fairness, reciprocity, and chosen partnership. body: This nodal axis asks the person to develop relationship skill, fairness, reciprocity, and chosen partnership. The South Node in aries shows the familiar route: reactivity, isolation, unilateral action, and mistaking conflict for freedom. The work is not to reject the South Node completely, but to stop letting it run automatically. The North Node becomes stronger through repeated, conscious choices to let connection refine your choices. shadow: Under stress, the South Node in aries can pull the person back into reactivity, isolation, unilateral action, and mistaking conflict for freedom. voiceNeutral: true",This placement can describe how north tends to operate through Node Libra.,"You may notice a recurring tendency to approach north through Node Libra, especially when that part of life is activated.","It can help by giving north a recognizable style, instinct, or rhythm.",It can become difficult when letting the pattern run unconsciously.,The work is noticing when this tendency is helping you respond clearly and when it is becoming automatic.,"Describe tendencies, not fixed identity. Keep astrology traceable. Avoid prediction.",packages/astro-knowledge/data/points/placements/sign/north-node-libra.json
Sky + You,points/placements/sign,north-node-pisces,Natal North in Node Pisces,"tldr: North Node in pisces: growth through surrender, compassion, imagination, and spiritual trust. body: This nodal axis asks the person to develop surrender, compassion, imagination, and spiritual trust. The South Node in virgo shows the familiar route: perfectionism, analysis, control, and trying to earn rest through flawless usefulness. The work is not to reject the South Node completely, but to stop letting it run automatically. The North Node becomes stronger through repeated, conscious choices to trust the current without giving up discernment. shadow: Under stress, the South Node in virgo can pull the person back into perfectionism, analysis, control, and trying to earn rest through flawless usefulness. voiceNeutral: true",This placement can describe how north tends to operate through Node Pisces.,"You may notice a recurring tendency to approach north through Node Pisces, especially when that part of life is activated.","It can help by giving north a recognizable style, instinct, or rhythm.",It can become difficult when letting the pattern run unconsciously.,The work is noticing when this tendency is helping you respond clearly and when it is becoming automatic.,"Describe tendencies, not fixed identity. Keep astrology traceable. Avoid prediction.",packages/astro-knowledge/data/points/placements/sign/north-node-pisces.json
Sky + You,points/placements/sign,north-node-sagittarius,Natal North in Node Sagittarius,"tldr: North Node in sagittarius: growth through wisdom, faith, lived philosophy, and the larger horizon. body: This nodal axis asks the person to develop wisdom, faith, lived philosophy, and the larger horizon. The South Node in gemini shows the familiar route: mental loops, scattering, and gathering facts to avoid committing to meaning. The work is not to reject the South Node completely, but to stop letting it run automatically. The North Node becomes stronger through repeated, conscious choices to let knowledge become direction. shadow: Under stress, the South Node in gemini can pull the person back into mental loops, scattering, and gathering facts to avoid committing to meaning. voiceNeutral: true",This placement can describe how north tends to operate through Node Sagittarius.,"You may notice a recurring tendency to approach north through Node Sagittarius, especially when that part of life is activated.","It can help by giving north a recognizable style, instinct, or rhythm.",It can become difficult when letting the pattern run unconsciously.,The work is noticing when this tendency is helping you respond clearly and when it is becoming automatic.,"Describe tendencies, not fixed identity. Keep astrology traceable. Avoid prediction.",packages/astro-knowledge/data/points/placements/sign/north-node-sagittarius.json
Sky + You,points/placements/sign,north-node-scorpio,Natal North in Node Scorpio,"tldr: North Node in scorpio: growth through depth, trust, shared power, and emotional courage. body: This nodal axis asks the person to develop depth, trust, shared power, and emotional courage. The South Node in taurus shows the familiar route: comfort, possession, stagnation, and staying because change feels expensive. The work is not to reject the South Node completely, but to stop letting it run automatically. The North Node becomes stronger through repeated, conscious choices to enter the truth instead of managing the surface. shadow: Under stress, the South Node in taurus can pull the person back into comfort, possession, stagnation, and staying because change feels expensive. voiceNeutral: true",This placement can describe how north tends to operate through Node Scorpio.,"You may notice a recurring tendency to approach north through Node Scorpio, especially when that part of life is activated.","It can help by giving north a recognizable style, instinct, or rhythm.",It can become difficult when letting the pattern run unconsciously.,The work is noticing when this tendency is helping you respond clearly and when it is becoming automatic.,"Describe tendencies, not fixed identity. Keep astrology traceable. Avoid prediction.",packages/astro-knowledge/data/points/placements/sign/north-node-scorpio.json
Sky + You,points/placements/sign,north-node-taurus,Natal North in Node Taurus,"tldr: North Node in taurus: growth through stability, embodiment, self-worth, and simple values. body: This nodal axis asks the person to develop stability, embodiment, self-worth, and simple values. The South Node in scorpio shows the familiar route: crisis bonding, intensity, control, and living through other people's resources or emergencies. The work is not to reject the South Node completely, but to stop letting it run automatically. The North Node becomes stronger through repeated, conscious choices to choose peace without mistaking it for passivity. shadow: Under stress, the South Node in scorpio can pull the person back into crisis bonding, intensity, control, and living through other people's resources or emergencies. voiceNeutral: true",This placement can describe how north tends to operate through Node Taurus.,"You may notice a recurring tendency to approach north through Node Taurus, especially when that part of life is activated.","It can help by giving north a recognizable style, instinct, or rhythm.",It can become difficult when letting the pattern run unconsciously.,The work is noticing when this tendency is helping you respond clearly and when it is becoming automatic.,"Describe tendencies, not fixed identity. Keep astrology traceable. Avoid prediction.",packages/astro-knowledge/data/points/placements/sign/north-node-taurus.json
Sky + You,points/placements/sign,north-node-virgo,Natal North in Node Virgo,"tldr: North Node in virgo: growth through discernment, craft, repair, and useful daily devotion. body: This nodal axis asks the person to develop discernment, craft, repair, and useful daily devotion. The South Node in pisces shows the familiar route: escape, vagueness, porous boundaries, and waiting for rescue or perfect flow. The work is not to reject the South Node completely, but to stop letting it run automatically. The North Node becomes stronger through repeated, conscious choices to make the sacred practical. shadow: Under stress, the South Node in pisces can pull the person back into escape, vagueness, porous boundaries, and waiting for rescue or perfect flow. voiceNeutral: true",This placement can describe how north tends to operate through Node Virgo.,"You may notice a recurring tendency to approach north through Node Virgo, especially when that part of life is activated.","It can help by giving north a recognizable style, instinct, or rhythm.",It can become difficult when letting the pattern run unconsciously.,The work is noticing when this tendency is helping you respond clearly and when it is becoming automatic.,"Describe tendencies, not fixed identity. Keep astrology traceable. Avoid prediction.",packages/astro-knowledge/data/points/placements/sign/north-node-virgo.json
Knowledge,points,south-node,south-node,voiceNeutral: true,This natal factor can describe a recurring pattern involving south.,"You may notice this pattern showing up repeatedly as a tendency, not a fixed identity.",It can help when it becomes conscious and chosen.,It can become difficult when letting the pattern run unconsciously.,The question is how this pattern can become something you work with instead of something you are defined by.,"Describe tendencies, not fixed identity. Keep astrology traceable. Avoid prediction.",packages/astro-knowledge/data/points/south-node.json
You,points/transits/house,chiron-house-1,chiron-house-1,"tldr: Chiron transiting the 1st house: a long healing chapter around identity, body, visibility, and the way life meets the person directly. body: Chiron moving through the 1st house can reopen old material around identity, body, visibility, and the way life meets the person directly. This is usually a long season, not a quick event, and it asks for patient work with the sore place rather than a rushed fix. The wound is bound to your identity and body; you may feel marked, awkward in your own skin, or 'too much / not enough' as a person. shadow: Defining yourself by the injury, or armoring up so no one sees it. voiceNeutral: true",This natal factor can describe a recurring pattern involving chiron.,"You may notice this pattern showing up repeatedly as a tendency, not a fixed identity.",It can help when it becomes conscious and chosen.,It can become difficult when letting the pattern run unconsciously.,The question is how this pattern can become something you work with instead of something you are defined by.,"Describe tendencies, not fixed identity. Keep astrology traceable. Avoid prediction.",packages/astro-knowledge/data/points/transits/house/chiron-house-1.json
You,points/transits/house,chiron-house-10,chiron-house-10,"tldr: Chiron transiting the 10th house: a long healing chapter around career, reputation, authority, public standing, and legacy. body: Chiron moving through the 10th house can reopen old material around career, reputation, authority, public standing, and legacy. This is usually a long season, not a quick event, and it asks for patient work with the sore place rather than a rushed fix. The wound is public, in career and standing; you may feel illegitimate or exposed in your role. shadow: Overbuilding status to cover the wound, or sabotaging your own visibility. voiceNeutral: true",This natal factor can describe a recurring pattern involving chiron.,"You may notice this pattern showing up repeatedly as a tendency, not a fixed identity.",It can help when it becomes conscious and chosen.,It can become difficult when letting the pattern run unconsciously.,The question is how this pattern can become something you work with instead of something you are defined by.,"Describe tendencies, not fixed identity. Keep astrology traceable. Avoid prediction.",packages/astro-knowledge/data/points/transits/house/chiron-house-10.json
You,points/transits/house,chiron-house-11,chiron-house-11,"tldr: Chiron transiting the 11th house: a long healing chapter around friendship, networks, community, hopes, and collective futures. body: Chiron moving through the 11th house can reopen old material around friendship, networks, community, hopes, and collective futures. This is usually a long season, not a quick event, and it asks for patient work with the sore place rather than a rushed fix. The wound is in groups and belonging; friendships, communities, or hopes have hurt. shadow: Withdrawing from community, or chasing a belonging that costs you. voiceNeutral: true",This natal factor can describe a recurring pattern involving chiron.,"You may notice this pattern showing up repeatedly as a tendency, not a fixed identity.",It can help when it becomes conscious and chosen.,It can become difficult when letting the pattern run unconsciously.,The question is how this pattern can become something you work with instead of something you are defined by.,"Describe tendencies, not fixed identity. Keep astrology traceable. Avoid prediction.",packages/astro-knowledge/data/points/transits/house/chiron-house-11.json
You,points/transits/house,chiron-house-12,chiron-house-12,"tldr: Chiron transiting the 12th house: a long healing chapter around solitude, rest, hidden patterns, endings, dreams, and spiritual retreat. body: Chiron moving through the 12th house can reopen old material around solitude, rest, hidden patterns, endings, dreams, and spiritual retreat. This is usually a long season, not a quick event, and it asks for patient work with the sore place rather than a rushed fix. The wound is hidden, even from you; it lives in the unconscious, in solitude, in what you cannot name. shadow: Letting the wound run things from the dark until you bring it to light. voiceNeutral: true",This natal factor can describe a recurring pattern involving chiron.,"You may notice this pattern showing up repeatedly as a tendency, not a fixed identity.",It can help when it becomes conscious and chosen.,It can become difficult when letting the pattern run unconsciously.,The question is how this pattern can become something you work with instead of something you are defined by.,"Describe tendencies, not fixed identity. Keep astrology traceable. Avoid prediction.",packages/astro-knowledge/data/points/transits/house/chiron-house-12.json
You,points/transits/house,chiron-house-2,chiron-house-2,"tldr: Chiron transiting the 2nd house: a long healing chapter around money, resources, values, and self-worth. body: Chiron moving through the 2nd house can reopen old material around money, resources, values, and self-worth. This is usually a long season, not a quick event, and it asks for patient work with the sore place rather than a rushed fix. The wound lives in self-worth and resources; you may chase or distrust money and struggle to feel you deserve. shadow: Equating your worth with what you have, in either direction. voiceNeutral: true",This natal factor can describe a recurring pattern involving chiron.,"You may notice this pattern showing up repeatedly as a tendency, not a fixed identity.",It can help when it becomes conscious and chosen.,It can become difficult when letting the pattern run unconsciously.,The question is how this pattern can become something you work with instead of something you are defined by.,"Describe tendencies, not fixed identity. Keep astrology traceable. Avoid prediction.",packages/astro-knowledge/data/points/transits/house/chiron-house-2.json
You,points/transits/house,chiron-house-3,chiron-house-3,"tldr: Chiron transiting the 3rd house: a long healing chapter around voice, thought, siblings, neighbors, learning, and daily communication. body: Chiron moving through the 3rd house can reopen old material around voice, thought, siblings, neighbors, learning, and daily communication. This is usually a long season, not a quick event, and it asks for patient work with the sore place rather than a rushed fix. The wound is in voice, learning, and the everyday mind; school, siblings, or early speech may be the sore spot. shadow: Talking around the wound, or quietly doubting your own intelligence. voiceNeutral: true",This natal factor can describe a recurring pattern involving chiron.,"You may notice this pattern showing up repeatedly as a tendency, not a fixed identity.",It can help when it becomes conscious and chosen.,It can become difficult when letting the pattern run unconsciously.,The question is how this pattern can become something you work with instead of something you are defined by.,"Describe tendencies, not fixed identity. Keep astrology traceable. Avoid prediction.",packages/astro-knowledge/data/points/transits/house/chiron-house-3.json
You,points/transits/house,chiron-house-4,chiron-house-4,"tldr: Chiron transiting the 4th house: a long healing chapter around home, family, roots, privacy, and emotional foundations. body: Chiron moving through the 4th house can reopen old material around home, family, roots, privacy, and emotional foundations. This is usually a long season, not a quick event, and it asks for patient work with the sore place rather than a rushed fix. The wound is in home and family; the early foundation was unstable, and 'home' never felt safe. shadow: Recreating the old instability, or never letting anyone near the core. voiceNeutral: true",This natal factor can describe a recurring pattern involving chiron.,"You may notice this pattern showing up repeatedly as a tendency, not a fixed identity.",It can help when it becomes conscious and chosen.,It can become difficult when letting the pattern run unconsciously.,The question is how this pattern can become something you work with instead of something you are defined by.,"Describe tendencies, not fixed identity. Keep astrology traceable. Avoid prediction.",packages/astro-knowledge/data/points/transits/house/chiron-house-4.json
You,points/transits/house,chiron-house-5,chiron-house-5,"tldr: Chiron transiting the 5th house: a long healing chapter around creativity, pleasure, romance, children, and visible joy. body: Chiron moving through the 5th house can reopen old material around creativity, pleasure, romance, children, and visible joy. This is usually a long season, not a quick event, and it asks for patient work with the sore place rather than a rushed fix. The wound is in creativity, romance, and play; a fear that what you make or who you love is not enough. shadow: Withholding your creative or romantic self to avoid judgment. voiceNeutral: true",This natal factor can describe a recurring pattern involving chiron.,"You may notice this pattern showing up repeatedly as a tendency, not a fixed identity.",It can help when it becomes conscious and chosen.,It can become difficult when letting the pattern run unconsciously.,The question is how this pattern can become something you work with instead of something you are defined by.,"Describe tendencies, not fixed identity. Keep astrology traceable. Avoid prediction.",packages/astro-knowledge/data/points/transits/house/chiron-house-5.json
You,points/transits/house,chiron-house-6,chiron-house-6,"tldr: Chiron transiting the 6th house: a long healing chapter around work, routine, health, service, and daily maintenance. body: Chiron moving through the 6th house can reopen old material around work, routine, health, service, and daily maintenance. This is usually a long season, not a quick event, and it asks for patient work with the sore place rather than a rushed fix. The wound is in work, routine, and health, often showing through the body or a sense of daily inadequacy. shadow: Overworking the body, or letting health stand in for the deeper wound. voiceNeutral: true",This natal factor can describe a recurring pattern involving chiron.,"You may notice this pattern showing up repeatedly as a tendency, not a fixed identity.",It can help when it becomes conscious and chosen.,It can become difficult when letting the pattern run unconsciously.,The question is how this pattern can become something you work with instead of something you are defined by.,"Describe tendencies, not fixed identity. Keep astrology traceable. Avoid prediction.",packages/astro-knowledge/data/points/transits/house/chiron-house-6.json
You,points/transits/house,chiron-house-7,chiron-house-7,"tldr: Chiron transiting the 7th house: a long healing chapter around partners, clients, agreements, and one-to-one dynamics. body: Chiron moving through the 7th house can reopen old material around partners, clients, agreements, and one-to-one dynamics. This is usually a long season, not a quick event, and it asks for patient work with the sore place rather than a rushed fix. The wound surfaces through partners; you draw wounded or wounding others, and relationship is where it shows. shadow: Healing partners instead of yourself, or expecting them to fix the wound. voiceNeutral: true",This natal factor can describe a recurring pattern involving chiron.,"You may notice this pattern showing up repeatedly as a tendency, not a fixed identity.",It can help when it becomes conscious and chosen.,It can become difficult when letting the pattern run unconsciously.,The question is how this pattern can become something you work with instead of something you are defined by.,"Describe tendencies, not fixed identity. Keep astrology traceable. Avoid prediction.",packages/astro-knowledge/data/points/transits/house/chiron-house-7.json
You,points/transits/house,chiron-house-8,chiron-house-8,"tldr: Chiron transiting the 8th house: a long healing chapter around intimacy, shared resources, debt, grief, secrecy, and deep trust. body: Chiron moving through the 8th house can reopen old material around intimacy, shared resources, debt, grief, secrecy, and deep trust. This is usually a long season, not a quick event, and it asks for patient work with the sore place rather than a rushed fix. The wound is in intimacy, trust, and shared resources; loss, debt, or betrayal cut deep here. shadow: Guarding everything, or merging too completely to feel safe. voiceNeutral: true",This natal factor can describe a recurring pattern involving chiron.,"You may notice this pattern showing up repeatedly as a tendency, not a fixed identity.",It can help when it becomes conscious and chosen.,It can become difficult when letting the pattern run unconsciously.,The question is how this pattern can become something you work with instead of something you are defined by.,"Describe tendencies, not fixed identity. Keep astrology traceable. Avoid prediction.",packages/astro-knowledge/data/points/transits/house/chiron-house-8.json
You,points/transits/house,chiron-house-9,chiron-house-9,"tldr: Chiron transiting the 9th house: a long healing chapter around belief, study, travel, law, publishing, and spiritual perspective. body: Chiron moving through the 9th house can reopen old material around belief, study, travel, law, publishing, and spiritual perspective. This is usually a long season, not a quick event, and it asks for patient work with the sore place rather than a rushed fix. The wound is in belief and meaning; a faith, education, or worldview that failed you. shadow: Preaching a borrowed certainty, or refusing to believe in anything. voiceNeutral: true",This natal factor can describe a recurring pattern involving chiron.,"You may notice this pattern showing up repeatedly as a tendency, not a fixed identity.",It can help when it becomes conscious and chosen.,It can become difficult when letting the pattern run unconsciously.,The question is how this pattern can become something you work with instead of something you are defined by.,"Describe tendencies, not fixed identity. Keep astrology traceable. Avoid prediction.",packages/astro-knowledge/data/points/transits/house/chiron-house-9.json
You,points/transits/house,lilith-house-1,lilith-house-1,"tldr: Black Moon Lilith transiting the 1st house: autonomy and the disowned self activate through identity, body, visibility, and the way life meets the person directly. body: Black Moon Lilith moving through the 1st house can activate the disowned, uncompromising self through identity, body, visibility, and the way life meets the person directly. For roughly nine months, this transit may expose where shame, control, compliance, or refusal has gathered in this part of life. You are uncompromising about who you are; you refuse to be told how to be, and it shows on sight. Strongly colors the whole personality; intense drives that often sit hidden in the unconscious. The work is to understand and own the energy rather than be unconsciously run by it. shadow: A confrontational identity, or hiding the raw self behind a guarded front. voiceNeutral: true",This natal factor can describe a recurring pattern involving lilith.,"You may notice this pattern showing up repeatedly as a tendency, not a fixed identity.",It can help when it becomes conscious and chosen.,It can become difficult when letting the pattern run unconsciously.,The question is how this pattern can become something you work with instead of something you are defined by.,"Describe tendencies, not fixed identity. Keep astrology traceable. Avoid prediction.",packages/astro-knowledge/data/points/transits/house/lilith-house-1.json
You,points/transits/house,lilith-house-10,lilith-house-10,"tldr: Black Moon Lilith transiting the 10th house: autonomy and the disowned self activate through career, reputation, authority, public standing, and legacy. body: Black Moon Lilith moving through the 10th house can activate the disowned, uncompromising self through career, reputation, authority, public standing, and legacy. For roughly nine months, this transit may expose where shame, control, compliance, or refusal has gathered in this part of life. You refuse to be controlled in public life; raw ambition that will not play the expected role. Needs unconventional, self-directed work and resists rigid authority; may go marginal or self-employed. Originality is an asset in creative fields, a liability in rigid ones. shadow: Self-sabotage of reputation, or a combative public face. voiceNeutral: true",This natal factor can describe a recurring pattern involving lilith.,"You may notice this pattern showing up repeatedly as a tendency, not a fixed identity.",It can help when it becomes conscious and chosen.,It can become difficult when letting the pattern run unconsciously.,The question is how this pattern can become something you work with instead of something you are defined by.,"Describe tendencies, not fixed identity. Keep astrology traceable. Avoid prediction.",packages/astro-knowledge/data/points/transits/house/lilith-house-10.json
You,points/transits/house,lilith-house-11,lilith-house-11,"tldr: Black Moon Lilith transiting the 11th house: autonomy and the disowned self activate through friendship, networks, community, hopes, and collective futures. body: Black Moon Lilith moving through the 11th house can activate the disowned, uncompromising self through friendship, networks, community, hopes, and collective futures. For roughly nine months, this transit may expose where shame, control, compliance, or refusal has gathered in this part of life. You refuse to belong to the group on its terms; raw nonconformity in community and friendship. Idealistic and highly selective about friends and groups; risks over-demanding others and feeling betrayed. Wants to make a unique contribution, but needs realism so perfectionism doesn't deliver nothing. shadow: Alienation from groups, or burning bridges with allies. voiceNeutral: true",This natal factor can describe a recurring pattern involving lilith.,"You may notice this pattern showing up repeatedly as a tendency, not a fixed identity.",It can help when it becomes conscious and chosen.,It can become difficult when letting the pattern run unconsciously.,The question is how this pattern can become something you work with instead of something you are defined by.,"Describe tendencies, not fixed identity. Keep astrology traceable. Avoid prediction.",packages/astro-knowledge/data/points/transits/house/lilith-house-11.json
You,points/transits/house,lilith-house-12,lilith-house-12,"tldr: Black Moon Lilith transiting the 12th house: autonomy and the disowned self activate through solitude, rest, hidden patterns, endings, dreams, and spiritual retreat. body: Black Moon Lilith moving through the 12th house can activate the disowned, uncompromising self through solitude, rest, hidden patterns, endings, dreams, and spiritual retreat. For roughly nine months, this transit may expose where shame, control, compliance, or refusal has gathered in this part of life. The disowned self is buried in the unconscious; raw instinct you may not see, surfacing in private. The disowned self buried in the unconscious: at once a wound and a gateway. Unexamined it blocks expression; explored, it becomes a source of intuitive depth. shadow: Self-sabotage from the dark, or repression that leaks out sideways. voiceNeutral: true",This natal factor can describe a recurring pattern involving lilith.,"You may notice this pattern showing up repeatedly as a tendency, not a fixed identity.",It can help when it becomes conscious and chosen.,It can become difficult when letting the pattern run unconsciously.,The question is how this pattern can become something you work with instead of something you are defined by.,"Describe tendencies, not fixed identity. Keep astrology traceable. Avoid prediction.",packages/astro-knowledge/data/points/transits/house/lilith-house-12.json
You,points/transits/house,lilith-house-2,lilith-house-2,"tldr: Black Moon Lilith transiting the 2nd house: autonomy and the disowned self activate through money, resources, values, and self-worth. body: Black Moon Lilith moving through the 2nd house can activate the disowned, uncompromising self through money, resources, values, and self-worth. For roughly nine months, this transit may expose where shame, control, compliance, or refusal has gathered in this part of life. You refuse to be controlled through money or made to feel undeserving; raw drive around resources and worth. A conflicted relationship with money: rejecting it as a symbol of control while secretly wanting it intensely, plus a fear of loss. Can unconsciously create scarcity until the conflict is faced. shadow: Money as a battleground, or shame and self-denial around having. voiceNeutral: true",This natal factor can describe a recurring pattern involving lilith.,"You may notice this pattern showing up repeatedly as a tendency, not a fixed identity.",It can help when it becomes conscious and chosen.,It can become difficult when letting the pattern run unconsciously.,The question is how this pattern can become something you work with instead of something you are defined by.,"Describe tendencies, not fixed identity. Keep astrology traceable. Avoid prediction.",packages/astro-knowledge/data/points/transits/house/lilith-house-2.json
You,points/transits/house,lilith-house-3,lilith-house-3,"tldr: Black Moon Lilith transiting the 3rd house: autonomy and the disowned self activate through voice, thought, siblings, neighbors, learning, and daily communication. body: Black Moon Lilith moving through the 3rd house can activate the disowned, uncompromising self through voice, thought, siblings, neighbors, learning, and daily communication. For roughly nine months, this transit may expose where shame, control, compliance, or refusal has gathered in this part of life. You refuse to be silenced; your voice and daily thinking will not be policed. Buried intensity finds an outlet in writing and communication; thinking runs deep and unconventional. Putting the undercurrent into words is part of the reclamation. The source also links this placement to a significant early event or focus involving a sibling, which can leave a lasting imprint and calls for honest self-exploration. shadow: A sharp, alienating tongue, or swallowed words that turn bitter. voiceNeutral: true",This natal factor can describe a recurring pattern involving lilith.,"You may notice this pattern showing up repeatedly as a tendency, not a fixed identity.",It can help when it becomes conscious and chosen.,It can become difficult when letting the pattern run unconsciously.,The question is how this pattern can become something you work with instead of something you are defined by.,"Describe tendencies, not fixed identity. Keep astrology traceable. Avoid prediction.",packages/astro-knowledge/data/points/transits/house/lilith-house-3.json
You,points/transits/house,lilith-house-4,lilith-house-4,"tldr: Black Moon Lilith transiting the 4th house: autonomy and the disowned self activate through home, family, roots, privacy, and emotional foundations. body: Black Moon Lilith moving through the 4th house can activate the disowned, uncompromising self through home, family, roots, privacy, and emotional foundations. For roughly nine months, this transit may expose where shame, control, compliance, or refusal has gathered in this part of life. The ungovernable self lives at home and in family; you refuse the roles you were assigned there. A deep wound around home and family: a restlessness that never quite feels at home and an urge to cut roots, paired with sharp perception of other people's hidden motives. It can also mark a significant early event or focus involving a parent or the family home, carried forward as a heavy, formative weight. shadow: Family rupture, or a home life ruled by old repression. voiceNeutral: true",This natal factor can describe a recurring pattern involving lilith.,"You may notice this pattern showing up repeatedly as a tendency, not a fixed identity.",It can help when it becomes conscious and chosen.,It can become difficult when letting the pattern run unconsciously.,The question is how this pattern can become something you work with instead of something you are defined by.,"Describe tendencies, not fixed identity. Keep astrology traceable. Avoid prediction.",packages/astro-knowledge/data/points/transits/house/lilith-house-4.json
You,points/transits/house,lilith-house-5,lilith-house-5,"tldr: Black Moon Lilith transiting the 5th house: autonomy and the disowned self activate through creativity, pleasure, romance, children, and visible joy. body: Black Moon Lilith moving through the 5th house can activate the disowned, uncompromising self through creativity, pleasure, romance, children, and visible joy. For roughly nine months, this transit may expose where shame, control, compliance, or refusal has gathered in this part of life. You refuse to perform desire or creativity for approval; raw self-expression and appetite. Strong ambivalence about creativity and children, fierce desire set against fear, and a perfectionism that can paralyze. Freed, it pours out original, non-conforming work. shadow: Drama and risk in love and play, or creativity locked away by shame. voiceNeutral: true",This natal factor can describe a recurring pattern involving lilith.,"You may notice this pattern showing up repeatedly as a tendency, not a fixed identity.",It can help when it becomes conscious and chosen.,It can become difficult when letting the pattern run unconsciously.,The question is how this pattern can become something you work with instead of something you are defined by.,"Describe tendencies, not fixed identity. Keep astrology traceable. Avoid prediction.",packages/astro-knowledge/data/points/transits/house/lilith-house-5.json
You,points/transits/house,lilith-house-6,lilith-house-6,"tldr: Black Moon Lilith transiting the 6th house: autonomy and the disowned self activate through work, routine, health, service, and daily maintenance. body: Black Moon Lilith moving through the 6th house can activate the disowned, uncompromising self through work, routine, health, service, and daily maintenance. For roughly nine months, this transit may expose where shame, control, compliance, or refusal has gathered in this part of life. You refuse to be a compliant worker or to ignore your body; raw instinct around labor and health. Resists being managed and is drawn to unconventional or independent work; clashes with bosses are common. Health here can mirror deeper emotional pressure, so treat the whole person, not just symptoms. shadow: Defiant burnout, or repression that surfaces as illness. voiceNeutral: true",This natal factor can describe a recurring pattern involving lilith.,"You may notice this pattern showing up repeatedly as a tendency, not a fixed identity.",It can help when it becomes conscious and chosen.,It can become difficult when letting the pattern run unconsciously.,The question is how this pattern can become something you work with instead of something you are defined by.,"Describe tendencies, not fixed identity. Keep astrology traceable. Avoid prediction.",packages/astro-knowledge/data/points/transits/house/lilith-house-6.json
You,points/transits/house,lilith-house-7,lilith-house-7,"tldr: Black Moon Lilith transiting the 7th house: autonomy and the disowned self activate through partners, clients, agreements, and one-to-one dynamics. body: Black Moon Lilith moving through the 7th house can activate the disowned, uncompromising self through partners, clients, agreements, and one-to-one dynamics. For roughly nine months, this transit may expose where shame, control, compliance, or refusal has gathered in this part of life. You refuse to disappear inside a partnership; relationship is where the disowned self gets triggered and reclaimed. Idealized expectations projected onto partners, with disappointment when they prove human. Attracts independent, rebellious partners, and relationship crises tend to be the catalyst for real healing. shadow: Power struggles, or attracting the controlling dynamic you fear. voiceNeutral: true",This natal factor can describe a recurring pattern involving lilith.,"You may notice this pattern showing up repeatedly as a tendency, not a fixed identity.",It can help when it becomes conscious and chosen.,It can become difficult when letting the pattern run unconsciously.,The question is how this pattern can become something you work with instead of something you are defined by.,"Describe tendencies, not fixed identity. Keep astrology traceable. Avoid prediction.",packages/astro-knowledge/data/points/transits/house/lilith-house-7.json
You,points/transits/house,lilith-house-8,lilith-house-8,"tldr: Black Moon Lilith transiting the 8th house: autonomy and the disowned self activate through intimacy, shared resources, debt, grief, secrecy, and deep trust. body: Black Moon Lilith moving through the 8th house can activate the disowned, uncompromising self through intimacy, shared resources, debt, grief, secrecy, and deep trust. For roughly nine months, this transit may expose where shame, control, compliance, or refusal has gathered in this part of life. Raw power in intimacy, trust, and shared resources; you refuse to be controlled in the deepest places. An all-or-nothing charge around intimacy and shared resources: either powerfully alive or shut down and refused. Strong affinity for the hidden and the taboo. shadow: Control, obsession, or repeating the betrayal wound. voiceNeutral: true",This natal factor can describe a recurring pattern involving lilith.,"You may notice this pattern showing up repeatedly as a tendency, not a fixed identity.",It can help when it becomes conscious and chosen.,It can become difficult when letting the pattern run unconsciously.,The question is how this pattern can become something you work with instead of something you are defined by.,"Describe tendencies, not fixed identity. Keep astrology traceable. Avoid prediction.",packages/astro-knowledge/data/points/transits/house/lilith-house-8.json
You,points/transits/house,lilith-house-9,lilith-house-9,"tldr: Black Moon Lilith transiting the 9th house: autonomy and the disowned self activate through belief, study, travel, law, publishing, and spiritual perspective. body: Black Moon Lilith moving through the 9th house can activate the disowned, uncompromising self through belief, study, travel, law, publishing, and spiritual perspective. For roughly nine months, this transit may expose where shame, control, compliance, or refusal has gathered in this part of life. You refuse imposed belief; raw truth-seeking that will not accept a borrowed worldview. Rejects imposed belief and conventional study in favor of instinctive knowing. Periodic, sweeping rethinks of worldview and values are part of the pattern. shadow: Zealotry, or rejecting all meaning to stay free. voiceNeutral: true",This natal factor can describe a recurring pattern involving lilith.,"You may notice this pattern showing up repeatedly as a tendency, not a fixed identity.",It can help when it becomes conscious and chosen.,It can become difficult when letting the pattern run unconsciously.,The question is how this pattern can become something you work with instead of something you are defined by.,"Describe tendencies, not fixed identity. Keep astrology traceable. Avoid prediction.",packages/astro-knowledge/data/points/transits/house/lilith-house-9.json
