contact,transiting,natal,aspect,exact_key,package_status,you_words,friend_words,exact_review_status,shared_key,shared_has_you,shared_review_status
Sun return,sun,sun,conjunction (return),authored/transit-return/sun,empty_exact,0,0,,,,
Sun opposition your Sun,sun,sun,opposition,authored/transit-aspect/sun/sun/opposition,empty_exact,0,0,,authored/transit-aspect/sun/sun/hard,yes,approved
Sun square your Sun,sun,sun,square,authored/transit-aspect/sun/sun/square,empty_exact,0,0,,authored/transit-aspect/sun/sun/hard,yes,approved
Sun trine your Sun,sun,sun,trine,authored/transit-aspect/sun/sun/trine,empty_exact,0,0,,authored/transit-aspect/sun/sun/soft,yes,approved
Sun sextile your Sun,sun,sun,sextile,authored/transit-aspect/sun/sun/sextile,empty_exact,0,0,,authored/transit-aspect/sun/sun/soft,yes,approved
Sun conjunction your Moon,sun,moon,conjunction,authored/transit-aspect/sun/moon/conjunction,empty_exact,0,0,,authored/transit-aspect/sun/moon/hard,yes,approved
Sun opposition your Moon,sun,moon,opposition,authored/transit-aspect/sun/moon/opposition,empty_exact,0,0,,authored/transit-aspect/sun/moon/hard,yes,approved
Sun square your Moon,sun,moon,square,authored/transit-aspect/sun/moon/square,empty_exact,0,0,,authored/transit-aspect/sun/moon/hard,yes,approved
Sun trine your Moon,sun,moon,trine,authored/transit-aspect/sun/moon/trine,empty_exact,0,0,,authored/transit-aspect/sun/moon/soft,yes,approved
Sun sextile your Moon,sun,moon,sextile,authored/transit-aspect/sun/moon/sextile,empty_exact,0,0,,authored/transit-aspect/sun/moon/soft,yes,approved
Sun conjunction your Mercury,sun,mercury,conjunction,authored/transit-aspect/sun/mercury/conjunction,empty_exact,0,0,,authored/transit-aspect/sun/mercury/hard,yes,approved
Sun opposition your Mercury,sun,mercury,opposition,authored/transit-aspect/sun/mercury/opposition,empty_exact,0,0,,authored/transit-aspect/sun/mercury/hard,yes,approved
Sun square your Mercury,sun,mercury,square,authored/transit-aspect/sun/mercury/square,empty_exact,0,0,,authored/transit-aspect/sun/mercury/hard,yes,approved
Sun trine your Mercury,sun,mercury,trine,authored/transit-aspect/sun/mercury/trine,empty_exact,0,0,,authored/transit-aspect/sun/mercury/soft,yes,approved
Sun sextile your Mercury,sun,mercury,sextile,authored/transit-aspect/sun/mercury/sextile,empty_exact,0,0,,authored/transit-aspect/sun/mercury/soft,yes,approved
Sun conjunction your Venus,sun,venus,conjunction,authored/transit-aspect/sun/venus/conjunction,empty_exact,0,0,,authored/transit-aspect/sun/venus/hard,yes,approved
Sun opposition your Venus,sun,venus,opposition,authored/transit-aspect/sun/venus/opposition,empty_exact,0,0,,authored/transit-aspect/sun/venus/hard,yes,approved
Sun square your Venus,sun,venus,square,authored/transit-aspect/sun/venus/square,empty_exact,0,0,,authored/transit-aspect/sun/venus/hard,yes,approved
Sun trine your Venus,sun,venus,trine,authored/transit-aspect/sun/venus/trine,empty_exact,0,0,,authored/transit-aspect/sun/venus/soft,yes,approved
Sun sextile your Venus,sun,venus,sextile,authored/transit-aspect/sun/venus/sextile,empty_exact,0,0,,authored/transit-aspect/sun/venus/soft,yes,approved
Sun conjunction your Mars,sun,mars,conjunction,authored/transit-aspect/sun/mars/conjunction,empty_exact,0,0,,authored/transit-aspect/sun/mars/hard,yes,approved
Sun opposition your Mars,sun,mars,opposition,authored/transit-aspect/sun/mars/opposition,empty_exact,0,0,,authored/transit-aspect/sun/mars/hard,yes,approved
Sun square your Mars,sun,mars,square,authored/transit-aspect/sun/mars/square,empty_exact,0,0,,authored/transit-aspect/sun/mars/hard,yes,approved
Sun trine your Mars,sun,mars,trine,authored/transit-aspect/sun/mars/trine,empty_exact,0,0,,authored/transit-aspect/sun/mars/soft,yes,approved
Sun sextile your Mars,sun,mars,sextile,authored/transit-aspect/sun/mars/sextile,empty_exact,0,0,,authored/transit-aspect/sun/mars/soft,yes,approved
Sun conjunction your Jupiter,sun,jupiter,conjunction,authored/transit-aspect/sun/jupiter/conjunction,empty_exact,0,0,,authored/transit-aspect/sun/jupiter/hard,yes,approved
Sun opposition your Jupiter,sun,jupiter,opposition,authored/transit-aspect/sun/jupiter/opposition,empty_exact,0,0,,authored/transit-aspect/sun/jupiter/hard,yes,approved
Sun square your Jupiter,sun,jupiter,square,authored/transit-aspect/sun/jupiter/square,empty_exact,0,0,,authored/transit-aspect/sun/jupiter/hard,yes,approved
Sun trine your Jupiter,sun,jupiter,trine,authored/transit-aspect/sun/jupiter/trine,empty_exact,0,0,,authored/transit-aspect/sun/jupiter/soft,yes,approved
Sun sextile your Jupiter,sun,jupiter,sextile,authored/transit-aspect/sun/jupiter/sextile,empty_exact,0,0,,authored/transit-aspect/sun/jupiter/soft,yes,approved
Sun conjunction your Saturn,sun,saturn,conjunction,authored/transit-aspect/sun/saturn/conjunction,empty_exact,0,0,,authored/transit-aspect/sun/saturn/hard,yes,approved
Sun opposition your Saturn,sun,saturn,opposition,authored/transit-aspect/sun/saturn/opposition,empty_exact,0,0,,authored/transit-aspect/sun/saturn/hard,yes,approved
Sun square your Saturn,sun,saturn,square,authored/transit-aspect/sun/saturn/square,empty_exact,0,0,,authored/transit-aspect/sun/saturn/hard,yes,approved
Sun trine your Saturn,sun,saturn,trine,authored/transit-aspect/sun/saturn/trine,empty_exact,0,0,,authored/transit-aspect/sun/saturn/soft,yes,approved
Sun sextile your Saturn,sun,saturn,sextile,authored/transit-aspect/sun/saturn/sextile,empty_exact,0,0,,authored/transit-aspect/sun/saturn/soft,yes,approved
Sun conjunction your Uranus,sun,uranus,conjunction,authored/transit-aspect/sun/uranus/conjunction,empty_exact,0,0,,authored/transit-aspect/sun/uranus/hard,yes,approved
Sun opposition your Uranus,sun,uranus,opposition,authored/transit-aspect/sun/uranus/opposition,empty_exact,0,0,,authored/transit-aspect/sun/uranus/hard,yes,approved
Sun square your Uranus,sun,uranus,square,authored/transit-aspect/sun/uranus/square,empty_exact,0,0,,authored/transit-aspect/sun/uranus/hard,yes,approved
Sun trine your Uranus,sun,uranus,trine,authored/transit-aspect/sun/uranus/trine,empty_exact,0,0,,authored/transit-aspect/sun/uranus/soft,yes,approved
Sun sextile your Uranus,sun,uranus,sextile,authored/transit-aspect/sun/uranus/sextile,empty_exact,0,0,,authored/transit-aspect/sun/uranus/soft,yes,approved
Sun conjunction your Neptune,sun,neptune,conjunction,authored/transit-aspect/sun/neptune/conjunction,empty_exact,0,0,,authored/transit-aspect/sun/neptune/hard,yes,approved
Sun opposition your Neptune,sun,neptune,opposition,authored/transit-aspect/sun/neptune/opposition,empty_exact,0,0,,authored/transit-aspect/sun/neptune/hard,yes,approved
Sun square your Neptune,sun,neptune,square,authored/transit-aspect/sun/neptune/square,empty_exact,0,0,,authored/transit-aspect/sun/neptune/hard,yes,approved
Sun trine your Neptune,sun,neptune,trine,authored/transit-aspect/sun/neptune/trine,empty_exact,0,0,,authored/transit-aspect/sun/neptune/soft,yes,approved
Sun sextile your Neptune,sun,neptune,sextile,authored/transit-aspect/sun/neptune/sextile,empty_exact,0,0,,authored/transit-aspect/sun/neptune/soft,yes,approved
Sun conjunction your Pluto,sun,pluto,conjunction,authored/transit-aspect/sun/pluto/conjunction,empty_exact,0,0,,authored/transit-aspect/sun/pluto/hard,yes,approved
Sun opposition your Pluto,sun,pluto,opposition,authored/transit-aspect/sun/pluto/opposition,empty_exact,0,0,,authored/transit-aspect/sun/pluto/hard,yes,approved
Sun square your Pluto,sun,pluto,square,authored/transit-aspect/sun/pluto/square,empty_exact,0,0,,authored/transit-aspect/sun/pluto/hard,yes,approved
Sun trine your Pluto,sun,pluto,trine,authored/transit-aspect/sun/pluto/trine,empty_exact,0,0,,authored/transit-aspect/sun/pluto/soft,yes,approved
Sun sextile your Pluto,sun,pluto,sextile,authored/transit-aspect/sun/pluto/sextile,empty_exact,0,0,,authored/transit-aspect/sun/pluto/soft,yes,approved
Sun conjunction your Chiron,sun,chiron,conjunction,authored/transit-aspect/sun/chiron/conjunction,empty_exact,0,0,,authored/transit-aspect/sun/chiron/hard,no,
Sun opposition your Chiron,sun,chiron,opposition,authored/transit-aspect/sun/chiron/opposition,empty_exact,0,0,,authored/transit-aspect/sun/chiron/hard,no,
Sun square your Chiron,sun,chiron,square,authored/transit-aspect/sun/chiron/square,empty_exact,0,0,,authored/transit-aspect/sun/chiron/hard,no,
Sun trine your Chiron,sun,chiron,trine,authored/transit-aspect/sun/chiron/trine,empty_exact,0,0,,authored/transit-aspect/sun/chiron/soft,no,
Sun sextile your Chiron,sun,chiron,sextile,authored/transit-aspect/sun/chiron/sextile,empty_exact,0,0,,authored/transit-aspect/sun/chiron/soft,no,
Sun conjunction your North Node,sun,north-node,conjunction,authored/transit-aspect/sun/north-node/conjunction,exact_you_and_friend,111,111,approved,authored/transit-aspect/sun/north-node/hard,no,
Sun opposition your North Node,sun,north-node,opposition,authored/transit-aspect/sun/north-node/opposition,empty_exact,0,0,,authored/transit-aspect/sun/north-node/hard,no,
Sun square your North Node,sun,north-node,square,authored/transit-aspect/sun/north-node/square,empty_exact,0,0,,authored/transit-aspect/sun/north-node/hard,no,
Sun trine your North Node,sun,north-node,trine,authored/transit-aspect/sun/north-node/trine,empty_exact,0,0,,authored/transit-aspect/sun/north-node/soft,no,
Sun sextile your North Node,sun,north-node,sextile,authored/transit-aspect/sun/north-node/sextile,empty_exact,0,0,,authored/transit-aspect/sun/north-node/soft,no,
Sun conjunction your South Node,sun,south-node,conjunction,authored/transit-aspect/sun/south-node/conjunction,exact_you_and_friend,108,108,approved,authored/transit-aspect/sun/south-node/hard,no,
Sun opposition your South Node,sun,south-node,opposition,authored/transit-aspect/sun/south-node/opposition,empty_exact,0,0,,authored/transit-aspect/sun/south-node/hard,no,
Sun square your South Node,sun,south-node,square,authored/transit-aspect/sun/south-node/square,empty_exact,0,0,,authored/transit-aspect/sun/south-node/hard,no,
Sun trine your South Node,sun,south-node,trine,authored/transit-aspect/sun/south-node/trine,empty_exact,0,0,,authored/transit-aspect/sun/south-node/soft,no,
Sun sextile your South Node,sun,south-node,sextile,authored/transit-aspect/sun/south-node/sextile,empty_exact,0,0,,authored/transit-aspect/sun/south-node/soft,no,
Sun conjunction your Lilith,sun,lilith,conjunction,authored/transit-aspect/sun/lilith/conjunction,empty_exact,0,0,,authored/transit-aspect/sun/lilith/hard,yes,approved
Sun opposition your Lilith,sun,lilith,opposition,authored/transit-aspect/sun/lilith/opposition,empty_exact,0,0,,authored/transit-aspect/sun/lilith/hard,yes,approved
Sun conjunction your Ascendant,sun,ascendant,conjunction,authored/transit-aspect/sun/ascendant/conjunction,empty_exact,0,0,,authored/transit-aspect/sun/ascendant/hard,yes,approved
Sun opposition your Ascendant,sun,ascendant,opposition,authored/transit-aspect/sun/ascendant/opposition,empty_exact,0,0,,authored/transit-aspect/sun/ascendant/hard,yes,approved
Sun square your Ascendant,sun,ascendant,square,authored/transit-aspect/sun/ascendant/square,empty_exact,0,0,,authored/transit-aspect/sun/ascendant/hard,yes,approved
Sun trine your Ascendant,sun,ascendant,trine,authored/transit-aspect/sun/ascendant/trine,empty_exact,0,0,,authored/transit-aspect/sun/ascendant/soft,yes,approved
Sun sextile your Ascendant,sun,ascendant,sextile,authored/transit-aspect/sun/ascendant/sextile,empty_exact,0,0,,authored/transit-aspect/sun/ascendant/soft,yes,approved
Sun conjunction your Midheaven,sun,midheaven,conjunction,authored/transit-aspect/sun/midheaven/conjunction,empty_exact,0,0,,authored/transit-aspect/sun/midheaven/hard,yes,approved
Sun opposition your Midheaven,sun,midheaven,opposition,authored/transit-aspect/sun/midheaven/opposition,empty_exact,0,0,,authored/transit-aspect/sun/midheaven/hard,yes,approved
Sun square your Midheaven,sun,midheaven,square,authored/transit-aspect/sun/midheaven/square,empty_exact,0,0,,authored/transit-aspect/sun/midheaven/hard,yes,approved
Sun trine your Midheaven,sun,midheaven,trine,authored/transit-aspect/sun/midheaven/trine,empty_exact,0,0,,authored/transit-aspect/sun/midheaven/soft,yes,approved
Sun sextile your Midheaven,sun,midheaven,sextile,authored/transit-aspect/sun/midheaven/sextile,empty_exact,0,0,,authored/transit-aspect/sun/midheaven/soft,yes,approved
Sun conjunction your Descendant,sun,descendant,conjunction,authored/transit-aspect/sun/descendant/conjunction,empty_exact,0,0,,authored/transit-aspect/sun/descendant/hard,no,
Sun opposition your Descendant,sun,descendant,opposition,authored/transit-aspect/sun/descendant/opposition,empty_exact,0,0,,authored/transit-aspect/sun/descendant/hard,no,
Sun square your Descendant,sun,descendant,square,authored/transit-aspect/sun/descendant/square,empty_exact,0,0,,authored/transit-aspect/sun/descendant/hard,no,
Sun trine your Descendant,sun,descendant,trine,authored/transit-aspect/sun/descendant/trine,empty_exact,0,0,,authored/transit-aspect/sun/descendant/soft,no,
Sun sextile your Descendant,sun,descendant,sextile,authored/transit-aspect/sun/descendant/sextile,empty_exact,0,0,,authored/transit-aspect/sun/descendant/soft,no,
Sun conjunction your Imum Coeli,sun,imum-coeli,conjunction,authored/transit-aspect/sun/imum-coeli/conjunction,empty_exact,0,0,,authored/transit-aspect/sun/imum-coeli/hard,no,
Sun opposition your Imum Coeli,sun,imum-coeli,opposition,authored/transit-aspect/sun/imum-coeli/opposition,empty_exact,0,0,,authored/transit-aspect/sun/imum-coeli/hard,no,
Sun square your Imum Coeli,sun,imum-coeli,square,authored/transit-aspect/sun/imum-coeli/square,empty_exact,0,0,,authored/transit-aspect/sun/imum-coeli/hard,no,
Sun trine your Imum Coeli,sun,imum-coeli,trine,authored/transit-aspect/sun/imum-coeli/trine,empty_exact,0,0,,authored/transit-aspect/sun/imum-coeli/soft,no,
Sun sextile your Imum Coeli,sun,imum-coeli,sextile,authored/transit-aspect/sun/imum-coeli/sextile,empty_exact,0,0,,authored/transit-aspect/sun/imum-coeli/soft,no,
Moon conjunction your Sun,moon,sun,conjunction,authored/transit-aspect/moon/sun/conjunction,exact_you_and_friend,107,107,approved,authored/transit-aspect/moon/sun/hard,yes,approved
Moon opposition your Sun,moon,sun,opposition,authored/transit-aspect/moon/sun/opposition,empty_exact,0,0,,authored/transit-aspect/moon/sun/hard,yes,approved
Moon square your Sun,moon,sun,square,authored/transit-aspect/moon/sun/square,empty_exact,0,0,,authored/transit-aspect/moon/sun/hard,yes,approved
Moon trine your Sun,moon,sun,trine,authored/transit-aspect/moon/sun/trine,empty_exact,0,0,,authored/transit-aspect/moon/sun/soft,yes,approved
Moon sextile your Sun,moon,sun,sextile,authored/transit-aspect/moon/sun/sextile,empty_exact,0,0,,authored/transit-aspect/moon/sun/soft,yes,approved
Moon conjunction your Moon,moon,moon,conjunction,authored/transit-aspect/moon/moon/conjunction,exact_you_and_friend,98,98,approved,authored/transit-aspect/moon/moon/hard,yes,approved
Moon opposition your Moon,moon,moon,opposition,authored/transit-aspect/moon/moon/opposition,empty_exact,0,0,,authored/transit-aspect/moon/moon/hard,yes,approved
Moon square your Moon,moon,moon,square,authored/transit-aspect/moon/moon/square,empty_exact,0,0,,authored/transit-aspect/moon/moon/hard,yes,approved
Moon trine your Moon,moon,moon,trine,authored/transit-aspect/moon/moon/trine,empty_exact,0,0,,authored/transit-aspect/moon/moon/soft,no,
Moon sextile your Moon,moon,moon,sextile,authored/transit-aspect/moon/moon/sextile,empty_exact,0,0,,authored/transit-aspect/moon/moon/soft,no,
Moon conjunction your Mercury,moon,mercury,conjunction,authored/transit-aspect/moon/mercury/conjunction,exact_you_and_friend,96,96,approved,authored/transit-aspect/moon/mercury/hard,yes,approved
Moon opposition your Mercury,moon,mercury,opposition,authored/transit-aspect/moon/mercury/opposition,empty_exact,0,0,,authored/transit-aspect/moon/mercury/hard,yes,approved
Moon square your Mercury,moon,mercury,square,authored/transit-aspect/moon/mercury/square,empty_exact,0,0,,authored/transit-aspect/moon/mercury/hard,yes,approved
Moon trine your Mercury,moon,mercury,trine,authored/transit-aspect/moon/mercury/trine,empty_exact,0,0,,authored/transit-aspect/moon/mercury/soft,yes,approved
Moon sextile your Mercury,moon,mercury,sextile,authored/transit-aspect/moon/mercury/sextile,empty_exact,0,0,,authored/transit-aspect/moon/mercury/soft,yes,approved
Moon conjunction your Venus,moon,venus,conjunction,authored/transit-aspect/moon/venus/conjunction,exact_you_and_friend,95,95,approved,authored/transit-aspect/moon/venus/hard,yes,approved
Moon opposition your Venus,moon,venus,opposition,authored/transit-aspect/moon/venus/opposition,empty_exact,0,0,,authored/transit-aspect/moon/venus/hard,yes,approved
Moon square your Venus,moon,venus,square,authored/transit-aspect/moon/venus/square,empty_exact,0,0,,authored/transit-aspect/moon/venus/hard,yes,approved
Moon trine your Venus,moon,venus,trine,authored/transit-aspect/moon/venus/trine,empty_exact,0,0,,authored/transit-aspect/moon/venus/soft,yes,approved
Moon sextile your Venus,moon,venus,sextile,authored/transit-aspect/moon/venus/sextile,empty_exact,0,0,,authored/transit-aspect/moon/venus/soft,yes,approved
Moon conjunction your Mars,moon,mars,conjunction,authored/transit-aspect/moon/mars/conjunction,exact_you_and_friend,102,102,approved,authored/transit-aspect/moon/mars/hard,yes,approved
Moon opposition your Mars,moon,mars,opposition,authored/transit-aspect/moon/mars/opposition,empty_exact,0,0,,authored/transit-aspect/moon/mars/hard,yes,approved
Moon square your Mars,moon,mars,square,authored/transit-aspect/moon/mars/square,empty_exact,0,0,,authored/transit-aspect/moon/mars/hard,yes,approved
Moon trine your Mars,moon,mars,trine,authored/transit-aspect/moon/mars/trine,empty_exact,0,0,,authored/transit-aspect/moon/mars/soft,yes,approved
Moon sextile your Mars,moon,mars,sextile,authored/transit-aspect/moon/mars/sextile,empty_exact,0,0,,authored/transit-aspect/moon/mars/soft,yes,approved
Moon conjunction your Jupiter,moon,jupiter,conjunction,authored/transit-aspect/moon/jupiter/conjunction,empty_exact,0,0,,authored/transit-aspect/moon/jupiter/hard,yes,approved
Moon opposition your Jupiter,moon,jupiter,opposition,authored/transit-aspect/moon/jupiter/opposition,empty_exact,0,0,,authored/transit-aspect/moon/jupiter/hard,yes,approved
Moon square your Jupiter,moon,jupiter,square,authored/transit-aspect/moon/jupiter/square,empty_exact,0,0,,authored/transit-aspect/moon/jupiter/hard,yes,approved
Moon trine your Jupiter,moon,jupiter,trine,authored/transit-aspect/moon/jupiter/trine,empty_exact,0,0,,authored/transit-aspect/moon/jupiter/soft,yes,approved
Moon sextile your Jupiter,moon,jupiter,sextile,authored/transit-aspect/moon/jupiter/sextile,empty_exact,0,0,,authored/transit-aspect/moon/jupiter/soft,yes,approved
Moon conjunction your Saturn,moon,saturn,conjunction,authored/transit-aspect/moon/saturn/conjunction,exact_you_and_friend,109,109,approved,authored/transit-aspect/moon/saturn/hard,yes,approved
Moon opposition your Saturn,moon,saturn,opposition,authored/transit-aspect/moon/saturn/opposition,empty_exact,0,0,,authored/transit-aspect/moon/saturn/hard,yes,approved
Moon square your Saturn,moon,saturn,square,authored/transit-aspect/moon/saturn/square,empty_exact,0,0,,authored/transit-aspect/moon/saturn/hard,yes,approved
Moon trine your Saturn,moon,saturn,trine,authored/transit-aspect/moon/saturn/trine,empty_exact,0,0,,authored/transit-aspect/moon/saturn/soft,yes,approved
Moon sextile your Saturn,moon,saturn,sextile,authored/transit-aspect/moon/saturn/sextile,empty_exact,0,0,,authored/transit-aspect/moon/saturn/soft,yes,approved
Moon conjunction your Uranus,moon,uranus,conjunction,authored/transit-aspect/moon/uranus/conjunction,empty_exact,0,0,,authored/transit-aspect/moon/uranus/hard,no,
Moon opposition your Uranus,moon,uranus,opposition,authored/transit-aspect/moon/uranus/opposition,empty_exact,0,0,,authored/transit-aspect/moon/uranus/hard,no,
Moon square your Uranus,moon,uranus,square,authored/transit-aspect/moon/uranus/square,empty_exact,0,0,,authored/transit-aspect/moon/uranus/hard,no,
Moon trine your Uranus,moon,uranus,trine,authored/transit-aspect/moon/uranus/trine,empty_exact,0,0,,authored/transit-aspect/moon/uranus/soft,no,
Moon sextile your Uranus,moon,uranus,sextile,authored/transit-aspect/moon/uranus/sextile,empty_exact,0,0,,authored/transit-aspect/moon/uranus/soft,no,
Moon conjunction your Neptune,moon,neptune,conjunction,authored/transit-aspect/moon/neptune/conjunction,empty_exact,0,0,,authored/transit-aspect/moon/neptune/hard,no,
Moon opposition your Neptune,moon,neptune,opposition,authored/transit-aspect/moon/neptune/opposition,empty_exact,0,0,,authored/transit-aspect/moon/neptune/hard,no,
Moon square your Neptune,moon,neptune,square,authored/transit-aspect/moon/neptune/square,empty_exact,0,0,,authored/transit-aspect/moon/neptune/hard,no,
Moon trine your Neptune,moon,neptune,trine,authored/transit-aspect/moon/neptune/trine,empty_exact,0,0,,authored/transit-aspect/moon/neptune/soft,no,
Moon sextile your Neptune,moon,neptune,sextile,authored/transit-aspect/moon/neptune/sextile,empty_exact,0,0,,authored/transit-aspect/moon/neptune/soft,no,
Moon conjunction your Pluto,moon,pluto,conjunction,authored/transit-aspect/moon/pluto/conjunction,empty_exact,0,0,,authored/transit-aspect/moon/pluto/hard,no,
Moon opposition your Pluto,moon,pluto,opposition,authored/transit-aspect/moon/pluto/opposition,empty_exact,0,0,,authored/transit-aspect/moon/pluto/hard,no,
Moon square your Pluto,moon,pluto,square,authored/transit-aspect/moon/pluto/square,empty_exact,0,0,,authored/transit-aspect/moon/pluto/hard,no,
Moon trine your Pluto,moon,pluto,trine,authored/transit-aspect/moon/pluto/trine,empty_exact,0,0,,authored/transit-aspect/moon/pluto/soft,no,
Moon sextile your Pluto,moon,pluto,sextile,authored/transit-aspect/moon/pluto/sextile,empty_exact,0,0,,authored/transit-aspect/moon/pluto/soft,no,
Moon conjunction your Chiron,moon,chiron,conjunction,authored/transit-aspect/moon/chiron/conjunction,empty_exact,0,0,,authored/transit-aspect/moon/chiron/hard,no,
Moon opposition your Chiron,moon,chiron,opposition,authored/transit-aspect/moon/chiron/opposition,empty_exact,0,0,,authored/transit-aspect/moon/chiron/hard,no,
Moon square your Chiron,moon,chiron,square,authored/transit-aspect/moon/chiron/square,empty_exact,0,0,,authored/transit-aspect/moon/chiron/hard,no,
Moon trine your Chiron,moon,chiron,trine,authored/transit-aspect/moon/chiron/trine,empty_exact,0,0,,authored/transit-aspect/moon/chiron/soft,no,
Moon sextile your Chiron,moon,chiron,sextile,authored/transit-aspect/moon/chiron/sextile,empty_exact,0,0,,authored/transit-aspect/moon/chiron/soft,no,
Moon conjunction your North Node,moon,north-node,conjunction,authored/transit-aspect/moon/north-node/conjunction,exact_you_and_friend,100,100,approved,authored/transit-aspect/moon/north-node/hard,no,
Moon opposition your North Node,moon,north-node,opposition,authored/transit-aspect/moon/north-node/opposition,empty_exact,0,0,,authored/transit-aspect/moon/north-node/hard,no,
Moon square your North Node,moon,north-node,square,authored/transit-aspect/moon/north-node/square,empty_exact,0,0,,authored/transit-aspect/moon/north-node/hard,no,
Moon trine your North Node,moon,north-node,trine,authored/transit-aspect/moon/north-node/trine,empty_exact,0,0,,authored/transit-aspect/moon/north-node/soft,no,
Moon sextile your North Node,moon,north-node,sextile,authored/transit-aspect/moon/north-node/sextile,empty_exact,0,0,,authored/transit-aspect/moon/north-node/soft,no,
Moon conjunction your South Node,moon,south-node,conjunction,authored/transit-aspect/moon/south-node/conjunction,exact_you_and_friend,105,105,approved,authored/transit-aspect/moon/south-node/hard,no,
Moon opposition your South Node,moon,south-node,opposition,authored/transit-aspect/moon/south-node/opposition,empty_exact,0,0,,authored/transit-aspect/moon/south-node/hard,no,
Moon square your South Node,moon,south-node,square,authored/transit-aspect/moon/south-node/square,empty_exact,0,0,,authored/transit-aspect/moon/south-node/hard,no,
Moon trine your South Node,moon,south-node,trine,authored/transit-aspect/moon/south-node/trine,empty_exact,0,0,,authored/transit-aspect/moon/south-node/soft,no,
Moon sextile your South Node,moon,south-node,sextile,authored/transit-aspect/moon/south-node/sextile,empty_exact,0,0,,authored/transit-aspect/moon/south-node/soft,no,
Moon conjunction your Lilith,moon,lilith,conjunction,authored/transit-aspect/moon/lilith/conjunction,empty_exact,0,0,,authored/transit-aspect/moon/lilith/hard,yes,approved
Moon opposition your Lilith,moon,lilith,opposition,authored/transit-aspect/moon/lilith/opposition,empty_exact,0,0,,authored/transit-aspect/moon/lilith/hard,yes,approved
Moon conjunction your Ascendant,moon,ascendant,conjunction,authored/transit-aspect/moon/ascendant/conjunction,empty_exact,0,0,,authored/transit-aspect/moon/ascendant/hard,no,
Moon opposition your Ascendant,moon,ascendant,opposition,authored/transit-aspect/moon/ascendant/opposition,empty_exact,0,0,,authored/transit-aspect/moon/ascendant/hard,no,
Moon square your Ascendant,moon,ascendant,square,authored/transit-aspect/moon/ascendant/square,empty_exact,0,0,,authored/transit-aspect/moon/ascendant/hard,no,
Moon trine your Ascendant,moon,ascendant,trine,authored/transit-aspect/moon/ascendant/trine,empty_exact,0,0,,authored/transit-aspect/moon/ascendant/soft,no,
Moon sextile your Ascendant,moon,ascendant,sextile,authored/transit-aspect/moon/ascendant/sextile,empty_exact,0,0,,authored/transit-aspect/moon/ascendant/soft,no,
Moon conjunction your Midheaven,moon,midheaven,conjunction,authored/transit-aspect/moon/midheaven/conjunction,empty_exact,0,0,,authored/transit-aspect/moon/midheaven/hard,no,
Moon opposition your Midheaven,moon,midheaven,opposition,authored/transit-aspect/moon/midheaven/opposition,empty_exact,0,0,,authored/transit-aspect/moon/midheaven/hard,no,
Moon square your Midheaven,moon,midheaven,square,authored/transit-aspect/moon/midheaven/square,empty_exact,0,0,,authored/transit-aspect/moon/midheaven/hard,no,
Moon trine your Midheaven,moon,midheaven,trine,authored/transit-aspect/moon/midheaven/trine,empty_exact,0,0,,authored/transit-aspect/moon/midheaven/soft,no,
Moon sextile your Midheaven,moon,midheaven,sextile,authored/transit-aspect/moon/midheaven/sextile,empty_exact,0,0,,authored/transit-aspect/moon/midheaven/soft,no,
Moon conjunction your Descendant,moon,descendant,conjunction,authored/transit-aspect/moon/descendant/conjunction,empty_exact,0,0,,authored/transit-aspect/moon/descendant/hard,no,
Moon opposition your Descendant,moon,descendant,opposition,authored/transit-aspect/moon/descendant/opposition,empty_exact,0,0,,authored/transit-aspect/moon/descendant/hard,no,
Moon square your Descendant,moon,descendant,square,authored/transit-aspect/moon/descendant/square,empty_exact,0,0,,authored/transit-aspect/moon/descendant/hard,no,
Moon trine your Descendant,moon,descendant,trine,authored/transit-aspect/moon/descendant/trine,empty_exact,0,0,,authored/transit-aspect/moon/descendant/soft,no,
Moon sextile your Descendant,moon,descendant,sextile,authored/transit-aspect/moon/descendant/sextile,empty_exact,0,0,,authored/transit-aspect/moon/descendant/soft,no,
Moon conjunction your Imum Coeli,moon,imum-coeli,conjunction,authored/transit-aspect/moon/imum-coeli/conjunction,empty_exact,0,0,,authored/transit-aspect/moon/imum-coeli/hard,no,
Moon opposition your Imum Coeli,moon,imum-coeli,opposition,authored/transit-aspect/moon/imum-coeli/opposition,empty_exact,0,0,,authored/transit-aspect/moon/imum-coeli/hard,no,
Moon square your Imum Coeli,moon,imum-coeli,square,authored/transit-aspect/moon/imum-coeli/square,empty_exact,0,0,,authored/transit-aspect/moon/imum-coeli/hard,no,
Moon trine your Imum Coeli,moon,imum-coeli,trine,authored/transit-aspect/moon/imum-coeli/trine,empty_exact,0,0,,authored/transit-aspect/moon/imum-coeli/soft,no,
Moon sextile your Imum Coeli,moon,imum-coeli,sextile,authored/transit-aspect/moon/imum-coeli/sextile,empty_exact,0,0,,authored/transit-aspect/moon/imum-coeli/soft,no,
Mercury conjunction your Sun,mercury,sun,conjunction,authored/transit-aspect/mercury/sun/conjunction,empty_exact,0,0,,authored/transit-aspect/mercury/sun/hard,yes,approved
Mercury opposition your Sun,mercury,sun,opposition,authored/transit-aspect/mercury/sun/opposition,empty_exact,0,0,,authored/transit-aspect/mercury/sun/hard,yes,approved
Mercury square your Sun,mercury,sun,square,authored/transit-aspect/mercury/sun/square,empty_exact,0,0,,authored/transit-aspect/mercury/sun/hard,yes,approved
Mercury trine your Sun,mercury,sun,trine,authored/transit-aspect/mercury/sun/trine,empty_exact,0,0,,authored/transit-aspect/mercury/sun/soft,yes,approved
Mercury sextile your Sun,mercury,sun,sextile,authored/transit-aspect/mercury/sun/sextile,empty_exact,0,0,,authored/transit-aspect/mercury/sun/soft,yes,approved
Mercury conjunction your Moon,mercury,moon,conjunction,authored/transit-aspect/mercury/moon/conjunction,empty_exact,0,0,,authored/transit-aspect/mercury/moon/hard,yes,approved
Mercury opposition your Moon,mercury,moon,opposition,authored/transit-aspect/mercury/moon/opposition,empty_exact,0,0,,authored/transit-aspect/mercury/moon/hard,yes,approved
Mercury square your Moon,mercury,moon,square,authored/transit-aspect/mercury/moon/square,empty_exact,0,0,,authored/transit-aspect/mercury/moon/hard,yes,approved
Mercury trine your Moon,mercury,moon,trine,authored/transit-aspect/mercury/moon/trine,empty_exact,0,0,,authored/transit-aspect/mercury/moon/soft,yes,approved
Mercury sextile your Moon,mercury,moon,sextile,authored/transit-aspect/mercury/moon/sextile,empty_exact,0,0,,authored/transit-aspect/mercury/moon/soft,yes,approved
Mercury return,mercury,mercury,conjunction (return),authored/transit-return/mercury,exact_you_only,28,0,approved,,,
Mercury opposition your Mercury,mercury,mercury,opposition,authored/transit-aspect/mercury/mercury/opposition,empty_exact,0,0,,authored/transit-aspect/mercury/mercury/hard,yes,approved
Mercury square your Mercury,mercury,mercury,square,authored/transit-aspect/mercury/mercury/square,empty_exact,0,0,,authored/transit-aspect/mercury/mercury/hard,yes,approved
Mercury trine your Mercury,mercury,mercury,trine,authored/transit-aspect/mercury/mercury/trine,empty_exact,0,0,,authored/transit-aspect/mercury/mercury/soft,yes,approved
Mercury sextile your Mercury,mercury,mercury,sextile,authored/transit-aspect/mercury/mercury/sextile,empty_exact,0,0,,authored/transit-aspect/mercury/mercury/soft,yes,approved
Mercury conjunction your Venus,mercury,venus,conjunction,authored/transit-aspect/mercury/venus/conjunction,empty_exact,0,0,,authored/transit-aspect/mercury/venus/hard,yes,approved
Mercury opposition your Venus,mercury,venus,opposition,authored/transit-aspect/mercury/venus/opposition,empty_exact,0,0,,authored/transit-aspect/mercury/venus/hard,yes,approved
Mercury square your Venus,mercury,venus,square,authored/transit-aspect/mercury/venus/square,empty_exact,0,0,,authored/transit-aspect/mercury/venus/hard,yes,approved
Mercury trine your Venus,mercury,venus,trine,authored/transit-aspect/mercury/venus/trine,empty_exact,0,0,,authored/transit-aspect/mercury/venus/soft,yes,approved
Mercury sextile your Venus,mercury,venus,sextile,authored/transit-aspect/mercury/venus/sextile,empty_exact,0,0,,authored/transit-aspect/mercury/venus/soft,yes,approved
Mercury conjunction your Mars,mercury,mars,conjunction,authored/transit-aspect/mercury/mars/conjunction,empty_exact,0,0,,authored/transit-aspect/mercury/mars/hard,yes,approved
Mercury opposition your Mars,mercury,mars,opposition,authored/transit-aspect/mercury/mars/opposition,empty_exact,0,0,,authored/transit-aspect/mercury/mars/hard,yes,approved
Mercury square your Mars,mercury,mars,square,authored/transit-aspect/mercury/mars/square,empty_exact,0,0,,authored/transit-aspect/mercury/mars/hard,yes,approved
Mercury trine your Mars,mercury,mars,trine,authored/transit-aspect/mercury/mars/trine,empty_exact,0,0,,authored/transit-aspect/mercury/mars/soft,yes,approved
Mercury sextile your Mars,mercury,mars,sextile,authored/transit-aspect/mercury/mars/sextile,empty_exact,0,0,,authored/transit-aspect/mercury/mars/soft,yes,approved
Mercury conjunction your Jupiter,mercury,jupiter,conjunction,authored/transit-aspect/mercury/jupiter/conjunction,empty_exact,0,0,,authored/transit-aspect/mercury/jupiter/hard,yes,approved
Mercury opposition your Jupiter,mercury,jupiter,opposition,authored/transit-aspect/mercury/jupiter/opposition,empty_exact,0,0,,authored/transit-aspect/mercury/jupiter/hard,yes,approved
Mercury square your Jupiter,mercury,jupiter,square,authored/transit-aspect/mercury/jupiter/square,empty_exact,0,0,,authored/transit-aspect/mercury/jupiter/hard,yes,approved
Mercury trine your Jupiter,mercury,jupiter,trine,authored/transit-aspect/mercury/jupiter/trine,empty_exact,0,0,,authored/transit-aspect/mercury/jupiter/soft,yes,approved
Mercury sextile your Jupiter,mercury,jupiter,sextile,authored/transit-aspect/mercury/jupiter/sextile,empty_exact,0,0,,authored/transit-aspect/mercury/jupiter/soft,yes,approved
Mercury conjunction your Saturn,mercury,saturn,conjunction,authored/transit-aspect/mercury/saturn/conjunction,empty_exact,0,0,,authored/transit-aspect/mercury/saturn/hard,yes,approved
Mercury opposition your Saturn,mercury,saturn,opposition,authored/transit-aspect/mercury/saturn/opposition,empty_exact,0,0,,authored/transit-aspect/mercury/saturn/hard,yes,approved
Mercury square your Saturn,mercury,saturn,square,authored/transit-aspect/mercury/saturn/square,empty_exact,0,0,,authored/transit-aspect/mercury/saturn/hard,yes,approved
Mercury trine your Saturn,mercury,saturn,trine,authored/transit-aspect/mercury/saturn/trine,empty_exact,0,0,,authored/transit-aspect/mercury/saturn/soft,yes,approved
Mercury sextile your Saturn,mercury,saturn,sextile,authored/transit-aspect/mercury/saturn/sextile,empty_exact,0,0,,authored/transit-aspect/mercury/saturn/soft,yes,approved
Mercury conjunction your Uranus,mercury,uranus,conjunction,authored/transit-aspect/mercury/uranus/conjunction,empty_exact,0,0,,authored/transit-aspect/mercury/uranus/hard,yes,approved
Mercury opposition your Uranus,mercury,uranus,opposition,authored/transit-aspect/mercury/uranus/opposition,empty_exact,0,0,,authored/transit-aspect/mercury/uranus/hard,yes,approved
Mercury square your Uranus,mercury,uranus,square,authored/transit-aspect/mercury/uranus/square,empty_exact,0,0,,authored/transit-aspect/mercury/uranus/hard,yes,approved
Mercury trine your Uranus,mercury,uranus,trine,authored/transit-aspect/mercury/uranus/trine,empty_exact,0,0,,authored/transit-aspect/mercury/uranus/soft,yes,approved
Mercury sextile your Uranus,mercury,uranus,sextile,authored/transit-aspect/mercury/uranus/sextile,empty_exact,0,0,,authored/transit-aspect/mercury/uranus/soft,yes,approved
Mercury conjunction your Neptune,mercury,neptune,conjunction,authored/transit-aspect/mercury/neptune/conjunction,empty_exact,0,0,,authored/transit-aspect/mercury/neptune/hard,yes,approved
Mercury opposition your Neptune,mercury,neptune,opposition,authored/transit-aspect/mercury/neptune/opposition,empty_exact,0,0,,authored/transit-aspect/mercury/neptune/hard,yes,approved
Mercury square your Neptune,mercury,neptune,square,authored/transit-aspect/mercury/neptune/square,empty_exact,0,0,,authored/transit-aspect/mercury/neptune/hard,yes,approved
Mercury trine your Neptune,mercury,neptune,trine,authored/transit-aspect/mercury/neptune/trine,empty_exact,0,0,,authored/transit-aspect/mercury/neptune/soft,yes,approved
Mercury sextile your Neptune,mercury,neptune,sextile,authored/transit-aspect/mercury/neptune/sextile,empty_exact,0,0,,authored/transit-aspect/mercury/neptune/soft,yes,approved
Mercury conjunction your Pluto,mercury,pluto,conjunction,authored/transit-aspect/mercury/pluto/conjunction,empty_exact,0,0,,authored/transit-aspect/mercury/pluto/hard,yes,approved
Mercury opposition your Pluto,mercury,pluto,opposition,authored/transit-aspect/mercury/pluto/opposition,empty_exact,0,0,,authored/transit-aspect/mercury/pluto/hard,yes,approved
Mercury square your Pluto,mercury,pluto,square,authored/transit-aspect/mercury/pluto/square,empty_exact,0,0,,authored/transit-aspect/mercury/pluto/hard,yes,approved
Mercury trine your Pluto,mercury,pluto,trine,authored/transit-aspect/mercury/pluto/trine,empty_exact,0,0,,authored/transit-aspect/mercury/pluto/soft,yes,approved
Mercury sextile your Pluto,mercury,pluto,sextile,authored/transit-aspect/mercury/pluto/sextile,empty_exact,0,0,,authored/transit-aspect/mercury/pluto/soft,yes,approved
Mercury conjunction your Chiron,mercury,chiron,conjunction,authored/transit-aspect/mercury/chiron/conjunction,empty_exact,0,0,,authored/transit-aspect/mercury/chiron/hard,no,
Mercury opposition your Chiron,mercury,chiron,opposition,authored/transit-aspect/mercury/chiron/opposition,empty_exact,0,0,,authored/transit-aspect/mercury/chiron/hard,no,
Mercury square your Chiron,mercury,chiron,square,authored/transit-aspect/mercury/chiron/square,empty_exact,0,0,,authored/transit-aspect/mercury/chiron/hard,no,
Mercury trine your Chiron,mercury,chiron,trine,authored/transit-aspect/mercury/chiron/trine,empty_exact,0,0,,authored/transit-aspect/mercury/chiron/soft,no,
Mercury sextile your Chiron,mercury,chiron,sextile,authored/transit-aspect/mercury/chiron/sextile,empty_exact,0,0,,authored/transit-aspect/mercury/chiron/soft,no,
Mercury conjunction your North Node,mercury,north-node,conjunction,authored/transit-aspect/mercury/north-node/conjunction,exact_you_and_friend,110,110,approved,authored/transit-aspect/mercury/north-node/hard,no,
Mercury opposition your North Node,mercury,north-node,opposition,authored/transit-aspect/mercury/north-node/opposition,empty_exact,0,0,,authored/transit-aspect/mercury/north-node/hard,no,
Mercury square your North Node,mercury,north-node,square,authored/transit-aspect/mercury/north-node/square,empty_exact,0,0,,authored/transit-aspect/mercury/north-node/hard,no,
Mercury trine your North Node,mercury,north-node,trine,authored/transit-aspect/mercury/north-node/trine,empty_exact,0,0,,authored/transit-aspect/mercury/north-node/soft,no,
Mercury sextile your North Node,mercury,north-node,sextile,authored/transit-aspect/mercury/north-node/sextile,empty_exact,0,0,,authored/transit-aspect/mercury/north-node/soft,no,
Mercury conjunction your South Node,mercury,south-node,conjunction,authored/transit-aspect/mercury/south-node/conjunction,exact_you_and_friend,117,117,approved,authored/transit-aspect/mercury/south-node/hard,no,
Mercury opposition your South Node,mercury,south-node,opposition,authored/transit-aspect/mercury/south-node/opposition,empty_exact,0,0,,authored/transit-aspect/mercury/south-node/hard,no,
Mercury square your South Node,mercury,south-node,square,authored/transit-aspect/mercury/south-node/square,empty_exact,0,0,,authored/transit-aspect/mercury/south-node/hard,no,
Mercury trine your South Node,mercury,south-node,trine,authored/transit-aspect/mercury/south-node/trine,empty_exact,0,0,,authored/transit-aspect/mercury/south-node/soft,no,
Mercury sextile your South Node,mercury,south-node,sextile,authored/transit-aspect/mercury/south-node/sextile,empty_exact,0,0,,authored/transit-aspect/mercury/south-node/soft,no,
Mercury conjunction your Lilith,mercury,lilith,conjunction,authored/transit-aspect/mercury/lilith/conjunction,empty_exact,0,0,,authored/transit-aspect/mercury/lilith/hard,yes,approved
Mercury opposition your Lilith,mercury,lilith,opposition,authored/transit-aspect/mercury/lilith/opposition,empty_exact,0,0,,authored/transit-aspect/mercury/lilith/hard,yes,approved
Mercury conjunction your Ascendant,mercury,ascendant,conjunction,authored/transit-aspect/mercury/ascendant/conjunction,empty_exact,0,0,,authored/transit-aspect/mercury/ascendant/hard,yes,approved
Mercury opposition your Ascendant,mercury,ascendant,opposition,authored/transit-aspect/mercury/ascendant/opposition,empty_exact,0,0,,authored/transit-aspect/mercury/ascendant/hard,yes,approved
Mercury square your Ascendant,mercury,ascendant,square,authored/transit-aspect/mercury/ascendant/square,empty_exact,0,0,,authored/transit-aspect/mercury/ascendant/hard,yes,approved
Mercury trine your Ascendant,mercury,ascendant,trine,authored/transit-aspect/mercury/ascendant/trine,empty_exact,0,0,,authored/transit-aspect/mercury/ascendant/soft,yes,approved
Mercury sextile your Ascendant,mercury,ascendant,sextile,authored/transit-aspect/mercury/ascendant/sextile,empty_exact,0,0,,authored/transit-aspect/mercury/ascendant/soft,yes,approved
Mercury conjunction your Midheaven,mercury,midheaven,conjunction,authored/transit-aspect/mercury/midheaven/conjunction,empty_exact,0,0,,authored/transit-aspect/mercury/midheaven/hard,yes,approved
Mercury opposition your Midheaven,mercury,midheaven,opposition,authored/transit-aspect/mercury/midheaven/opposition,empty_exact,0,0,,authored/transit-aspect/mercury/midheaven/hard,yes,approved
Mercury square your Midheaven,mercury,midheaven,square,authored/transit-aspect/mercury/midheaven/square,empty_exact,0,0,,authored/transit-aspect/mercury/midheaven/hard,yes,approved
Mercury trine your Midheaven,mercury,midheaven,trine,authored/transit-aspect/mercury/midheaven/trine,empty_exact,0,0,,authored/transit-aspect/mercury/midheaven/soft,yes,approved
Mercury sextile your Midheaven,mercury,midheaven,sextile,authored/transit-aspect/mercury/midheaven/sextile,empty_exact,0,0,,authored/transit-aspect/mercury/midheaven/soft,yes,approved
Mercury conjunction your Descendant,mercury,descendant,conjunction,authored/transit-aspect/mercury/descendant/conjunction,empty_exact,0,0,,authored/transit-aspect/mercury/descendant/hard,no,
Mercury opposition your Descendant,mercury,descendant,opposition,authored/transit-aspect/mercury/descendant/opposition,empty_exact,0,0,,authored/transit-aspect/mercury/descendant/hard,no,
Mercury square your Descendant,mercury,descendant,square,authored/transit-aspect/mercury/descendant/square,empty_exact,0,0,,authored/transit-aspect/mercury/descendant/hard,no,
Mercury trine your Descendant,mercury,descendant,trine,authored/transit-aspect/mercury/descendant/trine,empty_exact,0,0,,authored/transit-aspect/mercury/descendant/soft,no,
Mercury sextile your Descendant,mercury,descendant,sextile,authored/transit-aspect/mercury/descendant/sextile,empty_exact,0,0,,authored/transit-aspect/mercury/descendant/soft,no,
Mercury conjunction your Imum Coeli,mercury,imum-coeli,conjunction,authored/transit-aspect/mercury/imum-coeli/conjunction,empty_exact,0,0,,authored/transit-aspect/mercury/imum-coeli/hard,no,
Mercury opposition your Imum Coeli,mercury,imum-coeli,opposition,authored/transit-aspect/mercury/imum-coeli/opposition,empty_exact,0,0,,authored/transit-aspect/mercury/imum-coeli/hard,no,
Mercury square your Imum Coeli,mercury,imum-coeli,square,authored/transit-aspect/mercury/imum-coeli/square,empty_exact,0,0,,authored/transit-aspect/mercury/imum-coeli/hard,no,
Mercury trine your Imum Coeli,mercury,imum-coeli,trine,authored/transit-aspect/mercury/imum-coeli/trine,empty_exact,0,0,,authored/transit-aspect/mercury/imum-coeli/soft,no,
Mercury sextile your Imum Coeli,mercury,imum-coeli,sextile,authored/transit-aspect/mercury/imum-coeli/sextile,empty_exact,0,0,,authored/transit-aspect/mercury/imum-coeli/soft,no,
Venus conjunction your Sun,venus,sun,conjunction,authored/transit-aspect/venus/sun/conjunction,empty_exact,0,0,,authored/transit-aspect/venus/sun/hard,yes,approved
Venus opposition your Sun,venus,sun,opposition,authored/transit-aspect/venus/sun/opposition,empty_exact,0,0,,authored/transit-aspect/venus/sun/hard,yes,approved
Venus square your Sun,venus,sun,square,authored/transit-aspect/venus/sun/square,empty_exact,0,0,,authored/transit-aspect/venus/sun/hard,yes,approved
Venus trine your Sun,venus,sun,trine,authored/transit-aspect/venus/sun/trine,empty_exact,0,0,,authored/transit-aspect/venus/sun/soft,yes,approved
Venus sextile your Sun,venus,sun,sextile,authored/transit-aspect/venus/sun/sextile,empty_exact,0,0,,authored/transit-aspect/venus/sun/soft,yes,approved
Venus conjunction your Moon,venus,moon,conjunction,authored/transit-aspect/venus/moon/conjunction,empty_exact,0,0,,authored/transit-aspect/venus/moon/hard,yes,approved
Venus opposition your Moon,venus,moon,opposition,authored/transit-aspect/venus/moon/opposition,empty_exact,0,0,,authored/transit-aspect/venus/moon/hard,yes,approved
Venus square your Moon,venus,moon,square,authored/transit-aspect/venus/moon/square,empty_exact,0,0,,authored/transit-aspect/venus/moon/hard,yes,approved
Venus trine your Moon,venus,moon,trine,authored/transit-aspect/venus/moon/trine,empty_exact,0,0,,authored/transit-aspect/venus/moon/soft,yes,approved
Venus sextile your Moon,venus,moon,sextile,authored/transit-aspect/venus/moon/sextile,empty_exact,0,0,,authored/transit-aspect/venus/moon/soft,yes,approved
Venus conjunction your Mercury,venus,mercury,conjunction,authored/transit-aspect/venus/mercury/conjunction,empty_exact,0,0,,authored/transit-aspect/venus/mercury/hard,yes,approved
Venus opposition your Mercury,venus,mercury,opposition,authored/transit-aspect/venus/mercury/opposition,empty_exact,0,0,,authored/transit-aspect/venus/mercury/hard,yes,approved
Venus square your Mercury,venus,mercury,square,authored/transit-aspect/venus/mercury/square,empty_exact,0,0,,authored/transit-aspect/venus/mercury/hard,yes,approved
Venus trine your Mercury,venus,mercury,trine,authored/transit-aspect/venus/mercury/trine,empty_exact,0,0,,authored/transit-aspect/venus/mercury/soft,yes,approved
Venus sextile your Mercury,venus,mercury,sextile,authored/transit-aspect/venus/mercury/sextile,empty_exact,0,0,,authored/transit-aspect/venus/mercury/soft,yes,approved
Venus return,venus,venus,conjunction (return),authored/transit-return/venus,exact_you_only,33,0,approved,,,
Venus opposition your Venus,venus,venus,opposition,authored/transit-aspect/venus/venus/opposition,empty_exact,0,0,,authored/transit-aspect/venus/venus/hard,yes,approved
Venus square your Venus,venus,venus,square,authored/transit-aspect/venus/venus/square,empty_exact,0,0,,authored/transit-aspect/venus/venus/hard,yes,approved
Venus trine your Venus,venus,venus,trine,authored/transit-aspect/venus/venus/trine,empty_exact,0,0,,authored/transit-aspect/venus/venus/soft,yes,approved
Venus sextile your Venus,venus,venus,sextile,authored/transit-aspect/venus/venus/sextile,empty_exact,0,0,,authored/transit-aspect/venus/venus/soft,yes,approved
Venus conjunction your Mars,venus,mars,conjunction,authored/transit-aspect/venus/mars/conjunction,empty_exact,0,0,,authored/transit-aspect/venus/mars/hard,yes,approved
Venus opposition your Mars,venus,mars,opposition,authored/transit-aspect/venus/mars/opposition,empty_exact,0,0,,authored/transit-aspect/venus/mars/hard,yes,approved
Venus square your Mars,venus,mars,square,authored/transit-aspect/venus/mars/square,empty_exact,0,0,,authored/transit-aspect/venus/mars/hard,yes,approved
Venus trine your Mars,venus,mars,trine,authored/transit-aspect/venus/mars/trine,empty_exact,0,0,,authored/transit-aspect/venus/mars/soft,yes,approved
Venus sextile your Mars,venus,mars,sextile,authored/transit-aspect/venus/mars/sextile,empty_exact,0,0,,authored/transit-aspect/venus/mars/soft,yes,approved
Venus conjunction your Jupiter,venus,jupiter,conjunction,authored/transit-aspect/venus/jupiter/conjunction,empty_exact,0,0,,authored/transit-aspect/venus/jupiter/hard,yes,approved
Venus opposition your Jupiter,venus,jupiter,opposition,authored/transit-aspect/venus/jupiter/opposition,empty_exact,0,0,,authored/transit-aspect/venus/jupiter/hard,yes,approved
Venus square your Jupiter,venus,jupiter,square,authored/transit-aspect/venus/jupiter/square,empty_exact,0,0,,authored/transit-aspect/venus/jupiter/hard,yes,approved
Venus trine your Jupiter,venus,jupiter,trine,authored/transit-aspect/venus/jupiter/trine,empty_exact,0,0,,authored/transit-aspect/venus/jupiter/soft,yes,approved
Venus sextile your Jupiter,venus,jupiter,sextile,authored/transit-aspect/venus/jupiter/sextile,empty_exact,0,0,,authored/transit-aspect/venus/jupiter/soft,yes,approved
Venus conjunction your Saturn,venus,saturn,conjunction,authored/transit-aspect/venus/saturn/conjunction,empty_exact,0,0,,authored/transit-aspect/venus/saturn/hard,yes,approved
Venus opposition your Saturn,venus,saturn,opposition,authored/transit-aspect/venus/saturn/opposition,empty_exact,0,0,,authored/transit-aspect/venus/saturn/hard,yes,approved
Venus square your Saturn,venus,saturn,square,authored/transit-aspect/venus/saturn/square,empty_exact,0,0,,authored/transit-aspect/venus/saturn/hard,yes,approved
Venus trine your Saturn,venus,saturn,trine,authored/transit-aspect/venus/saturn/trine,empty_exact,0,0,,authored/transit-aspect/venus/saturn/soft,yes,approved
Venus sextile your Saturn,venus,saturn,sextile,authored/transit-aspect/venus/saturn/sextile,empty_exact,0,0,,authored/transit-aspect/venus/saturn/soft,yes,approved
Venus conjunction your Uranus,venus,uranus,conjunction,authored/transit-aspect/venus/uranus/conjunction,empty_exact,0,0,,authored/transit-aspect/venus/uranus/hard,yes,approved
Venus opposition your Uranus,venus,uranus,opposition,authored/transit-aspect/venus/uranus/opposition,empty_exact,0,0,,authored/transit-aspect/venus/uranus/hard,yes,approved
Venus square your Uranus,venus,uranus,square,authored/transit-aspect/venus/uranus/square,empty_exact,0,0,,authored/transit-aspect/venus/uranus/hard,yes,approved
Venus trine your Uranus,venus,uranus,trine,authored/transit-aspect/venus/uranus/trine,empty_exact,0,0,,authored/transit-aspect/venus/uranus/soft,yes,approved
Venus sextile your Uranus,venus,uranus,sextile,authored/transit-aspect/venus/uranus/sextile,empty_exact,0,0,,authored/transit-aspect/venus/uranus/soft,yes,approved
Venus conjunction your Neptune,venus,neptune,conjunction,authored/transit-aspect/venus/neptune/conjunction,empty_exact,0,0,,authored/transit-aspect/venus/neptune/hard,yes,approved
Venus opposition your Neptune,venus,neptune,opposition,authored/transit-aspect/venus/neptune/opposition,empty_exact,0,0,,authored/transit-aspect/venus/neptune/hard,yes,approved
Venus square your Neptune,venus,neptune,square,authored/transit-aspect/venus/neptune/square,empty_exact,0,0,,authored/transit-aspect/venus/neptune/hard,yes,approved
Venus trine your Neptune,venus,neptune,trine,authored/transit-aspect/venus/neptune/trine,empty_exact,0,0,,authored/transit-aspect/venus/neptune/soft,yes,approved
Venus sextile your Neptune,venus,neptune,sextile,authored/transit-aspect/venus/neptune/sextile,empty_exact,0,0,,authored/transit-aspect/venus/neptune/soft,yes,approved
Venus conjunction your Pluto,venus,pluto,conjunction,authored/transit-aspect/venus/pluto/conjunction,empty_exact,0,0,,authored/transit-aspect/venus/pluto/hard,yes,approved
Venus opposition your Pluto,venus,pluto,opposition,authored/transit-aspect/venus/pluto/opposition,empty_exact,0,0,,authored/transit-aspect/venus/pluto/hard,yes,approved
Venus square your Pluto,venus,pluto,square,authored/transit-aspect/venus/pluto/square,empty_exact,0,0,,authored/transit-aspect/venus/pluto/hard,yes,approved
Venus trine your Pluto,venus,pluto,trine,authored/transit-aspect/venus/pluto/trine,empty_exact,0,0,,authored/transit-aspect/venus/pluto/soft,yes,approved
Venus sextile your Pluto,venus,pluto,sextile,authored/transit-aspect/venus/pluto/sextile,empty_exact,0,0,,authored/transit-aspect/venus/pluto/soft,yes,approved
Venus conjunction your Chiron,venus,chiron,conjunction,authored/transit-aspect/venus/chiron/conjunction,empty_exact,0,0,,authored/transit-aspect/venus/chiron/hard,no,
Venus opposition your Chiron,venus,chiron,opposition,authored/transit-aspect/venus/chiron/opposition,empty_exact,0,0,,authored/transit-aspect/venus/chiron/hard,no,
Venus square your Chiron,venus,chiron,square,authored/transit-aspect/venus/chiron/square,empty_exact,0,0,,authored/transit-aspect/venus/chiron/hard,no,
Venus trine your Chiron,venus,chiron,trine,authored/transit-aspect/venus/chiron/trine,empty_exact,0,0,,authored/transit-aspect/venus/chiron/soft,no,
Venus sextile your Chiron,venus,chiron,sextile,authored/transit-aspect/venus/chiron/sextile,empty_exact,0,0,,authored/transit-aspect/venus/chiron/soft,no,
Venus conjunction your North Node,venus,north-node,conjunction,authored/transit-aspect/venus/north-node/conjunction,exact_you_and_friend,93,93,approved,authored/transit-aspect/venus/north-node/hard,no,
Venus opposition your North Node,venus,north-node,opposition,authored/transit-aspect/venus/north-node/opposition,empty_exact,0,0,,authored/transit-aspect/venus/north-node/hard,no,
Venus square your North Node,venus,north-node,square,authored/transit-aspect/venus/north-node/square,empty_exact,0,0,,authored/transit-aspect/venus/north-node/hard,no,
Venus trine your North Node,venus,north-node,trine,authored/transit-aspect/venus/north-node/trine,empty_exact,0,0,,authored/transit-aspect/venus/north-node/soft,no,
Venus sextile your North Node,venus,north-node,sextile,authored/transit-aspect/venus/north-node/sextile,empty_exact,0,0,,authored/transit-aspect/venus/north-node/soft,no,
Venus conjunction your South Node,venus,south-node,conjunction,authored/transit-aspect/venus/south-node/conjunction,exact_you_and_friend,111,111,approved,authored/transit-aspect/venus/south-node/hard,no,
Venus opposition your South Node,venus,south-node,opposition,authored/transit-aspect/venus/south-node/opposition,empty_exact,0,0,,authored/transit-aspect/venus/south-node/hard,no,
Venus square your South Node,venus,south-node,square,authored/transit-aspect/venus/south-node/square,empty_exact,0,0,,authored/transit-aspect/venus/south-node/hard,no,
Venus trine your South Node,venus,south-node,trine,authored/transit-aspect/venus/south-node/trine,empty_exact,0,0,,authored/transit-aspect/venus/south-node/soft,no,
Venus sextile your South Node,venus,south-node,sextile,authored/transit-aspect/venus/south-node/sextile,empty_exact,0,0,,authored/transit-aspect/venus/south-node/soft,no,
Venus conjunction your Lilith,venus,lilith,conjunction,authored/transit-aspect/venus/lilith/conjunction,empty_exact,0,0,,authored/transit-aspect/venus/lilith/hard,yes,approved
Venus opposition your Lilith,venus,lilith,opposition,authored/transit-aspect/venus/lilith/opposition,empty_exact,0,0,,authored/transit-aspect/venus/lilith/hard,yes,approved
Venus conjunction your Ascendant,venus,ascendant,conjunction,authored/transit-aspect/venus/ascendant/conjunction,empty_exact,0,0,,authored/transit-aspect/venus/ascendant/hard,yes,approved
Venus opposition your Ascendant,venus,ascendant,opposition,authored/transit-aspect/venus/ascendant/opposition,empty_exact,0,0,,authored/transit-aspect/venus/ascendant/hard,yes,approved
Venus square your Ascendant,venus,ascendant,square,authored/transit-aspect/venus/ascendant/square,empty_exact,0,0,,authored/transit-aspect/venus/ascendant/hard,yes,approved
Venus trine your Ascendant,venus,ascendant,trine,authored/transit-aspect/venus/ascendant/trine,empty_exact,0,0,,authored/transit-aspect/venus/ascendant/soft,yes,approved
Venus sextile your Ascendant,venus,ascendant,sextile,authored/transit-aspect/venus/ascendant/sextile,empty_exact,0,0,,authored/transit-aspect/venus/ascendant/soft,yes,approved
Venus conjunction your Midheaven,venus,midheaven,conjunction,authored/transit-aspect/venus/midheaven/conjunction,empty_exact,0,0,,authored/transit-aspect/venus/midheaven/hard,yes,approved
Venus opposition your Midheaven,venus,midheaven,opposition,authored/transit-aspect/venus/midheaven/opposition,empty_exact,0,0,,authored/transit-aspect/venus/midheaven/hard,yes,approved
Venus square your Midheaven,venus,midheaven,square,authored/transit-aspect/venus/midheaven/square,empty_exact,0,0,,authored/transit-aspect/venus/midheaven/hard,yes,approved
Venus trine your Midheaven,venus,midheaven,trine,authored/transit-aspect/venus/midheaven/trine,empty_exact,0,0,,authored/transit-aspect/venus/midheaven/soft,yes,approved
Venus sextile your Midheaven,venus,midheaven,sextile,authored/transit-aspect/venus/midheaven/sextile,empty_exact,0,0,,authored/transit-aspect/venus/midheaven/soft,yes,approved
Venus conjunction your Descendant,venus,descendant,conjunction,authored/transit-aspect/venus/descendant/conjunction,empty_exact,0,0,,authored/transit-aspect/venus/descendant/hard,no,
Venus opposition your Descendant,venus,descendant,opposition,authored/transit-aspect/venus/descendant/opposition,empty_exact,0,0,,authored/transit-aspect/venus/descendant/hard,no,
Venus square your Descendant,venus,descendant,square,authored/transit-aspect/venus/descendant/square,empty_exact,0,0,,authored/transit-aspect/venus/descendant/hard,no,
Venus trine your Descendant,venus,descendant,trine,authored/transit-aspect/venus/descendant/trine,empty_exact,0,0,,authored/transit-aspect/venus/descendant/soft,no,
Venus sextile your Descendant,venus,descendant,sextile,authored/transit-aspect/venus/descendant/sextile,empty_exact,0,0,,authored/transit-aspect/venus/descendant/soft,no,
Venus conjunction your Imum Coeli,venus,imum-coeli,conjunction,authored/transit-aspect/venus/imum-coeli/conjunction,empty_exact,0,0,,authored/transit-aspect/venus/imum-coeli/hard,no,
Venus opposition your Imum Coeli,venus,imum-coeli,opposition,authored/transit-aspect/venus/imum-coeli/opposition,empty_exact,0,0,,authored/transit-aspect/venus/imum-coeli/hard,no,
Venus square your Imum Coeli,venus,imum-coeli,square,authored/transit-aspect/venus/imum-coeli/square,empty_exact,0,0,,authored/transit-aspect/venus/imum-coeli/hard,no,
Venus trine your Imum Coeli,venus,imum-coeli,trine,authored/transit-aspect/venus/imum-coeli/trine,empty_exact,0,0,,authored/transit-aspect/venus/imum-coeli/soft,no,
Venus sextile your Imum Coeli,venus,imum-coeli,sextile,authored/transit-aspect/venus/imum-coeli/sextile,empty_exact,0,0,,authored/transit-aspect/venus/imum-coeli/soft,no,
Mars conjunction your Sun,mars,sun,conjunction,authored/transit-aspect/mars/sun/conjunction,empty_exact,0,0,,authored/transit-aspect/mars/sun/hard,yes,approved
Mars opposition your Sun,mars,sun,opposition,authored/transit-aspect/mars/sun/opposition,empty_exact,0,0,,authored/transit-aspect/mars/sun/hard,yes,approved
Mars square your Sun,mars,sun,square,authored/transit-aspect/mars/sun/square,empty_exact,0,0,,authored/transit-aspect/mars/sun/hard,yes,approved
Mars trine your Sun,mars,sun,trine,authored/transit-aspect/mars/sun/trine,empty_exact,0,0,,authored/transit-aspect/mars/sun/soft,yes,approved
Mars sextile your Sun,mars,sun,sextile,authored/transit-aspect/mars/sun/sextile,empty_exact,0,0,,authored/transit-aspect/mars/sun/soft,yes,approved
Mars conjunction your Moon,mars,moon,conjunction,authored/transit-aspect/mars/moon/conjunction,empty_exact,0,0,,authored/transit-aspect/mars/moon/hard,yes,approved
Mars opposition your Moon,mars,moon,opposition,authored/transit-aspect/mars/moon/opposition,empty_exact,0,0,,authored/transit-aspect/mars/moon/hard,yes,approved
Mars square your Moon,mars,moon,square,authored/transit-aspect/mars/moon/square,empty_exact,0,0,,authored/transit-aspect/mars/moon/hard,yes,approved
Mars trine your Moon,mars,moon,trine,authored/transit-aspect/mars/moon/trine,empty_exact,0,0,,authored/transit-aspect/mars/moon/soft,yes,approved
Mars sextile your Moon,mars,moon,sextile,authored/transit-aspect/mars/moon/sextile,empty_exact,0,0,,authored/transit-aspect/mars/moon/soft,yes,approved
Mars conjunction your Mercury,mars,mercury,conjunction,authored/transit-aspect/mars/mercury/conjunction,empty_exact,0,0,,authored/transit-aspect/mars/mercury/hard,yes,approved
Mars opposition your Mercury,mars,mercury,opposition,authored/transit-aspect/mars/mercury/opposition,empty_exact,0,0,,authored/transit-aspect/mars/mercury/hard,yes,approved
Mars square your Mercury,mars,mercury,square,authored/transit-aspect/mars/mercury/square,empty_exact,0,0,,authored/transit-aspect/mars/mercury/hard,yes,approved
Mars trine your Mercury,mars,mercury,trine,authored/transit-aspect/mars/mercury/trine,empty_exact,0,0,,authored/transit-aspect/mars/mercury/soft,yes,approved
Mars sextile your Mercury,mars,mercury,sextile,authored/transit-aspect/mars/mercury/sextile,empty_exact,0,0,,authored/transit-aspect/mars/mercury/soft,yes,approved
Mars conjunction your Venus,mars,venus,conjunction,authored/transit-aspect/mars/venus/conjunction,empty_exact,0,0,,authored/transit-aspect/mars/venus/hard,yes,approved
Mars opposition your Venus,mars,venus,opposition,authored/transit-aspect/mars/venus/opposition,empty_exact,0,0,,authored/transit-aspect/mars/venus/hard,yes,approved
Mars square your Venus,mars,venus,square,authored/transit-aspect/mars/venus/square,empty_exact,0,0,,authored/transit-aspect/mars/venus/hard,yes,approved
Mars trine your Venus,mars,venus,trine,authored/transit-aspect/mars/venus/trine,empty_exact,0,0,,authored/transit-aspect/mars/venus/soft,yes,approved
Mars sextile your Venus,mars,venus,sextile,authored/transit-aspect/mars/venus/sextile,empty_exact,0,0,,authored/transit-aspect/mars/venus/soft,yes,approved
Mars return,mars,mars,conjunction (return),authored/transit-return/mars,exact_you_only,37,0,approved,,,
Mars opposition your Mars,mars,mars,opposition,authored/transit-aspect/mars/mars/opposition,empty_exact,0,0,,authored/transit-aspect/mars/mars/hard,yes,approved
Mars square your Mars,mars,mars,square,authored/transit-aspect/mars/mars/square,empty_exact,0,0,,authored/transit-aspect/mars/mars/hard,yes,approved
Mars trine your Mars,mars,mars,trine,authored/transit-aspect/mars/mars/trine,empty_exact,0,0,,authored/transit-aspect/mars/mars/soft,yes,approved
Mars sextile your Mars,mars,mars,sextile,authored/transit-aspect/mars/mars/sextile,empty_exact,0,0,,authored/transit-aspect/mars/mars/soft,yes,approved
Mars conjunction your Jupiter,mars,jupiter,conjunction,authored/transit-aspect/mars/jupiter/conjunction,empty_exact,0,0,,authored/transit-aspect/mars/jupiter/hard,yes,approved
Mars opposition your Jupiter,mars,jupiter,opposition,authored/transit-aspect/mars/jupiter/opposition,empty_exact,0,0,,authored/transit-aspect/mars/jupiter/hard,yes,approved
Mars square your Jupiter,mars,jupiter,square,authored/transit-aspect/mars/jupiter/square,empty_exact,0,0,,authored/transit-aspect/mars/jupiter/hard,yes,approved
Mars trine your Jupiter,mars,jupiter,trine,authored/transit-aspect/mars/jupiter/trine,empty_exact,0,0,,authored/transit-aspect/mars/jupiter/soft,yes,approved
Mars sextile your Jupiter,mars,jupiter,sextile,authored/transit-aspect/mars/jupiter/sextile,empty_exact,0,0,,authored/transit-aspect/mars/jupiter/soft,yes,approved
Mars conjunction your Saturn,mars,saturn,conjunction,authored/transit-aspect/mars/saturn/conjunction,empty_exact,0,0,,authored/transit-aspect/mars/saturn/hard,yes,approved
Mars opposition your Saturn,mars,saturn,opposition,authored/transit-aspect/mars/saturn/opposition,empty_exact,0,0,,authored/transit-aspect/mars/saturn/hard,yes,approved
Mars square your Saturn,mars,saturn,square,authored/transit-aspect/mars/saturn/square,empty_exact,0,0,,authored/transit-aspect/mars/saturn/hard,yes,approved
Mars trine your Saturn,mars,saturn,trine,authored/transit-aspect/mars/saturn/trine,empty_exact,0,0,,authored/transit-aspect/mars/saturn/soft,yes,approved
Mars sextile your Saturn,mars,saturn,sextile,authored/transit-aspect/mars/saturn/sextile,empty_exact,0,0,,authored/transit-aspect/mars/saturn/soft,yes,approved
Mars conjunction your Uranus,mars,uranus,conjunction,authored/transit-aspect/mars/uranus/conjunction,empty_exact,0,0,,authored/transit-aspect/mars/uranus/hard,yes,approved
Mars opposition your Uranus,mars,uranus,opposition,authored/transit-aspect/mars/uranus/opposition,empty_exact,0,0,,authored/transit-aspect/mars/uranus/hard,yes,approved
Mars square your Uranus,mars,uranus,square,authored/transit-aspect/mars/uranus/square,empty_exact,0,0,,authored/transit-aspect/mars/uranus/hard,yes,approved
Mars trine your Uranus,mars,uranus,trine,authored/transit-aspect/mars/uranus/trine,empty_exact,0,0,,authored/transit-aspect/mars/uranus/soft,yes,approved
Mars sextile your Uranus,mars,uranus,sextile,authored/transit-aspect/mars/uranus/sextile,empty_exact,0,0,,authored/transit-aspect/mars/uranus/soft,yes,approved
Mars conjunction your Neptune,mars,neptune,conjunction,authored/transit-aspect/mars/neptune/conjunction,empty_exact,0,0,,authored/transit-aspect/mars/neptune/hard,yes,approved
Mars opposition your Neptune,mars,neptune,opposition,authored/transit-aspect/mars/neptune/opposition,empty_exact,0,0,,authored/transit-aspect/mars/neptune/hard,yes,approved
Mars square your Neptune,mars,neptune,square,authored/transit-aspect/mars/neptune/square,empty_exact,0,0,,authored/transit-aspect/mars/neptune/hard,yes,approved
Mars trine your Neptune,mars,neptune,trine,authored/transit-aspect/mars/neptune/trine,empty_exact,0,0,,authored/transit-aspect/mars/neptune/soft,yes,approved
Mars sextile your Neptune,mars,neptune,sextile,authored/transit-aspect/mars/neptune/sextile,empty_exact,0,0,,authored/transit-aspect/mars/neptune/soft,yes,approved
Mars conjunction your Pluto,mars,pluto,conjunction,authored/transit-aspect/mars/pluto/conjunction,empty_exact,0,0,,authored/transit-aspect/mars/pluto/hard,yes,approved
Mars opposition your Pluto,mars,pluto,opposition,authored/transit-aspect/mars/pluto/opposition,empty_exact,0,0,,authored/transit-aspect/mars/pluto/hard,yes,approved
Mars square your Pluto,mars,pluto,square,authored/transit-aspect/mars/pluto/square,empty_exact,0,0,,authored/transit-aspect/mars/pluto/hard,yes,approved
Mars trine your Pluto,mars,pluto,trine,authored/transit-aspect/mars/pluto/trine,empty_exact,0,0,,authored/transit-aspect/mars/pluto/soft,yes,approved
Mars sextile your Pluto,mars,pluto,sextile,authored/transit-aspect/mars/pluto/sextile,empty_exact,0,0,,authored/transit-aspect/mars/pluto/soft,yes,approved
Mars conjunction your Chiron,mars,chiron,conjunction,authored/transit-aspect/mars/chiron/conjunction,empty_exact,0,0,,authored/transit-aspect/mars/chiron/hard,no,
Mars opposition your Chiron,mars,chiron,opposition,authored/transit-aspect/mars/chiron/opposition,empty_exact,0,0,,authored/transit-aspect/mars/chiron/hard,no,
Mars square your Chiron,mars,chiron,square,authored/transit-aspect/mars/chiron/square,empty_exact,0,0,,authored/transit-aspect/mars/chiron/hard,no,
Mars trine your Chiron,mars,chiron,trine,authored/transit-aspect/mars/chiron/trine,empty_exact,0,0,,authored/transit-aspect/mars/chiron/soft,no,
Mars sextile your Chiron,mars,chiron,sextile,authored/transit-aspect/mars/chiron/sextile,empty_exact,0,0,,authored/transit-aspect/mars/chiron/soft,no,
Mars conjunction your North Node,mars,north-node,conjunction,authored/transit-aspect/mars/north-node/conjunction,exact_you_and_friend,105,105,approved,authored/transit-aspect/mars/north-node/hard,no,
Mars opposition your North Node,mars,north-node,opposition,authored/transit-aspect/mars/north-node/opposition,empty_exact,0,0,,authored/transit-aspect/mars/north-node/hard,no,
Mars square your North Node,mars,north-node,square,authored/transit-aspect/mars/north-node/square,empty_exact,0,0,,authored/transit-aspect/mars/north-node/hard,no,
Mars trine your North Node,mars,north-node,trine,authored/transit-aspect/mars/north-node/trine,empty_exact,0,0,,authored/transit-aspect/mars/north-node/soft,no,
Mars sextile your North Node,mars,north-node,sextile,authored/transit-aspect/mars/north-node/sextile,empty_exact,0,0,,authored/transit-aspect/mars/north-node/soft,no,
Mars conjunction your South Node,mars,south-node,conjunction,authored/transit-aspect/mars/south-node/conjunction,exact_you_and_friend,108,108,approved,authored/transit-aspect/mars/south-node/hard,no,
Mars opposition your South Node,mars,south-node,opposition,authored/transit-aspect/mars/south-node/opposition,empty_exact,0,0,,authored/transit-aspect/mars/south-node/hard,no,
Mars square your South Node,mars,south-node,square,authored/transit-aspect/mars/south-node/square,empty_exact,0,0,,authored/transit-aspect/mars/south-node/hard,no,
Mars trine your South Node,mars,south-node,trine,authored/transit-aspect/mars/south-node/trine,empty_exact,0,0,,authored/transit-aspect/mars/south-node/soft,no,
Mars sextile your South Node,mars,south-node,sextile,authored/transit-aspect/mars/south-node/sextile,empty_exact,0,0,,authored/transit-aspect/mars/south-node/soft,no,
Mars conjunction your Lilith,mars,lilith,conjunction,authored/transit-aspect/mars/lilith/conjunction,empty_exact,0,0,,authored/transit-aspect/mars/lilith/hard,yes,approved
Mars opposition your Lilith,mars,lilith,opposition,authored/transit-aspect/mars/lilith/opposition,empty_exact,0,0,,authored/transit-aspect/mars/lilith/hard,yes,approved
Mars conjunction your Ascendant,mars,ascendant,conjunction,authored/transit-aspect/mars/ascendant/conjunction,empty_exact,0,0,,authored/transit-aspect/mars/ascendant/hard,yes,approved
Mars opposition your Ascendant,mars,ascendant,opposition,authored/transit-aspect/mars/ascendant/opposition,empty_exact,0,0,,authored/transit-aspect/mars/ascendant/hard,yes,approved
Mars square your Ascendant,mars,ascendant,square,authored/transit-aspect/mars/ascendant/square,empty_exact,0,0,,authored/transit-aspect/mars/ascendant/hard,yes,approved
Mars trine your Ascendant,mars,ascendant,trine,authored/transit-aspect/mars/ascendant/trine,empty_exact,0,0,,authored/transit-aspect/mars/ascendant/soft,yes,approved
Mars sextile your Ascendant,mars,ascendant,sextile,authored/transit-aspect/mars/ascendant/sextile,empty_exact,0,0,,authored/transit-aspect/mars/ascendant/soft,yes,approved
Mars conjunction your Midheaven,mars,midheaven,conjunction,authored/transit-aspect/mars/midheaven/conjunction,empty_exact,0,0,,authored/transit-aspect/mars/midheaven/hard,yes,approved
Mars opposition your Midheaven,mars,midheaven,opposition,authored/transit-aspect/mars/midheaven/opposition,empty_exact,0,0,,authored/transit-aspect/mars/midheaven/hard,yes,approved
Mars square your Midheaven,mars,midheaven,square,authored/transit-aspect/mars/midheaven/square,empty_exact,0,0,,authored/transit-aspect/mars/midheaven/hard,yes,approved
Mars trine your Midheaven,mars,midheaven,trine,authored/transit-aspect/mars/midheaven/trine,empty_exact,0,0,,authored/transit-aspect/mars/midheaven/soft,yes,approved
Mars sextile your Midheaven,mars,midheaven,sextile,authored/transit-aspect/mars/midheaven/sextile,empty_exact,0,0,,authored/transit-aspect/mars/midheaven/soft,yes,approved
Mars conjunction your Descendant,mars,descendant,conjunction,authored/transit-aspect/mars/descendant/conjunction,empty_exact,0,0,,authored/transit-aspect/mars/descendant/hard,no,
Mars opposition your Descendant,mars,descendant,opposition,authored/transit-aspect/mars/descendant/opposition,empty_exact,0,0,,authored/transit-aspect/mars/descendant/hard,no,
Mars square your Descendant,mars,descendant,square,authored/transit-aspect/mars/descendant/square,empty_exact,0,0,,authored/transit-aspect/mars/descendant/hard,no,
Mars trine your Descendant,mars,descendant,trine,authored/transit-aspect/mars/descendant/trine,empty_exact,0,0,,authored/transit-aspect/mars/descendant/soft,no,
Mars sextile your Descendant,mars,descendant,sextile,authored/transit-aspect/mars/descendant/sextile,empty_exact,0,0,,authored/transit-aspect/mars/descendant/soft,no,
Mars conjunction your Imum Coeli,mars,imum-coeli,conjunction,authored/transit-aspect/mars/imum-coeli/conjunction,empty_exact,0,0,,authored/transit-aspect/mars/imum-coeli/hard,no,
Mars opposition your Imum Coeli,mars,imum-coeli,opposition,authored/transit-aspect/mars/imum-coeli/opposition,empty_exact,0,0,,authored/transit-aspect/mars/imum-coeli/hard,no,
Mars square your Imum Coeli,mars,imum-coeli,square,authored/transit-aspect/mars/imum-coeli/square,empty_exact,0,0,,authored/transit-aspect/mars/imum-coeli/hard,no,
Mars trine your Imum Coeli,mars,imum-coeli,trine,authored/transit-aspect/mars/imum-coeli/trine,empty_exact,0,0,,authored/transit-aspect/mars/imum-coeli/soft,no,
Mars sextile your Imum Coeli,mars,imum-coeli,sextile,authored/transit-aspect/mars/imum-coeli/sextile,empty_exact,0,0,,authored/transit-aspect/mars/imum-coeli/soft,no,
Jupiter conjunction your Sun,jupiter,sun,conjunction,authored/transit-aspect/jupiter/sun/conjunction,empty_exact,0,0,,authored/transit-aspect/jupiter/sun/hard,yes,approved
Jupiter opposition your Sun,jupiter,sun,opposition,authored/transit-aspect/jupiter/sun/opposition,empty_exact,0,0,,authored/transit-aspect/jupiter/sun/hard,yes,approved
Jupiter square your Sun,jupiter,sun,square,authored/transit-aspect/jupiter/sun/square,empty_exact,0,0,,authored/transit-aspect/jupiter/sun/hard,yes,approved
Jupiter trine your Sun,jupiter,sun,trine,authored/transit-aspect/jupiter/sun/trine,empty_exact,0,0,,authored/transit-aspect/jupiter/sun/soft,yes,approved
Jupiter sextile your Sun,jupiter,sun,sextile,authored/transit-aspect/jupiter/sun/sextile,empty_exact,0,0,,authored/transit-aspect/jupiter/sun/soft,yes,approved
Jupiter conjunction your Moon,jupiter,moon,conjunction,authored/transit-aspect/jupiter/moon/conjunction,empty_exact,0,0,,authored/transit-aspect/jupiter/moon/hard,yes,approved
Jupiter opposition your Moon,jupiter,moon,opposition,authored/transit-aspect/jupiter/moon/opposition,empty_exact,0,0,,authored/transit-aspect/jupiter/moon/hard,yes,approved
Jupiter square your Moon,jupiter,moon,square,authored/transit-aspect/jupiter/moon/square,empty_exact,0,0,,authored/transit-aspect/jupiter/moon/hard,yes,approved
Jupiter trine your Moon,jupiter,moon,trine,authored/transit-aspect/jupiter/moon/trine,empty_exact,0,0,,authored/transit-aspect/jupiter/moon/soft,yes,approved
Jupiter sextile your Moon,jupiter,moon,sextile,authored/transit-aspect/jupiter/moon/sextile,empty_exact,0,0,,authored/transit-aspect/jupiter/moon/soft,yes,approved
Jupiter conjunction your Mercury,jupiter,mercury,conjunction,authored/transit-aspect/jupiter/mercury/conjunction,empty_exact,0,0,,authored/transit-aspect/jupiter/mercury/hard,yes,approved
Jupiter opposition your Mercury,jupiter,mercury,opposition,authored/transit-aspect/jupiter/mercury/opposition,empty_exact,0,0,,authored/transit-aspect/jupiter/mercury/hard,yes,approved
Jupiter square your Mercury,jupiter,mercury,square,authored/transit-aspect/jupiter/mercury/square,empty_exact,0,0,,authored/transit-aspect/jupiter/mercury/hard,yes,approved
Jupiter trine your Mercury,jupiter,mercury,trine,authored/transit-aspect/jupiter/mercury/trine,empty_exact,0,0,,authored/transit-aspect/jupiter/mercury/soft,yes,approved
Jupiter sextile your Mercury,jupiter,mercury,sextile,authored/transit-aspect/jupiter/mercury/sextile,empty_exact,0,0,,authored/transit-aspect/jupiter/mercury/soft,yes,approved
Jupiter conjunction your Venus,jupiter,venus,conjunction,authored/transit-aspect/jupiter/venus/conjunction,empty_exact,0,0,,authored/transit-aspect/jupiter/venus/hard,yes,approved
Jupiter opposition your Venus,jupiter,venus,opposition,authored/transit-aspect/jupiter/venus/opposition,empty_exact,0,0,,authored/transit-aspect/jupiter/venus/hard,yes,approved
Jupiter square your Venus,jupiter,venus,square,authored/transit-aspect/jupiter/venus/square,empty_exact,0,0,,authored/transit-aspect/jupiter/venus/hard,yes,approved
Jupiter trine your Venus,jupiter,venus,trine,authored/transit-aspect/jupiter/venus/trine,empty_exact,0,0,,authored/transit-aspect/jupiter/venus/soft,yes,approved
Jupiter sextile your Venus,jupiter,venus,sextile,authored/transit-aspect/jupiter/venus/sextile,empty_exact,0,0,,authored/transit-aspect/jupiter/venus/soft,yes,approved
Jupiter conjunction your Mars,jupiter,mars,conjunction,authored/transit-aspect/jupiter/mars/conjunction,empty_exact,0,0,,authored/transit-aspect/jupiter/mars/hard,yes,approved
Jupiter opposition your Mars,jupiter,mars,opposition,authored/transit-aspect/jupiter/mars/opposition,empty_exact,0,0,,authored/transit-aspect/jupiter/mars/hard,yes,approved
Jupiter square your Mars,jupiter,mars,square,authored/transit-aspect/jupiter/mars/square,empty_exact,0,0,,authored/transit-aspect/jupiter/mars/hard,yes,approved
Jupiter trine your Mars,jupiter,mars,trine,authored/transit-aspect/jupiter/mars/trine,empty_exact,0,0,,authored/transit-aspect/jupiter/mars/soft,yes,approved
Jupiter sextile your Mars,jupiter,mars,sextile,authored/transit-aspect/jupiter/mars/sextile,empty_exact,0,0,,authored/transit-aspect/jupiter/mars/soft,yes,approved
Jupiter return,jupiter,jupiter,conjunction (return),authored/transit-return/jupiter,exact_you_only,36,0,approved,,,
Jupiter opposition your Jupiter,jupiter,jupiter,opposition,authored/transit-aspect/jupiter/jupiter/opposition,empty_exact,0,0,,authored/transit-aspect/jupiter/jupiter/hard,yes,approved
Jupiter square your Jupiter,jupiter,jupiter,square,authored/transit-aspect/jupiter/jupiter/square,empty_exact,0,0,,authored/transit-aspect/jupiter/jupiter/hard,yes,approved
Jupiter trine your Jupiter,jupiter,jupiter,trine,authored/transit-aspect/jupiter/jupiter/trine,empty_exact,0,0,,authored/transit-aspect/jupiter/jupiter/soft,yes,approved
Jupiter sextile your Jupiter,jupiter,jupiter,sextile,authored/transit-aspect/jupiter/jupiter/sextile,empty_exact,0,0,,authored/transit-aspect/jupiter/jupiter/soft,yes,approved
Jupiter conjunction your Saturn,jupiter,saturn,conjunction,authored/transit-aspect/jupiter/saturn/conjunction,empty_exact,0,0,,authored/transit-aspect/jupiter/saturn/hard,yes,approved
Jupiter opposition your Saturn,jupiter,saturn,opposition,authored/transit-aspect/jupiter/saturn/opposition,empty_exact,0,0,,authored/transit-aspect/jupiter/saturn/hard,yes,approved
Jupiter square your Saturn,jupiter,saturn,square,authored/transit-aspect/jupiter/saturn/square,empty_exact,0,0,,authored/transit-aspect/jupiter/saturn/hard,yes,approved
Jupiter trine your Saturn,jupiter,saturn,trine,authored/transit-aspect/jupiter/saturn/trine,empty_exact,0,0,,authored/transit-aspect/jupiter/saturn/soft,yes,approved
Jupiter sextile your Saturn,jupiter,saturn,sextile,authored/transit-aspect/jupiter/saturn/sextile,empty_exact,0,0,,authored/transit-aspect/jupiter/saturn/soft,yes,approved
Jupiter conjunction your Uranus,jupiter,uranus,conjunction,authored/transit-aspect/jupiter/uranus/conjunction,empty_exact,0,0,,authored/transit-aspect/jupiter/uranus/hard,yes,approved
Jupiter opposition your Uranus,jupiter,uranus,opposition,authored/transit-aspect/jupiter/uranus/opposition,empty_exact,0,0,,authored/transit-aspect/jupiter/uranus/hard,yes,approved
Jupiter square your Uranus,jupiter,uranus,square,authored/transit-aspect/jupiter/uranus/square,empty_exact,0,0,,authored/transit-aspect/jupiter/uranus/hard,yes,approved
Jupiter trine your Uranus,jupiter,uranus,trine,authored/transit-aspect/jupiter/uranus/trine,empty_exact,0,0,,authored/transit-aspect/jupiter/uranus/soft,yes,approved
Jupiter sextile your Uranus,jupiter,uranus,sextile,authored/transit-aspect/jupiter/uranus/sextile,empty_exact,0,0,,authored/transit-aspect/jupiter/uranus/soft,yes,approved
Jupiter conjunction your Neptune,jupiter,neptune,conjunction,authored/transit-aspect/jupiter/neptune/conjunction,empty_exact,0,0,,authored/transit-aspect/jupiter/neptune/hard,yes,approved
Jupiter opposition your Neptune,jupiter,neptune,opposition,authored/transit-aspect/jupiter/neptune/opposition,empty_exact,0,0,,authored/transit-aspect/jupiter/neptune/hard,yes,approved
Jupiter square your Neptune,jupiter,neptune,square,authored/transit-aspect/jupiter/neptune/square,empty_exact,0,0,,authored/transit-aspect/jupiter/neptune/hard,yes,approved
Jupiter trine your Neptune,jupiter,neptune,trine,authored/transit-aspect/jupiter/neptune/trine,empty_exact,0,0,,authored/transit-aspect/jupiter/neptune/soft,yes,approved
Jupiter sextile your Neptune,jupiter,neptune,sextile,authored/transit-aspect/jupiter/neptune/sextile,empty_exact,0,0,,authored/transit-aspect/jupiter/neptune/soft,yes,approved
Jupiter conjunction your Pluto,jupiter,pluto,conjunction,authored/transit-aspect/jupiter/pluto/conjunction,empty_exact,0,0,,authored/transit-aspect/jupiter/pluto/hard,yes,approved
Jupiter opposition your Pluto,jupiter,pluto,opposition,authored/transit-aspect/jupiter/pluto/opposition,empty_exact,0,0,,authored/transit-aspect/jupiter/pluto/hard,yes,approved
Jupiter square your Pluto,jupiter,pluto,square,authored/transit-aspect/jupiter/pluto/square,empty_exact,0,0,,authored/transit-aspect/jupiter/pluto/hard,yes,approved
Jupiter trine your Pluto,jupiter,pluto,trine,authored/transit-aspect/jupiter/pluto/trine,empty_exact,0,0,,authored/transit-aspect/jupiter/pluto/soft,yes,approved
Jupiter sextile your Pluto,jupiter,pluto,sextile,authored/transit-aspect/jupiter/pluto/sextile,empty_exact,0,0,,authored/transit-aspect/jupiter/pluto/soft,yes,approved
Jupiter conjunction your Chiron,jupiter,chiron,conjunction,authored/transit-aspect/jupiter/chiron/conjunction,exact_you_and_friend,90,90,approved,authored/transit-aspect/jupiter/chiron/hard,no,
Jupiter opposition your Chiron,jupiter,chiron,opposition,authored/transit-aspect/jupiter/chiron/opposition,exact_you_and_friend,93,93,approved,authored/transit-aspect/jupiter/chiron/hard,no,
Jupiter square your Chiron,jupiter,chiron,square,authored/transit-aspect/jupiter/chiron/square,exact_you_and_friend,115,115,approved,authored/transit-aspect/jupiter/chiron/hard,no,
Jupiter trine your Chiron,jupiter,chiron,trine,authored/transit-aspect/jupiter/chiron/trine,exact_you_and_friend,103,103,approved,authored/transit-aspect/jupiter/chiron/soft,no,
Jupiter sextile your Chiron,jupiter,chiron,sextile,authored/transit-aspect/jupiter/chiron/sextile,exact_you_and_friend,98,98,approved,authored/transit-aspect/jupiter/chiron/soft,no,
Jupiter conjunction your North Node,jupiter,north-node,conjunction,authored/transit-aspect/jupiter/north-node/conjunction,exact_you_and_friend,108,108,approved,authored/transit-aspect/jupiter/north-node/hard,no,
Jupiter opposition your North Node,jupiter,north-node,opposition,authored/transit-aspect/jupiter/north-node/opposition,empty_exact,0,0,,authored/transit-aspect/jupiter/north-node/hard,no,
Jupiter square your North Node,jupiter,north-node,square,authored/transit-aspect/jupiter/north-node/square,empty_exact,0,0,,authored/transit-aspect/jupiter/north-node/hard,no,
Jupiter trine your North Node,jupiter,north-node,trine,authored/transit-aspect/jupiter/north-node/trine,empty_exact,0,0,,authored/transit-aspect/jupiter/north-node/soft,no,
Jupiter sextile your North Node,jupiter,north-node,sextile,authored/transit-aspect/jupiter/north-node/sextile,empty_exact,0,0,,authored/transit-aspect/jupiter/north-node/soft,no,
Jupiter conjunction your South Node,jupiter,south-node,conjunction,authored/transit-aspect/jupiter/south-node/conjunction,exact_you_and_friend,104,104,approved,authored/transit-aspect/jupiter/south-node/hard,no,
Jupiter opposition your South Node,jupiter,south-node,opposition,authored/transit-aspect/jupiter/south-node/opposition,empty_exact,0,0,,authored/transit-aspect/jupiter/south-node/hard,no,
Jupiter square your South Node,jupiter,south-node,square,authored/transit-aspect/jupiter/south-node/square,empty_exact,0,0,,authored/transit-aspect/jupiter/south-node/hard,no,
Jupiter trine your South Node,jupiter,south-node,trine,authored/transit-aspect/jupiter/south-node/trine,empty_exact,0,0,,authored/transit-aspect/jupiter/south-node/soft,no,
Jupiter sextile your South Node,jupiter,south-node,sextile,authored/transit-aspect/jupiter/south-node/sextile,empty_exact,0,0,,authored/transit-aspect/jupiter/south-node/soft,no,
Jupiter conjunction your Lilith,jupiter,lilith,conjunction,authored/transit-aspect/jupiter/lilith/conjunction,empty_exact,0,0,,authored/transit-aspect/jupiter/lilith/hard,yes,approved
Jupiter opposition your Lilith,jupiter,lilith,opposition,authored/transit-aspect/jupiter/lilith/opposition,empty_exact,0,0,,authored/transit-aspect/jupiter/lilith/hard,yes,approved
Jupiter conjunction your Ascendant,jupiter,ascendant,conjunction,authored/transit-aspect/jupiter/ascendant/conjunction,empty_exact,0,0,,authored/transit-aspect/jupiter/ascendant/hard,yes,approved
Jupiter opposition your Ascendant,jupiter,ascendant,opposition,authored/transit-aspect/jupiter/ascendant/opposition,empty_exact,0,0,,authored/transit-aspect/jupiter/ascendant/hard,yes,approved
Jupiter square your Ascendant,jupiter,ascendant,square,authored/transit-aspect/jupiter/ascendant/square,empty_exact,0,0,,authored/transit-aspect/jupiter/ascendant/hard,yes,approved
Jupiter trine your Ascendant,jupiter,ascendant,trine,authored/transit-aspect/jupiter/ascendant/trine,empty_exact,0,0,,authored/transit-aspect/jupiter/ascendant/soft,yes,approved
Jupiter sextile your Ascendant,jupiter,ascendant,sextile,authored/transit-aspect/jupiter/ascendant/sextile,empty_exact,0,0,,authored/transit-aspect/jupiter/ascendant/soft,yes,approved
Jupiter conjunction your Midheaven,jupiter,midheaven,conjunction,authored/transit-aspect/jupiter/midheaven/conjunction,empty_exact,0,0,,authored/transit-aspect/jupiter/midheaven/hard,yes,approved
Jupiter opposition your Midheaven,jupiter,midheaven,opposition,authored/transit-aspect/jupiter/midheaven/opposition,empty_exact,0,0,,authored/transit-aspect/jupiter/midheaven/hard,yes,approved
Jupiter square your Midheaven,jupiter,midheaven,square,authored/transit-aspect/jupiter/midheaven/square,empty_exact,0,0,,authored/transit-aspect/jupiter/midheaven/hard,yes,approved
Jupiter trine your Midheaven,jupiter,midheaven,trine,authored/transit-aspect/jupiter/midheaven/trine,empty_exact,0,0,,authored/transit-aspect/jupiter/midheaven/soft,yes,approved
Jupiter sextile your Midheaven,jupiter,midheaven,sextile,authored/transit-aspect/jupiter/midheaven/sextile,empty_exact,0,0,,authored/transit-aspect/jupiter/midheaven/soft,yes,approved
Jupiter conjunction your Descendant,jupiter,descendant,conjunction,authored/transit-aspect/jupiter/descendant/conjunction,empty_exact,0,0,,authored/transit-aspect/jupiter/descendant/hard,no,
Jupiter opposition your Descendant,jupiter,descendant,opposition,authored/transit-aspect/jupiter/descendant/opposition,empty_exact,0,0,,authored/transit-aspect/jupiter/descendant/hard,no,
Jupiter square your Descendant,jupiter,descendant,square,authored/transit-aspect/jupiter/descendant/square,empty_exact,0,0,,authored/transit-aspect/jupiter/descendant/hard,no,
Jupiter trine your Descendant,jupiter,descendant,trine,authored/transit-aspect/jupiter/descendant/trine,exact_you_and_friend,90,90,approved,authored/transit-aspect/jupiter/descendant/soft,no,
Jupiter sextile your Descendant,jupiter,descendant,sextile,authored/transit-aspect/jupiter/descendant/sextile,empty_exact,0,0,,authored/transit-aspect/jupiter/descendant/soft,no,
Jupiter conjunction your Imum Coeli,jupiter,imum-coeli,conjunction,authored/transit-aspect/jupiter/imum-coeli/conjunction,empty_exact,0,0,,authored/transit-aspect/jupiter/imum-coeli/hard,no,
Jupiter opposition your Imum Coeli,jupiter,imum-coeli,opposition,authored/transit-aspect/jupiter/imum-coeli/opposition,empty_exact,0,0,,authored/transit-aspect/jupiter/imum-coeli/hard,no,
Jupiter square your Imum Coeli,jupiter,imum-coeli,square,authored/transit-aspect/jupiter/imum-coeli/square,empty_exact,0,0,,authored/transit-aspect/jupiter/imum-coeli/hard,no,
Jupiter trine your Imum Coeli,jupiter,imum-coeli,trine,authored/transit-aspect/jupiter/imum-coeli/trine,empty_exact,0,0,,authored/transit-aspect/jupiter/imum-coeli/soft,no,
Jupiter sextile your Imum Coeli,jupiter,imum-coeli,sextile,authored/transit-aspect/jupiter/imum-coeli/sextile,empty_exact,0,0,,authored/transit-aspect/jupiter/imum-coeli/soft,no,
Saturn conjunction your Sun,saturn,sun,conjunction,authored/transit-aspect/saturn/sun/conjunction,empty_exact,0,0,,authored/transit-aspect/saturn/sun/hard,yes,approved
Saturn opposition your Sun,saturn,sun,opposition,authored/transit-aspect/saturn/sun/opposition,empty_exact,0,0,,authored/transit-aspect/saturn/sun/hard,yes,approved
Saturn square your Sun,saturn,sun,square,authored/transit-aspect/saturn/sun/square,empty_exact,0,0,,authored/transit-aspect/saturn/sun/hard,yes,approved
Saturn trine your Sun,saturn,sun,trine,authored/transit-aspect/saturn/sun/trine,empty_exact,0,0,,authored/transit-aspect/saturn/sun/soft,yes,approved
Saturn sextile your Sun,saturn,sun,sextile,authored/transit-aspect/saturn/sun/sextile,empty_exact,0,0,,authored/transit-aspect/saturn/sun/soft,yes,approved
Saturn conjunction your Moon,saturn,moon,conjunction,authored/transit-aspect/saturn/moon/conjunction,empty_exact,0,0,,authored/transit-aspect/saturn/moon/hard,yes,approved
Saturn opposition your Moon,saturn,moon,opposition,authored/transit-aspect/saturn/moon/opposition,empty_exact,0,0,,authored/transit-aspect/saturn/moon/hard,yes,approved
Saturn square your Moon,saturn,moon,square,authored/transit-aspect/saturn/moon/square,empty_exact,0,0,,authored/transit-aspect/saturn/moon/hard,yes,approved
Saturn trine your Moon,saturn,moon,trine,authored/transit-aspect/saturn/moon/trine,empty_exact,0,0,,authored/transit-aspect/saturn/moon/soft,yes,approved
Saturn sextile your Moon,saturn,moon,sextile,authored/transit-aspect/saturn/moon/sextile,empty_exact,0,0,,authored/transit-aspect/saturn/moon/soft,yes,approved
Saturn conjunction your Mercury,saturn,mercury,conjunction,authored/transit-aspect/saturn/mercury/conjunction,empty_exact,0,0,,authored/transit-aspect/saturn/mercury/hard,yes,approved
Saturn opposition your Mercury,saturn,mercury,opposition,authored/transit-aspect/saturn/mercury/opposition,empty_exact,0,0,,authored/transit-aspect/saturn/mercury/hard,yes,approved
Saturn square your Mercury,saturn,mercury,square,authored/transit-aspect/saturn/mercury/square,empty_exact,0,0,,authored/transit-aspect/saturn/mercury/hard,yes,approved
Saturn trine your Mercury,saturn,mercury,trine,authored/transit-aspect/saturn/mercury/trine,empty_exact,0,0,,authored/transit-aspect/saturn/mercury/soft,yes,approved
Saturn sextile your Mercury,saturn,mercury,sextile,authored/transit-aspect/saturn/mercury/sextile,empty_exact,0,0,,authored/transit-aspect/saturn/mercury/soft,yes,approved
Saturn conjunction your Venus,saturn,venus,conjunction,authored/transit-aspect/saturn/venus/conjunction,empty_exact,0,0,,authored/transit-aspect/saturn/venus/hard,yes,approved
Saturn opposition your Venus,saturn,venus,opposition,authored/transit-aspect/saturn/venus/opposition,empty_exact,0,0,,authored/transit-aspect/saturn/venus/hard,yes,approved
Saturn square your Venus,saturn,venus,square,authored/transit-aspect/saturn/venus/square,exact_you_and_friend,96,96,approved,authored/transit-aspect/saturn/venus/hard,yes,approved
Saturn trine your Venus,saturn,venus,trine,authored/transit-aspect/saturn/venus/trine,empty_exact,0,0,,authored/transit-aspect/saturn/venus/soft,yes,approved
Saturn sextile your Venus,saturn,venus,sextile,authored/transit-aspect/saturn/venus/sextile,empty_exact,0,0,,authored/transit-aspect/saturn/venus/soft,yes,approved
Saturn conjunction your Mars,saturn,mars,conjunction,authored/transit-aspect/saturn/mars/conjunction,empty_exact,0,0,,authored/transit-aspect/saturn/mars/hard,yes,approved
Saturn opposition your Mars,saturn,mars,opposition,authored/transit-aspect/saturn/mars/opposition,empty_exact,0,0,,authored/transit-aspect/saturn/mars/hard,yes,approved
Saturn square your Mars,saturn,mars,square,authored/transit-aspect/saturn/mars/square,empty_exact,0,0,,authored/transit-aspect/saturn/mars/hard,yes,approved
Saturn trine your Mars,saturn,mars,trine,authored/transit-aspect/saturn/mars/trine,empty_exact,0,0,,authored/transit-aspect/saturn/mars/soft,yes,approved
Saturn sextile your Mars,saturn,mars,sextile,authored/transit-aspect/saturn/mars/sextile,empty_exact,0,0,,authored/transit-aspect/saturn/mars/soft,yes,approved
Saturn conjunction your Jupiter,saturn,jupiter,conjunction,authored/transit-aspect/saturn/jupiter/conjunction,empty_exact,0,0,,authored/transit-aspect/saturn/jupiter/hard,yes,approved
Saturn opposition your Jupiter,saturn,jupiter,opposition,authored/transit-aspect/saturn/jupiter/opposition,empty_exact,0,0,,authored/transit-aspect/saturn/jupiter/hard,yes,approved
Saturn square your Jupiter,saturn,jupiter,square,authored/transit-aspect/saturn/jupiter/square,empty_exact,0,0,,authored/transit-aspect/saturn/jupiter/hard,yes,approved
Saturn trine your Jupiter,saturn,jupiter,trine,authored/transit-aspect/saturn/jupiter/trine,empty_exact,0,0,,authored/transit-aspect/saturn/jupiter/soft,yes,approved
Saturn sextile your Jupiter,saturn,jupiter,sextile,authored/transit-aspect/saturn/jupiter/sextile,empty_exact,0,0,,authored/transit-aspect/saturn/jupiter/soft,yes,approved
Saturn return,saturn,saturn,conjunction (return),authored/transit-return/saturn,exact_you_only,74,0,approved,,,
Saturn opposition your Saturn,saturn,saturn,opposition,authored/transit-aspect/saturn/saturn/opposition,empty_exact,0,0,,authored/transit-aspect/saturn/saturn/hard,yes,approved
Saturn square your Saturn,saturn,saturn,square,authored/transit-aspect/saturn/saturn/square,empty_exact,0,0,,authored/transit-aspect/saturn/saturn/hard,yes,approved
Saturn trine your Saturn,saturn,saturn,trine,authored/transit-aspect/saturn/saturn/trine,empty_exact,0,0,,authored/transit-aspect/saturn/saturn/soft,yes,approved
Saturn sextile your Saturn,saturn,saturn,sextile,authored/transit-aspect/saturn/saturn/sextile,empty_exact,0,0,,authored/transit-aspect/saturn/saturn/soft,yes,approved
Saturn conjunction your Uranus,saturn,uranus,conjunction,authored/transit-aspect/saturn/uranus/conjunction,empty_exact,0,0,,authored/transit-aspect/saturn/uranus/hard,yes,approved
Saturn opposition your Uranus,saturn,uranus,opposition,authored/transit-aspect/saturn/uranus/opposition,empty_exact,0,0,,authored/transit-aspect/saturn/uranus/hard,yes,approved
Saturn square your Uranus,saturn,uranus,square,authored/transit-aspect/saturn/uranus/square,empty_exact,0,0,,authored/transit-aspect/saturn/uranus/hard,yes,approved
Saturn trine your Uranus,saturn,uranus,trine,authored/transit-aspect/saturn/uranus/trine,empty_exact,0,0,,authored/transit-aspect/saturn/uranus/soft,yes,approved
Saturn sextile your Uranus,saturn,uranus,sextile,authored/transit-aspect/saturn/uranus/sextile,empty_exact,0,0,,authored/transit-aspect/saturn/uranus/soft,yes,approved
Saturn conjunction your Neptune,saturn,neptune,conjunction,authored/transit-aspect/saturn/neptune/conjunction,empty_exact,0,0,,authored/transit-aspect/saturn/neptune/hard,yes,approved
Saturn opposition your Neptune,saturn,neptune,opposition,authored/transit-aspect/saturn/neptune/opposition,empty_exact,0,0,,authored/transit-aspect/saturn/neptune/hard,yes,approved
Saturn square your Neptune,saturn,neptune,square,authored/transit-aspect/saturn/neptune/square,empty_exact,0,0,,authored/transit-aspect/saturn/neptune/hard,yes,approved
Saturn trine your Neptune,saturn,neptune,trine,authored/transit-aspect/saturn/neptune/trine,empty_exact,0,0,,authored/transit-aspect/saturn/neptune/soft,yes,approved
Saturn sextile your Neptune,saturn,neptune,sextile,authored/transit-aspect/saturn/neptune/sextile,empty_exact,0,0,,authored/transit-aspect/saturn/neptune/soft,yes,approved
Saturn conjunction your Pluto,saturn,pluto,conjunction,authored/transit-aspect/saturn/pluto/conjunction,empty_exact,0,0,,authored/transit-aspect/saturn/pluto/hard,yes,approved
Saturn opposition your Pluto,saturn,pluto,opposition,authored/transit-aspect/saturn/pluto/opposition,empty_exact,0,0,,authored/transit-aspect/saturn/pluto/hard,yes,approved
Saturn square your Pluto,saturn,pluto,square,authored/transit-aspect/saturn/pluto/square,empty_exact,0,0,,authored/transit-aspect/saturn/pluto/hard,yes,approved
Saturn trine your Pluto,saturn,pluto,trine,authored/transit-aspect/saturn/pluto/trine,empty_exact,0,0,,authored/transit-aspect/saturn/pluto/soft,yes,approved
Saturn sextile your Pluto,saturn,pluto,sextile,authored/transit-aspect/saturn/pluto/sextile,empty_exact,0,0,,authored/transit-aspect/saturn/pluto/soft,yes,approved
Saturn conjunction your Chiron,saturn,chiron,conjunction,authored/transit-aspect/saturn/chiron/conjunction,empty_exact,0,0,,authored/transit-aspect/saturn/chiron/hard,no,
Saturn opposition your Chiron,saturn,chiron,opposition,authored/transit-aspect/saturn/chiron/opposition,empty_exact,0,0,,authored/transit-aspect/saturn/chiron/hard,no,
Saturn square your Chiron,saturn,chiron,square,authored/transit-aspect/saturn/chiron/square,empty_exact,0,0,,authored/transit-aspect/saturn/chiron/hard,no,
Saturn trine your Chiron,saturn,chiron,trine,authored/transit-aspect/saturn/chiron/trine,empty_exact,0,0,,authored/transit-aspect/saturn/chiron/soft,no,
Saturn sextile your Chiron,saturn,chiron,sextile,authored/transit-aspect/saturn/chiron/sextile,empty_exact,0,0,,authored/transit-aspect/saturn/chiron/soft,no,
Saturn conjunction your North Node,saturn,north-node,conjunction,authored/transit-aspect/saturn/north-node/conjunction,exact_you_and_friend,95,95,approved,authored/transit-aspect/saturn/north-node/hard,no,
Saturn opposition your North Node,saturn,north-node,opposition,authored/transit-aspect/saturn/north-node/opposition,empty_exact,0,0,,authored/transit-aspect/saturn/north-node/hard,no,
Saturn square your North Node,saturn,north-node,square,authored/transit-aspect/saturn/north-node/square,empty_exact,0,0,,authored/transit-aspect/saturn/north-node/hard,no,
Saturn trine your North Node,saturn,north-node,trine,authored/transit-aspect/saturn/north-node/trine,empty_exact,0,0,,authored/transit-aspect/saturn/north-node/soft,no,
Saturn sextile your North Node,saturn,north-node,sextile,authored/transit-aspect/saturn/north-node/sextile,empty_exact,0,0,,authored/transit-aspect/saturn/north-node/soft,no,
Saturn conjunction your South Node,saturn,south-node,conjunction,authored/transit-aspect/saturn/south-node/conjunction,exact_you_and_friend,103,103,approved,authored/transit-aspect/saturn/south-node/hard,no,
Saturn opposition your South Node,saturn,south-node,opposition,authored/transit-aspect/saturn/south-node/opposition,empty_exact,0,0,,authored/transit-aspect/saturn/south-node/hard,no,
Saturn square your South Node,saturn,south-node,square,authored/transit-aspect/saturn/south-node/square,empty_exact,0,0,,authored/transit-aspect/saturn/south-node/hard,no,
Saturn trine your South Node,saturn,south-node,trine,authored/transit-aspect/saturn/south-node/trine,empty_exact,0,0,,authored/transit-aspect/saturn/south-node/soft,no,
Saturn sextile your South Node,saturn,south-node,sextile,authored/transit-aspect/saturn/south-node/sextile,empty_exact,0,0,,authored/transit-aspect/saturn/south-node/soft,no,
Saturn conjunction your Lilith,saturn,lilith,conjunction,authored/transit-aspect/saturn/lilith/conjunction,empty_exact,0,0,,authored/transit-aspect/saturn/lilith/hard,yes,approved
Saturn opposition your Lilith,saturn,lilith,opposition,authored/transit-aspect/saturn/lilith/opposition,empty_exact,0,0,,authored/transit-aspect/saturn/lilith/hard,yes,approved
Saturn conjunction your Ascendant,saturn,ascendant,conjunction,authored/transit-aspect/saturn/ascendant/conjunction,empty_exact,0,0,,authored/transit-aspect/saturn/ascendant/hard,yes,approved
Saturn opposition your Ascendant,saturn,ascendant,opposition,authored/transit-aspect/saturn/ascendant/opposition,empty_exact,0,0,,authored/transit-aspect/saturn/ascendant/hard,yes,approved
Saturn square your Ascendant,saturn,ascendant,square,authored/transit-aspect/saturn/ascendant/square,empty_exact,0,0,,authored/transit-aspect/saturn/ascendant/hard,yes,approved
Saturn trine your Ascendant,saturn,ascendant,trine,authored/transit-aspect/saturn/ascendant/trine,empty_exact,0,0,,authored/transit-aspect/saturn/ascendant/soft,yes,approved
Saturn sextile your Ascendant,saturn,ascendant,sextile,authored/transit-aspect/saturn/ascendant/sextile,empty_exact,0,0,,authored/transit-aspect/saturn/ascendant/soft,yes,approved
Saturn conjunction your Midheaven,saturn,midheaven,conjunction,authored/transit-aspect/saturn/midheaven/conjunction,empty_exact,0,0,,authored/transit-aspect/saturn/midheaven/hard,yes,approved
Saturn opposition your Midheaven,saturn,midheaven,opposition,authored/transit-aspect/saturn/midheaven/opposition,empty_exact,0,0,,authored/transit-aspect/saturn/midheaven/hard,yes,approved
Saturn square your Midheaven,saturn,midheaven,square,authored/transit-aspect/saturn/midheaven/square,empty_exact,0,0,,authored/transit-aspect/saturn/midheaven/hard,yes,approved
Saturn trine your Midheaven,saturn,midheaven,trine,authored/transit-aspect/saturn/midheaven/trine,empty_exact,0,0,,authored/transit-aspect/saturn/midheaven/soft,yes,approved
Saturn sextile your Midheaven,saturn,midheaven,sextile,authored/transit-aspect/saturn/midheaven/sextile,empty_exact,0,0,,authored/transit-aspect/saturn/midheaven/soft,yes,approved
Saturn conjunction your Descendant,saturn,descendant,conjunction,authored/transit-aspect/saturn/descendant/conjunction,empty_exact,0,0,,authored/transit-aspect/saturn/descendant/hard,no,
Saturn opposition your Descendant,saturn,descendant,opposition,authored/transit-aspect/saturn/descendant/opposition,empty_exact,0,0,,authored/transit-aspect/saturn/descendant/hard,no,
Saturn square your Descendant,saturn,descendant,square,authored/transit-aspect/saturn/descendant/square,empty_exact,0,0,,authored/transit-aspect/saturn/descendant/hard,no,
Saturn trine your Descendant,saturn,descendant,trine,authored/transit-aspect/saturn/descendant/trine,empty_exact,0,0,,authored/transit-aspect/saturn/descendant/soft,no,
Saturn sextile your Descendant,saturn,descendant,sextile,authored/transit-aspect/saturn/descendant/sextile,empty_exact,0,0,,authored/transit-aspect/saturn/descendant/soft,no,
Saturn conjunction your Imum Coeli,saturn,imum-coeli,conjunction,authored/transit-aspect/saturn/imum-coeli/conjunction,empty_exact,0,0,,authored/transit-aspect/saturn/imum-coeli/hard,no,
Saturn opposition your Imum Coeli,saturn,imum-coeli,opposition,authored/transit-aspect/saturn/imum-coeli/opposition,empty_exact,0,0,,authored/transit-aspect/saturn/imum-coeli/hard,no,
Saturn square your Imum Coeli,saturn,imum-coeli,square,authored/transit-aspect/saturn/imum-coeli/square,empty_exact,0,0,,authored/transit-aspect/saturn/imum-coeli/hard,no,
Saturn trine your Imum Coeli,saturn,imum-coeli,trine,authored/transit-aspect/saturn/imum-coeli/trine,empty_exact,0,0,,authored/transit-aspect/saturn/imum-coeli/soft,no,
Saturn sextile your Imum Coeli,saturn,imum-coeli,sextile,authored/transit-aspect/saturn/imum-coeli/sextile,empty_exact,0,0,,authored/transit-aspect/saturn/imum-coeli/soft,no,
Uranus conjunction your Sun,uranus,sun,conjunction,authored/transit-aspect/uranus/sun/conjunction,empty_exact,0,0,,authored/transit-aspect/uranus/sun/hard,yes,approved
Uranus opposition your Sun,uranus,sun,opposition,authored/transit-aspect/uranus/sun/opposition,empty_exact,0,0,,authored/transit-aspect/uranus/sun/hard,yes,approved
Uranus square your Sun,uranus,sun,square,authored/transit-aspect/uranus/sun/square,empty_exact,0,0,,authored/transit-aspect/uranus/sun/hard,yes,approved
Uranus trine your Sun,uranus,sun,trine,authored/transit-aspect/uranus/sun/trine,empty_exact,0,0,,authored/transit-aspect/uranus/sun/soft,yes,approved
Uranus sextile your Sun,uranus,sun,sextile,authored/transit-aspect/uranus/sun/sextile,empty_exact,0,0,,authored/transit-aspect/uranus/sun/soft,yes,approved
Uranus conjunction your Moon,uranus,moon,conjunction,authored/transit-aspect/uranus/moon/conjunction,empty_exact,0,0,,authored/transit-aspect/uranus/moon/hard,yes,approved
Uranus opposition your Moon,uranus,moon,opposition,authored/transit-aspect/uranus/moon/opposition,empty_exact,0,0,,authored/transit-aspect/uranus/moon/hard,yes,approved
Uranus square your Moon,uranus,moon,square,authored/transit-aspect/uranus/moon/square,empty_exact,0,0,,authored/transit-aspect/uranus/moon/hard,yes,approved
Uranus trine your Moon,uranus,moon,trine,authored/transit-aspect/uranus/moon/trine,empty_exact,0,0,,authored/transit-aspect/uranus/moon/soft,yes,approved
Uranus sextile your Moon,uranus,moon,sextile,authored/transit-aspect/uranus/moon/sextile,empty_exact,0,0,,authored/transit-aspect/uranus/moon/soft,yes,approved
Uranus conjunction your Mercury,uranus,mercury,conjunction,authored/transit-aspect/uranus/mercury/conjunction,empty_exact,0,0,,authored/transit-aspect/uranus/mercury/hard,yes,approved
Uranus opposition your Mercury,uranus,mercury,opposition,authored/transit-aspect/uranus/mercury/opposition,empty_exact,0,0,,authored/transit-aspect/uranus/mercury/hard,yes,approved
Uranus square your Mercury,uranus,mercury,square,authored/transit-aspect/uranus/mercury/square,empty_exact,0,0,,authored/transit-aspect/uranus/mercury/hard,yes,approved
Uranus trine your Mercury,uranus,mercury,trine,authored/transit-aspect/uranus/mercury/trine,empty_exact,0,0,,authored/transit-aspect/uranus/mercury/soft,yes,approved
Uranus sextile your Mercury,uranus,mercury,sextile,authored/transit-aspect/uranus/mercury/sextile,empty_exact,0,0,,authored/transit-aspect/uranus/mercury/soft,yes,approved
Uranus conjunction your Venus,uranus,venus,conjunction,authored/transit-aspect/uranus/venus/conjunction,empty_exact,0,0,,authored/transit-aspect/uranus/venus/hard,yes,approved
Uranus opposition your Venus,uranus,venus,opposition,authored/transit-aspect/uranus/venus/opposition,empty_exact,0,0,,authored/transit-aspect/uranus/venus/hard,yes,approved
Uranus square your Venus,uranus,venus,square,authored/transit-aspect/uranus/venus/square,empty_exact,0,0,,authored/transit-aspect/uranus/venus/hard,yes,approved
Uranus trine your Venus,uranus,venus,trine,authored/transit-aspect/uranus/venus/trine,empty_exact,0,0,,authored/transit-aspect/uranus/venus/soft,yes,approved
Uranus sextile your Venus,uranus,venus,sextile,authored/transit-aspect/uranus/venus/sextile,empty_exact,0,0,,authored/transit-aspect/uranus/venus/soft,yes,approved
Uranus conjunction your Mars,uranus,mars,conjunction,authored/transit-aspect/uranus/mars/conjunction,empty_exact,0,0,,authored/transit-aspect/uranus/mars/hard,yes,approved
Uranus opposition your Mars,uranus,mars,opposition,authored/transit-aspect/uranus/mars/opposition,empty_exact,0,0,,authored/transit-aspect/uranus/mars/hard,yes,approved
Uranus square your Mars,uranus,mars,square,authored/transit-aspect/uranus/mars/square,empty_exact,0,0,,authored/transit-aspect/uranus/mars/hard,yes,approved
Uranus trine your Mars,uranus,mars,trine,authored/transit-aspect/uranus/mars/trine,empty_exact,0,0,,authored/transit-aspect/uranus/mars/soft,yes,approved
Uranus sextile your Mars,uranus,mars,sextile,authored/transit-aspect/uranus/mars/sextile,empty_exact,0,0,,authored/transit-aspect/uranus/mars/soft,yes,approved
Uranus conjunction your Jupiter,uranus,jupiter,conjunction,authored/transit-aspect/uranus/jupiter/conjunction,empty_exact,0,0,,authored/transit-aspect/uranus/jupiter/hard,yes,approved
Uranus opposition your Jupiter,uranus,jupiter,opposition,authored/transit-aspect/uranus/jupiter/opposition,empty_exact,0,0,,authored/transit-aspect/uranus/jupiter/hard,yes,approved
Uranus square your Jupiter,uranus,jupiter,square,authored/transit-aspect/uranus/jupiter/square,empty_exact,0,0,,authored/transit-aspect/uranus/jupiter/hard,yes,approved
Uranus trine your Jupiter,uranus,jupiter,trine,authored/transit-aspect/uranus/jupiter/trine,empty_exact,0,0,,authored/transit-aspect/uranus/jupiter/soft,yes,approved
Uranus sextile your Jupiter,uranus,jupiter,sextile,authored/transit-aspect/uranus/jupiter/sextile,empty_exact,0,0,,authored/transit-aspect/uranus/jupiter/soft,yes,approved
Uranus conjunction your Saturn,uranus,saturn,conjunction,authored/transit-aspect/uranus/saturn/conjunction,empty_exact,0,0,,authored/transit-aspect/uranus/saturn/hard,yes,approved
Uranus opposition your Saturn,uranus,saturn,opposition,authored/transit-aspect/uranus/saturn/opposition,empty_exact,0,0,,authored/transit-aspect/uranus/saturn/hard,yes,approved
Uranus square your Saturn,uranus,saturn,square,authored/transit-aspect/uranus/saturn/square,empty_exact,0,0,,authored/transit-aspect/uranus/saturn/hard,yes,approved
Uranus trine your Saturn,uranus,saturn,trine,authored/transit-aspect/uranus/saturn/trine,empty_exact,0,0,,authored/transit-aspect/uranus/saturn/soft,yes,approved
Uranus sextile your Saturn,uranus,saturn,sextile,authored/transit-aspect/uranus/saturn/sextile,empty_exact,0,0,,authored/transit-aspect/uranus/saturn/soft,yes,approved
Uranus return,uranus,uranus,conjunction (return),authored/transit-return/uranus,empty_exact,0,0,,,,
Uranus opposition your Uranus,uranus,uranus,opposition,authored/transit-aspect/uranus/uranus/opposition,empty_exact,0,0,,authored/transit-aspect/uranus/uranus/hard,yes,approved
Uranus square your Uranus,uranus,uranus,square,authored/transit-aspect/uranus/uranus/square,empty_exact,0,0,,authored/transit-aspect/uranus/uranus/hard,yes,approved
Uranus trine your Uranus,uranus,uranus,trine,authored/transit-aspect/uranus/uranus/trine,empty_exact,0,0,,authored/transit-aspect/uranus/uranus/soft,yes,approved
Uranus sextile your Uranus,uranus,uranus,sextile,authored/transit-aspect/uranus/uranus/sextile,empty_exact,0,0,,authored/transit-aspect/uranus/uranus/soft,yes,approved
Uranus conjunction your Neptune,uranus,neptune,conjunction,authored/transit-aspect/uranus/neptune/conjunction,empty_exact,0,0,,authored/transit-aspect/uranus/neptune/hard,yes,approved
Uranus opposition your Neptune,uranus,neptune,opposition,authored/transit-aspect/uranus/neptune/opposition,empty_exact,0,0,,authored/transit-aspect/uranus/neptune/hard,yes,approved
Uranus square your Neptune,uranus,neptune,square,authored/transit-aspect/uranus/neptune/square,empty_exact,0,0,,authored/transit-aspect/uranus/neptune/hard,yes,approved
Uranus trine your Neptune,uranus,neptune,trine,authored/transit-aspect/uranus/neptune/trine,empty_exact,0,0,,authored/transit-aspect/uranus/neptune/soft,yes,approved
Uranus sextile your Neptune,uranus,neptune,sextile,authored/transit-aspect/uranus/neptune/sextile,empty_exact,0,0,,authored/transit-aspect/uranus/neptune/soft,yes,approved
Uranus conjunction your Pluto,uranus,pluto,conjunction,authored/transit-aspect/uranus/pluto/conjunction,empty_exact,0,0,,authored/transit-aspect/uranus/pluto/hard,yes,approved
Uranus opposition your Pluto,uranus,pluto,opposition,authored/transit-aspect/uranus/pluto/opposition,empty_exact,0,0,,authored/transit-aspect/uranus/pluto/hard,yes,approved
Uranus square your Pluto,uranus,pluto,square,authored/transit-aspect/uranus/pluto/square,empty_exact,0,0,,authored/transit-aspect/uranus/pluto/hard,yes,approved
Uranus trine your Pluto,uranus,pluto,trine,authored/transit-aspect/uranus/pluto/trine,empty_exact,0,0,,authored/transit-aspect/uranus/pluto/soft,yes,approved
Uranus sextile your Pluto,uranus,pluto,sextile,authored/transit-aspect/uranus/pluto/sextile,empty_exact,0,0,,authored/transit-aspect/uranus/pluto/soft,yes,approved
Uranus conjunction your Chiron,uranus,chiron,conjunction,authored/transit-aspect/uranus/chiron/conjunction,empty_exact,0,0,,authored/transit-aspect/uranus/chiron/hard,no,
Uranus opposition your Chiron,uranus,chiron,opposition,authored/transit-aspect/uranus/chiron/opposition,empty_exact,0,0,,authored/transit-aspect/uranus/chiron/hard,no,
Uranus square your Chiron,uranus,chiron,square,authored/transit-aspect/uranus/chiron/square,empty_exact,0,0,,authored/transit-aspect/uranus/chiron/hard,no,
Uranus trine your Chiron,uranus,chiron,trine,authored/transit-aspect/uranus/chiron/trine,empty_exact,0,0,,authored/transit-aspect/uranus/chiron/soft,no,
Uranus sextile your Chiron,uranus,chiron,sextile,authored/transit-aspect/uranus/chiron/sextile,empty_exact,0,0,,authored/transit-aspect/uranus/chiron/soft,no,
Uranus conjunction your North Node,uranus,north-node,conjunction,authored/transit-aspect/uranus/north-node/conjunction,exact_you_and_friend,99,99,approved,authored/transit-aspect/uranus/north-node/hard,no,
Uranus opposition your North Node,uranus,north-node,opposition,authored/transit-aspect/uranus/north-node/opposition,empty_exact,0,0,,authored/transit-aspect/uranus/north-node/hard,no,
Uranus square your North Node,uranus,north-node,square,authored/transit-aspect/uranus/north-node/square,empty_exact,0,0,,authored/transit-aspect/uranus/north-node/hard,no,
Uranus trine your North Node,uranus,north-node,trine,authored/transit-aspect/uranus/north-node/trine,empty_exact,0,0,,authored/transit-aspect/uranus/north-node/soft,no,
Uranus sextile your North Node,uranus,north-node,sextile,authored/transit-aspect/uranus/north-node/sextile,empty_exact,0,0,,authored/transit-aspect/uranus/north-node/soft,no,
Uranus conjunction your South Node,uranus,south-node,conjunction,authored/transit-aspect/uranus/south-node/conjunction,exact_you_and_friend,107,107,approved,authored/transit-aspect/uranus/south-node/hard,no,
Uranus opposition your South Node,uranus,south-node,opposition,authored/transit-aspect/uranus/south-node/opposition,empty_exact,0,0,,authored/transit-aspect/uranus/south-node/hard,no,
Uranus square your South Node,uranus,south-node,square,authored/transit-aspect/uranus/south-node/square,empty_exact,0,0,,authored/transit-aspect/uranus/south-node/hard,no,
Uranus trine your South Node,uranus,south-node,trine,authored/transit-aspect/uranus/south-node/trine,empty_exact,0,0,,authored/transit-aspect/uranus/south-node/soft,no,
Uranus sextile your South Node,uranus,south-node,sextile,authored/transit-aspect/uranus/south-node/sextile,empty_exact,0,0,,authored/transit-aspect/uranus/south-node/soft,no,
Uranus conjunction your Lilith,uranus,lilith,conjunction,authored/transit-aspect/uranus/lilith/conjunction,empty_exact,0,0,,authored/transit-aspect/uranus/lilith/hard,yes,approved
Uranus opposition your Lilith,uranus,lilith,opposition,authored/transit-aspect/uranus/lilith/opposition,empty_exact,0,0,,authored/transit-aspect/uranus/lilith/hard,yes,approved
Uranus conjunction your Ascendant,uranus,ascendant,conjunction,authored/transit-aspect/uranus/ascendant/conjunction,empty_exact,0,0,,authored/transit-aspect/uranus/ascendant/hard,yes,approved
Uranus opposition your Ascendant,uranus,ascendant,opposition,authored/transit-aspect/uranus/ascendant/opposition,empty_exact,0,0,,authored/transit-aspect/uranus/ascendant/hard,yes,approved
Uranus square your Ascendant,uranus,ascendant,square,authored/transit-aspect/uranus/ascendant/square,empty_exact,0,0,,authored/transit-aspect/uranus/ascendant/hard,yes,approved
Uranus trine your Ascendant,uranus,ascendant,trine,authored/transit-aspect/uranus/ascendant/trine,empty_exact,0,0,,authored/transit-aspect/uranus/ascendant/soft,yes,approved
Uranus sextile your Ascendant,uranus,ascendant,sextile,authored/transit-aspect/uranus/ascendant/sextile,empty_exact,0,0,,authored/transit-aspect/uranus/ascendant/soft,yes,approved
Uranus conjunction your Midheaven,uranus,midheaven,conjunction,authored/transit-aspect/uranus/midheaven/conjunction,empty_exact,0,0,,authored/transit-aspect/uranus/midheaven/hard,yes,approved
Uranus opposition your Midheaven,uranus,midheaven,opposition,authored/transit-aspect/uranus/midheaven/opposition,empty_exact,0,0,,authored/transit-aspect/uranus/midheaven/hard,yes,approved
Uranus square your Midheaven,uranus,midheaven,square,authored/transit-aspect/uranus/midheaven/square,empty_exact,0,0,,authored/transit-aspect/uranus/midheaven/hard,yes,approved
Uranus trine your Midheaven,uranus,midheaven,trine,authored/transit-aspect/uranus/midheaven/trine,empty_exact,0,0,,authored/transit-aspect/uranus/midheaven/soft,yes,approved
Uranus sextile your Midheaven,uranus,midheaven,sextile,authored/transit-aspect/uranus/midheaven/sextile,empty_exact,0,0,,authored/transit-aspect/uranus/midheaven/soft,yes,approved
Uranus conjunction your Descendant,uranus,descendant,conjunction,authored/transit-aspect/uranus/descendant/conjunction,empty_exact,0,0,,authored/transit-aspect/uranus/descendant/hard,no,
Uranus opposition your Descendant,uranus,descendant,opposition,authored/transit-aspect/uranus/descendant/opposition,empty_exact,0,0,,authored/transit-aspect/uranus/descendant/hard,no,
Uranus square your Descendant,uranus,descendant,square,authored/transit-aspect/uranus/descendant/square,empty_exact,0,0,,authored/transit-aspect/uranus/descendant/hard,no,
Uranus trine your Descendant,uranus,descendant,trine,authored/transit-aspect/uranus/descendant/trine,empty_exact,0,0,,authored/transit-aspect/uranus/descendant/soft,no,
Uranus sextile your Descendant,uranus,descendant,sextile,authored/transit-aspect/uranus/descendant/sextile,empty_exact,0,0,,authored/transit-aspect/uranus/descendant/soft,no,
Uranus conjunction your Imum Coeli,uranus,imum-coeli,conjunction,authored/transit-aspect/uranus/imum-coeli/conjunction,empty_exact,0,0,,authored/transit-aspect/uranus/imum-coeli/hard,no,
Uranus opposition your Imum Coeli,uranus,imum-coeli,opposition,authored/transit-aspect/uranus/imum-coeli/opposition,empty_exact,0,0,,authored/transit-aspect/uranus/imum-coeli/hard,no,
Uranus square your Imum Coeli,uranus,imum-coeli,square,authored/transit-aspect/uranus/imum-coeli/square,empty_exact,0,0,,authored/transit-aspect/uranus/imum-coeli/hard,no,
Uranus trine your Imum Coeli,uranus,imum-coeli,trine,authored/transit-aspect/uranus/imum-coeli/trine,empty_exact,0,0,,authored/transit-aspect/uranus/imum-coeli/soft,no,
Uranus sextile your Imum Coeli,uranus,imum-coeli,sextile,authored/transit-aspect/uranus/imum-coeli/sextile,empty_exact,0,0,,authored/transit-aspect/uranus/imum-coeli/soft,no,
Neptune conjunction your Sun,neptune,sun,conjunction,authored/transit-aspect/neptune/sun/conjunction,empty_exact,0,0,,authored/transit-aspect/neptune/sun/hard,yes,approved
Neptune opposition your Sun,neptune,sun,opposition,authored/transit-aspect/neptune/sun/opposition,empty_exact,0,0,,authored/transit-aspect/neptune/sun/hard,yes,approved
Neptune square your Sun,neptune,sun,square,authored/transit-aspect/neptune/sun/square,empty_exact,0,0,,authored/transit-aspect/neptune/sun/hard,yes,approved
Neptune trine your Sun,neptune,sun,trine,authored/transit-aspect/neptune/sun/trine,empty_exact,0,0,,authored/transit-aspect/neptune/sun/soft,yes,approved
Neptune sextile your Sun,neptune,sun,sextile,authored/transit-aspect/neptune/sun/sextile,empty_exact,0,0,,authored/transit-aspect/neptune/sun/soft,yes,approved
Neptune conjunction your Moon,neptune,moon,conjunction,authored/transit-aspect/neptune/moon/conjunction,empty_exact,0,0,,authored/transit-aspect/neptune/moon/hard,yes,approved
Neptune opposition your Moon,neptune,moon,opposition,authored/transit-aspect/neptune/moon/opposition,empty_exact,0,0,,authored/transit-aspect/neptune/moon/hard,yes,approved
Neptune square your Moon,neptune,moon,square,authored/transit-aspect/neptune/moon/square,empty_exact,0,0,,authored/transit-aspect/neptune/moon/hard,yes,approved
Neptune trine your Moon,neptune,moon,trine,authored/transit-aspect/neptune/moon/trine,empty_exact,0,0,,authored/transit-aspect/neptune/moon/soft,yes,approved
Neptune sextile your Moon,neptune,moon,sextile,authored/transit-aspect/neptune/moon/sextile,empty_exact,0,0,,authored/transit-aspect/neptune/moon/soft,yes,approved
Neptune conjunction your Mercury,neptune,mercury,conjunction,authored/transit-aspect/neptune/mercury/conjunction,empty_exact,0,0,,authored/transit-aspect/neptune/mercury/hard,yes,approved
Neptune opposition your Mercury,neptune,mercury,opposition,authored/transit-aspect/neptune/mercury/opposition,empty_exact,0,0,,authored/transit-aspect/neptune/mercury/hard,yes,approved
Neptune square your Mercury,neptune,mercury,square,authored/transit-aspect/neptune/mercury/square,empty_exact,0,0,,authored/transit-aspect/neptune/mercury/hard,yes,approved
Neptune trine your Mercury,neptune,mercury,trine,authored/transit-aspect/neptune/mercury/trine,empty_exact,0,0,,authored/transit-aspect/neptune/mercury/soft,yes,approved
Neptune sextile your Mercury,neptune,mercury,sextile,authored/transit-aspect/neptune/mercury/sextile,empty_exact,0,0,,authored/transit-aspect/neptune/mercury/soft,yes,approved
Neptune conjunction your Venus,neptune,venus,conjunction,authored/transit-aspect/neptune/venus/conjunction,empty_exact,0,0,,authored/transit-aspect/neptune/venus/hard,yes,approved
Neptune opposition your Venus,neptune,venus,opposition,authored/transit-aspect/neptune/venus/opposition,empty_exact,0,0,,authored/transit-aspect/neptune/venus/hard,yes,approved
Neptune square your Venus,neptune,venus,square,authored/transit-aspect/neptune/venus/square,empty_exact,0,0,,authored/transit-aspect/neptune/venus/hard,yes,approved
Neptune trine your Venus,neptune,venus,trine,authored/transit-aspect/neptune/venus/trine,empty_exact,0,0,,authored/transit-aspect/neptune/venus/soft,yes,approved
Neptune sextile your Venus,neptune,venus,sextile,authored/transit-aspect/neptune/venus/sextile,empty_exact,0,0,,authored/transit-aspect/neptune/venus/soft,yes,approved
Neptune conjunction your Mars,neptune,mars,conjunction,authored/transit-aspect/neptune/mars/conjunction,empty_exact,0,0,,authored/transit-aspect/neptune/mars/hard,yes,approved
Neptune opposition your Mars,neptune,mars,opposition,authored/transit-aspect/neptune/mars/opposition,empty_exact,0,0,,authored/transit-aspect/neptune/mars/hard,yes,approved
Neptune square your Mars,neptune,mars,square,authored/transit-aspect/neptune/mars/square,empty_exact,0,0,,authored/transit-aspect/neptune/mars/hard,yes,approved
Neptune trine your Mars,neptune,mars,trine,authored/transit-aspect/neptune/mars/trine,empty_exact,0,0,,authored/transit-aspect/neptune/mars/soft,yes,approved
Neptune sextile your Mars,neptune,mars,sextile,authored/transit-aspect/neptune/mars/sextile,empty_exact,0,0,,authored/transit-aspect/neptune/mars/soft,yes,approved
Neptune conjunction your Jupiter,neptune,jupiter,conjunction,authored/transit-aspect/neptune/jupiter/conjunction,empty_exact,0,0,,authored/transit-aspect/neptune/jupiter/hard,yes,approved
Neptune opposition your Jupiter,neptune,jupiter,opposition,authored/transit-aspect/neptune/jupiter/opposition,empty_exact,0,0,,authored/transit-aspect/neptune/jupiter/hard,yes,approved
Neptune square your Jupiter,neptune,jupiter,square,authored/transit-aspect/neptune/jupiter/square,empty_exact,0,0,,authored/transit-aspect/neptune/jupiter/hard,yes,approved
Neptune trine your Jupiter,neptune,jupiter,trine,authored/transit-aspect/neptune/jupiter/trine,empty_exact,0,0,,authored/transit-aspect/neptune/jupiter/soft,yes,approved
Neptune sextile your Jupiter,neptune,jupiter,sextile,authored/transit-aspect/neptune/jupiter/sextile,empty_exact,0,0,,authored/transit-aspect/neptune/jupiter/soft,yes,approved
Neptune conjunction your Saturn,neptune,saturn,conjunction,authored/transit-aspect/neptune/saturn/conjunction,empty_exact,0,0,,authored/transit-aspect/neptune/saturn/hard,yes,approved
Neptune opposition your Saturn,neptune,saturn,opposition,authored/transit-aspect/neptune/saturn/opposition,empty_exact,0,0,,authored/transit-aspect/neptune/saturn/hard,yes,approved
Neptune square your Saturn,neptune,saturn,square,authored/transit-aspect/neptune/saturn/square,empty_exact,0,0,,authored/transit-aspect/neptune/saturn/hard,yes,approved
Neptune trine your Saturn,neptune,saturn,trine,authored/transit-aspect/neptune/saturn/trine,empty_exact,0,0,,authored/transit-aspect/neptune/saturn/soft,yes,approved
Neptune sextile your Saturn,neptune,saturn,sextile,authored/transit-aspect/neptune/saturn/sextile,empty_exact,0,0,,authored/transit-aspect/neptune/saturn/soft,yes,approved
Neptune conjunction your Uranus,neptune,uranus,conjunction,authored/transit-aspect/neptune/uranus/conjunction,empty_exact,0,0,,authored/transit-aspect/neptune/uranus/hard,yes,approved
Neptune opposition your Uranus,neptune,uranus,opposition,authored/transit-aspect/neptune/uranus/opposition,empty_exact,0,0,,authored/transit-aspect/neptune/uranus/hard,yes,approved
Neptune square your Uranus,neptune,uranus,square,authored/transit-aspect/neptune/uranus/square,empty_exact,0,0,,authored/transit-aspect/neptune/uranus/hard,yes,approved
Neptune trine your Uranus,neptune,uranus,trine,authored/transit-aspect/neptune/uranus/trine,empty_exact,0,0,,authored/transit-aspect/neptune/uranus/soft,yes,approved
Neptune sextile your Uranus,neptune,uranus,sextile,authored/transit-aspect/neptune/uranus/sextile,empty_exact,0,0,,authored/transit-aspect/neptune/uranus/soft,yes,approved
Neptune conjunction your Neptune,neptune,neptune,conjunction,authored/transit-aspect/neptune/neptune/conjunction,empty_exact,0,0,,authored/transit-aspect/neptune/neptune/hard,yes,approved
Neptune opposition your Neptune,neptune,neptune,opposition,authored/transit-aspect/neptune/neptune/opposition,empty_exact,0,0,,authored/transit-aspect/neptune/neptune/hard,yes,approved
Neptune square your Neptune,neptune,neptune,square,authored/transit-aspect/neptune/neptune/square,empty_exact,0,0,,authored/transit-aspect/neptune/neptune/hard,yes,approved
Neptune trine your Neptune,neptune,neptune,trine,authored/transit-aspect/neptune/neptune/trine,empty_exact,0,0,,authored/transit-aspect/neptune/neptune/soft,yes,approved
Neptune sextile your Neptune,neptune,neptune,sextile,authored/transit-aspect/neptune/neptune/sextile,empty_exact,0,0,,authored/transit-aspect/neptune/neptune/soft,yes,approved
Neptune conjunction your Pluto,neptune,pluto,conjunction,authored/transit-aspect/neptune/pluto/conjunction,empty_exact,0,0,,authored/transit-aspect/neptune/pluto/hard,yes,approved
Neptune opposition your Pluto,neptune,pluto,opposition,authored/transit-aspect/neptune/pluto/opposition,empty_exact,0,0,,authored/transit-aspect/neptune/pluto/hard,yes,approved
Neptune square your Pluto,neptune,pluto,square,authored/transit-aspect/neptune/pluto/square,empty_exact,0,0,,authored/transit-aspect/neptune/pluto/hard,yes,approved
Neptune trine your Pluto,neptune,pluto,trine,authored/transit-aspect/neptune/pluto/trine,empty_exact,0,0,,authored/transit-aspect/neptune/pluto/soft,yes,approved
Neptune sextile your Pluto,neptune,pluto,sextile,authored/transit-aspect/neptune/pluto/sextile,empty_exact,0,0,,authored/transit-aspect/neptune/pluto/soft,yes,approved
Neptune conjunction your Chiron,neptune,chiron,conjunction,authored/transit-aspect/neptune/chiron/conjunction,exact_you_and_friend,98,98,approved,authored/transit-aspect/neptune/chiron/hard,no,
Neptune opposition your Chiron,neptune,chiron,opposition,authored/transit-aspect/neptune/chiron/opposition,exact_you_and_friend,90,90,approved,authored/transit-aspect/neptune/chiron/hard,no,
Neptune square your Chiron,neptune,chiron,square,authored/transit-aspect/neptune/chiron/square,exact_you_and_friend,99,99,approved,authored/transit-aspect/neptune/chiron/hard,no,
Neptune trine your Chiron,neptune,chiron,trine,authored/transit-aspect/neptune/chiron/trine,exact_you_and_friend,93,93,approved,authored/transit-aspect/neptune/chiron/soft,no,
Neptune sextile your Chiron,neptune,chiron,sextile,authored/transit-aspect/neptune/chiron/sextile,exact_you_and_friend,99,99,approved,authored/transit-aspect/neptune/chiron/soft,no,
Neptune conjunction your North Node,neptune,north-node,conjunction,authored/transit-aspect/neptune/north-node/conjunction,exact_you_and_friend,106,106,approved,authored/transit-aspect/neptune/north-node/hard,no,
Neptune opposition your North Node,neptune,north-node,opposition,authored/transit-aspect/neptune/north-node/opposition,empty_exact,0,0,,authored/transit-aspect/neptune/north-node/hard,no,
Neptune square your North Node,neptune,north-node,square,authored/transit-aspect/neptune/north-node/square,empty_exact,0,0,,authored/transit-aspect/neptune/north-node/hard,no,
Neptune trine your North Node,neptune,north-node,trine,authored/transit-aspect/neptune/north-node/trine,empty_exact,0,0,,authored/transit-aspect/neptune/north-node/soft,no,
Neptune sextile your North Node,neptune,north-node,sextile,authored/transit-aspect/neptune/north-node/sextile,empty_exact,0,0,,authored/transit-aspect/neptune/north-node/soft,no,
Neptune conjunction your South Node,neptune,south-node,conjunction,authored/transit-aspect/neptune/south-node/conjunction,exact_you_and_friend,109,109,approved,authored/transit-aspect/neptune/south-node/hard,no,
Neptune opposition your South Node,neptune,south-node,opposition,authored/transit-aspect/neptune/south-node/opposition,empty_exact,0,0,,authored/transit-aspect/neptune/south-node/hard,no,
Neptune square your South Node,neptune,south-node,square,authored/transit-aspect/neptune/south-node/square,empty_exact,0,0,,authored/transit-aspect/neptune/south-node/hard,no,
Neptune trine your South Node,neptune,south-node,trine,authored/transit-aspect/neptune/south-node/trine,empty_exact,0,0,,authored/transit-aspect/neptune/south-node/soft,no,
Neptune sextile your South Node,neptune,south-node,sextile,authored/transit-aspect/neptune/south-node/sextile,empty_exact,0,0,,authored/transit-aspect/neptune/south-node/soft,no,
Neptune conjunction your Lilith,neptune,lilith,conjunction,authored/transit-aspect/neptune/lilith/conjunction,empty_exact,0,0,,authored/transit-aspect/neptune/lilith/hard,yes,approved
Neptune opposition your Lilith,neptune,lilith,opposition,authored/transit-aspect/neptune/lilith/opposition,empty_exact,0,0,,authored/transit-aspect/neptune/lilith/hard,yes,approved
Neptune conjunction your Ascendant,neptune,ascendant,conjunction,authored/transit-aspect/neptune/ascendant/conjunction,empty_exact,0,0,,authored/transit-aspect/neptune/ascendant/hard,yes,approved
Neptune opposition your Ascendant,neptune,ascendant,opposition,authored/transit-aspect/neptune/ascendant/opposition,empty_exact,0,0,,authored/transit-aspect/neptune/ascendant/hard,yes,approved
Neptune square your Ascendant,neptune,ascendant,square,authored/transit-aspect/neptune/ascendant/square,empty_exact,0,0,,authored/transit-aspect/neptune/ascendant/hard,yes,approved
Neptune trine your Ascendant,neptune,ascendant,trine,authored/transit-aspect/neptune/ascendant/trine,empty_exact,0,0,,authored/transit-aspect/neptune/ascendant/soft,yes,approved
Neptune sextile your Ascendant,neptune,ascendant,sextile,authored/transit-aspect/neptune/ascendant/sextile,empty_exact,0,0,,authored/transit-aspect/neptune/ascendant/soft,yes,approved
Neptune conjunction your Midheaven,neptune,midheaven,conjunction,authored/transit-aspect/neptune/midheaven/conjunction,empty_exact,0,0,,authored/transit-aspect/neptune/midheaven/hard,yes,approved
Neptune opposition your Midheaven,neptune,midheaven,opposition,authored/transit-aspect/neptune/midheaven/opposition,empty_exact,0,0,,authored/transit-aspect/neptune/midheaven/hard,yes,approved
Neptune square your Midheaven,neptune,midheaven,square,authored/transit-aspect/neptune/midheaven/square,empty_exact,0,0,,authored/transit-aspect/neptune/midheaven/hard,yes,approved
Neptune trine your Midheaven,neptune,midheaven,trine,authored/transit-aspect/neptune/midheaven/trine,empty_exact,0,0,,authored/transit-aspect/neptune/midheaven/soft,yes,approved
Neptune sextile your Midheaven,neptune,midheaven,sextile,authored/transit-aspect/neptune/midheaven/sextile,empty_exact,0,0,,authored/transit-aspect/neptune/midheaven/soft,yes,approved
Neptune conjunction your Descendant,neptune,descendant,conjunction,authored/transit-aspect/neptune/descendant/conjunction,empty_exact,0,0,,authored/transit-aspect/neptune/descendant/hard,no,
Neptune opposition your Descendant,neptune,descendant,opposition,authored/transit-aspect/neptune/descendant/opposition,empty_exact,0,0,,authored/transit-aspect/neptune/descendant/hard,no,
Neptune square your Descendant,neptune,descendant,square,authored/transit-aspect/neptune/descendant/square,empty_exact,0,0,,authored/transit-aspect/neptune/descendant/hard,no,
Neptune trine your Descendant,neptune,descendant,trine,authored/transit-aspect/neptune/descendant/trine,empty_exact,0,0,,authored/transit-aspect/neptune/descendant/soft,no,
Neptune sextile your Descendant,neptune,descendant,sextile,authored/transit-aspect/neptune/descendant/sextile,empty_exact,0,0,,authored/transit-aspect/neptune/descendant/soft,no,
Neptune conjunction your Imum Coeli,neptune,imum-coeli,conjunction,authored/transit-aspect/neptune/imum-coeli/conjunction,empty_exact,0,0,,authored/transit-aspect/neptune/imum-coeli/hard,no,
Neptune opposition your Imum Coeli,neptune,imum-coeli,opposition,authored/transit-aspect/neptune/imum-coeli/opposition,empty_exact,0,0,,authored/transit-aspect/neptune/imum-coeli/hard,no,
Neptune square your Imum Coeli,neptune,imum-coeli,square,authored/transit-aspect/neptune/imum-coeli/square,empty_exact,0,0,,authored/transit-aspect/neptune/imum-coeli/hard,no,
Neptune trine your Imum Coeli,neptune,imum-coeli,trine,authored/transit-aspect/neptune/imum-coeli/trine,empty_exact,0,0,,authored/transit-aspect/neptune/imum-coeli/soft,no,
Neptune sextile your Imum Coeli,neptune,imum-coeli,sextile,authored/transit-aspect/neptune/imum-coeli/sextile,empty_exact,0,0,,authored/transit-aspect/neptune/imum-coeli/soft,no,
Pluto conjunction your Sun,pluto,sun,conjunction,authored/transit-aspect/pluto/sun/conjunction,empty_exact,0,0,,authored/transit-aspect/pluto/sun/hard,yes,approved
Pluto opposition your Sun,pluto,sun,opposition,authored/transit-aspect/pluto/sun/opposition,empty_exact,0,0,,authored/transit-aspect/pluto/sun/hard,yes,approved
Pluto square your Sun,pluto,sun,square,authored/transit-aspect/pluto/sun/square,empty_exact,0,0,,authored/transit-aspect/pluto/sun/hard,yes,approved
Pluto trine your Sun,pluto,sun,trine,authored/transit-aspect/pluto/sun/trine,empty_exact,0,0,,authored/transit-aspect/pluto/sun/soft,yes,approved
Pluto sextile your Sun,pluto,sun,sextile,authored/transit-aspect/pluto/sun/sextile,empty_exact,0,0,,authored/transit-aspect/pluto/sun/soft,yes,approved
Pluto conjunction your Moon,pluto,moon,conjunction,authored/transit-aspect/pluto/moon/conjunction,empty_exact,0,0,,authored/transit-aspect/pluto/moon/hard,yes,approved
Pluto opposition your Moon,pluto,moon,opposition,authored/transit-aspect/pluto/moon/opposition,empty_exact,0,0,,authored/transit-aspect/pluto/moon/hard,yes,approved
Pluto square your Moon,pluto,moon,square,authored/transit-aspect/pluto/moon/square,empty_exact,0,0,,authored/transit-aspect/pluto/moon/hard,yes,approved
Pluto trine your Moon,pluto,moon,trine,authored/transit-aspect/pluto/moon/trine,empty_exact,0,0,,authored/transit-aspect/pluto/moon/soft,yes,approved
Pluto sextile your Moon,pluto,moon,sextile,authored/transit-aspect/pluto/moon/sextile,empty_exact,0,0,,authored/transit-aspect/pluto/moon/soft,yes,approved
Pluto conjunction your Mercury,pluto,mercury,conjunction,authored/transit-aspect/pluto/mercury/conjunction,empty_exact,0,0,,authored/transit-aspect/pluto/mercury/hard,yes,approved
Pluto opposition your Mercury,pluto,mercury,opposition,authored/transit-aspect/pluto/mercury/opposition,empty_exact,0,0,,authored/transit-aspect/pluto/mercury/hard,yes,approved
Pluto square your Mercury,pluto,mercury,square,authored/transit-aspect/pluto/mercury/square,empty_exact,0,0,,authored/transit-aspect/pluto/mercury/hard,yes,approved
Pluto trine your Mercury,pluto,mercury,trine,authored/transit-aspect/pluto/mercury/trine,empty_exact,0,0,,authored/transit-aspect/pluto/mercury/soft,yes,approved
Pluto sextile your Mercury,pluto,mercury,sextile,authored/transit-aspect/pluto/mercury/sextile,empty_exact,0,0,,authored/transit-aspect/pluto/mercury/soft,yes,approved
Pluto conjunction your Venus,pluto,venus,conjunction,authored/transit-aspect/pluto/venus/conjunction,empty_exact,0,0,,authored/transit-aspect/pluto/venus/hard,yes,approved
Pluto opposition your Venus,pluto,venus,opposition,authored/transit-aspect/pluto/venus/opposition,empty_exact,0,0,,authored/transit-aspect/pluto/venus/hard,yes,approved
Pluto square your Venus,pluto,venus,square,authored/transit-aspect/pluto/venus/square,empty_exact,0,0,,authored/transit-aspect/pluto/venus/hard,yes,approved
Pluto trine your Venus,pluto,venus,trine,authored/transit-aspect/pluto/venus/trine,empty_exact,0,0,,authored/transit-aspect/pluto/venus/soft,yes,approved
Pluto sextile your Venus,pluto,venus,sextile,authored/transit-aspect/pluto/venus/sextile,empty_exact,0,0,,authored/transit-aspect/pluto/venus/soft,yes,approved
Pluto conjunction your Mars,pluto,mars,conjunction,authored/transit-aspect/pluto/mars/conjunction,empty_exact,0,0,,authored/transit-aspect/pluto/mars/hard,yes,approved
Pluto opposition your Mars,pluto,mars,opposition,authored/transit-aspect/pluto/mars/opposition,empty_exact,0,0,,authored/transit-aspect/pluto/mars/hard,yes,approved
Pluto square your Mars,pluto,mars,square,authored/transit-aspect/pluto/mars/square,empty_exact,0,0,,authored/transit-aspect/pluto/mars/hard,yes,approved
Pluto trine your Mars,pluto,mars,trine,authored/transit-aspect/pluto/mars/trine,empty_exact,0,0,,authored/transit-aspect/pluto/mars/soft,yes,approved
Pluto sextile your Mars,pluto,mars,sextile,authored/transit-aspect/pluto/mars/sextile,empty_exact,0,0,,authored/transit-aspect/pluto/mars/soft,yes,approved
Pluto conjunction your Jupiter,pluto,jupiter,conjunction,authored/transit-aspect/pluto/jupiter/conjunction,empty_exact,0,0,,authored/transit-aspect/pluto/jupiter/hard,yes,approved
Pluto opposition your Jupiter,pluto,jupiter,opposition,authored/transit-aspect/pluto/jupiter/opposition,empty_exact,0,0,,authored/transit-aspect/pluto/jupiter/hard,yes,approved
Pluto square your Jupiter,pluto,jupiter,square,authored/transit-aspect/pluto/jupiter/square,empty_exact,0,0,,authored/transit-aspect/pluto/jupiter/hard,yes,approved
Pluto trine your Jupiter,pluto,jupiter,trine,authored/transit-aspect/pluto/jupiter/trine,empty_exact,0,0,,authored/transit-aspect/pluto/jupiter/soft,yes,approved
Pluto sextile your Jupiter,pluto,jupiter,sextile,authored/transit-aspect/pluto/jupiter/sextile,empty_exact,0,0,,authored/transit-aspect/pluto/jupiter/soft,yes,approved
Pluto conjunction your Saturn,pluto,saturn,conjunction,authored/transit-aspect/pluto/saturn/conjunction,empty_exact,0,0,,authored/transit-aspect/pluto/saturn/hard,yes,approved
Pluto opposition your Saturn,pluto,saturn,opposition,authored/transit-aspect/pluto/saturn/opposition,empty_exact,0,0,,authored/transit-aspect/pluto/saturn/hard,yes,approved
Pluto square your Saturn,pluto,saturn,square,authored/transit-aspect/pluto/saturn/square,empty_exact,0,0,,authored/transit-aspect/pluto/saturn/hard,yes,approved
Pluto trine your Saturn,pluto,saturn,trine,authored/transit-aspect/pluto/saturn/trine,empty_exact,0,0,,authored/transit-aspect/pluto/saturn/soft,yes,approved
Pluto sextile your Saturn,pluto,saturn,sextile,authored/transit-aspect/pluto/saturn/sextile,empty_exact,0,0,,authored/transit-aspect/pluto/saturn/soft,yes,approved
Pluto conjunction your Uranus,pluto,uranus,conjunction,authored/transit-aspect/pluto/uranus/conjunction,empty_exact,0,0,,authored/transit-aspect/pluto/uranus/hard,yes,approved
Pluto opposition your Uranus,pluto,uranus,opposition,authored/transit-aspect/pluto/uranus/opposition,empty_exact,0,0,,authored/transit-aspect/pluto/uranus/hard,yes,approved
Pluto square your Uranus,pluto,uranus,square,authored/transit-aspect/pluto/uranus/square,empty_exact,0,0,,authored/transit-aspect/pluto/uranus/hard,yes,approved
Pluto trine your Uranus,pluto,uranus,trine,authored/transit-aspect/pluto/uranus/trine,empty_exact,0,0,,authored/transit-aspect/pluto/uranus/soft,yes,approved
Pluto sextile your Uranus,pluto,uranus,sextile,authored/transit-aspect/pluto/uranus/sextile,empty_exact,0,0,,authored/transit-aspect/pluto/uranus/soft,yes,approved
Pluto conjunction your Neptune,pluto,neptune,conjunction,authored/transit-aspect/pluto/neptune/conjunction,empty_exact,0,0,,authored/transit-aspect/pluto/neptune/hard,yes,approved
Pluto opposition your Neptune,pluto,neptune,opposition,authored/transit-aspect/pluto/neptune/opposition,empty_exact,0,0,,authored/transit-aspect/pluto/neptune/hard,yes,approved
Pluto square your Neptune,pluto,neptune,square,authored/transit-aspect/pluto/neptune/square,empty_exact,0,0,,authored/transit-aspect/pluto/neptune/hard,yes,approved
Pluto trine your Neptune,pluto,neptune,trine,authored/transit-aspect/pluto/neptune/trine,empty_exact,0,0,,authored/transit-aspect/pluto/neptune/soft,yes,approved
Pluto sextile your Neptune,pluto,neptune,sextile,authored/transit-aspect/pluto/neptune/sextile,empty_exact,0,0,,authored/transit-aspect/pluto/neptune/soft,yes,approved
Pluto conjunction your Pluto,pluto,pluto,conjunction,authored/transit-aspect/pluto/pluto/conjunction,empty_exact,0,0,,authored/transit-aspect/pluto/pluto/hard,yes,approved
Pluto opposition your Pluto,pluto,pluto,opposition,authored/transit-aspect/pluto/pluto/opposition,empty_exact,0,0,,authored/transit-aspect/pluto/pluto/hard,yes,approved
Pluto square your Pluto,pluto,pluto,square,authored/transit-aspect/pluto/pluto/square,empty_exact,0,0,,authored/transit-aspect/pluto/pluto/hard,yes,approved
Pluto trine your Pluto,pluto,pluto,trine,authored/transit-aspect/pluto/pluto/trine,empty_exact,0,0,,authored/transit-aspect/pluto/pluto/soft,yes,approved
Pluto sextile your Pluto,pluto,pluto,sextile,authored/transit-aspect/pluto/pluto/sextile,empty_exact,0,0,,authored/transit-aspect/pluto/pluto/soft,yes,approved
Pluto conjunction your Chiron,pluto,chiron,conjunction,authored/transit-aspect/pluto/chiron/conjunction,exact_you_and_friend,100,100,approved,authored/transit-aspect/pluto/chiron/hard,no,
Pluto opposition your Chiron,pluto,chiron,opposition,authored/transit-aspect/pluto/chiron/opposition,exact_you_and_friend,102,102,approved,authored/transit-aspect/pluto/chiron/hard,no,
Pluto square your Chiron,pluto,chiron,square,authored/transit-aspect/pluto/chiron/square,exact_you_and_friend,92,92,approved,authored/transit-aspect/pluto/chiron/hard,no,
Pluto trine your Chiron,pluto,chiron,trine,authored/transit-aspect/pluto/chiron/trine,exact_you_and_friend,89,89,approved,authored/transit-aspect/pluto/chiron/soft,no,
Pluto sextile your Chiron,pluto,chiron,sextile,authored/transit-aspect/pluto/chiron/sextile,exact_you_and_friend,89,89,approved,authored/transit-aspect/pluto/chiron/soft,no,
Pluto conjunction your North Node,pluto,north-node,conjunction,authored/transit-aspect/pluto/north-node/conjunction,exact_you_and_friend,103,103,approved,authored/transit-aspect/pluto/north-node/hard,no,
Pluto opposition your North Node,pluto,north-node,opposition,authored/transit-aspect/pluto/north-node/opposition,empty_exact,0,0,,authored/transit-aspect/pluto/north-node/hard,no,
Pluto square your North Node,pluto,north-node,square,authored/transit-aspect/pluto/north-node/square,empty_exact,0,0,,authored/transit-aspect/pluto/north-node/hard,no,
Pluto trine your North Node,pluto,north-node,trine,authored/transit-aspect/pluto/north-node/trine,empty_exact,0,0,,authored/transit-aspect/pluto/north-node/soft,no,
Pluto sextile your North Node,pluto,north-node,sextile,authored/transit-aspect/pluto/north-node/sextile,empty_exact,0,0,,authored/transit-aspect/pluto/north-node/soft,no,
Pluto conjunction your South Node,pluto,south-node,conjunction,authored/transit-aspect/pluto/south-node/conjunction,exact_you_and_friend,113,113,approved,authored/transit-aspect/pluto/south-node/hard,no,
Pluto opposition your South Node,pluto,south-node,opposition,authored/transit-aspect/pluto/south-node/opposition,empty_exact,0,0,,authored/transit-aspect/pluto/south-node/hard,no,
Pluto square your South Node,pluto,south-node,square,authored/transit-aspect/pluto/south-node/square,empty_exact,0,0,,authored/transit-aspect/pluto/south-node/hard,no,
Pluto trine your South Node,pluto,south-node,trine,authored/transit-aspect/pluto/south-node/trine,empty_exact,0,0,,authored/transit-aspect/pluto/south-node/soft,no,
Pluto sextile your South Node,pluto,south-node,sextile,authored/transit-aspect/pluto/south-node/sextile,empty_exact,0,0,,authored/transit-aspect/pluto/south-node/soft,no,
Pluto conjunction your Lilith,pluto,lilith,conjunction,authored/transit-aspect/pluto/lilith/conjunction,empty_exact,0,0,,authored/transit-aspect/pluto/lilith/hard,yes,approved
Pluto opposition your Lilith,pluto,lilith,opposition,authored/transit-aspect/pluto/lilith/opposition,empty_exact,0,0,,authored/transit-aspect/pluto/lilith/hard,yes,approved
Pluto conjunction your Ascendant,pluto,ascendant,conjunction,authored/transit-aspect/pluto/ascendant/conjunction,empty_exact,0,0,,authored/transit-aspect/pluto/ascendant/hard,yes,approved
Pluto opposition your Ascendant,pluto,ascendant,opposition,authored/transit-aspect/pluto/ascendant/opposition,empty_exact,0,0,,authored/transit-aspect/pluto/ascendant/hard,yes,approved
Pluto square your Ascendant,pluto,ascendant,square,authored/transit-aspect/pluto/ascendant/square,empty_exact,0,0,,authored/transit-aspect/pluto/ascendant/hard,yes,approved
Pluto trine your Ascendant,pluto,ascendant,trine,authored/transit-aspect/pluto/ascendant/trine,empty_exact,0,0,,authored/transit-aspect/pluto/ascendant/soft,yes,approved
Pluto sextile your Ascendant,pluto,ascendant,sextile,authored/transit-aspect/pluto/ascendant/sextile,empty_exact,0,0,,authored/transit-aspect/pluto/ascendant/soft,yes,approved
Pluto conjunction your Midheaven,pluto,midheaven,conjunction,authored/transit-aspect/pluto/midheaven/conjunction,empty_exact,0,0,,authored/transit-aspect/pluto/midheaven/hard,yes,approved
Pluto opposition your Midheaven,pluto,midheaven,opposition,authored/transit-aspect/pluto/midheaven/opposition,empty_exact,0,0,,authored/transit-aspect/pluto/midheaven/hard,yes,approved
Pluto square your Midheaven,pluto,midheaven,square,authored/transit-aspect/pluto/midheaven/square,empty_exact,0,0,,authored/transit-aspect/pluto/midheaven/hard,yes,approved
Pluto trine your Midheaven,pluto,midheaven,trine,authored/transit-aspect/pluto/midheaven/trine,empty_exact,0,0,,authored/transit-aspect/pluto/midheaven/soft,yes,approved
Pluto sextile your Midheaven,pluto,midheaven,sextile,authored/transit-aspect/pluto/midheaven/sextile,empty_exact,0,0,,authored/transit-aspect/pluto/midheaven/soft,yes,approved
Pluto conjunction your Descendant,pluto,descendant,conjunction,authored/transit-aspect/pluto/descendant/conjunction,empty_exact,0,0,,authored/transit-aspect/pluto/descendant/hard,no,
Pluto opposition your Descendant,pluto,descendant,opposition,authored/transit-aspect/pluto/descendant/opposition,empty_exact,0,0,,authored/transit-aspect/pluto/descendant/hard,no,
Pluto square your Descendant,pluto,descendant,square,authored/transit-aspect/pluto/descendant/square,empty_exact,0,0,,authored/transit-aspect/pluto/descendant/hard,no,
Pluto trine your Descendant,pluto,descendant,trine,authored/transit-aspect/pluto/descendant/trine,empty_exact,0,0,,authored/transit-aspect/pluto/descendant/soft,no,
Pluto sextile your Descendant,pluto,descendant,sextile,authored/transit-aspect/pluto/descendant/sextile,empty_exact,0,0,,authored/transit-aspect/pluto/descendant/soft,no,
Pluto conjunction your Imum Coeli,pluto,imum-coeli,conjunction,authored/transit-aspect/pluto/imum-coeli/conjunction,empty_exact,0,0,,authored/transit-aspect/pluto/imum-coeli/hard,no,
Pluto opposition your Imum Coeli,pluto,imum-coeli,opposition,authored/transit-aspect/pluto/imum-coeli/opposition,empty_exact,0,0,,authored/transit-aspect/pluto/imum-coeli/hard,no,
Pluto square your Imum Coeli,pluto,imum-coeli,square,authored/transit-aspect/pluto/imum-coeli/square,empty_exact,0,0,,authored/transit-aspect/pluto/imum-coeli/hard,no,
Pluto trine your Imum Coeli,pluto,imum-coeli,trine,authored/transit-aspect/pluto/imum-coeli/trine,empty_exact,0,0,,authored/transit-aspect/pluto/imum-coeli/soft,no,
Pluto sextile your Imum Coeli,pluto,imum-coeli,sextile,authored/transit-aspect/pluto/imum-coeli/sextile,empty_exact,0,0,,authored/transit-aspect/pluto/imum-coeli/soft,no,
Chiron conjunction your Sun,chiron,sun,conjunction,authored/transit-aspect/chiron/sun/conjunction,empty_exact,0,0,,authored/transit-aspect/chiron/sun/hard,yes,approved
Chiron opposition your Sun,chiron,sun,opposition,authored/transit-aspect/chiron/sun/opposition,empty_exact,0,0,,authored/transit-aspect/chiron/sun/hard,yes,approved
Chiron square your Sun,chiron,sun,square,authored/transit-aspect/chiron/sun/square,empty_exact,0,0,,authored/transit-aspect/chiron/sun/hard,yes,approved
Chiron trine your Sun,chiron,sun,trine,authored/transit-aspect/chiron/sun/trine,empty_exact,0,0,,authored/transit-aspect/chiron/sun/soft,yes,approved
Chiron sextile your Sun,chiron,sun,sextile,authored/transit-aspect/chiron/sun/sextile,empty_exact,0,0,,authored/transit-aspect/chiron/sun/soft,yes,approved
Chiron conjunction your Moon,chiron,moon,conjunction,authored/transit-aspect/chiron/moon/conjunction,empty_exact,0,0,,authored/transit-aspect/chiron/moon/hard,yes,approved
Chiron opposition your Moon,chiron,moon,opposition,authored/transit-aspect/chiron/moon/opposition,empty_exact,0,0,,authored/transit-aspect/chiron/moon/hard,yes,approved
Chiron square your Moon,chiron,moon,square,authored/transit-aspect/chiron/moon/square,empty_exact,0,0,,authored/transit-aspect/chiron/moon/hard,yes,approved
Chiron trine your Moon,chiron,moon,trine,authored/transit-aspect/chiron/moon/trine,empty_exact,0,0,,authored/transit-aspect/chiron/moon/soft,yes,approved
Chiron sextile your Moon,chiron,moon,sextile,authored/transit-aspect/chiron/moon/sextile,empty_exact,0,0,,authored/transit-aspect/chiron/moon/soft,yes,approved
Chiron conjunction your Mercury,chiron,mercury,conjunction,authored/transit-aspect/chiron/mercury/conjunction,empty_exact,0,0,,authored/transit-aspect/chiron/mercury/hard,yes,approved
Chiron opposition your Mercury,chiron,mercury,opposition,authored/transit-aspect/chiron/mercury/opposition,empty_exact,0,0,,authored/transit-aspect/chiron/mercury/hard,yes,approved
Chiron square your Mercury,chiron,mercury,square,authored/transit-aspect/chiron/mercury/square,empty_exact,0,0,,authored/transit-aspect/chiron/mercury/hard,yes,approved
Chiron trine your Mercury,chiron,mercury,trine,authored/transit-aspect/chiron/mercury/trine,empty_exact,0,0,,authored/transit-aspect/chiron/mercury/soft,yes,approved
Chiron sextile your Mercury,chiron,mercury,sextile,authored/transit-aspect/chiron/mercury/sextile,empty_exact,0,0,,authored/transit-aspect/chiron/mercury/soft,yes,approved
Chiron conjunction your Venus,chiron,venus,conjunction,authored/transit-aspect/chiron/venus/conjunction,empty_exact,0,0,,authored/transit-aspect/chiron/venus/hard,yes,approved
Chiron opposition your Venus,chiron,venus,opposition,authored/transit-aspect/chiron/venus/opposition,empty_exact,0,0,,authored/transit-aspect/chiron/venus/hard,yes,approved
Chiron square your Venus,chiron,venus,square,authored/transit-aspect/chiron/venus/square,empty_exact,0,0,,authored/transit-aspect/chiron/venus/hard,yes,approved
Chiron trine your Venus,chiron,venus,trine,authored/transit-aspect/chiron/venus/trine,empty_exact,0,0,,authored/transit-aspect/chiron/venus/soft,yes,approved
Chiron sextile your Venus,chiron,venus,sextile,authored/transit-aspect/chiron/venus/sextile,empty_exact,0,0,,authored/transit-aspect/chiron/venus/soft,yes,approved
Chiron conjunction your Mars,chiron,mars,conjunction,authored/transit-aspect/chiron/mars/conjunction,empty_exact,0,0,,authored/transit-aspect/chiron/mars/hard,yes,approved
Chiron opposition your Mars,chiron,mars,opposition,authored/transit-aspect/chiron/mars/opposition,empty_exact,0,0,,authored/transit-aspect/chiron/mars/hard,yes,approved
Chiron square your Mars,chiron,mars,square,authored/transit-aspect/chiron/mars/square,empty_exact,0,0,,authored/transit-aspect/chiron/mars/hard,yes,approved
Chiron trine your Mars,chiron,mars,trine,authored/transit-aspect/chiron/mars/trine,empty_exact,0,0,,authored/transit-aspect/chiron/mars/soft,yes,approved
Chiron sextile your Mars,chiron,mars,sextile,authored/transit-aspect/chiron/mars/sextile,empty_exact,0,0,,authored/transit-aspect/chiron/mars/soft,yes,approved
Chiron conjunction your Jupiter,chiron,jupiter,conjunction,authored/transit-aspect/chiron/jupiter/conjunction,empty_exact,0,0,,authored/transit-aspect/chiron/jupiter/hard,yes,approved
Chiron opposition your Jupiter,chiron,jupiter,opposition,authored/transit-aspect/chiron/jupiter/opposition,empty_exact,0,0,,authored/transit-aspect/chiron/jupiter/hard,yes,approved
Chiron square your Jupiter,chiron,jupiter,square,authored/transit-aspect/chiron/jupiter/square,empty_exact,0,0,,authored/transit-aspect/chiron/jupiter/hard,yes,approved
Chiron trine your Jupiter,chiron,jupiter,trine,authored/transit-aspect/chiron/jupiter/trine,empty_exact,0,0,,authored/transit-aspect/chiron/jupiter/soft,yes,approved
Chiron sextile your Jupiter,chiron,jupiter,sextile,authored/transit-aspect/chiron/jupiter/sextile,empty_exact,0,0,,authored/transit-aspect/chiron/jupiter/soft,yes,approved
Chiron conjunction your Saturn,chiron,saturn,conjunction,authored/transit-aspect/chiron/saturn/conjunction,empty_exact,0,0,,authored/transit-aspect/chiron/saturn/hard,yes,approved
Chiron opposition your Saturn,chiron,saturn,opposition,authored/transit-aspect/chiron/saturn/opposition,empty_exact,0,0,,authored/transit-aspect/chiron/saturn/hard,yes,approved
Chiron square your Saturn,chiron,saturn,square,authored/transit-aspect/chiron/saturn/square,empty_exact,0,0,,authored/transit-aspect/chiron/saturn/hard,yes,approved
Chiron trine your Saturn,chiron,saturn,trine,authored/transit-aspect/chiron/saturn/trine,empty_exact,0,0,,authored/transit-aspect/chiron/saturn/soft,yes,approved
Chiron sextile your Saturn,chiron,saturn,sextile,authored/transit-aspect/chiron/saturn/sextile,empty_exact,0,0,,authored/transit-aspect/chiron/saturn/soft,yes,approved
Chiron conjunction your Uranus,chiron,uranus,conjunction,authored/transit-aspect/chiron/uranus/conjunction,empty_exact,0,0,,authored/transit-aspect/chiron/uranus/hard,yes,approved
Chiron opposition your Uranus,chiron,uranus,opposition,authored/transit-aspect/chiron/uranus/opposition,empty_exact,0,0,,authored/transit-aspect/chiron/uranus/hard,yes,approved
Chiron square your Uranus,chiron,uranus,square,authored/transit-aspect/chiron/uranus/square,empty_exact,0,0,,authored/transit-aspect/chiron/uranus/hard,yes,approved
Chiron trine your Uranus,chiron,uranus,trine,authored/transit-aspect/chiron/uranus/trine,empty_exact,0,0,,authored/transit-aspect/chiron/uranus/soft,yes,approved
Chiron sextile your Uranus,chiron,uranus,sextile,authored/transit-aspect/chiron/uranus/sextile,empty_exact,0,0,,authored/transit-aspect/chiron/uranus/soft,yes,approved
Chiron conjunction your Neptune,chiron,neptune,conjunction,authored/transit-aspect/chiron/neptune/conjunction,empty_exact,0,0,,authored/transit-aspect/chiron/neptune/hard,yes,approved
Chiron opposition your Neptune,chiron,neptune,opposition,authored/transit-aspect/chiron/neptune/opposition,empty_exact,0,0,,authored/transit-aspect/chiron/neptune/hard,yes,approved
Chiron square your Neptune,chiron,neptune,square,authored/transit-aspect/chiron/neptune/square,empty_exact,0,0,,authored/transit-aspect/chiron/neptune/hard,yes,approved
Chiron trine your Neptune,chiron,neptune,trine,authored/transit-aspect/chiron/neptune/trine,empty_exact,0,0,,authored/transit-aspect/chiron/neptune/soft,yes,approved
Chiron sextile your Neptune,chiron,neptune,sextile,authored/transit-aspect/chiron/neptune/sextile,empty_exact,0,0,,authored/transit-aspect/chiron/neptune/soft,yes,approved
Chiron conjunction your Pluto,chiron,pluto,conjunction,authored/transit-aspect/chiron/pluto/conjunction,empty_exact,0,0,,authored/transit-aspect/chiron/pluto/hard,yes,approved
Chiron opposition your Pluto,chiron,pluto,opposition,authored/transit-aspect/chiron/pluto/opposition,empty_exact,0,0,,authored/transit-aspect/chiron/pluto/hard,yes,approved
Chiron square your Pluto,chiron,pluto,square,authored/transit-aspect/chiron/pluto/square,empty_exact,0,0,,authored/transit-aspect/chiron/pluto/hard,yes,approved
Chiron trine your Pluto,chiron,pluto,trine,authored/transit-aspect/chiron/pluto/trine,empty_exact,0,0,,authored/transit-aspect/chiron/pluto/soft,yes,approved
Chiron sextile your Pluto,chiron,pluto,sextile,authored/transit-aspect/chiron/pluto/sextile,empty_exact,0,0,,authored/transit-aspect/chiron/pluto/soft,yes,approved
Chiron return,chiron,chiron,conjunction (return),authored/transit-return/chiron,exact_you_only,114,0,approved,,,
Chiron opposition your Chiron,chiron,chiron,opposition,authored/transit-aspect/chiron/chiron/opposition,empty_exact,0,0,,authored/transit-aspect/chiron/chiron/hard,no,
Chiron square your Chiron,chiron,chiron,square,authored/transit-aspect/chiron/chiron/square,empty_exact,0,0,,authored/transit-aspect/chiron/chiron/hard,no,
Chiron trine your Chiron,chiron,chiron,trine,authored/transit-aspect/chiron/chiron/trine,empty_exact,0,0,,authored/transit-aspect/chiron/chiron/soft,no,
Chiron sextile your Chiron,chiron,chiron,sextile,authored/transit-aspect/chiron/chiron/sextile,empty_exact,0,0,,authored/transit-aspect/chiron/chiron/soft,no,
Chiron conjunction your North Node,chiron,north-node,conjunction,authored/transit-aspect/chiron/north-node/conjunction,exact_you_and_friend,97,97,approved,authored/transit-aspect/chiron/north-node/hard,no,
Chiron opposition your North Node,chiron,north-node,opposition,authored/transit-aspect/chiron/north-node/opposition,empty_exact,0,0,,authored/transit-aspect/chiron/north-node/hard,no,
Chiron square your North Node,chiron,north-node,square,authored/transit-aspect/chiron/north-node/square,empty_exact,0,0,,authored/transit-aspect/chiron/north-node/hard,no,
Chiron trine your North Node,chiron,north-node,trine,authored/transit-aspect/chiron/north-node/trine,empty_exact,0,0,,authored/transit-aspect/chiron/north-node/soft,no,
Chiron sextile your North Node,chiron,north-node,sextile,authored/transit-aspect/chiron/north-node/sextile,empty_exact,0,0,,authored/transit-aspect/chiron/north-node/soft,no,
Chiron conjunction your South Node,chiron,south-node,conjunction,authored/transit-aspect/chiron/south-node/conjunction,exact_you_and_friend,103,103,approved,authored/transit-aspect/chiron/south-node/hard,no,
Chiron opposition your South Node,chiron,south-node,opposition,authored/transit-aspect/chiron/south-node/opposition,empty_exact,0,0,,authored/transit-aspect/chiron/south-node/hard,no,
Chiron square your South Node,chiron,south-node,square,authored/transit-aspect/chiron/south-node/square,empty_exact,0,0,,authored/transit-aspect/chiron/south-node/hard,no,
Chiron trine your South Node,chiron,south-node,trine,authored/transit-aspect/chiron/south-node/trine,empty_exact,0,0,,authored/transit-aspect/chiron/south-node/soft,no,
Chiron sextile your South Node,chiron,south-node,sextile,authored/transit-aspect/chiron/south-node/sextile,empty_exact,0,0,,authored/transit-aspect/chiron/south-node/soft,no,
Chiron conjunction your Lilith,chiron,lilith,conjunction,authored/transit-aspect/chiron/lilith/conjunction,empty_exact,0,0,,authored/transit-aspect/chiron/lilith/hard,yes,approved
Chiron opposition your Lilith,chiron,lilith,opposition,authored/transit-aspect/chiron/lilith/opposition,empty_exact,0,0,,authored/transit-aspect/chiron/lilith/hard,yes,approved
Chiron conjunction your Ascendant,chiron,ascendant,conjunction,authored/transit-aspect/chiron/ascendant/conjunction,empty_exact,0,0,,authored/transit-aspect/chiron/ascendant/hard,yes,approved
Chiron opposition your Ascendant,chiron,ascendant,opposition,authored/transit-aspect/chiron/ascendant/opposition,empty_exact,0,0,,authored/transit-aspect/chiron/ascendant/hard,yes,approved
Chiron square your Ascendant,chiron,ascendant,square,authored/transit-aspect/chiron/ascendant/square,empty_exact,0,0,,authored/transit-aspect/chiron/ascendant/hard,yes,approved
Chiron trine your Ascendant,chiron,ascendant,trine,authored/transit-aspect/chiron/ascendant/trine,empty_exact,0,0,,authored/transit-aspect/chiron/ascendant/soft,yes,approved
Chiron sextile your Ascendant,chiron,ascendant,sextile,authored/transit-aspect/chiron/ascendant/sextile,empty_exact,0,0,,authored/transit-aspect/chiron/ascendant/soft,yes,approved
Chiron conjunction your Midheaven,chiron,midheaven,conjunction,authored/transit-aspect/chiron/midheaven/conjunction,empty_exact,0,0,,authored/transit-aspect/chiron/midheaven/hard,yes,approved
Chiron opposition your Midheaven,chiron,midheaven,opposition,authored/transit-aspect/chiron/midheaven/opposition,empty_exact,0,0,,authored/transit-aspect/chiron/midheaven/hard,yes,approved
Chiron square your Midheaven,chiron,midheaven,square,authored/transit-aspect/chiron/midheaven/square,empty_exact,0,0,,authored/transit-aspect/chiron/midheaven/hard,yes,approved
Chiron trine your Midheaven,chiron,midheaven,trine,authored/transit-aspect/chiron/midheaven/trine,empty_exact,0,0,,authored/transit-aspect/chiron/midheaven/soft,yes,approved
Chiron sextile your Midheaven,chiron,midheaven,sextile,authored/transit-aspect/chiron/midheaven/sextile,empty_exact,0,0,,authored/transit-aspect/chiron/midheaven/soft,yes,approved
Chiron conjunction your Descendant,chiron,descendant,conjunction,authored/transit-aspect/chiron/descendant/conjunction,empty_exact,0,0,,authored/transit-aspect/chiron/descendant/hard,no,
Chiron opposition your Descendant,chiron,descendant,opposition,authored/transit-aspect/chiron/descendant/opposition,empty_exact,0,0,,authored/transit-aspect/chiron/descendant/hard,no,
Chiron square your Descendant,chiron,descendant,square,authored/transit-aspect/chiron/descendant/square,empty_exact,0,0,,authored/transit-aspect/chiron/descendant/hard,no,
Chiron trine your Descendant,chiron,descendant,trine,authored/transit-aspect/chiron/descendant/trine,empty_exact,0,0,,authored/transit-aspect/chiron/descendant/soft,no,
Chiron sextile your Descendant,chiron,descendant,sextile,authored/transit-aspect/chiron/descendant/sextile,empty_exact,0,0,,authored/transit-aspect/chiron/descendant/soft,no,
Chiron conjunction your Imum Coeli,chiron,imum-coeli,conjunction,authored/transit-aspect/chiron/imum-coeli/conjunction,empty_exact,0,0,,authored/transit-aspect/chiron/imum-coeli/hard,no,
Chiron opposition your Imum Coeli,chiron,imum-coeli,opposition,authored/transit-aspect/chiron/imum-coeli/opposition,empty_exact,0,0,,authored/transit-aspect/chiron/imum-coeli/hard,no,
Chiron square your Imum Coeli,chiron,imum-coeli,square,authored/transit-aspect/chiron/imum-coeli/square,empty_exact,0,0,,authored/transit-aspect/chiron/imum-coeli/hard,no,
Chiron trine your Imum Coeli,chiron,imum-coeli,trine,authored/transit-aspect/chiron/imum-coeli/trine,empty_exact,0,0,,authored/transit-aspect/chiron/imum-coeli/soft,no,
Chiron sextile your Imum Coeli,chiron,imum-coeli,sextile,authored/transit-aspect/chiron/imum-coeli/sextile,empty_exact,0,0,,authored/transit-aspect/chiron/imum-coeli/soft,no,
North Node conjunction your Sun,north-node,sun,conjunction,authored/transit-aspect/north-node/sun/conjunction,exact_you_and_friend,103,103,approved,authored/transit-aspect/north-node/sun/hard,no,
North Node opposition your Sun,north-node,sun,opposition,authored/transit-aspect/north-node/sun/opposition,empty_exact,0,0,,authored/transit-aspect/north-node/sun/hard,no,
North Node square your Sun,north-node,sun,square,authored/transit-aspect/north-node/sun/square,empty_exact,0,0,,authored/transit-aspect/north-node/sun/hard,no,
North Node trine your Sun,north-node,sun,trine,authored/transit-aspect/north-node/sun/trine,empty_exact,0,0,,authored/transit-aspect/north-node/sun/soft,no,
North Node sextile your Sun,north-node,sun,sextile,authored/transit-aspect/north-node/sun/sextile,empty_exact,0,0,,authored/transit-aspect/north-node/sun/soft,no,
North Node conjunction your Moon,north-node,moon,conjunction,authored/transit-aspect/north-node/moon/conjunction,exact_you_and_friend,100,100,approved,authored/transit-aspect/north-node/moon/hard,no,
North Node opposition your Moon,north-node,moon,opposition,authored/transit-aspect/north-node/moon/opposition,empty_exact,0,0,,authored/transit-aspect/north-node/moon/hard,no,
North Node square your Moon,north-node,moon,square,authored/transit-aspect/north-node/moon/square,empty_exact,0,0,,authored/transit-aspect/north-node/moon/hard,no,
North Node trine your Moon,north-node,moon,trine,authored/transit-aspect/north-node/moon/trine,empty_exact,0,0,,authored/transit-aspect/north-node/moon/soft,no,
North Node sextile your Moon,north-node,moon,sextile,authored/transit-aspect/north-node/moon/sextile,empty_exact,0,0,,authored/transit-aspect/north-node/moon/soft,no,
North Node conjunction your Mercury,north-node,mercury,conjunction,authored/transit-aspect/north-node/mercury/conjunction,empty_exact,0,0,,authored/transit-aspect/north-node/mercury/hard,no,
North Node opposition your Mercury,north-node,mercury,opposition,authored/transit-aspect/north-node/mercury/opposition,empty_exact,0,0,,authored/transit-aspect/north-node/mercury/hard,no,
North Node square your Mercury,north-node,mercury,square,authored/transit-aspect/north-node/mercury/square,empty_exact,0,0,,authored/transit-aspect/north-node/mercury/hard,no,
North Node trine your Mercury,north-node,mercury,trine,authored/transit-aspect/north-node/mercury/trine,empty_exact,0,0,,authored/transit-aspect/north-node/mercury/soft,no,
North Node sextile your Mercury,north-node,mercury,sextile,authored/transit-aspect/north-node/mercury/sextile,empty_exact,0,0,,authored/transit-aspect/north-node/mercury/soft,no,
North Node conjunction your Venus,north-node,venus,conjunction,authored/transit-aspect/north-node/venus/conjunction,empty_exact,0,0,,authored/transit-aspect/north-node/venus/hard,no,
North Node opposition your Venus,north-node,venus,opposition,authored/transit-aspect/north-node/venus/opposition,empty_exact,0,0,,authored/transit-aspect/north-node/venus/hard,no,
North Node square your Venus,north-node,venus,square,authored/transit-aspect/north-node/venus/square,empty_exact,0,0,,authored/transit-aspect/north-node/venus/hard,no,
North Node trine your Venus,north-node,venus,trine,authored/transit-aspect/north-node/venus/trine,empty_exact,0,0,,authored/transit-aspect/north-node/venus/soft,no,
North Node sextile your Venus,north-node,venus,sextile,authored/transit-aspect/north-node/venus/sextile,empty_exact,0,0,,authored/transit-aspect/north-node/venus/soft,no,
North Node conjunction your Mars,north-node,mars,conjunction,authored/transit-aspect/north-node/mars/conjunction,empty_exact,0,0,,authored/transit-aspect/north-node/mars/hard,no,
North Node opposition your Mars,north-node,mars,opposition,authored/transit-aspect/north-node/mars/opposition,empty_exact,0,0,,authored/transit-aspect/north-node/mars/hard,no,
North Node square your Mars,north-node,mars,square,authored/transit-aspect/north-node/mars/square,empty_exact,0,0,,authored/transit-aspect/north-node/mars/hard,no,
North Node trine your Mars,north-node,mars,trine,authored/transit-aspect/north-node/mars/trine,empty_exact,0,0,,authored/transit-aspect/north-node/mars/soft,no,
North Node sextile your Mars,north-node,mars,sextile,authored/transit-aspect/north-node/mars/sextile,empty_exact,0,0,,authored/transit-aspect/north-node/mars/soft,no,
North Node conjunction your Jupiter,north-node,jupiter,conjunction,authored/transit-aspect/north-node/jupiter/conjunction,empty_exact,0,0,,authored/transit-aspect/north-node/jupiter/hard,no,
North Node opposition your Jupiter,north-node,jupiter,opposition,authored/transit-aspect/north-node/jupiter/opposition,empty_exact,0,0,,authored/transit-aspect/north-node/jupiter/hard,no,
North Node square your Jupiter,north-node,jupiter,square,authored/transit-aspect/north-node/jupiter/square,empty_exact,0,0,,authored/transit-aspect/north-node/jupiter/hard,no,
North Node trine your Jupiter,north-node,jupiter,trine,authored/transit-aspect/north-node/jupiter/trine,empty_exact,0,0,,authored/transit-aspect/north-node/jupiter/soft,no,
North Node sextile your Jupiter,north-node,jupiter,sextile,authored/transit-aspect/north-node/jupiter/sextile,empty_exact,0,0,,authored/transit-aspect/north-node/jupiter/soft,no,
North Node conjunction your Saturn,north-node,saturn,conjunction,authored/transit-aspect/north-node/saturn/conjunction,empty_exact,0,0,,authored/transit-aspect/north-node/saturn/hard,no,
North Node opposition your Saturn,north-node,saturn,opposition,authored/transit-aspect/north-node/saturn/opposition,empty_exact,0,0,,authored/transit-aspect/north-node/saturn/hard,no,
North Node square your Saturn,north-node,saturn,square,authored/transit-aspect/north-node/saturn/square,empty_exact,0,0,,authored/transit-aspect/north-node/saturn/hard,no,
North Node trine your Saturn,north-node,saturn,trine,authored/transit-aspect/north-node/saturn/trine,empty_exact,0,0,,authored/transit-aspect/north-node/saturn/soft,no,
North Node sextile your Saturn,north-node,saturn,sextile,authored/transit-aspect/north-node/saturn/sextile,empty_exact,0,0,,authored/transit-aspect/north-node/saturn/soft,no,
North Node conjunction your Uranus,north-node,uranus,conjunction,authored/transit-aspect/north-node/uranus/conjunction,empty_exact,0,0,,authored/transit-aspect/north-node/uranus/hard,no,
North Node opposition your Uranus,north-node,uranus,opposition,authored/transit-aspect/north-node/uranus/opposition,empty_exact,0,0,,authored/transit-aspect/north-node/uranus/hard,no,
North Node square your Uranus,north-node,uranus,square,authored/transit-aspect/north-node/uranus/square,empty_exact,0,0,,authored/transit-aspect/north-node/uranus/hard,no,
North Node trine your Uranus,north-node,uranus,trine,authored/transit-aspect/north-node/uranus/trine,empty_exact,0,0,,authored/transit-aspect/north-node/uranus/soft,no,
North Node sextile your Uranus,north-node,uranus,sextile,authored/transit-aspect/north-node/uranus/sextile,empty_exact,0,0,,authored/transit-aspect/north-node/uranus/soft,no,
North Node conjunction your Neptune,north-node,neptune,conjunction,authored/transit-aspect/north-node/neptune/conjunction,empty_exact,0,0,,authored/transit-aspect/north-node/neptune/hard,no,
North Node opposition your Neptune,north-node,neptune,opposition,authored/transit-aspect/north-node/neptune/opposition,empty_exact,0,0,,authored/transit-aspect/north-node/neptune/hard,no,
North Node square your Neptune,north-node,neptune,square,authored/transit-aspect/north-node/neptune/square,empty_exact,0,0,,authored/transit-aspect/north-node/neptune/hard,no,
North Node trine your Neptune,north-node,neptune,trine,authored/transit-aspect/north-node/neptune/trine,empty_exact,0,0,,authored/transit-aspect/north-node/neptune/soft,no,
North Node sextile your Neptune,north-node,neptune,sextile,authored/transit-aspect/north-node/neptune/sextile,empty_exact,0,0,,authored/transit-aspect/north-node/neptune/soft,no,
North Node conjunction your Pluto,north-node,pluto,conjunction,authored/transit-aspect/north-node/pluto/conjunction,empty_exact,0,0,,authored/transit-aspect/north-node/pluto/hard,no,
North Node opposition your Pluto,north-node,pluto,opposition,authored/transit-aspect/north-node/pluto/opposition,empty_exact,0,0,,authored/transit-aspect/north-node/pluto/hard,no,
North Node square your Pluto,north-node,pluto,square,authored/transit-aspect/north-node/pluto/square,empty_exact,0,0,,authored/transit-aspect/north-node/pluto/hard,no,
North Node trine your Pluto,north-node,pluto,trine,authored/transit-aspect/north-node/pluto/trine,empty_exact,0,0,,authored/transit-aspect/north-node/pluto/soft,no,
North Node sextile your Pluto,north-node,pluto,sextile,authored/transit-aspect/north-node/pluto/sextile,empty_exact,0,0,,authored/transit-aspect/north-node/pluto/soft,no,
North Node conjunction your Chiron,north-node,chiron,conjunction,authored/transit-aspect/north-node/chiron/conjunction,empty_exact,0,0,,authored/transit-aspect/north-node/chiron/hard,no,
North Node opposition your Chiron,north-node,chiron,opposition,authored/transit-aspect/north-node/chiron/opposition,empty_exact,0,0,,authored/transit-aspect/north-node/chiron/hard,no,
North Node square your Chiron,north-node,chiron,square,authored/transit-aspect/north-node/chiron/square,empty_exact,0,0,,authored/transit-aspect/north-node/chiron/hard,no,
North Node trine your Chiron,north-node,chiron,trine,authored/transit-aspect/north-node/chiron/trine,empty_exact,0,0,,authored/transit-aspect/north-node/chiron/soft,no,
North Node sextile your Chiron,north-node,chiron,sextile,authored/transit-aspect/north-node/chiron/sextile,empty_exact,0,0,,authored/transit-aspect/north-node/chiron/soft,no,
North Node return,north-node,north-node,conjunction (return),authored/transit-return/north-node,exact_you_only,168,0,approved,,,
North Node opposition your North Node,north-node,north-node,opposition,authored/transit-aspect/north-node/north-node/opposition,empty_exact,0,0,,authored/transit-aspect/north-node/north-node/hard,no,
North Node square your North Node,north-node,north-node,square,authored/transit-aspect/north-node/north-node/square,empty_exact,0,0,,authored/transit-aspect/north-node/north-node/hard,no,
North Node trine your North Node,north-node,north-node,trine,authored/transit-aspect/north-node/north-node/trine,empty_exact,0,0,,authored/transit-aspect/north-node/north-node/soft,no,
North Node sextile your North Node,north-node,north-node,sextile,authored/transit-aspect/north-node/north-node/sextile,empty_exact,0,0,,authored/transit-aspect/north-node/north-node/soft,no,
North Node conjunction your South Node,north-node,south-node,conjunction,authored/transit-aspect/north-node/south-node/conjunction,empty_exact,0,0,,authored/transit-aspect/north-node/south-node/hard,no,
North Node opposition your South Node,north-node,south-node,opposition,authored/transit-aspect/north-node/south-node/opposition,empty_exact,0,0,,authored/transit-aspect/north-node/south-node/hard,no,
North Node square your South Node,north-node,south-node,square,authored/transit-aspect/north-node/south-node/square,empty_exact,0,0,,authored/transit-aspect/north-node/south-node/hard,no,
North Node trine your South Node,north-node,south-node,trine,authored/transit-aspect/north-node/south-node/trine,empty_exact,0,0,,authored/transit-aspect/north-node/south-node/soft,no,
North Node sextile your South Node,north-node,south-node,sextile,authored/transit-aspect/north-node/south-node/sextile,empty_exact,0,0,,authored/transit-aspect/north-node/south-node/soft,no,
North Node conjunction your Lilith,north-node,lilith,conjunction,authored/transit-aspect/north-node/lilith/conjunction,empty_exact,0,0,,authored/transit-aspect/north-node/lilith/hard,no,
North Node opposition your Lilith,north-node,lilith,opposition,authored/transit-aspect/north-node/lilith/opposition,empty_exact,0,0,,authored/transit-aspect/north-node/lilith/hard,no,
North Node conjunction your Ascendant,north-node,ascendant,conjunction,authored/transit-aspect/north-node/ascendant/conjunction,empty_exact,0,0,,authored/transit-aspect/north-node/ascendant/hard,no,
North Node opposition your Ascendant,north-node,ascendant,opposition,authored/transit-aspect/north-node/ascendant/opposition,empty_exact,0,0,,authored/transit-aspect/north-node/ascendant/hard,no,
North Node square your Ascendant,north-node,ascendant,square,authored/transit-aspect/north-node/ascendant/square,empty_exact,0,0,,authored/transit-aspect/north-node/ascendant/hard,no,
North Node trine your Ascendant,north-node,ascendant,trine,authored/transit-aspect/north-node/ascendant/trine,empty_exact,0,0,,authored/transit-aspect/north-node/ascendant/soft,no,
North Node sextile your Ascendant,north-node,ascendant,sextile,authored/transit-aspect/north-node/ascendant/sextile,empty_exact,0,0,,authored/transit-aspect/north-node/ascendant/soft,no,
North Node conjunction your Midheaven,north-node,midheaven,conjunction,authored/transit-aspect/north-node/midheaven/conjunction,empty_exact,0,0,,authored/transit-aspect/north-node/midheaven/hard,no,
North Node opposition your Midheaven,north-node,midheaven,opposition,authored/transit-aspect/north-node/midheaven/opposition,empty_exact,0,0,,authored/transit-aspect/north-node/midheaven/hard,no,
North Node square your Midheaven,north-node,midheaven,square,authored/transit-aspect/north-node/midheaven/square,empty_exact,0,0,,authored/transit-aspect/north-node/midheaven/hard,no,
North Node trine your Midheaven,north-node,midheaven,trine,authored/transit-aspect/north-node/midheaven/trine,empty_exact,0,0,,authored/transit-aspect/north-node/midheaven/soft,no,
North Node sextile your Midheaven,north-node,midheaven,sextile,authored/transit-aspect/north-node/midheaven/sextile,empty_exact,0,0,,authored/transit-aspect/north-node/midheaven/soft,no,
North Node conjunction your Descendant,north-node,descendant,conjunction,authored/transit-aspect/north-node/descendant/conjunction,empty_exact,0,0,,authored/transit-aspect/north-node/descendant/hard,no,
North Node opposition your Descendant,north-node,descendant,opposition,authored/transit-aspect/north-node/descendant/opposition,empty_exact,0,0,,authored/transit-aspect/north-node/descendant/hard,no,
North Node square your Descendant,north-node,descendant,square,authored/transit-aspect/north-node/descendant/square,empty_exact,0,0,,authored/transit-aspect/north-node/descendant/hard,no,
North Node trine your Descendant,north-node,descendant,trine,authored/transit-aspect/north-node/descendant/trine,empty_exact,0,0,,authored/transit-aspect/north-node/descendant/soft,no,
North Node sextile your Descendant,north-node,descendant,sextile,authored/transit-aspect/north-node/descendant/sextile,empty_exact,0,0,,authored/transit-aspect/north-node/descendant/soft,no,
North Node conjunction your Imum Coeli,north-node,imum-coeli,conjunction,authored/transit-aspect/north-node/imum-coeli/conjunction,empty_exact,0,0,,authored/transit-aspect/north-node/imum-coeli/hard,no,
North Node opposition your Imum Coeli,north-node,imum-coeli,opposition,authored/transit-aspect/north-node/imum-coeli/opposition,empty_exact,0,0,,authored/transit-aspect/north-node/imum-coeli/hard,no,
North Node square your Imum Coeli,north-node,imum-coeli,square,authored/transit-aspect/north-node/imum-coeli/square,empty_exact,0,0,,authored/transit-aspect/north-node/imum-coeli/hard,no,
North Node trine your Imum Coeli,north-node,imum-coeli,trine,authored/transit-aspect/north-node/imum-coeli/trine,empty_exact,0,0,,authored/transit-aspect/north-node/imum-coeli/soft,no,
North Node sextile your Imum Coeli,north-node,imum-coeli,sextile,authored/transit-aspect/north-node/imum-coeli/sextile,empty_exact,0,0,,authored/transit-aspect/north-node/imum-coeli/soft,no,
South Node conjunction your Sun,south-node,sun,conjunction,authored/transit-aspect/south-node/sun/conjunction,empty_exact,0,0,,authored/transit-aspect/south-node/sun/hard,no,
South Node opposition your Sun,south-node,sun,opposition,authored/transit-aspect/south-node/sun/opposition,empty_exact,0,0,,authored/transit-aspect/south-node/sun/hard,no,
South Node square your Sun,south-node,sun,square,authored/transit-aspect/south-node/sun/square,empty_exact,0,0,,authored/transit-aspect/south-node/sun/hard,no,
South Node trine your Sun,south-node,sun,trine,authored/transit-aspect/south-node/sun/trine,empty_exact,0,0,,authored/transit-aspect/south-node/sun/soft,no,
South Node sextile your Sun,south-node,sun,sextile,authored/transit-aspect/south-node/sun/sextile,empty_exact,0,0,,authored/transit-aspect/south-node/sun/soft,no,
South Node conjunction your Moon,south-node,moon,conjunction,authored/transit-aspect/south-node/moon/conjunction,empty_exact,0,0,,authored/transit-aspect/south-node/moon/hard,no,
South Node opposition your Moon,south-node,moon,opposition,authored/transit-aspect/south-node/moon/opposition,empty_exact,0,0,,authored/transit-aspect/south-node/moon/hard,no,
South Node square your Moon,south-node,moon,square,authored/transit-aspect/south-node/moon/square,empty_exact,0,0,,authored/transit-aspect/south-node/moon/hard,no,
South Node trine your Moon,south-node,moon,trine,authored/transit-aspect/south-node/moon/trine,empty_exact,0,0,,authored/transit-aspect/south-node/moon/soft,no,
South Node sextile your Moon,south-node,moon,sextile,authored/transit-aspect/south-node/moon/sextile,empty_exact,0,0,,authored/transit-aspect/south-node/moon/soft,no,
South Node conjunction your Mercury,south-node,mercury,conjunction,authored/transit-aspect/south-node/mercury/conjunction,empty_exact,0,0,,authored/transit-aspect/south-node/mercury/hard,no,
South Node opposition your Mercury,south-node,mercury,opposition,authored/transit-aspect/south-node/mercury/opposition,empty_exact,0,0,,authored/transit-aspect/south-node/mercury/hard,no,
South Node square your Mercury,south-node,mercury,square,authored/transit-aspect/south-node/mercury/square,empty_exact,0,0,,authored/transit-aspect/south-node/mercury/hard,no,
South Node trine your Mercury,south-node,mercury,trine,authored/transit-aspect/south-node/mercury/trine,empty_exact,0,0,,authored/transit-aspect/south-node/mercury/soft,no,
South Node sextile your Mercury,south-node,mercury,sextile,authored/transit-aspect/south-node/mercury/sextile,empty_exact,0,0,,authored/transit-aspect/south-node/mercury/soft,no,
South Node conjunction your Venus,south-node,venus,conjunction,authored/transit-aspect/south-node/venus/conjunction,empty_exact,0,0,,authored/transit-aspect/south-node/venus/hard,no,
South Node opposition your Venus,south-node,venus,opposition,authored/transit-aspect/south-node/venus/opposition,empty_exact,0,0,,authored/transit-aspect/south-node/venus/hard,no,
South Node square your Venus,south-node,venus,square,authored/transit-aspect/south-node/venus/square,empty_exact,0,0,,authored/transit-aspect/south-node/venus/hard,no,
South Node trine your Venus,south-node,venus,trine,authored/transit-aspect/south-node/venus/trine,empty_exact,0,0,,authored/transit-aspect/south-node/venus/soft,no,
South Node sextile your Venus,south-node,venus,sextile,authored/transit-aspect/south-node/venus/sextile,empty_exact,0,0,,authored/transit-aspect/south-node/venus/soft,no,
South Node conjunction your Mars,south-node,mars,conjunction,authored/transit-aspect/south-node/mars/conjunction,empty_exact,0,0,,authored/transit-aspect/south-node/mars/hard,no,
South Node opposition your Mars,south-node,mars,opposition,authored/transit-aspect/south-node/mars/opposition,empty_exact,0,0,,authored/transit-aspect/south-node/mars/hard,no,
South Node square your Mars,south-node,mars,square,authored/transit-aspect/south-node/mars/square,empty_exact,0,0,,authored/transit-aspect/south-node/mars/hard,no,
South Node trine your Mars,south-node,mars,trine,authored/transit-aspect/south-node/mars/trine,empty_exact,0,0,,authored/transit-aspect/south-node/mars/soft,no,
South Node sextile your Mars,south-node,mars,sextile,authored/transit-aspect/south-node/mars/sextile,empty_exact,0,0,,authored/transit-aspect/south-node/mars/soft,no,
South Node conjunction your Jupiter,south-node,jupiter,conjunction,authored/transit-aspect/south-node/jupiter/conjunction,empty_exact,0,0,,authored/transit-aspect/south-node/jupiter/hard,no,
South Node opposition your Jupiter,south-node,jupiter,opposition,authored/transit-aspect/south-node/jupiter/opposition,empty_exact,0,0,,authored/transit-aspect/south-node/jupiter/hard,no,
South Node square your Jupiter,south-node,jupiter,square,authored/transit-aspect/south-node/jupiter/square,empty_exact,0,0,,authored/transit-aspect/south-node/jupiter/hard,no,
South Node trine your Jupiter,south-node,jupiter,trine,authored/transit-aspect/south-node/jupiter/trine,empty_exact,0,0,,authored/transit-aspect/south-node/jupiter/soft,no,
South Node sextile your Jupiter,south-node,jupiter,sextile,authored/transit-aspect/south-node/jupiter/sextile,empty_exact,0,0,,authored/transit-aspect/south-node/jupiter/soft,no,
South Node conjunction your Saturn,south-node,saturn,conjunction,authored/transit-aspect/south-node/saturn/conjunction,empty_exact,0,0,,authored/transit-aspect/south-node/saturn/hard,no,
South Node opposition your Saturn,south-node,saturn,opposition,authored/transit-aspect/south-node/saturn/opposition,empty_exact,0,0,,authored/transit-aspect/south-node/saturn/hard,no,
South Node square your Saturn,south-node,saturn,square,authored/transit-aspect/south-node/saturn/square,empty_exact,0,0,,authored/transit-aspect/south-node/saturn/hard,no,
South Node trine your Saturn,south-node,saturn,trine,authored/transit-aspect/south-node/saturn/trine,empty_exact,0,0,,authored/transit-aspect/south-node/saturn/soft,no,
South Node sextile your Saturn,south-node,saturn,sextile,authored/transit-aspect/south-node/saturn/sextile,empty_exact,0,0,,authored/transit-aspect/south-node/saturn/soft,no,
South Node conjunction your Uranus,south-node,uranus,conjunction,authored/transit-aspect/south-node/uranus/conjunction,empty_exact,0,0,,authored/transit-aspect/south-node/uranus/hard,no,
South Node opposition your Uranus,south-node,uranus,opposition,authored/transit-aspect/south-node/uranus/opposition,empty_exact,0,0,,authored/transit-aspect/south-node/uranus/hard,no,
South Node square your Uranus,south-node,uranus,square,authored/transit-aspect/south-node/uranus/square,empty_exact,0,0,,authored/transit-aspect/south-node/uranus/hard,no,
South Node trine your Uranus,south-node,uranus,trine,authored/transit-aspect/south-node/uranus/trine,empty_exact,0,0,,authored/transit-aspect/south-node/uranus/soft,no,
South Node sextile your Uranus,south-node,uranus,sextile,authored/transit-aspect/south-node/uranus/sextile,empty_exact,0,0,,authored/transit-aspect/south-node/uranus/soft,no,
South Node conjunction your Neptune,south-node,neptune,conjunction,authored/transit-aspect/south-node/neptune/conjunction,empty_exact,0,0,,authored/transit-aspect/south-node/neptune/hard,no,
South Node opposition your Neptune,south-node,neptune,opposition,authored/transit-aspect/south-node/neptune/opposition,empty_exact,0,0,,authored/transit-aspect/south-node/neptune/hard,no,
South Node square your Neptune,south-node,neptune,square,authored/transit-aspect/south-node/neptune/square,empty_exact,0,0,,authored/transit-aspect/south-node/neptune/hard,no,
South Node trine your Neptune,south-node,neptune,trine,authored/transit-aspect/south-node/neptune/trine,empty_exact,0,0,,authored/transit-aspect/south-node/neptune/soft,no,
South Node sextile your Neptune,south-node,neptune,sextile,authored/transit-aspect/south-node/neptune/sextile,empty_exact,0,0,,authored/transit-aspect/south-node/neptune/soft,no,
South Node conjunction your Pluto,south-node,pluto,conjunction,authored/transit-aspect/south-node/pluto/conjunction,empty_exact,0,0,,authored/transit-aspect/south-node/pluto/hard,no,
South Node opposition your Pluto,south-node,pluto,opposition,authored/transit-aspect/south-node/pluto/opposition,empty_exact,0,0,,authored/transit-aspect/south-node/pluto/hard,no,
South Node square your Pluto,south-node,pluto,square,authored/transit-aspect/south-node/pluto/square,empty_exact,0,0,,authored/transit-aspect/south-node/pluto/hard,no,
South Node trine your Pluto,south-node,pluto,trine,authored/transit-aspect/south-node/pluto/trine,empty_exact,0,0,,authored/transit-aspect/south-node/pluto/soft,no,
South Node sextile your Pluto,south-node,pluto,sextile,authored/transit-aspect/south-node/pluto/sextile,empty_exact,0,0,,authored/transit-aspect/south-node/pluto/soft,no,
South Node conjunction your Chiron,south-node,chiron,conjunction,authored/transit-aspect/south-node/chiron/conjunction,empty_exact,0,0,,authored/transit-aspect/south-node/chiron/hard,no,
South Node opposition your Chiron,south-node,chiron,opposition,authored/transit-aspect/south-node/chiron/opposition,empty_exact,0,0,,authored/transit-aspect/south-node/chiron/hard,no,
South Node square your Chiron,south-node,chiron,square,authored/transit-aspect/south-node/chiron/square,empty_exact,0,0,,authored/transit-aspect/south-node/chiron/hard,no,
South Node trine your Chiron,south-node,chiron,trine,authored/transit-aspect/south-node/chiron/trine,empty_exact,0,0,,authored/transit-aspect/south-node/chiron/soft,no,
South Node sextile your Chiron,south-node,chiron,sextile,authored/transit-aspect/south-node/chiron/sextile,empty_exact,0,0,,authored/transit-aspect/south-node/chiron/soft,no,
South Node conjunction your North Node,south-node,north-node,conjunction,authored/transit-aspect/south-node/north-node/conjunction,empty_exact,0,0,,authored/transit-aspect/south-node/north-node/hard,no,
South Node opposition your North Node,south-node,north-node,opposition,authored/transit-aspect/south-node/north-node/opposition,empty_exact,0,0,,authored/transit-aspect/south-node/north-node/hard,no,
South Node square your North Node,south-node,north-node,square,authored/transit-aspect/south-node/north-node/square,empty_exact,0,0,,authored/transit-aspect/south-node/north-node/hard,no,
South Node trine your North Node,south-node,north-node,trine,authored/transit-aspect/south-node/north-node/trine,empty_exact,0,0,,authored/transit-aspect/south-node/north-node/soft,no,
South Node sextile your North Node,south-node,north-node,sextile,authored/transit-aspect/south-node/north-node/sextile,empty_exact,0,0,,authored/transit-aspect/south-node/north-node/soft,no,
South Node conjunction your South Node,south-node,south-node,conjunction,authored/transit-aspect/south-node/south-node/conjunction,empty_exact,0,0,,authored/transit-aspect/south-node/south-node/hard,no,
South Node opposition your South Node,south-node,south-node,opposition,authored/transit-aspect/south-node/south-node/opposition,empty_exact,0,0,,authored/transit-aspect/south-node/south-node/hard,no,
South Node square your South Node,south-node,south-node,square,authored/transit-aspect/south-node/south-node/square,empty_exact,0,0,,authored/transit-aspect/south-node/south-node/hard,no,
South Node trine your South Node,south-node,south-node,trine,authored/transit-aspect/south-node/south-node/trine,empty_exact,0,0,,authored/transit-aspect/south-node/south-node/soft,no,
South Node sextile your South Node,south-node,south-node,sextile,authored/transit-aspect/south-node/south-node/sextile,empty_exact,0,0,,authored/transit-aspect/south-node/south-node/soft,no,
South Node conjunction your Lilith,south-node,lilith,conjunction,authored/transit-aspect/south-node/lilith/conjunction,empty_exact,0,0,,authored/transit-aspect/south-node/lilith/hard,no,
South Node opposition your Lilith,south-node,lilith,opposition,authored/transit-aspect/south-node/lilith/opposition,empty_exact,0,0,,authored/transit-aspect/south-node/lilith/hard,no,
South Node conjunction your Ascendant,south-node,ascendant,conjunction,authored/transit-aspect/south-node/ascendant/conjunction,empty_exact,0,0,,authored/transit-aspect/south-node/ascendant/hard,no,
South Node opposition your Ascendant,south-node,ascendant,opposition,authored/transit-aspect/south-node/ascendant/opposition,empty_exact,0,0,,authored/transit-aspect/south-node/ascendant/hard,no,
South Node square your Ascendant,south-node,ascendant,square,authored/transit-aspect/south-node/ascendant/square,empty_exact,0,0,,authored/transit-aspect/south-node/ascendant/hard,no,
South Node trine your Ascendant,south-node,ascendant,trine,authored/transit-aspect/south-node/ascendant/trine,empty_exact,0,0,,authored/transit-aspect/south-node/ascendant/soft,no,
South Node sextile your Ascendant,south-node,ascendant,sextile,authored/transit-aspect/south-node/ascendant/sextile,empty_exact,0,0,,authored/transit-aspect/south-node/ascendant/soft,no,
South Node conjunction your Midheaven,south-node,midheaven,conjunction,authored/transit-aspect/south-node/midheaven/conjunction,empty_exact,0,0,,authored/transit-aspect/south-node/midheaven/hard,no,
South Node opposition your Midheaven,south-node,midheaven,opposition,authored/transit-aspect/south-node/midheaven/opposition,empty_exact,0,0,,authored/transit-aspect/south-node/midheaven/hard,no,
South Node square your Midheaven,south-node,midheaven,square,authored/transit-aspect/south-node/midheaven/square,empty_exact,0,0,,authored/transit-aspect/south-node/midheaven/hard,no,
South Node trine your Midheaven,south-node,midheaven,trine,authored/transit-aspect/south-node/midheaven/trine,empty_exact,0,0,,authored/transit-aspect/south-node/midheaven/soft,no,
South Node sextile your Midheaven,south-node,midheaven,sextile,authored/transit-aspect/south-node/midheaven/sextile,empty_exact,0,0,,authored/transit-aspect/south-node/midheaven/soft,no,
South Node conjunction your Descendant,south-node,descendant,conjunction,authored/transit-aspect/south-node/descendant/conjunction,empty_exact,0,0,,authored/transit-aspect/south-node/descendant/hard,no,
South Node opposition your Descendant,south-node,descendant,opposition,authored/transit-aspect/south-node/descendant/opposition,empty_exact,0,0,,authored/transit-aspect/south-node/descendant/hard,no,
South Node square your Descendant,south-node,descendant,square,authored/transit-aspect/south-node/descendant/square,empty_exact,0,0,,authored/transit-aspect/south-node/descendant/hard,no,
South Node trine your Descendant,south-node,descendant,trine,authored/transit-aspect/south-node/descendant/trine,empty_exact,0,0,,authored/transit-aspect/south-node/descendant/soft,no,
South Node sextile your Descendant,south-node,descendant,sextile,authored/transit-aspect/south-node/descendant/sextile,empty_exact,0,0,,authored/transit-aspect/south-node/descendant/soft,no,
South Node conjunction your Imum Coeli,south-node,imum-coeli,conjunction,authored/transit-aspect/south-node/imum-coeli/conjunction,empty_exact,0,0,,authored/transit-aspect/south-node/imum-coeli/hard,no,
South Node opposition your Imum Coeli,south-node,imum-coeli,opposition,authored/transit-aspect/south-node/imum-coeli/opposition,empty_exact,0,0,,authored/transit-aspect/south-node/imum-coeli/hard,no,
South Node square your Imum Coeli,south-node,imum-coeli,square,authored/transit-aspect/south-node/imum-coeli/square,empty_exact,0,0,,authored/transit-aspect/south-node/imum-coeli/hard,no,
South Node trine your Imum Coeli,south-node,imum-coeli,trine,authored/transit-aspect/south-node/imum-coeli/trine,empty_exact,0,0,,authored/transit-aspect/south-node/imum-coeli/soft,no,
South Node sextile your Imum Coeli,south-node,imum-coeli,sextile,authored/transit-aspect/south-node/imum-coeli/sextile,empty_exact,0,0,,authored/transit-aspect/south-node/imum-coeli/soft,no,
Lilith conjunction your Sun,lilith,sun,conjunction,authored/transit-aspect/lilith/sun/conjunction,empty_exact,0,0,,authored/transit-aspect/lilith/sun/hard,no,
Lilith opposition your Sun,lilith,sun,opposition,authored/transit-aspect/lilith/sun/opposition,empty_exact,0,0,,authored/transit-aspect/lilith/sun/hard,no,
Lilith square your Sun,lilith,sun,square,authored/transit-aspect/lilith/sun/square,empty_exact,0,0,,authored/transit-aspect/lilith/sun/hard,no,
Lilith trine your Sun,lilith,sun,trine,authored/transit-aspect/lilith/sun/trine,empty_exact,0,0,,authored/transit-aspect/lilith/sun/soft,no,
Lilith sextile your Sun,lilith,sun,sextile,authored/transit-aspect/lilith/sun/sextile,empty_exact,0,0,,authored/transit-aspect/lilith/sun/soft,no,
Lilith conjunction your Moon,lilith,moon,conjunction,authored/transit-aspect/lilith/moon/conjunction,empty_exact,0,0,,authored/transit-aspect/lilith/moon/hard,no,
Lilith opposition your Moon,lilith,moon,opposition,authored/transit-aspect/lilith/moon/opposition,empty_exact,0,0,,authored/transit-aspect/lilith/moon/hard,no,
Lilith square your Moon,lilith,moon,square,authored/transit-aspect/lilith/moon/square,empty_exact,0,0,,authored/transit-aspect/lilith/moon/hard,no,
Lilith trine your Moon,lilith,moon,trine,authored/transit-aspect/lilith/moon/trine,empty_exact,0,0,,authored/transit-aspect/lilith/moon/soft,no,
Lilith sextile your Moon,lilith,moon,sextile,authored/transit-aspect/lilith/moon/sextile,empty_exact,0,0,,authored/transit-aspect/lilith/moon/soft,no,
Lilith conjunction your Mercury,lilith,mercury,conjunction,authored/transit-aspect/lilith/mercury/conjunction,empty_exact,0,0,,authored/transit-aspect/lilith/mercury/hard,no,
Lilith opposition your Mercury,lilith,mercury,opposition,authored/transit-aspect/lilith/mercury/opposition,empty_exact,0,0,,authored/transit-aspect/lilith/mercury/hard,no,
Lilith square your Mercury,lilith,mercury,square,authored/transit-aspect/lilith/mercury/square,empty_exact,0,0,,authored/transit-aspect/lilith/mercury/hard,no,
Lilith trine your Mercury,lilith,mercury,trine,authored/transit-aspect/lilith/mercury/trine,empty_exact,0,0,,authored/transit-aspect/lilith/mercury/soft,no,
Lilith sextile your Mercury,lilith,mercury,sextile,authored/transit-aspect/lilith/mercury/sextile,empty_exact,0,0,,authored/transit-aspect/lilith/mercury/soft,no,
Lilith conjunction your Venus,lilith,venus,conjunction,authored/transit-aspect/lilith/venus/conjunction,empty_exact,0,0,,authored/transit-aspect/lilith/venus/hard,no,
Lilith opposition your Venus,lilith,venus,opposition,authored/transit-aspect/lilith/venus/opposition,empty_exact,0,0,,authored/transit-aspect/lilith/venus/hard,no,
Lilith square your Venus,lilith,venus,square,authored/transit-aspect/lilith/venus/square,empty_exact,0,0,,authored/transit-aspect/lilith/venus/hard,no,
Lilith trine your Venus,lilith,venus,trine,authored/transit-aspect/lilith/venus/trine,empty_exact,0,0,,authored/transit-aspect/lilith/venus/soft,no,
Lilith sextile your Venus,lilith,venus,sextile,authored/transit-aspect/lilith/venus/sextile,empty_exact,0,0,,authored/transit-aspect/lilith/venus/soft,no,
Lilith conjunction your Mars,lilith,mars,conjunction,authored/transit-aspect/lilith/mars/conjunction,empty_exact,0,0,,authored/transit-aspect/lilith/mars/hard,no,
Lilith opposition your Mars,lilith,mars,opposition,authored/transit-aspect/lilith/mars/opposition,empty_exact,0,0,,authored/transit-aspect/lilith/mars/hard,no,
Lilith square your Mars,lilith,mars,square,authored/transit-aspect/lilith/mars/square,empty_exact,0,0,,authored/transit-aspect/lilith/mars/hard,no,
Lilith trine your Mars,lilith,mars,trine,authored/transit-aspect/lilith/mars/trine,empty_exact,0,0,,authored/transit-aspect/lilith/mars/soft,no,
Lilith sextile your Mars,lilith,mars,sextile,authored/transit-aspect/lilith/mars/sextile,empty_exact,0,0,,authored/transit-aspect/lilith/mars/soft,no,
Lilith conjunction your Jupiter,lilith,jupiter,conjunction,authored/transit-aspect/lilith/jupiter/conjunction,empty_exact,0,0,,authored/transit-aspect/lilith/jupiter/hard,no,
Lilith opposition your Jupiter,lilith,jupiter,opposition,authored/transit-aspect/lilith/jupiter/opposition,empty_exact,0,0,,authored/transit-aspect/lilith/jupiter/hard,no,
Lilith square your Jupiter,lilith,jupiter,square,authored/transit-aspect/lilith/jupiter/square,empty_exact,0,0,,authored/transit-aspect/lilith/jupiter/hard,no,
Lilith trine your Jupiter,lilith,jupiter,trine,authored/transit-aspect/lilith/jupiter/trine,empty_exact,0,0,,authored/transit-aspect/lilith/jupiter/soft,no,
Lilith sextile your Jupiter,lilith,jupiter,sextile,authored/transit-aspect/lilith/jupiter/sextile,empty_exact,0,0,,authored/transit-aspect/lilith/jupiter/soft,no,
Lilith conjunction your Saturn,lilith,saturn,conjunction,authored/transit-aspect/lilith/saturn/conjunction,empty_exact,0,0,,authored/transit-aspect/lilith/saturn/hard,no,
Lilith opposition your Saturn,lilith,saturn,opposition,authored/transit-aspect/lilith/saturn/opposition,empty_exact,0,0,,authored/transit-aspect/lilith/saturn/hard,no,
Lilith square your Saturn,lilith,saturn,square,authored/transit-aspect/lilith/saturn/square,empty_exact,0,0,,authored/transit-aspect/lilith/saturn/hard,no,
Lilith trine your Saturn,lilith,saturn,trine,authored/transit-aspect/lilith/saturn/trine,empty_exact,0,0,,authored/transit-aspect/lilith/saturn/soft,no,
Lilith sextile your Saturn,lilith,saturn,sextile,authored/transit-aspect/lilith/saturn/sextile,empty_exact,0,0,,authored/transit-aspect/lilith/saturn/soft,no,
Lilith conjunction your Uranus,lilith,uranus,conjunction,authored/transit-aspect/lilith/uranus/conjunction,empty_exact,0,0,,authored/transit-aspect/lilith/uranus/hard,no,
Lilith opposition your Uranus,lilith,uranus,opposition,authored/transit-aspect/lilith/uranus/opposition,empty_exact,0,0,,authored/transit-aspect/lilith/uranus/hard,no,
Lilith square your Uranus,lilith,uranus,square,authored/transit-aspect/lilith/uranus/square,empty_exact,0,0,,authored/transit-aspect/lilith/uranus/hard,no,
Lilith trine your Uranus,lilith,uranus,trine,authored/transit-aspect/lilith/uranus/trine,empty_exact,0,0,,authored/transit-aspect/lilith/uranus/soft,no,
Lilith sextile your Uranus,lilith,uranus,sextile,authored/transit-aspect/lilith/uranus/sextile,empty_exact,0,0,,authored/transit-aspect/lilith/uranus/soft,no,
Lilith conjunction your Neptune,lilith,neptune,conjunction,authored/transit-aspect/lilith/neptune/conjunction,empty_exact,0,0,,authored/transit-aspect/lilith/neptune/hard,no,
Lilith opposition your Neptune,lilith,neptune,opposition,authored/transit-aspect/lilith/neptune/opposition,empty_exact,0,0,,authored/transit-aspect/lilith/neptune/hard,no,
Lilith square your Neptune,lilith,neptune,square,authored/transit-aspect/lilith/neptune/square,empty_exact,0,0,,authored/transit-aspect/lilith/neptune/hard,no,
Lilith trine your Neptune,lilith,neptune,trine,authored/transit-aspect/lilith/neptune/trine,empty_exact,0,0,,authored/transit-aspect/lilith/neptune/soft,no,
Lilith sextile your Neptune,lilith,neptune,sextile,authored/transit-aspect/lilith/neptune/sextile,empty_exact,0,0,,authored/transit-aspect/lilith/neptune/soft,no,
Lilith conjunction your Pluto,lilith,pluto,conjunction,authored/transit-aspect/lilith/pluto/conjunction,empty_exact,0,0,,authored/transit-aspect/lilith/pluto/hard,no,
Lilith opposition your Pluto,lilith,pluto,opposition,authored/transit-aspect/lilith/pluto/opposition,empty_exact,0,0,,authored/transit-aspect/lilith/pluto/hard,no,
Lilith square your Pluto,lilith,pluto,square,authored/transit-aspect/lilith/pluto/square,empty_exact,0,0,,authored/transit-aspect/lilith/pluto/hard,no,
Lilith trine your Pluto,lilith,pluto,trine,authored/transit-aspect/lilith/pluto/trine,empty_exact,0,0,,authored/transit-aspect/lilith/pluto/soft,no,
Lilith sextile your Pluto,lilith,pluto,sextile,authored/transit-aspect/lilith/pluto/sextile,empty_exact,0,0,,authored/transit-aspect/lilith/pluto/soft,no,
Lilith conjunction your Chiron,lilith,chiron,conjunction,authored/transit-aspect/lilith/chiron/conjunction,empty_exact,0,0,,authored/transit-aspect/lilith/chiron/hard,no,
Lilith opposition your Chiron,lilith,chiron,opposition,authored/transit-aspect/lilith/chiron/opposition,empty_exact,0,0,,authored/transit-aspect/lilith/chiron/hard,no,
Lilith square your Chiron,lilith,chiron,square,authored/transit-aspect/lilith/chiron/square,empty_exact,0,0,,authored/transit-aspect/lilith/chiron/hard,no,
Lilith trine your Chiron,lilith,chiron,trine,authored/transit-aspect/lilith/chiron/trine,empty_exact,0,0,,authored/transit-aspect/lilith/chiron/soft,no,
Lilith sextile your Chiron,lilith,chiron,sextile,authored/transit-aspect/lilith/chiron/sextile,empty_exact,0,0,,authored/transit-aspect/lilith/chiron/soft,no,
Lilith conjunction your North Node,lilith,north-node,conjunction,authored/transit-aspect/lilith/north-node/conjunction,empty_exact,0,0,,authored/transit-aspect/lilith/north-node/hard,no,
Lilith opposition your North Node,lilith,north-node,opposition,authored/transit-aspect/lilith/north-node/opposition,empty_exact,0,0,,authored/transit-aspect/lilith/north-node/hard,no,
Lilith square your North Node,lilith,north-node,square,authored/transit-aspect/lilith/north-node/square,empty_exact,0,0,,authored/transit-aspect/lilith/north-node/hard,no,
Lilith trine your North Node,lilith,north-node,trine,authored/transit-aspect/lilith/north-node/trine,empty_exact,0,0,,authored/transit-aspect/lilith/north-node/soft,no,
Lilith sextile your North Node,lilith,north-node,sextile,authored/transit-aspect/lilith/north-node/sextile,empty_exact,0,0,,authored/transit-aspect/lilith/north-node/soft,no,
Lilith conjunction your South Node,lilith,south-node,conjunction,authored/transit-aspect/lilith/south-node/conjunction,empty_exact,0,0,,authored/transit-aspect/lilith/south-node/hard,no,
Lilith opposition your South Node,lilith,south-node,opposition,authored/transit-aspect/lilith/south-node/opposition,empty_exact,0,0,,authored/transit-aspect/lilith/south-node/hard,no,
Lilith square your South Node,lilith,south-node,square,authored/transit-aspect/lilith/south-node/square,empty_exact,0,0,,authored/transit-aspect/lilith/south-node/hard,no,
Lilith trine your South Node,lilith,south-node,trine,authored/transit-aspect/lilith/south-node/trine,empty_exact,0,0,,authored/transit-aspect/lilith/south-node/soft,no,
Lilith sextile your South Node,lilith,south-node,sextile,authored/transit-aspect/lilith/south-node/sextile,empty_exact,0,0,,authored/transit-aspect/lilith/south-node/soft,no,
Lilith conjunction your Lilith,lilith,lilith,conjunction,authored/transit-aspect/lilith/lilith/conjunction,empty_exact,0,0,,authored/transit-aspect/lilith/lilith/hard,no,
Lilith opposition your Lilith,lilith,lilith,opposition,authored/transit-aspect/lilith/lilith/opposition,empty_exact,0,0,,authored/transit-aspect/lilith/lilith/hard,no,
Lilith conjunction your Ascendant,lilith,ascendant,conjunction,authored/transit-aspect/lilith/ascendant/conjunction,empty_exact,0,0,,authored/transit-aspect/lilith/ascendant/hard,no,
Lilith opposition your Ascendant,lilith,ascendant,opposition,authored/transit-aspect/lilith/ascendant/opposition,empty_exact,0,0,,authored/transit-aspect/lilith/ascendant/hard,no,
Lilith square your Ascendant,lilith,ascendant,square,authored/transit-aspect/lilith/ascendant/square,empty_exact,0,0,,authored/transit-aspect/lilith/ascendant/hard,no,
Lilith trine your Ascendant,lilith,ascendant,trine,authored/transit-aspect/lilith/ascendant/trine,empty_exact,0,0,,authored/transit-aspect/lilith/ascendant/soft,no,
Lilith sextile your Ascendant,lilith,ascendant,sextile,authored/transit-aspect/lilith/ascendant/sextile,empty_exact,0,0,,authored/transit-aspect/lilith/ascendant/soft,no,
Lilith conjunction your Midheaven,lilith,midheaven,conjunction,authored/transit-aspect/lilith/midheaven/conjunction,empty_exact,0,0,,authored/transit-aspect/lilith/midheaven/hard,no,
Lilith opposition your Midheaven,lilith,midheaven,opposition,authored/transit-aspect/lilith/midheaven/opposition,empty_exact,0,0,,authored/transit-aspect/lilith/midheaven/hard,no,
Lilith square your Midheaven,lilith,midheaven,square,authored/transit-aspect/lilith/midheaven/square,empty_exact,0,0,,authored/transit-aspect/lilith/midheaven/hard,no,
Lilith trine your Midheaven,lilith,midheaven,trine,authored/transit-aspect/lilith/midheaven/trine,empty_exact,0,0,,authored/transit-aspect/lilith/midheaven/soft,no,
Lilith sextile your Midheaven,lilith,midheaven,sextile,authored/transit-aspect/lilith/midheaven/sextile,empty_exact,0,0,,authored/transit-aspect/lilith/midheaven/soft,no,
Lilith conjunction your Descendant,lilith,descendant,conjunction,authored/transit-aspect/lilith/descendant/conjunction,empty_exact,0,0,,authored/transit-aspect/lilith/descendant/hard,no,
Lilith opposition your Descendant,lilith,descendant,opposition,authored/transit-aspect/lilith/descendant/opposition,empty_exact,0,0,,authored/transit-aspect/lilith/descendant/hard,no,
Lilith square your Descendant,lilith,descendant,square,authored/transit-aspect/lilith/descendant/square,empty_exact,0,0,,authored/transit-aspect/lilith/descendant/hard,no,
Lilith trine your Descendant,lilith,descendant,trine,authored/transit-aspect/lilith/descendant/trine,empty_exact,0,0,,authored/transit-aspect/lilith/descendant/soft,no,
Lilith sextile your Descendant,lilith,descendant,sextile,authored/transit-aspect/lilith/descendant/sextile,empty_exact,0,0,,authored/transit-aspect/lilith/descendant/soft,no,
Lilith conjunction your Imum Coeli,lilith,imum-coeli,conjunction,authored/transit-aspect/lilith/imum-coeli/conjunction,empty_exact,0,0,,authored/transit-aspect/lilith/imum-coeli/hard,no,
Lilith opposition your Imum Coeli,lilith,imum-coeli,opposition,authored/transit-aspect/lilith/imum-coeli/opposition,empty_exact,0,0,,authored/transit-aspect/lilith/imum-coeli/hard,no,
Lilith square your Imum Coeli,lilith,imum-coeli,square,authored/transit-aspect/lilith/imum-coeli/square,empty_exact,0,0,,authored/transit-aspect/lilith/imum-coeli/hard,no,
Lilith trine your Imum Coeli,lilith,imum-coeli,trine,authored/transit-aspect/lilith/imum-coeli/trine,empty_exact,0,0,,authored/transit-aspect/lilith/imum-coeli/soft,no,
Lilith sextile your Imum Coeli,lilith,imum-coeli,sextile,authored/transit-aspect/lilith/imum-coeli/sextile,empty_exact,0,0,,authored/transit-aspect/lilith/imum-coeli/soft,no,
