id,status,review_decision,reviewer_notes,displayTitle,summary,body,gift,shadow,integration,do,dont,lifeAreas,collectionHints,tags,intensity,planetA,aspect,planetB,voiceNeutral,source_file
jupiter-conjunction-neptune,DRAFT,,,Expansive And Inspired,Growth and belief merge imagination and longing. This concentrated pattern asks you to use optimism and compassion with awareness.,"Growth and belief merge imagination and longing. This concentrated pattern asks you to use optimism and compassion with awareness. Expansion meets imagination. Idealism and vision on a large scale. These drives sit close together, so the pattern may feel natural, immediate, and hard to separate. In practice, this can show up through growth and belief, imagination and longing, and the choices you make when overreach or confusion starts running the room.","The gift is optimism, compassion, and a more conscious way to work with growth and belief and imagination and longing.","The shadow is overreach, confusion, and repeating the same pattern without noticing what it is trying to teach.",Let growth and belief and imagination and longing cooperate without making either one carry the whole story. Inspired vision; test it against logic before committing.,Name how growth and belief and imagination and longing are both involved | Use the easy opening deliberately | Turn optimism and compassion into one concrete choice,Let overreach make the decision | Assume what feels natural is automatically balanced | Ignore the needs of growth and belief or imagination and longing,growth | spirituality | creativity,personal-growth,jupiter | neptune | conjunction | optimism | compassion,4,jupiter,conjunction,neptune,true,data/insights/natal-aspects/jupiter-conjunction-neptune.json
jupiter-conjunction-pluto,DRAFT,,,Expansive And Intense,Growth and belief merge power and transformation. This concentrated pattern asks you to use optimism and depth with awareness.,"Growth and belief merge power and transformation. This concentrated pattern asks you to use optimism and depth with awareness. Expansion meets power. Large-scale ambition, intense conviction, and a drive to overhaul inherited beliefs. These drives sit close together, so the pattern may feel natural, immediate, and hard to separate. In practice, this can show up through growth and belief, power and transformation, and the choices you make when overreach or control starts running the room.","The gift is optimism, depth, and a more conscious way to work with growth and belief and power and transformation.","The shadow is overreach, control, and repeating the same pattern without noticing what it is trying to teach.","Let growth and belief and power and transformation cooperate without making either one carry the whole story. Big, transformative ambition; the intensity can overshoot.",Name how growth and belief and power and transformation are both involved | Use the easy opening deliberately | Turn optimism and depth into one concrete choice,Let overreach make the decision | Assume what feels natural is automatically balanced | Ignore the needs of growth and belief or power and transformation,growth | power,personal-growth | shadow-work,jupiter | pluto | conjunction | optimism | depth,5,jupiter,conjunction,pluto,true,data/insights/natal-aspects/jupiter-conjunction-pluto.json
jupiter-conjunction-saturn,DRAFT,,,Expansive And Steady,Growth and belief merge discipline and limits. This concentrated pattern asks you to use optimism and maturity with awareness.,"Growth and belief merge discipline and limits. This concentrated pattern asks you to use optimism and maturity with awareness. Expansion meets contraction. The swing between optimism and restraint, growth and discipline. These drives sit close together, so the pattern may feel natural, immediate, and hard to separate. In practice, this can show up through growth and belief, discipline and limits, and the choices you make when overreach or fear starts running the room.","The gift is optimism, maturity, and a more conscious way to work with growth and belief and discipline and limits.","The shadow is overreach, fear, and repeating the same pattern without noticing what it is trying to teach.","Let growth and belief and discipline and limits cooperate without making either one carry the whole story. Balancing risk against prudence; unmanaged, it reads as inconsistency.",Name how growth and belief and discipline and limits are both involved | Use the easy opening deliberately | Turn optimism and maturity into one concrete choice,Let overreach make the decision | Assume what feels natural is automatically balanced | Ignore the needs of growth and belief or discipline and limits,growth | work,personal-growth | career-patterns,jupiter | saturn | conjunction | optimism | maturity,4,jupiter,conjunction,saturn,true,data/insights/natal-aspects/jupiter-conjunction-saturn.json
jupiter-conjunction-uranus,DRAFT,,,Expansive And Original,Growth and belief merge freedom and disruption. This concentrated pattern asks you to use optimism and originality with awareness.,"Growth and belief merge freedom and disruption. This concentrated pattern asks you to use optimism and originality with awareness. Expansion meets disruption. Attraction to unconventional ideas and systems of thought. These drives sit close together, so the pattern may feel natural, immediate, and hard to separate. In practice, this can show up through growth and belief, freedom and disruption, and the choices you make when overreach or instability starts running the room.","The gift is optimism, originality, and a more conscious way to work with growth and belief and freedom and disruption.","The shadow is overreach, instability, and repeating the same pattern without noticing what it is trying to teach.",Let growth and belief and freedom and disruption cooperate without making either one carry the whole story. Innovative thinking whose reception depends heavily on how it's framed.,Name how growth and belief and freedom and disruption are both involved | Use the easy opening deliberately | Turn optimism and originality into one concrete choice,Let overreach make the decision | Assume what feels natural is automatically balanced | Ignore the needs of growth and belief or freedom and disruption,growth | friends,personal-growth,jupiter | uranus | conjunction | optimism | originality,4,jupiter,conjunction,uranus,true,data/insights/natal-aspects/jupiter-conjunction-uranus.json
jupiter-opposition-neptune,DRAFT,,,Expansive Across Inspired,Growth and belief mirror imagination and longing. This polarized pattern asks you to use optimism and compassion with awareness.,"Growth and belief mirror imagination and longing. This polarized pattern asks you to use optimism and compassion with awareness. Gullibility and wishful thinking mistaken for reality. The two sides may appear through contrast, projection, or relationships until you learn to hold both directly. In practice, this can show up through growth and belief, imagination and longing, and the choices you make when overreach or confusion starts running the room.","The gift is optimism, compassion, and a more conscious way to work with growth and belief and imagination and longing.","The shadow is overreach, confusion, and repeating the same pattern without noticing what it is trying to teach.",Let growth and belief and imagination and longing cooperate without making either one carry the whole story. Inspired vision; test it against logic before committing.,Name how growth and belief and imagination and longing are both involved | Pause before choosing the most familiar reaction | Turn optimism and compassion into one concrete choice,Let overreach make the decision | Treat tension as proof that something is wrong | Ignore the needs of growth and belief or imagination and longing,growth | spirituality | creativity,personal-growth | shadow-work,jupiter | neptune | opposition | optimism | compassion,4,jupiter,opposition,neptune,true,data/insights/natal-aspects/jupiter-opposition-neptune.json
jupiter-opposition-pluto,DRAFT,,,Expansive Across Intense,Growth and belief mirror power and transformation. This polarized pattern asks you to use optimism and depth with awareness.,"Growth and belief mirror power and transformation. This polarized pattern asks you to use optimism and depth with awareness. Conviction hardens into zealotry or overreach. The two sides may appear through contrast, projection, or relationships until you learn to hold both directly. In practice, this can show up through growth and belief, power and transformation, and the choices you make when overreach or control starts running the room.","The gift is optimism, depth, and a more conscious way to work with growth and belief and power and transformation.","The shadow is overreach, control, and repeating the same pattern without noticing what it is trying to teach.","Let growth and belief and power and transformation cooperate without making either one carry the whole story. Big, transformative ambition; the intensity can overshoot.",Name how growth and belief and power and transformation are both involved | Pause before choosing the most familiar reaction | Turn optimism and depth into one concrete choice,Let overreach make the decision | Treat tension as proof that something is wrong | Ignore the needs of growth and belief or power and transformation,growth | power,personal-growth | shadow-work,jupiter | pluto | opposition | optimism | depth,5,jupiter,opposition,pluto,true,data/insights/natal-aspects/jupiter-opposition-pluto.json
jupiter-opposition-saturn,DRAFT,,,Expansive Across Steady,Growth and belief mirror discipline and limits. This polarized pattern asks you to use optimism and maturity with awareness.,"Growth and belief mirror discipline and limits. This polarized pattern asks you to use optimism and maturity with awareness. Lurching between extremes, from let-loose to grind, without a steady middle. The two sides may appear through contrast, projection, or relationships until you learn to hold both directly. In practice, this can show up through growth and belief, discipline and limits, and the choices you make when overreach or fear starts running the room.","The gift is optimism, maturity, and a more conscious way to work with growth and belief and discipline and limits.","The shadow is overreach, fear, and repeating the same pattern without noticing what it is trying to teach.","Let growth and belief and discipline and limits cooperate without making either one carry the whole story. Balancing risk against prudence; unmanaged, it reads as inconsistency.",Name how growth and belief and discipline and limits are both involved | Pause before choosing the most familiar reaction | Turn optimism and maturity into one concrete choice,Let overreach make the decision | Treat tension as proof that something is wrong | Ignore the needs of growth and belief or discipline and limits,growth | work,personal-growth | career-patterns | shadow-work,jupiter | saturn | opposition | optimism | maturity,4,jupiter,opposition,saturn,true,data/insights/natal-aspects/jupiter-opposition-saturn.json
jupiter-opposition-uranus,DRAFT,,,Expansive Across Original,Growth and belief mirror freedom and disruption. This polarized pattern asks you to use optimism and originality with awareness.,"Growth and belief mirror freedom and disruption. This polarized pattern asks you to use optimism and originality with awareness. Seen as eccentric or a crank, no matter the merit of the idea. The two sides may appear through contrast, projection, or relationships until you learn to hold both directly. In practice, this can show up through growth and belief, freedom and disruption, and the choices you make when overreach or instability starts running the room.","The gift is optimism, originality, and a more conscious way to work with growth and belief and freedom and disruption.","The shadow is overreach, instability, and repeating the same pattern without noticing what it is trying to teach.",Let growth and belief and freedom and disruption cooperate without making either one carry the whole story. Innovative thinking whose reception depends heavily on how it's framed.,Name how growth and belief and freedom and disruption are both involved | Pause before choosing the most familiar reaction | Turn optimism and originality into one concrete choice,Let overreach make the decision | Treat tension as proof that something is wrong | Ignore the needs of growth and belief or freedom and disruption,growth | friends,personal-growth | shadow-work,jupiter | uranus | opposition | optimism | originality,4,jupiter,opposition,uranus,true,data/insights/natal-aspects/jupiter-opposition-uranus.json
jupiter-sextile-neptune,DRAFT,,,Expansive With Inspired,Growth and belief support imagination and longing. This cooperative pattern asks you to use optimism and compassion with awareness.,"Growth and belief support imagination and longing. This cooperative pattern asks you to use optimism and compassion with awareness. Imaginative ideas that turn out to have practical application. The connection is available when you choose to use it; it works best through deliberate practice. In practice, this can show up through growth and belief, imagination and longing, and the choices you make when overreach or confusion starts running the room.","The gift is optimism, compassion, and a more conscious way to work with growth and belief and imagination and longing.","The shadow is overreach, confusion, and repeating the same pattern without noticing what it is trying to teach.",Let growth and belief and imagination and longing cooperate without making either one carry the whole story. Inspired vision; test it against logic before committing.,Name how growth and belief and imagination and longing are both involved | Use the easy opening deliberately | Turn optimism and compassion into one concrete choice,Let overreach make the decision | Take the talent for granted | Ignore the needs of growth and belief or imagination and longing,growth | spirituality | creativity,personal-growth,jupiter | neptune | sextile | optimism | compassion,3,jupiter,sextile,neptune,true,data/insights/natal-aspects/jupiter-sextile-neptune.json
jupiter-sextile-pluto,DRAFT,,,Expansive With Intense,Growth and belief support power and transformation. This cooperative pattern asks you to use optimism and depth with awareness.,"Growth and belief support power and transformation. This cooperative pattern asks you to use optimism and depth with awareness. Transformative ambition pursued with focus. The connection is available when you choose to use it; it works best through deliberate practice. In practice, this can show up through growth and belief, power and transformation, and the choices you make when overreach or control starts running the room.","The gift is optimism, depth, and a more conscious way to work with growth and belief and power and transformation.","The shadow is overreach, control, and repeating the same pattern without noticing what it is trying to teach.","Let growth and belief and power and transformation cooperate without making either one carry the whole story. Big, transformative ambition; the intensity can overshoot.",Name how growth and belief and power and transformation are both involved | Use the easy opening deliberately | Turn optimism and depth into one concrete choice,Let overreach make the decision | Take the talent for granted | Ignore the needs of growth and belief or power and transformation,growth | power,personal-growth | shadow-work,jupiter | pluto | sextile | optimism | depth,3,jupiter,sextile,pluto,true,data/insights/natal-aspects/jupiter-sextile-pluto.json
jupiter-sextile-saturn,DRAFT,,,Expansive With Steady,Growth and belief support discipline and limits. This cooperative pattern asks you to use optimism and maturity with awareness.,"Growth and belief support discipline and limits. This cooperative pattern asks you to use optimism and maturity with awareness. Ambition grounded by realism; you grow at a sustainable pace. The connection is available when you choose to use it; it works best through deliberate practice. In practice, this can show up through growth and belief, discipline and limits, and the choices you make when overreach or fear starts running the room.","The gift is optimism, maturity, and a more conscious way to work with growth and belief and discipline and limits.","The shadow is overreach, fear, and repeating the same pattern without noticing what it is trying to teach.","Let growth and belief and discipline and limits cooperate without making either one carry the whole story. Balancing risk against prudence; unmanaged, it reads as inconsistency.",Name how growth and belief and discipline and limits are both involved | Use the easy opening deliberately | Turn optimism and maturity into one concrete choice,Let overreach make the decision | Take the talent for granted | Ignore the needs of growth and belief or discipline and limits,growth | work,personal-growth | career-patterns,jupiter | saturn | sextile | optimism | maturity,3,jupiter,sextile,saturn,true,data/insights/natal-aspects/jupiter-sextile-saturn.json
jupiter-sextile-uranus,DRAFT,,,Expansive With Original,Growth and belief support freedom and disruption. This cooperative pattern asks you to use optimism and originality with awareness.,"Growth and belief support freedom and disruption. This cooperative pattern asks you to use optimism and originality with awareness. Seen as forward-thinking and ahead of the curve; you get away with it. The connection is available when you choose to use it; it works best through deliberate practice. In practice, this can show up through growth and belief, freedom and disruption, and the choices you make when overreach or instability starts running the room.","The gift is optimism, originality, and a more conscious way to work with growth and belief and freedom and disruption.","The shadow is overreach, instability, and repeating the same pattern without noticing what it is trying to teach.",Let growth and belief and freedom and disruption cooperate without making either one carry the whole story. Innovative thinking whose reception depends heavily on how it's framed.,Name how growth and belief and freedom and disruption are both involved | Use the easy opening deliberately | Turn optimism and originality into one concrete choice,Let overreach make the decision | Take the talent for granted | Ignore the needs of growth and belief or freedom and disruption,growth | friends,personal-growth,jupiter | uranus | sextile | optimism | originality,3,jupiter,sextile,uranus,true,data/insights/natal-aspects/jupiter-sextile-uranus.json
jupiter-square-neptune,DRAFT,,,Faithful Or Inflated,"Your hope is large, and your imagination can make possibility feel close. Discernment keeps the vision from floating away.","Jupiter square Neptune describes big faith, spiritual longing, and a powerful imagination for what life could become. You may be drawn toward ideals, art, mysticism, rescue, or stories that promise meaning beyond the ordinary. This can inspire generosity and vision, but it can also blur judgment, inflate expectations, or make disappointment harder when reality arrives. The gift is inspired belief. The growth is learning to test the dream without killing it.","Vision, compassion, spiritual openness, imagination, and the ability to inspire hope.","Overidealism, escapism, vague promises, and believing the feeling before checking the foundation.","Give the dream a budget, a timeline, and honest witnesses. Faith becomes stronger when it can meet reality without collapsing.",Ground vision in one concrete commitment | Ask what the promise requires | Let inspiration be checked by trusted feedback,Confuse longing with guidance | Rescue people to prove the ideal | Ignore practical limits because the story feels meaningful,growth | spirituality | creativity,personal-growth | shadow-work | core-traits,faith | vision | idealism | discernment | hope,4,jupiter,square,neptune,true,data/insights/natal-aspects/jupiter-square-neptune.json
jupiter-square-pluto,DRAFT,,,Expansive Or Intense,Growth and belief press against power and transformation. This frictional pattern asks you to use optimism and depth with awareness.,"Growth and belief press against power and transformation. This frictional pattern asks you to use optimism and depth with awareness. Conviction hardens into zealotry or overreach. The friction makes the pattern noticeable, especially when pressure forces an adjustment. In practice, this can show up through growth and belief, power and transformation, and the choices you make when overreach or control starts running the room.","The gift is optimism, depth, and a more conscious way to work with growth and belief and power and transformation.","The shadow is overreach, control, and repeating the same pattern without noticing what it is trying to teach.","Let growth and belief and power and transformation cooperate without making either one carry the whole story. Big, transformative ambition; the intensity can overshoot.",Name how growth and belief and power and transformation are both involved | Pause before choosing the most familiar reaction | Turn optimism and depth into one concrete choice,Let overreach make the decision | Treat tension as proof that something is wrong | Ignore the needs of growth and belief or power and transformation,growth | power,personal-growth | shadow-work,jupiter | pluto | square | optimism | depth,5,jupiter,square,pluto,true,data/insights/natal-aspects/jupiter-square-pluto.json
jupiter-square-saturn,DRAFT,,,Growing Or Holding Back,"Part of you wants expansion; another part wants proof, timing, and control. Progress may come through negotiating both.","Jupiter square Saturn describes tension between faith and caution, increase and restraint, opportunity and responsibility. You may swing between big ambition and self-doubt, or feel that every opening comes with a test attached. This aspect can make growth more deliberate and durable when both sides are respected. The gift is mature expansion. The growth is not letting fear shrink the vision or optimism ignore the work.","Strategic growth, responsible ambition, patience, and the ability to turn vision into structure.","Stop-start momentum, scarcity thinking, overcorrection, and mistrusting opportunity until it has nearly passed.",Give the dream a structure and the structure a reason to live. Expansion works best when it has a container.,Plan growth in measurable stages | Let caution refine the opportunity | Check whether delay is wisdom or fear,Shrink the goal to avoid disappointment | Ignore limits because hope feels urgent | Treat every setback as a final answer,growth | work | money,career-patterns | personal-growth | core-traits,ambition | discipline | growth | timing | responsibility,4,jupiter,square,saturn,true,data/insights/natal-aspects/jupiter-square-saturn.json
jupiter-square-uranus,DRAFT,,,Expansive Or Original,Growth and belief press against freedom and disruption. This frictional pattern asks you to use optimism and originality with awareness.,"Growth and belief press against freedom and disruption. This frictional pattern asks you to use optimism and originality with awareness. Seen as eccentric or a crank, no matter the merit of the idea. The friction makes the pattern noticeable, especially when pressure forces an adjustment. In practice, this can show up through growth and belief, freedom and disruption, and the choices you make when overreach or instability starts running the room.","The gift is optimism, originality, and a more conscious way to work with growth and belief and freedom and disruption.","The shadow is overreach, instability, and repeating the same pattern without noticing what it is trying to teach.",Let growth and belief and freedom and disruption cooperate without making either one carry the whole story. Innovative thinking whose reception depends heavily on how it's framed.,Name how growth and belief and freedom and disruption are both involved | Pause before choosing the most familiar reaction | Turn optimism and originality into one concrete choice,Let overreach make the decision | Treat tension as proof that something is wrong | Ignore the needs of growth and belief or freedom and disruption,growth | friends,personal-growth | shadow-work,jupiter | uranus | square | optimism | originality,4,jupiter,square,uranus,true,data/insights/natal-aspects/jupiter-square-uranus.json
jupiter-trine-neptune,DRAFT,,,Expansive Through Inspired,Growth and belief flow with imagination and longing. This fluid pattern asks you to use optimism and compassion with awareness.,"Growth and belief flow with imagination and longing. This fluid pattern asks you to use optimism and compassion with awareness. Imaginative ideas that turn out to have practical application. The pattern can flow easily, which is useful when it is conscious and easy to take for granted when it is not. In practice, this can show up through growth and belief, imagination and longing, and the choices you make when overreach or confusion starts running the room.","The gift is optimism, compassion, and a more conscious way to work with growth and belief and imagination and longing.","The shadow is overreach, confusion, and repeating the same pattern without noticing what it is trying to teach.",Let growth and belief and imagination and longing cooperate without making either one carry the whole story. Inspired vision; test it against logic before committing.,Name how growth and belief and imagination and longing are both involved | Use the easy opening deliberately | Turn optimism and compassion into one concrete choice,Let overreach make the decision | Take the talent for granted | Ignore the needs of growth and belief or imagination and longing,growth | spirituality | creativity,personal-growth,jupiter | neptune | trine | optimism | compassion,3,jupiter,trine,neptune,true,data/insights/natal-aspects/jupiter-trine-neptune.json
jupiter-trine-pluto,DRAFT,,,Expansive Through Intense,Growth and belief flow with power and transformation. This fluid pattern asks you to use optimism and depth with awareness.,"Growth and belief flow with power and transformation. This fluid pattern asks you to use optimism and depth with awareness. Transformative ambition pursued with focus. The pattern can flow easily, which is useful when it is conscious and easy to take for granted when it is not. In practice, this can show up through growth and belief, power and transformation, and the choices you make when overreach or control starts running the room.","The gift is optimism, depth, and a more conscious way to work with growth and belief and power and transformation.","The shadow is overreach, control, and repeating the same pattern without noticing what it is trying to teach.","Let growth and belief and power and transformation cooperate without making either one carry the whole story. Big, transformative ambition; the intensity can overshoot.",Name how growth and belief and power and transformation are both involved | Use the easy opening deliberately | Turn optimism and depth into one concrete choice,Let overreach make the decision | Take the talent for granted | Ignore the needs of growth and belief or power and transformation,growth | power,personal-growth | shadow-work,jupiter | pluto | trine | optimism | depth,3,jupiter,trine,pluto,true,data/insights/natal-aspects/jupiter-trine-pluto.json
jupiter-trine-saturn,DRAFT,,,Expansive Through Steady,Growth and belief flow with discipline and limits. This fluid pattern asks you to use optimism and maturity with awareness.,"Growth and belief flow with discipline and limits. This fluid pattern asks you to use optimism and maturity with awareness. Ambition grounded by realism; you grow at a sustainable pace. The pattern can flow easily, which is useful when it is conscious and easy to take for granted when it is not. In practice, this can show up through growth and belief, discipline and limits, and the choices you make when overreach or fear starts running the room.","The gift is optimism, maturity, and a more conscious way to work with growth and belief and discipline and limits.","The shadow is overreach, fear, and repeating the same pattern without noticing what it is trying to teach.","Let growth and belief and discipline and limits cooperate without making either one carry the whole story. Balancing risk against prudence; unmanaged, it reads as inconsistency.",Name how growth and belief and discipline and limits are both involved | Use the easy opening deliberately | Turn optimism and maturity into one concrete choice,Let overreach make the decision | Take the talent for granted | Ignore the needs of growth and belief or discipline and limits,growth | work,personal-growth | career-patterns,jupiter | saturn | trine | optimism | maturity,3,jupiter,trine,saturn,true,data/insights/natal-aspects/jupiter-trine-saturn.json
jupiter-trine-uranus,DRAFT,,,Expansive Through Original,Growth and belief flow with freedom and disruption. This fluid pattern asks you to use optimism and originality with awareness.,"Growth and belief flow with freedom and disruption. This fluid pattern asks you to use optimism and originality with awareness. Seen as forward-thinking and ahead of the curve; you get away with it. The pattern can flow easily, which is useful when it is conscious and easy to take for granted when it is not. In practice, this can show up through growth and belief, freedom and disruption, and the choices you make when overreach or instability starts running the room.","The gift is optimism, originality, and a more conscious way to work with growth and belief and freedom and disruption.","The shadow is overreach, instability, and repeating the same pattern without noticing what it is trying to teach.",Let growth and belief and freedom and disruption cooperate without making either one carry the whole story. Innovative thinking whose reception depends heavily on how it's framed.,Name how growth and belief and freedom and disruption are both involved | Use the easy opening deliberately | Turn optimism and originality into one concrete choice,Let overreach make the decision | Take the talent for granted | Ignore the needs of growth and belief or freedom and disruption,growth | friends,personal-growth,jupiter | uranus | trine | optimism | originality,3,jupiter,trine,uranus,true,data/insights/natal-aspects/jupiter-trine-uranus.json
mars-conjunction-jupiter,DRAFT,,,Driven And Expansive,Drive and anger merge growth and belief. This concentrated pattern asks you to use courage and optimism with awareness.,"Drive and anger merge growth and belief. This concentrated pattern asks you to use courage and optimism with awareness. Energy meets expansion. Strong drive, confidence, and enthusiasm, sometimes to the point of recklessness. These drives sit close together, so the pattern may feel natural, immediate, and hard to separate. In practice, this can show up through drive and anger, growth and belief, and the choices you make when reactivity or overreach starts running the room.","The gift is courage, optimism, and a more conscious way to work with drive and anger and growth and belief.","The shadow is reactivity, overreach, and repeating the same pattern without noticing what it is trying to teach.",Let drive and anger and growth and belief cooperate without making either one carry the whole story. Big drive and ambition; focus is what turns it into results rather than waste.,Name how drive and anger and growth and belief are both involved | Use the easy opening deliberately | Turn courage and optimism into one concrete choice,Let reactivity make the decision | Assume what feels natural is automatically balanced | Ignore the needs of drive and anger or growth and belief,work | power | health,career-patterns | personal-growth,mars | jupiter | conjunction | courage | optimism,4,mars,conjunction,jupiter,true,data/insights/natal-aspects/mars-conjunction-jupiter.json
mars-conjunction-neptune,DRAFT,,,Driven And Inspired,Drive and anger merge imagination and longing. This concentrated pattern asks you to use courage and compassion with awareness.,"Drive and anger merge imagination and longing. This concentrated pattern asks you to use courage and compassion with awareness. Drive meets imagination. Energy steered by vision and a persuasive, magnetic pull. These drives sit close together, so the pattern may feel natural, immediate, and hard to separate. In practice, this can show up through drive and anger, imagination and longing, and the choices you make when reactivity or confusion starts running the room.","The gift is courage, compassion, and a more conscious way to work with drive and anger and imagination and longing.","The shadow is reactivity, confusion, and repeating the same pattern without noticing what it is trying to teach.",Let drive and anger and imagination and longing cooperate without making either one carry the whole story. Inspiring and persuasive; keep the aim concrete or the drive dissipates.,Name how drive and anger and imagination and longing are both involved | Use the easy opening deliberately | Turn courage and compassion into one concrete choice,Let reactivity make the decision | Assume what feels natural is automatically balanced | Ignore the needs of drive and anger or imagination and longing,work | power | health,career-patterns | personal-growth,mars | neptune | conjunction | courage | compassion,4,mars,conjunction,neptune,true,data/insights/natal-aspects/mars-conjunction-neptune.json
mars-conjunction-pluto,DRAFT,,,Driven And Intense,Drive and anger merge power and transformation. This concentrated pattern asks you to use courage and depth with awareness.,"Drive and anger merge power and transformation. This concentrated pattern asks you to use courage and depth with awareness. Drive meets power. Relentless force and a 'win at any cost' edge, with real capacity to eliminate or transform. These drives sit close together, so the pattern may feel natural, immediate, and hard to separate. In practice, this can show up through drive and anger, power and transformation, and the choices you make when reactivity or control starts running the room.","The gift is courage, depth, and a more conscious way to work with drive and anger and power and transformation.","The shadow is reactivity, control, and repeating the same pattern without noticing what it is trying to teach.",Let drive and anger and power and transformation cooperate without making either one carry the whole story. Formidable drive; temper and overkill are the dangers.,Name how drive and anger and power and transformation are both involved | Use the easy opening deliberately | Turn courage and depth into one concrete choice,Let reactivity make the decision | Assume what feels natural is automatically balanced | Ignore the needs of drive and anger or power and transformation,work | power | health,career-patterns | shadow-work | personal-growth,mars | pluto | conjunction | courage | depth,5,mars,conjunction,pluto,true,data/insights/natal-aspects/mars-conjunction-pluto.json
mars-conjunction-saturn,DRAFT,,,Driven And Steady,Drive and anger merge discipline and limits. This concentrated pattern asks you to use courage and maturity with awareness.,"Drive and anger merge discipline and limits. This concentrated pattern asks you to use courage and maturity with awareness. Drive meets limit. Disciplined endurance and the ability to pace yourself and keep going long after others quit. These drives sit close together, so the pattern may feel natural, immediate, and hard to separate. In practice, this can show up through drive and anger, discipline and limits, and the choices you make when reactivity or fear starts running the room.","The gift is courage, maturity, and a more conscious way to work with drive and anger and discipline and limits.","The shadow is reactivity, fear, and repeating the same pattern without noticing what it is trying to teach.",Let drive and anger and discipline and limits cooperate without making either one carry the whole story. Endurance and discipline; the friction is the constant start-stop of push against restraint.,Name how drive and anger and discipline and limits are both involved | Use the easy opening deliberately | Turn courage and maturity into one concrete choice,Let reactivity make the decision | Assume what feels natural is automatically balanced | Ignore the needs of drive and anger or discipline and limits,work | power | health,career-patterns | personal-growth,mars | saturn | conjunction | courage | maturity,4,mars,conjunction,saturn,true,data/insights/natal-aspects/mars-conjunction-saturn.json
mars-conjunction-uranus,DRAFT,,,Driven And Original,Drive and anger merge freedom and disruption. This concentrated pattern asks you to use courage and originality with awareness.,"Drive and anger merge freedom and disruption. This concentrated pattern asks you to use courage and originality with awareness. Action meets disruption. Impulsive, risk-taking, rebellious energy, with impatience and a pull toward technology. These drives sit close together, so the pattern may feel natural, immediate, and hard to separate. In practice, this can show up through drive and anger, freedom and disruption, and the choices you make when reactivity or instability starts running the room.","The gift is courage, originality, and a more conscious way to work with drive and anger and freedom and disruption.","The shadow is reactivity, instability, and repeating the same pattern without noticing what it is trying to teach.",Let drive and anger and freedom and disruption cooperate without making either one carry the whole story. Innovative and fast; the cost is recklessness and volatility.,Name how drive and anger and freedom and disruption are both involved | Use the easy opening deliberately | Turn courage and originality into one concrete choice,Let reactivity make the decision | Assume what feels natural is automatically balanced | Ignore the needs of drive and anger or freedom and disruption,work | power | health,career-patterns | personal-growth,mars | uranus | conjunction | courage | originality,4,mars,conjunction,uranus,true,data/insights/natal-aspects/mars-conjunction-uranus.json
mars-opposition-jupiter,DRAFT,,,Driven Across Expansive,Drive and anger mirror growth and belief. This polarized pattern asks you to use courage and optimism with awareness.,"Drive and anger mirror growth and belief. This polarized pattern asks you to use courage and optimism with awareness. Shortened temper and patience, and energy scattered across one ill-considered pursuit after another. The two sides may appear through contrast, projection, or relationships until you learn to hold both directly. In practice, this can show up through drive and anger, growth and belief, and the choices you make when reactivity or overreach starts running the room.","The gift is courage, optimism, and a more conscious way to work with drive and anger and growth and belief.","The shadow is reactivity, overreach, and repeating the same pattern without noticing what it is trying to teach.",Let drive and anger and growth and belief cooperate without making either one carry the whole story. Big drive and ambition; focus is what turns it into results rather than waste.,Name how drive and anger and growth and belief are both involved | Pause before choosing the most familiar reaction | Turn courage and optimism into one concrete choice,Let reactivity make the decision | Treat tension as proof that something is wrong | Ignore the needs of drive and anger or growth and belief,work | power | health,career-patterns | personal-growth | shadow-work,mars | jupiter | opposition | courage | optimism,4,mars,opposition,jupiter,true,data/insights/natal-aspects/mars-opposition-jupiter.json
mars-opposition-neptune,DRAFT,,,Driven Across Inspired,Drive and anger mirror imagination and longing. This polarized pattern asks you to use courage and compassion with awareness.,"Drive and anger mirror imagination and longing. This polarized pattern asks you to use courage and compassion with awareness. Misdirected effort: setting off one way and ending up another, with energy quietly draining away. The two sides may appear through contrast, projection, or relationships until you learn to hold both directly. In practice, this can show up through drive and anger, imagination and longing, and the choices you make when reactivity or confusion starts running the room.","The gift is courage, compassion, and a more conscious way to work with drive and anger and imagination and longing.","The shadow is reactivity, confusion, and repeating the same pattern without noticing what it is trying to teach.",Let drive and anger and imagination and longing cooperate without making either one carry the whole story. Inspiring and persuasive; keep the aim concrete or the drive dissipates.,Name how drive and anger and imagination and longing are both involved | Pause before choosing the most familiar reaction | Turn courage and compassion into one concrete choice,Let reactivity make the decision | Treat tension as proof that something is wrong | Ignore the needs of drive and anger or imagination and longing,work | power | health,career-patterns | personal-growth | shadow-work,mars | neptune | opposition | courage | compassion,4,mars,opposition,neptune,true,data/insights/natal-aspects/mars-opposition-neptune.json
mars-opposition-pluto,DRAFT,,,Forceful Or Combative,"Your will can be formidable. Conflict may expose where power, fear, and desire are already charged.","Mars opposition Pluto describes intense drive, strong survival instincts, and a complicated relationship with force. You may sense power dynamics quickly and resist being dominated, sometimes before anyone has made a move. This can give enormous stamina, courage, and capacity for transformation, but it can also turn conflict into a battle for control. The gift is focused power. The growth is learning when to apply force, when to stand down, and when the real fight is with an old pattern.","Stamina, courage, strategic force, and the ability to confront difficult realities directly.","Power struggles, coercion, suppressed anger, and treating every challenge as a contest of wills.",Use intensity with consent and purpose. Power becomes cleaner when it is not trying to prove that no one can control you.,Pause before escalating | Channel force into focused work | Ask what power dynamic is being activated,Fight just to avoid feeling vulnerable | Use pressure to get honesty | Assume backing down means losing,power | work | sex,shadow-work | core-traits | personal-growth,will | conflict | control | stamina | desire,5,mars,opposition,pluto,true,data/insights/natal-aspects/mars-opposition-pluto.json
mars-opposition-saturn,DRAFT,,,Driven Across Steady,Drive and anger mirror discipline and limits. This polarized pattern asks you to use courage and maturity with awareness.,"Drive and anger mirror discipline and limits. This polarized pattern asks you to use courage and maturity with awareness. Gas and brake at once: jerky, stop-start progress, frustration, and a need to avoid burning bridges in case of retreat. The two sides may appear through contrast, projection, or relationships until you learn to hold both directly. In practice, this can show up through drive and anger, discipline and limits, and the choices you make when reactivity or fear starts running the room.","The gift is courage, maturity, and a more conscious way to work with drive and anger and discipline and limits.","The shadow is reactivity, fear, and repeating the same pattern without noticing what it is trying to teach.",Let drive and anger and discipline and limits cooperate without making either one carry the whole story. Endurance and discipline; the friction is the constant start-stop of push against restraint.,Name how drive and anger and discipline and limits are both involved | Pause before choosing the most familiar reaction | Turn courage and maturity into one concrete choice,Let reactivity make the decision | Treat tension as proof that something is wrong | Ignore the needs of drive and anger or discipline and limits,work | power | health,career-patterns | shadow-work,mars | saturn | opposition | courage | maturity,4,mars,opposition,saturn,true,data/insights/natal-aspects/mars-opposition-saturn.json
mars-opposition-uranus,DRAFT,,,Driven Across Original,Drive and anger mirror freedom and disruption. This polarized pattern asks you to use courage and originality with awareness.,"Drive and anger mirror freedom and disruption. This polarized pattern asks you to use courage and originality with awareness. Accident-proneness, a temper that goes off like a shot, and unpredictable tactics that either win big or backfire fast. The two sides may appear through contrast, projection, or relationships until you learn to hold both directly. In practice, this can show up through drive and anger, freedom and disruption, and the choices you make when reactivity or instability starts running the room.","The gift is courage, originality, and a more conscious way to work with drive and anger and freedom and disruption.","The shadow is reactivity, instability, and repeating the same pattern without noticing what it is trying to teach.",Let drive and anger and freedom and disruption cooperate without making either one carry the whole story. Innovative and fast; the cost is recklessness and volatility.,Name how drive and anger and freedom and disruption are both involved | Pause before choosing the most familiar reaction | Turn courage and originality into one concrete choice,Let reactivity make the decision | Treat tension as proof that something is wrong | Ignore the needs of drive and anger or freedom and disruption,work | power | health,career-patterns | personal-growth | shadow-work,mars | uranus | opposition | courage | originality,4,mars,opposition,uranus,true,data/insights/natal-aspects/mars-opposition-uranus.json
mars-sextile-jupiter,DRAFT,,,Driven With Expansive,Drive and anger support growth and belief. This cooperative pattern asks you to use courage and optimism with awareness.,"Drive and anger support growth and belief. This cooperative pattern asks you to use courage and optimism with awareness. High energy directed toward real accomplishment. The connection is available when you choose to use it; it works best through deliberate practice. In practice, this can show up through drive and anger, growth and belief, and the choices you make when reactivity or overreach starts running the room.","The gift is courage, optimism, and a more conscious way to work with drive and anger and growth and belief.","The shadow is reactivity, overreach, and repeating the same pattern without noticing what it is trying to teach.",Let drive and anger and growth and belief cooperate without making either one carry the whole story. Big drive and ambition; focus is what turns it into results rather than waste.,Name how drive and anger and growth and belief are both involved | Use the easy opening deliberately | Turn courage and optimism into one concrete choice,Let reactivity make the decision | Take the talent for granted | Ignore the needs of drive and anger or growth and belief,work | power | health,career-patterns | personal-growth,mars | jupiter | sextile | courage | optimism,3,mars,sextile,jupiter,true,data/insights/natal-aspects/mars-sextile-jupiter.json
mars-sextile-neptune,DRAFT,,,Driven With Inspired,Drive and anger support imagination and longing. This cooperative pattern asks you to use courage and compassion with awareness.,"Drive and anger support imagination and longing. This cooperative pattern asks you to use courage and compassion with awareness. Charismatic motivation; action aligned with imagination. The connection is available when you choose to use it; it works best through deliberate practice. In practice, this can show up through drive and anger, imagination and longing, and the choices you make when reactivity or confusion starts running the room.","The gift is courage, compassion, and a more conscious way to work with drive and anger and imagination and longing.","The shadow is reactivity, confusion, and repeating the same pattern without noticing what it is trying to teach.",Let drive and anger and imagination and longing cooperate without making either one carry the whole story. Inspiring and persuasive; keep the aim concrete or the drive dissipates.,Name how drive and anger and imagination and longing are both involved | Use the easy opening deliberately | Turn courage and compassion into one concrete choice,Let reactivity make the decision | Take the talent for granted | Ignore the needs of drive and anger or imagination and longing,work | power | health,career-patterns | personal-growth,mars | neptune | sextile | courage | compassion,3,mars,sextile,neptune,true,data/insights/natal-aspects/mars-sextile-neptune.json
mars-sextile-pluto,DRAFT,,,Driven With Intense,Drive and anger support power and transformation. This cooperative pattern asks you to use courage and depth with awareness.,"Drive and anger support power and transformation. This cooperative pattern asks you to use courage and depth with awareness. Strength and stamina without the strain. The connection is available when you choose to use it; it works best through deliberate practice. In practice, this can show up through drive and anger, power and transformation, and the choices you make when reactivity or control starts running the room.","The gift is courage, depth, and a more conscious way to work with drive and anger and power and transformation.","The shadow is reactivity, control, and repeating the same pattern without noticing what it is trying to teach.",Let drive and anger and power and transformation cooperate without making either one carry the whole story. Formidable drive; temper and overkill are the dangers.,Name how drive and anger and power and transformation are both involved | Use the easy opening deliberately | Turn courage and depth into one concrete choice,Let reactivity make the decision | Take the talent for granted | Ignore the needs of drive and anger or power and transformation,work | power | health,career-patterns | shadow-work | personal-growth,mars | pluto | sextile | courage | depth,3,mars,sextile,pluto,true,data/insights/natal-aspects/mars-sextile-pluto.json
mars-sextile-saturn,DRAFT,,,Driven With Steady,Drive and anger support discipline and limits. This cooperative pattern asks you to use courage and maturity with awareness.,"Drive and anger support discipline and limits. This cooperative pattern asks you to use courage and maturity with awareness. Stamina and controlled, sustained effort. The connection is available when you choose to use it; it works best through deliberate practice. In practice, this can show up through drive and anger, discipline and limits, and the choices you make when reactivity or fear starts running the room.","The gift is courage, maturity, and a more conscious way to work with drive and anger and discipline and limits.","The shadow is reactivity, fear, and repeating the same pattern without noticing what it is trying to teach.",Let drive and anger and discipline and limits cooperate without making either one carry the whole story. Endurance and discipline; the friction is the constant start-stop of push against restraint.,Name how drive and anger and discipline and limits are both involved | Use the easy opening deliberately | Turn courage and maturity into one concrete choice,Let reactivity make the decision | Take the talent for granted | Ignore the needs of drive and anger or discipline and limits,work | power | health,career-patterns | personal-growth,mars | saturn | sextile | courage | maturity,3,mars,sextile,saturn,true,data/insights/natal-aspects/mars-sextile-saturn.json
mars-sextile-uranus,DRAFT,,,Driven With Original,Drive and anger support freedom and disruption. This cooperative pattern asks you to use courage and originality with awareness.,"Drive and anger support freedom and disruption. This cooperative pattern asks you to use courage and originality with awareness. Quick, original action and inventive problem-solving. The connection is available when you choose to use it; it works best through deliberate practice. In practice, this can show up through drive and anger, freedom and disruption, and the choices you make when reactivity or instability starts running the room.","The gift is courage, originality, and a more conscious way to work with drive and anger and freedom and disruption.","The shadow is reactivity, instability, and repeating the same pattern without noticing what it is trying to teach.",Let drive and anger and freedom and disruption cooperate without making either one carry the whole story. Innovative and fast; the cost is recklessness and volatility.,Name how drive and anger and freedom and disruption are both involved | Use the easy opening deliberately | Turn courage and originality into one concrete choice,Let reactivity make the decision | Take the talent for granted | Ignore the needs of drive and anger or freedom and disruption,work | power | health,career-patterns | personal-growth,mars | uranus | sextile | courage | originality,3,mars,sextile,uranus,true,data/insights/natal-aspects/mars-sextile-uranus.json
mars-square-jupiter,DRAFT,,,Driven Or Expansive,Drive and anger press against growth and belief. This frictional pattern asks you to use courage and optimism with awareness.,"Drive and anger press against growth and belief. This frictional pattern asks you to use courage and optimism with awareness. Shortened temper and patience, and energy scattered across one ill-considered pursuit after another. The friction makes the pattern noticeable, especially when pressure forces an adjustment. In practice, this can show up through drive and anger, growth and belief, and the choices you make when reactivity or overreach starts running the room.","The gift is courage, optimism, and a more conscious way to work with drive and anger and growth and belief.","The shadow is reactivity, overreach, and repeating the same pattern without noticing what it is trying to teach.",Let drive and anger and growth and belief cooperate without making either one carry the whole story. Big drive and ambition; focus is what turns it into results rather than waste.,Name how drive and anger and growth and belief are both involved | Pause before choosing the most familiar reaction | Turn courage and optimism into one concrete choice,Let reactivity make the decision | Treat tension as proof that something is wrong | Ignore the needs of drive and anger or growth and belief,work | power | health,career-patterns | personal-growth | shadow-work,mars | jupiter | square | courage | optimism,4,mars,square,jupiter,true,data/insights/natal-aspects/mars-square-jupiter.json
mars-square-neptune,DRAFT,,,Driven Or Inspired,Drive and anger press against imagination and longing. This frictional pattern asks you to use courage and compassion with awareness.,"Drive and anger press against imagination and longing. This frictional pattern asks you to use courage and compassion with awareness. Misdirected effort: setting off one way and ending up another, with energy quietly draining away. The friction makes the pattern noticeable, especially when pressure forces an adjustment. In practice, this can show up through drive and anger, imagination and longing, and the choices you make when reactivity or confusion starts running the room.","The gift is courage, compassion, and a more conscious way to work with drive and anger and imagination and longing.","The shadow is reactivity, confusion, and repeating the same pattern without noticing what it is trying to teach.",Let drive and anger and imagination and longing cooperate without making either one carry the whole story. Inspiring and persuasive; keep the aim concrete or the drive dissipates.,Name how drive and anger and imagination and longing are both involved | Pause before choosing the most familiar reaction | Turn courage and compassion into one concrete choice,Let reactivity make the decision | Treat tension as proof that something is wrong | Ignore the needs of drive and anger or imagination and longing,work | power | health,career-patterns | personal-growth | shadow-work,mars | neptune | square | courage | compassion,4,mars,square,neptune,true,data/insights/natal-aspects/mars-square-neptune.json
mars-square-pluto,DRAFT,,,Driven Or Intense,Drive and anger press against power and transformation. This frictional pattern asks you to use courage and depth with awareness.,"Drive and anger press against power and transformation. This frictional pattern asks you to use courage and depth with awareness. Volcanic temper and a tendency to destroy work before it's finished. The friction makes the pattern noticeable, especially when pressure forces an adjustment. In practice, this can show up through drive and anger, power and transformation, and the choices you make when reactivity or control starts running the room.","The gift is courage, depth, and a more conscious way to work with drive and anger and power and transformation.","The shadow is reactivity, control, and repeating the same pattern without noticing what it is trying to teach.",Let drive and anger and power and transformation cooperate without making either one carry the whole story. Formidable drive; temper and overkill are the dangers.,Name how drive and anger and power and transformation are both involved | Pause before choosing the most familiar reaction | Turn courage and depth into one concrete choice,Let reactivity make the decision | Treat tension as proof that something is wrong | Ignore the needs of drive and anger or power and transformation,work | power | health,career-patterns | shadow-work,mars | pluto | square | courage | depth,5,mars,square,pluto,true,data/insights/natal-aspects/mars-square-pluto.json
mars-square-saturn,DRAFT,,,Blocked Or Built,"Your drive may meet resistance early. That pressure can become frustration, or it can become extraordinary stamina.","Mars square Saturn describes action shaped by limits. You may feel that effort takes more time, more control, or more permission than it seems to take for other people. Anger can build when movement is blocked, and fear can make you stop before you start. Yet this aspect also gives the capacity to work under pressure, master difficult skills, and keep going when quick motivation fails. The growth is learning to move steadily without turning every obstacle into a judgment against you.","Endurance, strategic effort, controlled force, and the ability to finish hard things.","Frustration, suppressed anger, fear of starting, and pushing yourself until effort becomes punishment.","Work with resistance instead of only fighting it. Pace, structure, and direct anger give your drive a path.",Break hard goals into visible steps | Use frustration as information | Practice direct action before resentment builds,Assume slow means impossible | Turn discipline into self-attack | Wait for permission to begin,work | health | power,career-patterns | shadow-work | personal-growth,discipline | anger | stamina | resistance | effort,4,mars,square,saturn,true,data/insights/natal-aspects/mars-square-saturn.json
mars-square-uranus,DRAFT,,,Restless Or Unstoppable,"Your drive moves fast, and your nervous system does not like being handled. When pressure builds, you may break pattern before you explain yourself.","Mars square Uranus describes a person with sharp ignition: quick reactions, a strong need for autonomy, and a low tolerance for being boxed in. You may act before the room has caught up, especially when you feel controlled, delayed, or underestimated. At its best, this aspect gives courage, speed, originality, and the ability to move when everyone else freezes. The growth is learning the difference between a clean act of freedom and a reflexive strike against anything that feels like a limit.","Fast, original action; courage under pressure; the ability to interrupt stale patterns and move toward a freer option.","Impulsiveness, volatility, unnecessary risk, and fighting the constraint before checking whether it is real.",Give your body a direct outlet and your choices a short pause. You do not need to become tame; you need enough timing to make your freedom effective.,Move your body before making high-stakes decisions | Name the rule you are resisting | Choose one clean action instead of five reactive ones,Mistake urgency for truth | Start a conflict just to feel unstuck | Treat every request as a threat to your independence,identity | work | power,core-traits | shadow-work | personal-growth,independence | impulse | risk | anger | breakthrough,5,mars,square,uranus,true,data/insights/natal-aspects/mars-square-uranus.json
mars-trine-jupiter,DRAFT,,,Bold Or Overconfident,Your action grows when you believe in the direction. Courage and momentum can arrive together.,"Mars trine Jupiter describes confident action, physical enthusiasm, and a strong appetite for growth. You may move quickly when a goal feels meaningful, and your courage can inspire others to try more than they thought they could. This aspect supports enterprise, athletics, advocacy, travel, leadership, and work that requires momentum. The shadow is overreach: assuming energy will cover the details or taking a risk because the mood says yes. The gift is brave expansion. The growth is letting judgment steer the engine.","Courage, motivation, enterprise, confidence, and the ability to act on opportunity.","Overconfidence, impatience, excess risk, and skipping preparation because momentum feels good.","Let enthusiasm move you, then give it a plan. The best leap still needs a landing place.",Act when purpose is clear | Pair confidence with preparation | Use momentum to help others move too,Assume luck replaces skill | Take the biggest risk just because it is available | Turn excitement into pressure,work | growth | identity,career-patterns | core-traits | personal-growth,courage | momentum | risk | leadership | opportunity,3,mars,trine,jupiter,true,data/insights/natal-aspects/mars-trine-jupiter.json
mars-trine-neptune,DRAFT,,,Driven Through Inspired,Drive and anger flow with imagination and longing. This fluid pattern asks you to use courage and compassion with awareness.,"Drive and anger flow with imagination and longing. This fluid pattern asks you to use courage and compassion with awareness. Charismatic motivation; action aligned with imagination. The pattern can flow easily, which is useful when it is conscious and easy to take for granted when it is not. In practice, this can show up through drive and anger, imagination and longing, and the choices you make when reactivity or confusion starts running the room.","The gift is courage, compassion, and a more conscious way to work with drive and anger and imagination and longing.","The shadow is reactivity, confusion, and repeating the same pattern without noticing what it is trying to teach.",Let drive and anger and imagination and longing cooperate without making either one carry the whole story. Inspiring and persuasive; keep the aim concrete or the drive dissipates.,Name how drive and anger and imagination and longing are both involved | Use the easy opening deliberately | Turn courage and compassion into one concrete choice,Let reactivity make the decision | Take the talent for granted | Ignore the needs of drive and anger or imagination and longing,work | power | health,career-patterns | personal-growth,mars | neptune | trine | courage | compassion,3,mars,trine,neptune,true,data/insights/natal-aspects/mars-trine-neptune.json
mars-trine-pluto,DRAFT,,,Driven Through Intense,Drive and anger flow with power and transformation. This fluid pattern asks you to use courage and depth with awareness.,"Drive and anger flow with power and transformation. This fluid pattern asks you to use courage and depth with awareness. Strength and stamina without the strain. The pattern can flow easily, which is useful when it is conscious and easy to take for granted when it is not. In practice, this can show up through drive and anger, power and transformation, and the choices you make when reactivity or control starts running the room.","The gift is courage, depth, and a more conscious way to work with drive and anger and power and transformation.","The shadow is reactivity, control, and repeating the same pattern without noticing what it is trying to teach.",Let drive and anger and power and transformation cooperate without making either one carry the whole story. Formidable drive; temper and overkill are the dangers.,Name how drive and anger and power and transformation are both involved | Use the easy opening deliberately | Turn courage and depth into one concrete choice,Let reactivity make the decision | Take the talent for granted | Ignore the needs of drive and anger or power and transformation,work | power | health,career-patterns | shadow-work | personal-growth,mars | pluto | trine | courage | depth,3,mars,trine,pluto,true,data/insights/natal-aspects/mars-trine-pluto.json
mars-trine-saturn,DRAFT,,,Driven Through Steady,Drive and anger flow with discipline and limits. This fluid pattern asks you to use courage and maturity with awareness.,"Drive and anger flow with discipline and limits. This fluid pattern asks you to use courage and maturity with awareness. Stamina and controlled, sustained effort. The pattern can flow easily, which is useful when it is conscious and easy to take for granted when it is not. In practice, this can show up through drive and anger, discipline and limits, and the choices you make when reactivity or fear starts running the room.","The gift is courage, maturity, and a more conscious way to work with drive and anger and discipline and limits.","The shadow is reactivity, fear, and repeating the same pattern without noticing what it is trying to teach.",Let drive and anger and discipline and limits cooperate without making either one carry the whole story. Endurance and discipline; the friction is the constant start-stop of push against restraint.,Name how drive and anger and discipline and limits are both involved | Use the easy opening deliberately | Turn courage and maturity into one concrete choice,Let reactivity make the decision | Take the talent for granted | Ignore the needs of drive and anger or discipline and limits,work | power | health,career-patterns | personal-growth,mars | saturn | trine | courage | maturity,3,mars,trine,saturn,true,data/insights/natal-aspects/mars-trine-saturn.json
mars-trine-uranus,DRAFT,,,Driven Through Original,Drive and anger flow with freedom and disruption. This fluid pattern asks you to use courage and originality with awareness.,"Drive and anger flow with freedom and disruption. This fluid pattern asks you to use courage and originality with awareness. Quick, original action and inventive problem-solving. The pattern can flow easily, which is useful when it is conscious and easy to take for granted when it is not. In practice, this can show up through drive and anger, freedom and disruption, and the choices you make when reactivity or instability starts running the room.","The gift is courage, originality, and a more conscious way to work with drive and anger and freedom and disruption.","The shadow is reactivity, instability, and repeating the same pattern without noticing what it is trying to teach.",Let drive and anger and freedom and disruption cooperate without making either one carry the whole story. Innovative and fast; the cost is recklessness and volatility.,Name how drive and anger and freedom and disruption are both involved | Use the easy opening deliberately | Turn courage and originality into one concrete choice,Let reactivity make the decision | Take the talent for granted | Ignore the needs of drive and anger or freedom and disruption,work | power | health,career-patterns | personal-growth,mars | uranus | trine | courage | originality,3,mars,trine,uranus,true,data/insights/natal-aspects/mars-trine-uranus.json
mercury-conjunction-jupiter,DRAFT,,,Perceptive And Expansive,Thinking and speech merge growth and belief. This concentrated pattern asks you to use clear thinking and optimism with awareness.,"Thinking and speech merge growth and belief. This concentrated pattern asks you to use clear thinking and optimism with awareness. Mind meets expansion. Easy movement between the big picture and the fine detail, with an optimistic cast to communication. These drives sit close together, so the pattern may feel natural, immediate, and hard to separate. In practice, this can show up through thinking and speech, growth and belief, and the choices you make when mental noise or overreach starts running the room.","The gift is clear thinking, optimism, and a more conscious way to work with thinking and speech and growth and belief.","The shadow is mental noise, overreach, and repeating the same pattern without noticing what it is trying to teach.",Let thinking and speech and growth and belief cooperate without making either one carry the whole story. Strong for pairing vision with persuasion; watch overstatement.,Name how thinking and speech and growth and belief are both involved | Use the easy opening deliberately | Turn clear thinking and optimism into one concrete choice,Let mental noise make the decision | Assume what feels natural is automatically balanced | Ignore the needs of thinking and speech or growth and belief,communication | work | growth,career-patterns | personal-growth,mercury | jupiter | conjunction | clear-thinking | optimism,4,mercury,conjunction,jupiter,true,data/insights/natal-aspects/mercury-conjunction-jupiter.json
mercury-conjunction-mars,DRAFT,,,Perceptive And Driven,Thinking and speech merge drive and anger. This concentrated pattern asks you to use clear thinking and courage with awareness.,"Thinking and speech merge drive and anger. This concentrated pattern asks you to use clear thinking and courage with awareness. Mind meets drive. A sharp, restless intellect that attacks problems rather than mulling them, and doesn't shy from debate. These drives sit close together, so the pattern may feel natural, immediate, and hard to separate. In practice, this can show up through thinking and speech, drive and anger, and the choices you make when mental noise or reactivity starts running the room.","The gift is clear thinking, courage, and a more conscious way to work with thinking and speech and drive and anger.","The shadow is mental noise, reactivity, and repeating the same pattern without noticing what it is trying to teach.","Let thinking and speech and drive and anger cooperate without making either one carry the whole story. Fast, cutting thinking; the task is channeling the edge productively.",Name how thinking and speech and drive and anger are both involved | Use the easy opening deliberately | Turn clear thinking and courage into one concrete choice,Let mental noise make the decision | Assume what feels natural is automatically balanced | Ignore the needs of thinking and speech or drive and anger,communication | work | power,career-patterns | personal-growth,mercury | mars | conjunction | clear-thinking | courage,4,mercury,conjunction,mars,true,data/insights/natal-aspects/mercury-conjunction-mars.json
mercury-conjunction-neptune,DRAFT,,,Perceptive And Inspired,Thinking and speech merge imagination and longing. This concentrated pattern asks you to use clear thinking and compassion with awareness.,"Thinking and speech merge imagination and longing. This concentrated pattern asks you to use clear thinking and compassion with awareness. Mind meets imagination. Strong imagination and intuitive, associative thinking. These drives sit close together, so the pattern may feel natural, immediate, and hard to separate. In practice, this can show up through thinking and speech, imagination and longing, and the choices you make when mental noise or confusion starts running the room.","The gift is clear thinking, compassion, and a more conscious way to work with thinking and speech and imagination and longing.","The shadow is mental noise, confusion, and repeating the same pattern without noticing what it is trying to teach.",Let thinking and speech and imagination and longing cooperate without making either one carry the whole story. Creative ideation; verify the details before acting on them.,Name how thinking and speech and imagination and longing are both involved | Use the easy opening deliberately | Turn clear thinking and compassion into one concrete choice,Let mental noise make the decision | Assume what feels natural is automatically balanced | Ignore the needs of thinking and speech or imagination and longing,communication | work | spirituality,career-patterns | personal-growth,mercury | neptune | conjunction | clear-thinking | compassion,4,mercury,conjunction,neptune,true,data/insights/natal-aspects/mercury-conjunction-neptune.json
mercury-conjunction-pluto,DRAFT,,,Piercing Or Fixated,"Your mind looks under the surface. Small talk may bore you because you are tracking motive, pattern, and what is not being said.","Mercury conjunction Pluto describes investigative intelligence. You may think intensely, speak with force, and notice hidden layers in conversation. This can make you persuasive, strategic, and gifted at research, therapy, writing, or any work that requires getting beneath appearances. The shadow is fixation: repeating the same thought, interrogating instead of asking, or using language to control the room. The gift is truth-seeking. The growth is letting insight stay clean, precise, and humane.","Research ability, psychological insight, persuasive speech, and the courage to name what others avoid.","Suspicion, obsession, verbal pressure, and using information as leverage.",Let the question be strong without turning it into an interrogation. Truth lands better when it does not need to dominate.,Use your focus for research and repair | Ask before going deeper | Give intense thoughts a place to land outside the conversation,Assume every gap is a secret | Use precision to corner someone | Mistake mental control for clarity,communication | power | work,core-traits | career-patterns | shadow-work,research | truth | focus | persuasion | suspicion,5,mercury,conjunction,pluto,true,data/insights/natal-aspects/mercury-conjunction-pluto.json
mercury-conjunction-saturn,DRAFT,,,Perceptive And Steady,Thinking and speech merge discipline and limits. This concentrated pattern asks you to use clear thinking and maturity with awareness.,"Thinking and speech merge discipline and limits. This concentrated pattern asks you to use clear thinking and maturity with awareness. Mind meets discipline. Serious, deep, careful thinking; apparent slowness that is caution, not lack of intelligence. These drives sit close together, so the pattern may feel natural, immediate, and hard to separate. In practice, this can show up through thinking and speech, discipline and limits, and the choices you make when mental noise or fear starts running the room.","The gift is clear thinking, maturity, and a more conscious way to work with thinking and speech and discipline and limits.","The shadow is mental noise, fear, and repeating the same pattern without noticing what it is trying to teach.","Let thinking and speech and discipline and limits cooperate without making either one carry the whole story. Thorough and exacting, with little patience for small talk.",Name how thinking and speech and discipline and limits are both involved | Use the easy opening deliberately | Turn clear thinking and maturity into one concrete choice,Let mental noise make the decision | Assume what feels natural is automatically balanced | Ignore the needs of thinking and speech or discipline and limits,communication | work,career-patterns | personal-growth,mercury | saturn | conjunction | clear-thinking | maturity,4,mercury,conjunction,saturn,true,data/insights/natal-aspects/mercury-conjunction-saturn.json
mercury-conjunction-uranus,DRAFT,,,Perceptive And Original,Thinking and speech merge freedom and disruption. This concentrated pattern asks you to use clear thinking and originality with awareness.,"Thinking and speech merge freedom and disruption. This concentrated pattern asks you to use clear thinking and originality with awareness. The mind meets disruption and originality. Fast, unconventional, leap-of-insight thinking that resists linear order. These drives sit close together, so the pattern may feel natural, immediate, and hard to separate. In practice, this can show up through thinking and speech, freedom and disruption, and the choices you make when mental noise or instability starts running the room.","The gift is clear thinking, originality, and a more conscious way to work with thinking and speech and freedom and disruption.","The shadow is mental noise, instability, and repeating the same pattern without noticing what it is trying to teach.","Let thinking and speech and freedom and disruption cooperate without making either one carry the whole story. Strong for innovation, problem-solving, and tech; weak for routine detail and steady communication.",Name how thinking and speech and freedom and disruption are both involved | Use the easy opening deliberately | Turn clear thinking and originality into one concrete choice,Let mental noise make the decision | Assume what feels natural is automatically balanced | Ignore the needs of thinking and speech or freedom and disruption,communication | work | friends,career-patterns | personal-growth,mercury | uranus | conjunction | clear-thinking | originality,4,mercury,conjunction,uranus,true,data/insights/natal-aspects/mercury-conjunction-uranus.json
mercury-conjunction-venus,DRAFT,,,Articulate Or Polished,"Your words may reach for beauty, tact, and connection. You can make ideas easier to receive.","Mercury conjunction Venus describes a mind with aesthetic and relational intelligence. You may speak with charm, write with rhythm, negotiate with grace, or notice how tone changes whether truth can land. This aspect can support art, design, language, music, mediation, sales, and social fluency. The shadow is over-polishing the message until the sharper truth disappears. The gift is graceful communication. The growth is letting pleasant language remain honest.","Tact, charm, artistic language, mediation, and the ability to make connection through words.","People-pleasing speech, avoidance of conflict, flattery, and softening truth until it loses shape.","Use beauty to carry truth, not to hide it. A clear sentence can still be kind.",Say the beautiful version of the true thing | Use tone intentionally | Let creative language sharpen meaning,Compliment instead of answering | Make harmony more important than clarity | Edit your real preference out of the sentence,communication | love | creativity,core-traits | love-patterns | career-patterns,language | charm | art | tact | harmony,3,mercury,conjunction,venus,true,data/insights/natal-aspects/mercury-conjunction-venus.json
mercury-opposition-jupiter,DRAFT,,,Perceptive Across Expansive,Thinking and speech mirror growth and belief. This polarized pattern asks you to use clear thinking and optimism with awareness.,"Thinking and speech mirror growth and belief. This polarized pattern asks you to use clear thinking and optimism with awareness. Exaggeration, and swinging between getting lost in detail and ignoring it entirely. The two sides may appear through contrast, projection, or relationships until you learn to hold both directly. In practice, this can show up through thinking and speech, growth and belief, and the choices you make when mental noise or overreach starts running the room.","The gift is clear thinking, optimism, and a more conscious way to work with thinking and speech and growth and belief.","The shadow is mental noise, overreach, and repeating the same pattern without noticing what it is trying to teach.",Let thinking and speech and growth and belief cooperate without making either one carry the whole story. Strong for pairing vision with persuasion; watch overstatement.,Name how thinking and speech and growth and belief are both involved | Pause before choosing the most familiar reaction | Turn clear thinking and optimism into one concrete choice,Let mental noise make the decision | Treat tension as proof that something is wrong | Ignore the needs of thinking and speech or growth and belief,communication | work | growth,career-patterns | personal-growth | shadow-work,mercury | jupiter | opposition | clear-thinking | optimism,4,mercury,opposition,jupiter,true,data/insights/natal-aspects/mercury-opposition-jupiter.json
mercury-opposition-mars,DRAFT,,,Perceptive Across Driven,Thinking and speech mirror drive and anger. This polarized pattern asks you to use clear thinking and courage with awareness.,"Thinking and speech mirror drive and anger. This polarized pattern asks you to use clear thinking and courage with awareness. Arguments and verbal aggression; the mind never switches off. The two sides may appear through contrast, projection, or relationships until you learn to hold both directly. In practice, this can show up through thinking and speech, drive and anger, and the choices you make when mental noise or reactivity starts running the room.","The gift is clear thinking, courage, and a more conscious way to work with thinking and speech and drive and anger.","The shadow is mental noise, reactivity, and repeating the same pattern without noticing what it is trying to teach.","Let thinking and speech and drive and anger cooperate without making either one carry the whole story. Fast, cutting thinking; the task is channeling the edge productively.",Name how thinking and speech and drive and anger are both involved | Pause before choosing the most familiar reaction | Turn clear thinking and courage into one concrete choice,Let mental noise make the decision | Treat tension as proof that something is wrong | Ignore the needs of thinking and speech or drive and anger,communication | work | power,career-patterns | shadow-work,mercury | mars | opposition | clear-thinking | courage,4,mercury,opposition,mars,true,data/insights/natal-aspects/mercury-opposition-mars.json
mercury-opposition-neptune,DRAFT,,,Imaginal Or Unclear,"Your mind can move through symbol, mood, and possibility. Clarity may take effort because perception is not only literal.","Mercury opposition Neptune describes a porous connection between thought and imagination. You may be gifted with metaphor, music, image, spiritual language, or empathic listening, but you may also struggle with vagueness, avoidance, or hearing what you hope is true. Other people may project onto your words, or you may project onto theirs. The gift is imaginative intelligence. The growth is learning to ask simple clarifying questions before the story becomes too large to check.","Imagination, empathy, symbolic thinking, and the ability to communicate subtle experience.","Confusion, mixed signals, avoidance, idealization, and believing a story before checking the facts.",Use clear language as an ally to imagination. Specifics do not ruin the magic; they help the right meaning survive contact with real life.,Repeat agreements in plain language | Check whether you heard facts or feelings | Use art for what cannot be stated directly,Let ambiguity make decisions for you | Assume intuition means certainty | Promise what you have not understood,communication | spirituality | creativity,core-traits | personal-growth | shadow-work,imagination | clarity | projection | intuition | language,4,mercury,opposition,neptune,true,data/insights/natal-aspects/mercury-opposition-neptune.json
mercury-opposition-pluto,DRAFT,,,Perceptive Across Intense,Thinking and speech mirror power and transformation. This polarized pattern asks you to use clear thinking and depth with awareness.,"Thinking and speech mirror power and transformation. This polarized pattern asks you to use clear thinking and depth with awareness. Communication turns coercive or obsessive. The two sides may appear through contrast, projection, or relationships until you learn to hold both directly. In practice, this can show up through thinking and speech, power and transformation, and the choices you make when mental noise or control starts running the room.","The gift is clear thinking, depth, and a more conscious way to work with thinking and speech and power and transformation.","The shadow is mental noise, control, and repeating the same pattern without noticing what it is trying to teach.","Let thinking and speech and power and transformation cooperate without making either one carry the whole story. Sales, persuasion, research, and anything requiring depth and force of message.",Name how thinking and speech and power and transformation are both involved | Pause before choosing the most familiar reaction | Turn clear thinking and depth into one concrete choice,Let mental noise make the decision | Treat tension as proof that something is wrong | Ignore the needs of thinking and speech or power and transformation,communication | work | power,career-patterns | shadow-work,mercury | pluto | opposition | clear-thinking | depth,5,mercury,opposition,pluto,true,data/insights/natal-aspects/mercury-opposition-pluto.json
mercury-opposition-saturn,DRAFT,,,Perceptive Across Steady,Thinking and speech mirror discipline and limits. This polarized pattern asks you to use clear thinking and maturity with awareness.,"Thinking and speech mirror discipline and limits. This polarized pattern asks you to use clear thinking and maturity with awareness. Brooding and mental heaviness; the remedy is keeping the mind on useful work. The two sides may appear through contrast, projection, or relationships until you learn to hold both directly. In practice, this can show up through thinking and speech, discipline and limits, and the choices you make when mental noise or fear starts running the room.","The gift is clear thinking, maturity, and a more conscious way to work with thinking and speech and discipline and limits.","The shadow is mental noise, fear, and repeating the same pattern without noticing what it is trying to teach.","Let thinking and speech and discipline and limits cooperate without making either one carry the whole story. Thorough and exacting, with little patience for small talk.",Name how thinking and speech and discipline and limits are both involved | Pause before choosing the most familiar reaction | Turn clear thinking and maturity into one concrete choice,Let mental noise make the decision | Treat tension as proof that something is wrong | Ignore the needs of thinking and speech or discipline and limits,communication | work,career-patterns | shadow-work,mercury | saturn | opposition | clear-thinking | maturity,4,mercury,opposition,saturn,true,data/insights/natal-aspects/mercury-opposition-saturn.json
mercury-opposition-uranus,DRAFT,,,Perceptive Across Original,Thinking and speech mirror freedom and disruption. This polarized pattern asks you to use clear thinking and originality with awareness.,"Thinking and speech mirror freedom and disruption. This polarized pattern asks you to use clear thinking and originality with awareness. Scattered, jumpy thinking, nervous tension, and impatience with slow or conventional reasoning. The two sides may appear through contrast, projection, or relationships until you learn to hold both directly. In practice, this can show up through thinking and speech, freedom and disruption, and the choices you make when mental noise or instability starts running the room.","The gift is clear thinking, originality, and a more conscious way to work with thinking and speech and freedom and disruption.","The shadow is mental noise, instability, and repeating the same pattern without noticing what it is trying to teach.","Let thinking and speech and freedom and disruption cooperate without making either one carry the whole story. Strong for innovation, problem-solving, and tech; weak for routine detail and steady communication.",Name how thinking and speech and freedom and disruption are both involved | Pause before choosing the most familiar reaction | Turn clear thinking and originality into one concrete choice,Let mental noise make the decision | Treat tension as proof that something is wrong | Ignore the needs of thinking and speech or freedom and disruption,communication | work | friends,career-patterns | personal-growth | shadow-work,mercury | uranus | opposition | clear-thinking | originality,4,mercury,opposition,uranus,true,data/insights/natal-aspects/mercury-opposition-uranus.json
mercury-sextile-jupiter,DRAFT,,,Perceptive With Expansive,Thinking and speech support growth and belief. This cooperative pattern asks you to use clear thinking and optimism with awareness.,"Thinking and speech support growth and belief. This cooperative pattern asks you to use clear thinking and optimism with awareness. Fluid shifting between generalities and specifics; the conjunction here generally reads as easy. The connection is available when you choose to use it; it works best through deliberate practice. In practice, this can show up through thinking and speech, growth and belief, and the choices you make when mental noise or overreach starts running the room.","The gift is clear thinking, optimism, and a more conscious way to work with thinking and speech and growth and belief.","The shadow is mental noise, overreach, and repeating the same pattern without noticing what it is trying to teach.",Let thinking and speech and growth and belief cooperate without making either one carry the whole story. Strong for pairing vision with persuasion; watch overstatement.,Name how thinking and speech and growth and belief are both involved | Use the easy opening deliberately | Turn clear thinking and optimism into one concrete choice,Let mental noise make the decision | Take the talent for granted | Ignore the needs of thinking and speech or growth and belief,communication | work | growth,career-patterns | personal-growth,mercury | jupiter | sextile | clear-thinking | optimism,3,mercury,sextile,jupiter,true,data/insights/natal-aspects/mercury-sextile-jupiter.json
mercury-sextile-mars,DRAFT,,,Perceptive With Driven,Thinking and speech support drive and anger. This cooperative pattern asks you to use clear thinking and courage with awareness.,"Thinking and speech support drive and anger. This cooperative pattern asks you to use clear thinking and courage with awareness. Quick, incisive thinking and confident argument. The connection is available when you choose to use it; it works best through deliberate practice. In practice, this can show up through thinking and speech, drive and anger, and the choices you make when mental noise or reactivity starts running the room.","The gift is clear thinking, courage, and a more conscious way to work with thinking and speech and drive and anger.","The shadow is mental noise, reactivity, and repeating the same pattern without noticing what it is trying to teach.","Let thinking and speech and drive and anger cooperate without making either one carry the whole story. Fast, cutting thinking; the task is channeling the edge productively.",Name how thinking and speech and drive and anger are both involved | Use the easy opening deliberately | Turn clear thinking and courage into one concrete choice,Let mental noise make the decision | Take the talent for granted | Ignore the needs of thinking and speech or drive and anger,communication | work | power,career-patterns | personal-growth,mercury | mars | sextile | clear-thinking | courage,3,mercury,sextile,mars,true,data/insights/natal-aspects/mercury-sextile-mars.json
mercury-sextile-neptune,DRAFT,,,Perceptive With Inspired,Thinking and speech support imagination and longing. This cooperative pattern asks you to use clear thinking and compassion with awareness.,"Thinking and speech support imagination and longing. This cooperative pattern asks you to use clear thinking and compassion with awareness. Inspired ideation and a feel for the unspoken. The connection is available when you choose to use it; it works best through deliberate practice. In practice, this can show up through thinking and speech, imagination and longing, and the choices you make when mental noise or confusion starts running the room.","The gift is clear thinking, compassion, and a more conscious way to work with thinking and speech and imagination and longing.","The shadow is mental noise, confusion, and repeating the same pattern without noticing what it is trying to teach.",Let thinking and speech and imagination and longing cooperate without making either one carry the whole story. Creative ideation; verify the details before acting on them.,Name how thinking and speech and imagination and longing are both involved | Use the easy opening deliberately | Turn clear thinking and compassion into one concrete choice,Let mental noise make the decision | Take the talent for granted | Ignore the needs of thinking and speech or imagination and longing,communication | work | spirituality,career-patterns | personal-growth,mercury | neptune | sextile | clear-thinking | compassion,3,mercury,sextile,neptune,true,data/insights/natal-aspects/mercury-sextile-neptune.json
mercury-sextile-pluto,DRAFT,,,Perceptive With Intense,Thinking and speech support power and transformation. This cooperative pattern asks you to use clear thinking and depth with awareness.,"Thinking and speech support power and transformation. This cooperative pattern asks you to use clear thinking and depth with awareness. Persuasive depth and a talent for getting at hidden information. The connection is available when you choose to use it; it works best through deliberate practice. In practice, this can show up through thinking and speech, power and transformation, and the choices you make when mental noise or control starts running the room.","The gift is clear thinking, depth, and a more conscious way to work with thinking and speech and power and transformation.","The shadow is mental noise, control, and repeating the same pattern without noticing what it is trying to teach.","Let thinking and speech and power and transformation cooperate without making either one carry the whole story. Sales, persuasion, research, and anything requiring depth and force of message.",Name how thinking and speech and power and transformation are both involved | Use the easy opening deliberately | Turn clear thinking and depth into one concrete choice,Let mental noise make the decision | Take the talent for granted | Ignore the needs of thinking and speech or power and transformation,communication | work | power,career-patterns | shadow-work | personal-growth,mercury | pluto | sextile | clear-thinking | depth,3,mercury,sextile,pluto,true,data/insights/natal-aspects/mercury-sextile-pluto.json
mercury-sextile-saturn,DRAFT,,,Perceptive With Steady,Thinking and speech support discipline and limits. This cooperative pattern asks you to use clear thinking and maturity with awareness.,"Thinking and speech support discipline and limits. This cooperative pattern asks you to use clear thinking and maturity with awareness. Rigor, depth, and thoroughness. The connection is available when you choose to use it; it works best through deliberate practice. In practice, this can show up through thinking and speech, discipline and limits, and the choices you make when mental noise or fear starts running the room.","The gift is clear thinking, maturity, and a more conscious way to work with thinking and speech and discipline and limits.","The shadow is mental noise, fear, and repeating the same pattern without noticing what it is trying to teach.","Let thinking and speech and discipline and limits cooperate without making either one carry the whole story. Thorough and exacting, with little patience for small talk.",Name how thinking and speech and discipline and limits are both involved | Use the easy opening deliberately | Turn clear thinking and maturity into one concrete choice,Let mental noise make the decision | Take the talent for granted | Ignore the needs of thinking and speech or discipline and limits,communication | work,career-patterns | personal-growth,mercury | saturn | sextile | clear-thinking | maturity,3,mercury,sextile,saturn,true,data/insights/natal-aspects/mercury-sextile-saturn.json
mercury-sextile-uranus,DRAFT,,,Perceptive With Original,Thinking and speech support freedom and disruption. This cooperative pattern asks you to use clear thinking and originality with awareness.,"Thinking and speech support freedom and disruption. This cooperative pattern asks you to use clear thinking and originality with awareness. Brilliant, inventive insight and quick grasp of new systems and technology. The connection is available when you choose to use it; it works best through deliberate practice. In practice, this can show up through thinking and speech, freedom and disruption, and the choices you make when mental noise or instability starts running the room.","The gift is clear thinking, originality, and a more conscious way to work with thinking and speech and freedom and disruption.","The shadow is mental noise, instability, and repeating the same pattern without noticing what it is trying to teach.","Let thinking and speech and freedom and disruption cooperate without making either one carry the whole story. Strong for innovation, problem-solving, and tech; weak for routine detail and steady communication.",Name how thinking and speech and freedom and disruption are both involved | Use the easy opening deliberately | Turn clear thinking and originality into one concrete choice,Let mental noise make the decision | Take the talent for granted | Ignore the needs of thinking and speech or freedom and disruption,communication | work | friends,career-patterns | personal-growth,mercury | uranus | sextile | clear-thinking | originality,3,mercury,sextile,uranus,true,data/insights/natal-aspects/mercury-sextile-uranus.json
mercury-sextile-venus,DRAFT,,,Perceptive With Magnetic,Thinking and speech support love and values. This cooperative pattern asks you to use clear thinking and relational grace with awareness.,"Thinking and speech support love and values. This cooperative pattern asks you to use clear thinking and relational grace with awareness. Smooth, pleasant, persuasive communication. The connection is available when you choose to use it; it works best through deliberate practice. In practice, this can show up through thinking and speech, love and values, and the choices you make when mental noise or approval seeking starts running the room.","The gift is clear thinking, relational grace, and a more conscious way to work with thinking and speech and love and values.","The shadow is mental noise, approval seeking, and repeating the same pattern without noticing what it is trying to teach.","Let thinking and speech and love and values cooperate without making either one carry the whole story. Diplomacy, the arts, and any work where pleasant, persuasive expression matters.",Name how thinking and speech and love and values are both involved | Use the easy opening deliberately | Turn clear thinking and relational grace into one concrete choice,Let mental noise make the decision | Take the talent for granted | Ignore the needs of thinking and speech or love and values,communication | work | love,career-patterns | love-patterns | personal-growth,mercury | venus | sextile | clear-thinking | relational-grace,3,mercury,sextile,venus,true,data/insights/natal-aspects/mercury-sextile-venus.json
mercury-square-jupiter,DRAFT,,,Perceptive Or Expansive,Thinking and speech press against growth and belief. This frictional pattern asks you to use clear thinking and optimism with awareness.,"Thinking and speech press against growth and belief. This frictional pattern asks you to use clear thinking and optimism with awareness. Exaggeration, and swinging between getting lost in detail and ignoring it entirely. The friction makes the pattern noticeable, especially when pressure forces an adjustment. In practice, this can show up through thinking and speech, growth and belief, and the choices you make when mental noise or overreach starts running the room.","The gift is clear thinking, optimism, and a more conscious way to work with thinking and speech and growth and belief.","The shadow is mental noise, overreach, and repeating the same pattern without noticing what it is trying to teach.",Let thinking and speech and growth and belief cooperate without making either one carry the whole story. Strong for pairing vision with persuasion; watch overstatement.,Name how thinking and speech and growth and belief are both involved | Pause before choosing the most familiar reaction | Turn clear thinking and optimism into one concrete choice,Let mental noise make the decision | Treat tension as proof that something is wrong | Ignore the needs of thinking and speech or growth and belief,communication | work | growth,career-patterns | personal-growth | shadow-work,mercury | jupiter | square | clear-thinking | optimism,4,mercury,square,jupiter,true,data/insights/natal-aspects/mercury-square-jupiter.json
mercury-square-mars,DRAFT,,,Sharp Or Combative,"Your mind can move like a blade. Fast words, fast decisions, and fast irritation may arrive together.","Mercury square Mars describes mental heat and verbal speed. You may debate, decide, defend, or challenge quickly, especially when something feels inefficient or dishonest. This aspect can make you a strong advocate, strategist, critic, or problem-solver. It can also make words come out harsher than intended or turn disagreement into attack. The gift is decisive intelligence. The growth is learning when sharpness clarifies and when it only cuts.","Quick thinking, direct speech, strategic argument, and the courage to name what needs action.","Argumentativeness, impatience, verbal aggression, and reacting before listening is complete.",Let the mind stay fast while the mouth takes one breath. Precision is stronger than verbal force.,Ask one more question before arguing | Use direct language with a clear purpose | Channel mental heat into solving the problem,Win the sentence and lose the person | Treat interruption as efficiency | Use sarcasm when you mean anger,communication | work | power,career-patterns | shadow-work | personal-growth,speech | anger | debate | strategy | impatience,4,mercury,square,mars,true,data/insights/natal-aspects/mercury-square-mars.json
mercury-square-neptune,DRAFT,,,Perceptive Or Inspired,Thinking and speech press against imagination and longing. This frictional pattern asks you to use clear thinking and compassion with awareness.,"Thinking and speech press against imagination and longing. This frictional pattern asks you to use clear thinking and compassion with awareness. Slippery memory and blurred facts; what's real and what's imagined get confused. The friction makes the pattern noticeable, especially when pressure forces an adjustment. In practice, this can show up through thinking and speech, imagination and longing, and the choices you make when mental noise or confusion starts running the room.","The gift is clear thinking, compassion, and a more conscious way to work with thinking and speech and imagination and longing.","The shadow is mental noise, confusion, and repeating the same pattern without noticing what it is trying to teach.",Let thinking and speech and imagination and longing cooperate without making either one carry the whole story. Creative ideation; verify the details before acting on them.,Name how thinking and speech and imagination and longing are both involved | Pause before choosing the most familiar reaction | Turn clear thinking and compassion into one concrete choice,Let mental noise make the decision | Treat tension as proof that something is wrong | Ignore the needs of thinking and speech or imagination and longing,communication | work | spirituality,career-patterns | personal-growth | shadow-work,mercury | neptune | square | clear-thinking | compassion,4,mercury,square,neptune,true,data/insights/natal-aspects/mercury-square-neptune.json
mercury-square-pluto,DRAFT,,,Perceptive Or Intense,Thinking and speech press against power and transformation. This frictional pattern asks you to use clear thinking and depth with awareness.,"Thinking and speech press against power and transformation. This frictional pattern asks you to use clear thinking and depth with awareness. Communication turns coercive or obsessive. The friction makes the pattern noticeable, especially when pressure forces an adjustment. In practice, this can show up through thinking and speech, power and transformation, and the choices you make when mental noise or control starts running the room.","The gift is clear thinking, depth, and a more conscious way to work with thinking and speech and power and transformation.","The shadow is mental noise, control, and repeating the same pattern without noticing what it is trying to teach.","Let thinking and speech and power and transformation cooperate without making either one carry the whole story. Sales, persuasion, research, and anything requiring depth and force of message.",Name how thinking and speech and power and transformation are both involved | Pause before choosing the most familiar reaction | Turn clear thinking and depth into one concrete choice,Let mental noise make the decision | Treat tension as proof that something is wrong | Ignore the needs of thinking and speech or power and transformation,communication | work | power,career-patterns | shadow-work,mercury | pluto | square | clear-thinking | depth,5,mercury,square,pluto,true,data/insights/natal-aspects/mercury-square-pluto.json
mercury-square-saturn,DRAFT,,,Careful Or Censored,"Your mind can be rigorous, but it may also expect criticism before anyone has spoken.","Mercury square Saturn describes serious thought, careful speech, and a strong internal editor. You may learn through pressure, delay, or the feeling that you have to be certain before you are allowed to speak. This can make you precise, disciplined, and trustworthy with complex ideas. It can also make your voice smaller than your intelligence. The growth is to keep the discernment while letting yourself think out loud, revise, and be human in the process.","Precision, discipline, realism, and the ability to give language a durable structure.","Harsh self-criticism, fear of sounding wrong, pessimism, and withholding thoughts until the moment has passed.",Let thinking be a process instead of a verdict. Your standards are useful when they support expression rather than blocking it.,Say the first clear version | Separate feedback from rejection | Use structure to support your voice,Wait for perfect certainty | Let an old authority become your inner narrator | Call every doubt realism,communication | work | identity,core-traits | career-patterns | personal-growth,voice | self-trust | discipline | criticism | thinking,4,mercury,square,saturn,true,data/insights/natal-aspects/mercury-square-saturn.json
mercury-square-uranus,DRAFT,,,Brilliant Or Abrupt,"Your mind moves in jumps. You may see the pattern quickly, then lose patience with everyone still reading the instructions.","Mercury square Uranus describes a quick, original, disruptive mind. You may think in flashes, challenge assumptions, and make unusual connections without needing permission. This can make you inventive and ahead of the room, but it can also make communication sharp, scattered, or impatient. The gift is mental independence. The growth is learning to translate the spark so other people can use it too.","Original thinking, rapid insight, technical curiosity, and the courage to question stale ideas.","Nervous overload, contrarian reflexes, interrupting, and changing direction before the thought has landed.","Let your mind move fast, then give the idea a second pass. Translation is not dilution; it is how the insight becomes useful.",Write down flashes before debating them | Ask whether you want to clarify or provoke | Build pauses into fast conversations,Treat boredom as proof that someone is wrong | Interrupt before the other person finishes | Discard structure just because it is familiar,communication | work | identity,core-traits | career-patterns | personal-growth,originality | nerves | communication | invention | disruption,4,mercury,square,uranus,true,data/insights/natal-aspects/mercury-square-uranus.json
mercury-trine-jupiter,DRAFT,,,Big Picture Or Too Broad,Your mind wants meaning. You may understand best when facts connect to a larger story.,"Mercury trine Jupiter describes an expansive intelligence. You may learn through context, teach naturally, speak with encouragement, or move easily between detail and principle. This aspect can support writing, study, strategy, travel, publishing, humor, and persuasive explanation. The shadow is assuming the big picture is enough and skipping the fine print. The gift is wisdom in language. The growth is letting accuracy strengthen your vision instead of slowing it down.","Teaching, broad thinking, humor, optimism, and the ability to make complex ideas feel approachable.","Overgeneralizing, missing details, talking past the question, and trusting confidence more than evidence.",Let the vision stay wide and the facts stay checked. The best idea becomes stronger when it can survive specifics.,Translate ideas into useful language | Check the key detail before presenting | Use optimism to open the conversation,Skip evidence because the story feels right | Overpromise what the idea can do | Mistake volume for understanding,communication | growth | work,career-patterns | core-traits | personal-growth,teaching | optimism | meaning | learning | strategy,3,mercury,trine,jupiter,true,data/insights/natal-aspects/mercury-trine-jupiter.json
mercury-trine-mars,DRAFT,,,Perceptive Through Driven,Thinking and speech flow with drive and anger. This fluid pattern asks you to use clear thinking and courage with awareness.,"Thinking and speech flow with drive and anger. This fluid pattern asks you to use clear thinking and courage with awareness. Quick, incisive thinking and confident argument. The pattern can flow easily, which is useful when it is conscious and easy to take for granted when it is not. In practice, this can show up through thinking and speech, drive and anger, and the choices you make when mental noise or reactivity starts running the room.","The gift is clear thinking, courage, and a more conscious way to work with thinking and speech and drive and anger.","The shadow is mental noise, reactivity, and repeating the same pattern without noticing what it is trying to teach.","Let thinking and speech and drive and anger cooperate without making either one carry the whole story. Fast, cutting thinking; the task is channeling the edge productively.",Name how thinking and speech and drive and anger are both involved | Use the easy opening deliberately | Turn clear thinking and courage into one concrete choice,Let mental noise make the decision | Take the talent for granted | Ignore the needs of thinking and speech or drive and anger,communication | work | power,career-patterns | personal-growth,mercury | mars | trine | clear-thinking | courage,3,mercury,trine,mars,true,data/insights/natal-aspects/mercury-trine-mars.json
mercury-trine-neptune,DRAFT,,,Perceptive Through Inspired,Thinking and speech flow with imagination and longing. This fluid pattern asks you to use clear thinking and compassion with awareness.,"Thinking and speech flow with imagination and longing. This fluid pattern asks you to use clear thinking and compassion with awareness. Inspired ideation and a feel for the unspoken. The pattern can flow easily, which is useful when it is conscious and easy to take for granted when it is not. In practice, this can show up through thinking and speech, imagination and longing, and the choices you make when mental noise or confusion starts running the room.","The gift is clear thinking, compassion, and a more conscious way to work with thinking and speech and imagination and longing.","The shadow is mental noise, confusion, and repeating the same pattern without noticing what it is trying to teach.",Let thinking and speech and imagination and longing cooperate without making either one carry the whole story. Creative ideation; verify the details before acting on them.,Name how thinking and speech and imagination and longing are both involved | Use the easy opening deliberately | Turn clear thinking and compassion into one concrete choice,Let mental noise make the decision | Take the talent for granted | Ignore the needs of thinking and speech or imagination and longing,communication | work | spirituality,career-patterns | personal-growth,mercury | neptune | trine | clear-thinking | compassion,3,mercury,trine,neptune,true,data/insights/natal-aspects/mercury-trine-neptune.json
mercury-trine-pluto,DRAFT,,,Perceptive Through Intense,Thinking and speech flow with power and transformation. This fluid pattern asks you to use clear thinking and depth with awareness.,"Thinking and speech flow with power and transformation. This fluid pattern asks you to use clear thinking and depth with awareness. Persuasive depth and a talent for getting at hidden information. The pattern can flow easily, which is useful when it is conscious and easy to take for granted when it is not. In practice, this can show up through thinking and speech, power and transformation, and the choices you make when mental noise or control starts running the room.","The gift is clear thinking, depth, and a more conscious way to work with thinking and speech and power and transformation.","The shadow is mental noise, control, and repeating the same pattern without noticing what it is trying to teach.","Let thinking and speech and power and transformation cooperate without making either one carry the whole story. Sales, persuasion, research, and anything requiring depth and force of message.",Name how thinking and speech and power and transformation are both involved | Use the easy opening deliberately | Turn clear thinking and depth into one concrete choice,Let mental noise make the decision | Take the talent for granted | Ignore the needs of thinking and speech or power and transformation,communication | work | power,career-patterns | shadow-work | personal-growth,mercury | pluto | trine | clear-thinking | depth,3,mercury,trine,pluto,true,data/insights/natal-aspects/mercury-trine-pluto.json
mercury-trine-saturn,DRAFT,,,Perceptive Through Steady,Thinking and speech flow with discipline and limits. This fluid pattern asks you to use clear thinking and maturity with awareness.,"Thinking and speech flow with discipline and limits. This fluid pattern asks you to use clear thinking and maturity with awareness. Rigor, depth, and thoroughness. The pattern can flow easily, which is useful when it is conscious and easy to take for granted when it is not. In practice, this can show up through thinking and speech, discipline and limits, and the choices you make when mental noise or fear starts running the room.","The gift is clear thinking, maturity, and a more conscious way to work with thinking and speech and discipline and limits.","The shadow is mental noise, fear, and repeating the same pattern without noticing what it is trying to teach.","Let thinking and speech and discipline and limits cooperate without making either one carry the whole story. Thorough and exacting, with little patience for small talk.",Name how thinking and speech and discipline and limits are both involved | Use the easy opening deliberately | Turn clear thinking and maturity into one concrete choice,Let mental noise make the decision | Take the talent for granted | Ignore the needs of thinking and speech or discipline and limits,communication | work,career-patterns | personal-growth,mercury | saturn | trine | clear-thinking | maturity,3,mercury,trine,saturn,true,data/insights/natal-aspects/mercury-trine-saturn.json
mercury-trine-uranus,DRAFT,,,Perceptive Through Original,Thinking and speech flow with freedom and disruption. This fluid pattern asks you to use clear thinking and originality with awareness.,"Thinking and speech flow with freedom and disruption. This fluid pattern asks you to use clear thinking and originality with awareness. Brilliant, inventive insight and quick grasp of new systems and technology. The pattern can flow easily, which is useful when it is conscious and easy to take for granted when it is not. In practice, this can show up through thinking and speech, freedom and disruption, and the choices you make when mental noise or instability starts running the room.","The gift is clear thinking, originality, and a more conscious way to work with thinking and speech and freedom and disruption.","The shadow is mental noise, instability, and repeating the same pattern without noticing what it is trying to teach.","Let thinking and speech and freedom and disruption cooperate without making either one carry the whole story. Strong for innovation, problem-solving, and tech; weak for routine detail and steady communication.",Name how thinking and speech and freedom and disruption are both involved | Use the easy opening deliberately | Turn clear thinking and originality into one concrete choice,Let mental noise make the decision | Take the talent for granted | Ignore the needs of thinking and speech or freedom and disruption,communication | work | friends,career-patterns | personal-growth,mercury | uranus | trine | clear-thinking | originality,3,mercury,trine,uranus,true,data/insights/natal-aspects/mercury-trine-uranus.json
moon-conjunction-jupiter,DRAFT,,,Sensitive And Expansive,Emotional needs merge growth and belief. This concentrated pattern asks you to use emotional intelligence and optimism with awareness.,"Emotional needs merge growth and belief. This concentrated pattern asks you to use emotional intelligence and optimism with awareness. Feelings meet optimism and expansion. A resilient inner buoyancy that recovers no matter what, plus real generosity. These drives sit close together, so the pattern may feel natural, immediate, and hard to separate. In practice, this can show up through emotional needs, growth and belief, and the choices you make when mood-driven reaction or overreach starts running the room.","The gift is emotional intelligence, optimism, and a more conscious way to work with emotional needs and growth and belief.","The shadow is mood-driven reaction, overreach, and repeating the same pattern without noticing what it is trying to teach.",Let emotional needs and growth and belief cooperate without making either one carry the whole story. Warmth and generosity that draw people in; watch the tendency to overextend.,Name how emotional needs and growth and belief are both involved | Use the easy opening deliberately | Turn emotional intelligence and optimism into one concrete choice,Let mood-driven reaction make the decision | Assume what feels natural is automatically balanced | Ignore the needs of emotional needs or growth and belief,emotions | home | growth,emotional-needs | personal-growth,moon | jupiter | conjunction | emotional-intelligence | optimism,4,moon,conjunction,jupiter,true,data/insights/natal-aspects/moon-conjunction-jupiter.json
moon-conjunction-mars,DRAFT,,,Sensitive And Driven,Emotional needs merge drive and anger. This concentrated pattern asks you to use emotional intelligence and courage with awareness.,"Emotional needs merge drive and anger. This concentrated pattern asks you to use emotional intelligence and courage with awareness. Emotion meets drive and aggression. Feelings are energized and the instinct is to act on them. These drives sit close together, so the pattern may feel natural, immediate, and hard to separate. In practice, this can show up through emotional needs, drive and anger, and the choices you make when mood-driven reaction or reactivity starts running the room.","The gift is emotional intelligence, courage, and a more conscious way to work with emotional needs and drive and anger.","The shadow is mood-driven reaction, reactivity, and repeating the same pattern without noticing what it is trying to teach.",Let emotional needs and drive and anger cooperate without making either one carry the whole story. Drive powered by feeling; the work is managing reactivity.,Name how emotional needs and drive and anger are both involved | Use the easy opening deliberately | Turn emotional intelligence and courage into one concrete choice,Let mood-driven reaction make the decision | Assume what feels natural is automatically balanced | Ignore the needs of emotional needs or drive and anger,emotions | home | work,emotional-needs | career-patterns | personal-growth,moon | mars | conjunction | emotional-intelligence | courage,4,moon,conjunction,mars,true,data/insights/natal-aspects/moon-conjunction-mars.json
moon-conjunction-mercury,DRAFT,,,Sensitive And Perceptive,Emotional needs merge thinking and speech. This concentrated pattern asks you to use emotional intelligence and clear thinking with awareness.,"Emotional needs merge thinking and speech. This concentrated pattern asks you to use emotional intelligence and clear thinking with awareness. Emotion meets mind. How feeling and thinking inform each other, and how readily the inner life gets put into words. These drives sit close together, so the pattern may feel natural, immediate, and hard to separate. In practice, this can show up through emotional needs, thinking and speech, and the choices you make when mood-driven reaction or mental noise starts running the room.","The gift is emotional intelligence, clear thinking, and a more conscious way to work with emotional needs and thinking and speech.","The shadow is mood-driven reaction, mental noise, and repeating the same pattern without noticing what it is trying to teach.",Let emotional needs and thinking and speech cooperate without making either one carry the whole story. Communication colored by mood; powerful when feeling and reasoning are integrated.,Name how emotional needs and thinking and speech are both involved | Use the easy opening deliberately | Turn emotional intelligence and clear thinking into one concrete choice,Let mood-driven reaction make the decision | Assume what feels natural is automatically balanced | Ignore the needs of emotional needs or thinking and speech,emotions | home | communication,emotional-needs | career-patterns | personal-growth,moon | mercury | conjunction | emotional-intelligence | clear-thinking,4,moon,conjunction,mercury,true,data/insights/natal-aspects/moon-conjunction-mercury.json
moon-conjunction-neptune,DRAFT,,,Sensitive And Inspired,Emotional needs merge imagination and longing. This concentrated pattern asks you to use emotional intelligence and compassion with awareness.,"Emotional needs merge imagination and longing. This concentrated pattern asks you to use emotional intelligence and compassion with awareness. Feelings meet imagination and dissolution. A need for escape and reverie, high sensitivity, and compassion. These drives sit close together, so the pattern may feel natural, immediate, and hard to separate. In practice, this can show up through emotional needs, imagination and longing, and the choices you make when mood-driven reaction or confusion starts running the room.","The gift is emotional intelligence, compassion, and a more conscious way to work with emotional needs and imagination and longing.","The shadow is mood-driven reaction, confusion, and repeating the same pattern without noticing what it is trying to teach.",Let emotional needs and imagination and longing cooperate without making either one carry the whole story. Strong for imaginative work; protect boundaries and energy.,Name how emotional needs and imagination and longing are both involved | Use the easy opening deliberately | Turn emotional intelligence and compassion into one concrete choice,Let mood-driven reaction make the decision | Assume what feels natural is automatically balanced | Ignore the needs of emotional needs or imagination and longing,emotions | home | spirituality,emotional-needs | personal-growth,moon | neptune | conjunction | emotional-intelligence | compassion,4,moon,conjunction,neptune,true,data/insights/natal-aspects/moon-conjunction-neptune.json
moon-conjunction-pluto,DRAFT,,,Intense Or Protective,"Your feelings run deep, even when you keep them private. Emotional safety may require truth, loyalty, and real trust.","Moon conjunction Pluto describes an emotional nature with depth, instinct, and strong memory. You may sense what is hidden, track shifts in tone, and protect yourself before you can explain why. Family history, early attachment, or private survival patterns may carry extra weight. The gift is emotional honesty and resilience. The growth is learning that intensity does not have to become control, and protection does not have to keep care out.","Emotional depth, loyalty, instinctive perception, and the capacity to transform old patterns into real self-knowledge.","Control, secrecy, emotional extremes, and scanning for threat even when care is available.","Let your instincts speak, then let the present moment answer. Trust becomes possible when protection includes choice.",Name the feeling under the reaction | Choose relationships that can hold honesty | Give old emotional patterns a current reality check,Use silence to test loyalty | Assume intensity means danger | Make control the only way to feel safe,emotions | family | power,emotional-needs | shadow-work | core-traits,intensity | attachment | memory | control | trust,5,moon,conjunction,pluto,true,data/insights/natal-aspects/moon-conjunction-pluto.json
moon-conjunction-saturn,DRAFT,,,Sensitive And Steady,Emotional needs merge discipline and limits. This concentrated pattern asks you to use emotional intelligence and maturity with awareness.,"Emotional needs merge discipline and limits. This concentrated pattern asks you to use emotional intelligence and maturity with awareness. Emotion meets limit and duty. Emotional reserve, seriousness, and a habit of bracing for the worst. These drives sit close together, so the pattern may feel natural, immediate, and hard to separate. In practice, this can show up through emotional needs, discipline and limits, and the choices you make when mood-driven reaction or fear starts running the room.","The gift is emotional intelligence, maturity, and a more conscious way to work with emotional needs and discipline and limits.","The shadow is mood-driven reaction, fear, and repeating the same pattern without noticing what it is trying to teach.",Let emotional needs and discipline and limits cooperate without making either one carry the whole story. Dependable under pressure; the risk is grinding joylessly.,Name how emotional needs and discipline and limits are both involved | Use the easy opening deliberately | Turn emotional intelligence and maturity into one concrete choice,Let mood-driven reaction make the decision | Assume what feels natural is automatically balanced | Ignore the needs of emotional needs or discipline and limits,emotions | home | work,emotional-needs | career-patterns | personal-growth,moon | saturn | conjunction | emotional-intelligence | maturity,4,moon,conjunction,saturn,true,data/insights/natal-aspects/moon-conjunction-saturn.json
moon-conjunction-uranus,DRAFT,,,Sensitive And Original,Emotional needs merge freedom and disruption. This concentrated pattern asks you to use emotional intelligence and originality with awareness.,"Emotional needs merge freedom and disruption. This concentrated pattern asks you to use emotional intelligence and originality with awareness. Emotional life meets disruption and the need for freedom. Feelings turn unpredictable, restless, and resistant to routine. These drives sit close together, so the pattern may feel natural, immediate, and hard to separate. In practice, this can show up through emotional needs, freedom and disruption, and the choices you make when mood-driven reaction or instability starts running the room.","The gift is emotional intelligence, originality, and a more conscious way to work with emotional needs and freedom and disruption.","The shadow is mood-driven reaction, instability, and repeating the same pattern without noticing what it is trying to teach.","Let emotional needs and freedom and disruption cooperate without making either one carry the whole story. Good for inventive moves and breaking stale routines; poor for steady, predictable handling.",Name how emotional needs and freedom and disruption are both involved | Use the easy opening deliberately | Turn emotional intelligence and originality into one concrete choice,Let mood-driven reaction make the decision | Assume what feels natural is automatically balanced | Ignore the needs of emotional needs or freedom and disruption,emotions | home | friends,emotional-needs | personal-growth,moon | uranus | conjunction | emotional-intelligence | originality,4,moon,conjunction,uranus,true,data/insights/natal-aspects/moon-conjunction-uranus.json
moon-conjunction-venus,DRAFT,,,Tender Or Too Accommodating,"Comfort, affection, and emotional safety are closely linked. Love may need to feel gentle before it feels trustworthy.","Moon conjunction Venus describes a soft bond between feeling and affection. You may seek beauty, sweetness, touch, harmony, and relational ease as forms of emotional regulation. This aspect can make you nurturing, charming, receptive, and loyal to what feels kind. The shadow is using pleasing or comfort to avoid conflict, or making your mood depend too much on being wanted. The gift is warmth. The growth is letting tenderness include honest needs.","Warmth, emotional charm, affection, hospitality, and the ability to make people feel welcome.","People-pleasing, comfort-seeking, conflict avoidance, and confusing peace with emotional truth.",Let care be mutual. A loving atmosphere becomes stronger when your needs are named inside it.,Ask for the comfort you actually need | Let affection include honesty | Create beauty without using it to hide tension,Keep the peace by abandoning your feelings | Use sweetness to avoid a difficult conversation | Assume being wanted means being safe,emotions | love | home,emotional-needs | love-patterns | relationship-bonds,tenderness | comfort | affection | harmony | needs,3,moon,conjunction,venus,true,data/insights/natal-aspects/moon-conjunction-venus.json
moon-opposition-jupiter,DRAFT,,,Sensitive Across Expansive,Emotional needs mirror growth and belief. This polarized pattern asks you to use emotional intelligence and optimism with awareness.,"Emotional needs mirror growth and belief. This polarized pattern asks you to use emotional intelligence and optimism with awareness. Emotional and physical excess; overindulgence and overcommitment. The two sides may appear through contrast, projection, or relationships until you learn to hold both directly. In practice, this can show up through emotional needs, growth and belief, and the choices you make when mood-driven reaction or overreach starts running the room.","The gift is emotional intelligence, optimism, and a more conscious way to work with emotional needs and growth and belief.","The shadow is mood-driven reaction, overreach, and repeating the same pattern without noticing what it is trying to teach.",Let emotional needs and growth and belief cooperate without making either one carry the whole story. Warmth and generosity that draw people in; watch the tendency to overextend.,Name how emotional needs and growth and belief are both involved | Pause before choosing the most familiar reaction | Turn emotional intelligence and optimism into one concrete choice,Let mood-driven reaction make the decision | Treat tension as proof that something is wrong | Ignore the needs of emotional needs or growth and belief,emotions | home | growth,emotional-needs | personal-growth | shadow-work,moon | jupiter | opposition | emotional-intelligence | optimism,4,moon,opposition,jupiter,true,data/insights/natal-aspects/moon-opposition-jupiter.json
moon-opposition-mars,DRAFT,,,Sensitive Across Driven,Emotional needs mirror drive and anger. This polarized pattern asks you to use emotional intelligence and courage with awareness.,"Emotional needs mirror drive and anger. This polarized pattern asks you to use emotional intelligence and courage with awareness. Short temper and reactive conflict, defensiveness even when nothing is wrong. The emotions need channeling. The two sides may appear through contrast, projection, or relationships until you learn to hold both directly. In practice, this can show up through emotional needs, drive and anger, and the choices you make when mood-driven reaction or reactivity starts running the room.","The gift is emotional intelligence, courage, and a more conscious way to work with emotional needs and drive and anger.","The shadow is mood-driven reaction, reactivity, and repeating the same pattern without noticing what it is trying to teach.",Let emotional needs and drive and anger cooperate without making either one carry the whole story. Drive powered by feeling; the work is managing reactivity.,Name how emotional needs and drive and anger are both involved | Pause before choosing the most familiar reaction | Turn emotional intelligence and courage into one concrete choice,Let mood-driven reaction make the decision | Treat tension as proof that something is wrong | Ignore the needs of emotional needs or drive and anger,emotions | home | work,emotional-needs | career-patterns | shadow-work,moon | mars | opposition | emotional-intelligence | courage,4,moon,opposition,mars,true,data/insights/natal-aspects/moon-opposition-mars.json
moon-opposition-mercury,DRAFT,,,Sensitive Across Perceptive,Emotional needs mirror thinking and speech. This polarized pattern asks you to use emotional intelligence and clear thinking with awareness.,"Emotional needs mirror thinking and speech. This polarized pattern asks you to use emotional intelligence and clear thinking with awareness. Gut instinct argues with logic. Either feelings go unspoken or they get said unfiltered, without being thought through. The two sides may appear through contrast, projection, or relationships until you learn to hold both directly. In practice, this can show up through emotional needs, thinking and speech, and the choices you make when mood-driven reaction or mental noise starts running the room.","The gift is emotional intelligence, clear thinking, and a more conscious way to work with emotional needs and thinking and speech.","The shadow is mood-driven reaction, mental noise, and repeating the same pattern without noticing what it is trying to teach.",Let emotional needs and thinking and speech cooperate without making either one carry the whole story. Communication colored by mood; powerful when feeling and reasoning are integrated.,Name how emotional needs and thinking and speech are both involved | Pause before choosing the most familiar reaction | Turn emotional intelligence and clear thinking into one concrete choice,Let mood-driven reaction make the decision | Treat tension as proof that something is wrong | Ignore the needs of emotional needs or thinking and speech,emotions | home | communication,emotional-needs | career-patterns | shadow-work,moon | mercury | opposition | emotional-intelligence | clear-thinking,4,moon,opposition,mercury,true,data/insights/natal-aspects/moon-opposition-mercury.json
moon-opposition-neptune,DRAFT,,,Sensitive Across Inspired,Emotional needs mirror imagination and longing. This polarized pattern asks you to use emotional intelligence and compassion with awareness.,"Emotional needs mirror imagination and longing. This polarized pattern asks you to use emotional intelligence and compassion with awareness. Emotional boundaries dissolve, leaving you drained by others or lost in daydream. The two sides may appear through contrast, projection, or relationships until you learn to hold both directly. In practice, this can show up through emotional needs, imagination and longing, and the choices you make when mood-driven reaction or confusion starts running the room.","The gift is emotional intelligence, compassion, and a more conscious way to work with emotional needs and imagination and longing.","The shadow is mood-driven reaction, confusion, and repeating the same pattern without noticing what it is trying to teach.",Let emotional needs and imagination and longing cooperate without making either one carry the whole story. Strong for imaginative work; protect boundaries and energy.,Name how emotional needs and imagination and longing are both involved | Pause before choosing the most familiar reaction | Turn emotional intelligence and compassion into one concrete choice,Let mood-driven reaction make the decision | Treat tension as proof that something is wrong | Ignore the needs of emotional needs or imagination and longing,emotions | home | spirituality,emotional-needs | personal-growth | shadow-work,moon | neptune | opposition | emotional-intelligence | compassion,4,moon,opposition,neptune,true,data/insights/natal-aspects/moon-opposition-neptune.json
moon-opposition-pluto,DRAFT,,,Sensitive Across Intense,Emotional needs mirror power and transformation. This polarized pattern asks you to use emotional intelligence and depth with awareness.,"Emotional needs mirror power and transformation. This polarized pattern asks you to use emotional intelligence and depth with awareness. Emotional power struggles, jealousy, and compulsion. The two sides may appear through contrast, projection, or relationships until you learn to hold both directly. In practice, this can show up through emotional needs, power and transformation, and the choices you make when mood-driven reaction or control starts running the room.","The gift is emotional intelligence, depth, and a more conscious way to work with emotional needs and power and transformation.","The shadow is mood-driven reaction, control, and repeating the same pattern without noticing what it is trying to teach.","Let emotional needs and power and transformation cooperate without making either one carry the whole story. Emotional intensity: depth is an asset, volatility a liability.",Name how emotional needs and power and transformation are both involved | Pause before choosing the most familiar reaction | Turn emotional intelligence and depth into one concrete choice,Let mood-driven reaction make the decision | Treat tension as proof that something is wrong | Ignore the needs of emotional needs or power and transformation,emotions | home | power,emotional-needs | shadow-work,moon | pluto | opposition | emotional-intelligence | depth,5,moon,opposition,pluto,true,data/insights/natal-aspects/moon-opposition-pluto.json
moon-opposition-saturn,DRAFT,,,Sensitive Across Steady,Emotional needs mirror discipline and limits. This polarized pattern asks you to use emotional intelligence and maturity with awareness.,"Emotional needs mirror discipline and limits. This polarized pattern asks you to use emotional intelligence and maturity with awareness. Coldness or distance, pessimism, and a sense of deprivation. Useful work is the standard remedy. The two sides may appear through contrast, projection, or relationships until you learn to hold both directly. In practice, this can show up through emotional needs, discipline and limits, and the choices you make when mood-driven reaction or fear starts running the room.","The gift is emotional intelligence, maturity, and a more conscious way to work with emotional needs and discipline and limits.","The shadow is mood-driven reaction, fear, and repeating the same pattern without noticing what it is trying to teach.",Let emotional needs and discipline and limits cooperate without making either one carry the whole story. Dependable under pressure; the risk is grinding joylessly.,Name how emotional needs and discipline and limits are both involved | Pause before choosing the most familiar reaction | Turn emotional intelligence and maturity into one concrete choice,Let mood-driven reaction make the decision | Treat tension as proof that something is wrong | Ignore the needs of emotional needs or discipline and limits,emotions | home | work,emotional-needs | career-patterns | shadow-work,moon | saturn | opposition | emotional-intelligence | maturity,4,moon,opposition,saturn,true,data/insights/natal-aspects/moon-opposition-saturn.json
moon-opposition-uranus,DRAFT,,,Attached Or Untethered,"You need closeness, but you may also need sudden space. Emotional security has to leave room for your nervous system.","Moon opposition Uranus describes a person whose emotional life can change quickly. You may love people deeply and still feel crowded by predictability, expectation, or too much need in the room. Early instability can make your body expect interruption, or your own rhythms may be irregular and hard to domesticate. The gift is emotional originality and the ability to refresh stale patterns. The growth is learning to ask for space before you disappear or provoke distance.","Emotional independence, originality, adaptability, and the ability to break inherited patterns.","Sudden withdrawal, restlessness, inconsistency, and confusing safety with escape.","Build bonds that can breathe. Space works best when it is named, not acted out as distance.",Ask for room before you reach your limit | Notice what kind of closeness your body can actually tolerate | Create rituals that are flexible instead of rigid,Make unpredictability your proof of freedom | Leave people guessing about your needs | Treat every emotional request as pressure,emotions | home | family,emotional-needs | relationship-bonds | personal-growth,independence | nervous-system | attachment | space | change,4,moon,opposition,uranus,true,data/insights/natal-aspects/moon-opposition-uranus.json
moon-opposition-venus,DRAFT,,,Sensitive Across Magnetic,Emotional needs mirror love and values. This polarized pattern asks you to use emotional intelligence and relational grace with awareness.,"Emotional needs mirror love and values. This polarized pattern asks you to use emotional intelligence and relational grace with awareness. Feelings expressed erratically, a tendency to overspend or overindulge, and feeling unliked without cause. The two sides may appear through contrast, projection, or relationships until you learn to hold both directly. In practice, this can show up through emotional needs, love and values, and the choices you make when mood-driven reaction or approval seeking starts running the room.","The gift is emotional intelligence, relational grace, and a more conscious way to work with emotional needs and love and values.","The shadow is mood-driven reaction, approval seeking, and repeating the same pattern without noticing what it is trying to teach.",Let emotional needs and love and values cooperate without making either one carry the whole story. Likable and warm; watch indulgence and shaky money instincts.,Name how emotional needs and love and values are both involved | Pause before choosing the most familiar reaction | Turn emotional intelligence and relational grace into one concrete choice,Let mood-driven reaction make the decision | Treat tension as proof that something is wrong | Ignore the needs of emotional needs or love and values,emotions | home | love,emotional-needs | love-patterns | shadow-work,moon | venus | opposition | emotional-intelligence | relational-grace,4,moon,opposition,venus,true,data/insights/natal-aspects/moon-opposition-venus.json
moon-sextile-jupiter,DRAFT,,,Sensitive With Expansive,Emotional needs support growth and belief. This cooperative pattern asks you to use emotional intelligence and optimism with awareness.,"Emotional needs support growth and belief. This cooperative pattern asks you to use emotional intelligence and optimism with awareness. Emotional warmth and an instinct to give. The connection is available when you choose to use it; it works best through deliberate practice. In practice, this can show up through emotional needs, growth and belief, and the choices you make when mood-driven reaction or overreach starts running the room.","The gift is emotional intelligence, optimism, and a more conscious way to work with emotional needs and growth and belief.","The shadow is mood-driven reaction, overreach, and repeating the same pattern without noticing what it is trying to teach.",Let emotional needs and growth and belief cooperate without making either one carry the whole story. Warmth and generosity that draw people in; watch the tendency to overextend.,Name how emotional needs and growth and belief are both involved | Use the easy opening deliberately | Turn emotional intelligence and optimism into one concrete choice,Let mood-driven reaction make the decision | Take the talent for granted | Ignore the needs of emotional needs or growth and belief,emotions | home | growth,emotional-needs | personal-growth,moon | jupiter | sextile | emotional-intelligence | optimism,3,moon,sextile,jupiter,true,data/insights/natal-aspects/moon-sextile-jupiter.json
moon-sextile-mars,DRAFT,,,Sensitive With Driven,Emotional needs support drive and anger. This cooperative pattern asks you to use emotional intelligence and courage with awareness.,"Emotional needs support drive and anger. This cooperative pattern asks you to use emotional intelligence and courage with awareness. Emotional energy fuels getting things done; lively, active imagination. The connection is available when you choose to use it; it works best through deliberate practice. In practice, this can show up through emotional needs, drive and anger, and the choices you make when mood-driven reaction or reactivity starts running the room.","The gift is emotional intelligence, courage, and a more conscious way to work with emotional needs and drive and anger.","The shadow is mood-driven reaction, reactivity, and repeating the same pattern without noticing what it is trying to teach.",Let emotional needs and drive and anger cooperate without making either one carry the whole story. Drive powered by feeling; the work is managing reactivity.,Name how emotional needs and drive and anger are both involved | Use the easy opening deliberately | Turn emotional intelligence and courage into one concrete choice,Let mood-driven reaction make the decision | Take the talent for granted | Ignore the needs of emotional needs or drive and anger,emotions | home | work,emotional-needs | career-patterns | personal-growth,moon | mars | sextile | emotional-intelligence | courage,3,moon,sextile,mars,true,data/insights/natal-aspects/moon-sextile-mars.json
moon-sextile-mercury,DRAFT,,,Sensitive With Perceptive,Emotional needs support thinking and speech. This cooperative pattern asks you to use emotional intelligence and clear thinking with awareness.,"Emotional needs support thinking and speech. This cooperative pattern asks you to use emotional intelligence and clear thinking with awareness. Thought and communication flow; expression is instinctive and fluent. The connection is available when you choose to use it; it works best through deliberate practice. In practice, this can show up through emotional needs, thinking and speech, and the choices you make when mood-driven reaction or mental noise starts running the room.","The gift is emotional intelligence, clear thinking, and a more conscious way to work with emotional needs and thinking and speech.","The shadow is mood-driven reaction, mental noise, and repeating the same pattern without noticing what it is trying to teach.",Let emotional needs and thinking and speech cooperate without making either one carry the whole story. Communication colored by mood; powerful when feeling and reasoning are integrated.,Name how emotional needs and thinking and speech are both involved | Use the easy opening deliberately | Turn emotional intelligence and clear thinking into one concrete choice,Let mood-driven reaction make the decision | Take the talent for granted | Ignore the needs of emotional needs or thinking and speech,emotions | home | communication,emotional-needs | career-patterns | personal-growth,moon | mercury | sextile | emotional-intelligence | clear-thinking,3,moon,sextile,mercury,true,data/insights/natal-aspects/moon-sextile-mercury.json
moon-sextile-neptune,DRAFT,,,Sensitive With Inspired,Emotional needs support imagination and longing. This cooperative pattern asks you to use emotional intelligence and compassion with awareness.,"Emotional needs support imagination and longing. This cooperative pattern asks you to use emotional intelligence and compassion with awareness. Imaginative and receptive; help seems to arrive from others. The connection is available when you choose to use it; it works best through deliberate practice. In practice, this can show up through emotional needs, imagination and longing, and the choices you make when mood-driven reaction or confusion starts running the room.","The gift is emotional intelligence, compassion, and a more conscious way to work with emotional needs and imagination and longing.","The shadow is mood-driven reaction, confusion, and repeating the same pattern without noticing what it is trying to teach.",Let emotional needs and imagination and longing cooperate without making either one carry the whole story. Strong for imaginative work; protect boundaries and energy.,Name how emotional needs and imagination and longing are both involved | Use the easy opening deliberately | Turn emotional intelligence and compassion into one concrete choice,Let mood-driven reaction make the decision | Take the talent for granted | Ignore the needs of emotional needs or imagination and longing,emotions | home | spirituality,emotional-needs | personal-growth,moon | neptune | sextile | emotional-intelligence | compassion,3,moon,sextile,neptune,true,data/insights/natal-aspects/moon-sextile-neptune.json
moon-sextile-pluto,DRAFT,,,Sensitive With Intense,Emotional needs support power and transformation. This cooperative pattern asks you to use emotional intelligence and depth with awareness.,"Emotional needs support power and transformation. This cooperative pattern asks you to use emotional intelligence and depth with awareness. Emotional depth and resilience that can be drawn on deliberately. The connection is available when you choose to use it; it works best through deliberate practice. In practice, this can show up through emotional needs, power and transformation, and the choices you make when mood-driven reaction or control starts running the room.","The gift is emotional intelligence, depth, and a more conscious way to work with emotional needs and power and transformation.","The shadow is mood-driven reaction, control, and repeating the same pattern without noticing what it is trying to teach.","Let emotional needs and power and transformation cooperate without making either one carry the whole story. Emotional intensity: depth is an asset, volatility a liability.",Name how emotional needs and power and transformation are both involved | Use the easy opening deliberately | Turn emotional intelligence and depth into one concrete choice,Let mood-driven reaction make the decision | Take the talent for granted | Ignore the needs of emotional needs or power and transformation,emotions | home | power,emotional-needs | shadow-work | personal-growth,moon | pluto | sextile | emotional-intelligence | depth,3,moon,sextile,pluto,true,data/insights/natal-aspects/moon-sextile-pluto.json
moon-sextile-saturn,DRAFT,,,Sensitive With Steady,Emotional needs support discipline and limits. This cooperative pattern asks you to use emotional intelligence and maturity with awareness.,"Emotional needs support discipline and limits. This cooperative pattern asks you to use emotional intelligence and maturity with awareness. Emotional steadiness and staying power. The connection is available when you choose to use it; it works best through deliberate practice. In practice, this can show up through emotional needs, discipline and limits, and the choices you make when mood-driven reaction or fear starts running the room.","The gift is emotional intelligence, maturity, and a more conscious way to work with emotional needs and discipline and limits.","The shadow is mood-driven reaction, fear, and repeating the same pattern without noticing what it is trying to teach.",Let emotional needs and discipline and limits cooperate without making either one carry the whole story. Dependable under pressure; the risk is grinding joylessly.,Name how emotional needs and discipline and limits are both involved | Use the easy opening deliberately | Turn emotional intelligence and maturity into one concrete choice,Let mood-driven reaction make the decision | Take the talent for granted | Ignore the needs of emotional needs or discipline and limits,emotions | home | work,emotional-needs | career-patterns | personal-growth,moon | saturn | sextile | emotional-intelligence | maturity,3,moon,sextile,saturn,true,data/insights/natal-aspects/moon-sextile-saturn.json
moon-sextile-uranus,DRAFT,,,Sensitive With Original,Emotional needs support freedom and disruption. This cooperative pattern asks you to use emotional intelligence and originality with awareness.,"Emotional needs support freedom and disruption. This cooperative pattern asks you to use emotional intelligence and originality with awareness. Emotional independence and a quick, inventive instinct; at ease with change. The connection is available when you choose to use it; it works best through deliberate practice. In practice, this can show up through emotional needs, freedom and disruption, and the choices you make when mood-driven reaction or instability starts running the room.","The gift is emotional intelligence, originality, and a more conscious way to work with emotional needs and freedom and disruption.","The shadow is mood-driven reaction, instability, and repeating the same pattern without noticing what it is trying to teach.","Let emotional needs and freedom and disruption cooperate without making either one carry the whole story. Good for inventive moves and breaking stale routines; poor for steady, predictable handling.",Name how emotional needs and freedom and disruption are both involved | Use the easy opening deliberately | Turn emotional intelligence and originality into one concrete choice,Let mood-driven reaction make the decision | Take the talent for granted | Ignore the needs of emotional needs or freedom and disruption,emotions | home | friends,emotional-needs | personal-growth,moon | uranus | sextile | emotional-intelligence | originality,3,moon,sextile,uranus,true,data/insights/natal-aspects/moon-sextile-uranus.json
moon-sextile-venus,DRAFT,,,Sensitive With Magnetic,Emotional needs support love and values. This cooperative pattern asks you to use emotional intelligence and relational grace with awareness.,"Emotional needs support love and values. This cooperative pattern asks you to use emotional intelligence and relational grace with awareness. Naturally charming and emotionally generous. The connection is available when you choose to use it; it works best through deliberate practice. In practice, this can show up through emotional needs, love and values, and the choices you make when mood-driven reaction or approval seeking starts running the room.","The gift is emotional intelligence, relational grace, and a more conscious way to work with emotional needs and love and values.","The shadow is mood-driven reaction, approval seeking, and repeating the same pattern without noticing what it is trying to teach.",Let emotional needs and love and values cooperate without making either one carry the whole story. Likable and warm; watch indulgence and shaky money instincts.,Name how emotional needs and love and values are both involved | Use the easy opening deliberately | Turn emotional intelligence and relational grace into one concrete choice,Let mood-driven reaction make the decision | Take the talent for granted | Ignore the needs of emotional needs or love and values,emotions | home | love,emotional-needs | love-patterns | personal-growth,moon | venus | sextile | emotional-intelligence | relational-grace,3,moon,sextile,venus,true,data/insights/natal-aspects/moon-sextile-venus.json
moon-square-jupiter,DRAFT,,,Sensitive Or Expansive,Emotional needs press against growth and belief. This frictional pattern asks you to use emotional intelligence and optimism with awareness.,"Emotional needs press against growth and belief. This frictional pattern asks you to use emotional intelligence and optimism with awareness. Emotional and physical excess; overindulgence and overcommitment. The friction makes the pattern noticeable, especially when pressure forces an adjustment. In practice, this can show up through emotional needs, growth and belief, and the choices you make when mood-driven reaction or overreach starts running the room.","The gift is emotional intelligence, optimism, and a more conscious way to work with emotional needs and growth and belief.","The shadow is mood-driven reaction, overreach, and repeating the same pattern without noticing what it is trying to teach.",Let emotional needs and growth and belief cooperate without making either one carry the whole story. Warmth and generosity that draw people in; watch the tendency to overextend.,Name how emotional needs and growth and belief are both involved | Pause before choosing the most familiar reaction | Turn emotional intelligence and optimism into one concrete choice,Let mood-driven reaction make the decision | Treat tension as proof that something is wrong | Ignore the needs of emotional needs or growth and belief,emotions | home | growth,emotional-needs | personal-growth | shadow-work,moon | jupiter | square | emotional-intelligence | optimism,4,moon,square,jupiter,true,data/insights/natal-aspects/moon-square-jupiter.json
moon-square-mars,DRAFT,,,Reactive Or Brave,"Feeling and action can collide quickly. When something touches a need, your body may be ready to defend it.","Moon square Mars describes emotional heat, protective instincts, and a fast path between feeling and reaction. You may be brave on behalf of people you love, but also quick to irritation when tired, hungry, hurt, or crowded. Anger can cover vulnerability, especially when needs feel exposed. The gift is fierce care and emotional courage. The growth is learning to pause long enough to know what the feeling is asking for before action takes over.","Protectiveness, courage, direct emotional energy, and the ability to act when care requires defense.","Reactivity, impatience, defensive anger, and fighting when what you need is comfort or space.","Treat anger as a messenger, not the whole message. Your needs deserve action, but they also deserve accuracy.","Check hunger, exhaustion, and overstimulation | Name the hurt before launching the defense | Use movement to discharge heat",Make the first reaction the final truth | Punish people for not reading your needs | Confuse urgency with emotional honesty,emotions | family | health,emotional-needs | shadow-work | personal-growth,anger | needs | protection | reactivity | courage,4,moon,square,mars,true,data/insights/natal-aspects/moon-square-mars.json
moon-square-mercury,DRAFT,,,Sensitive Or Perceptive,Emotional needs press against thinking and speech. This frictional pattern asks you to use emotional intelligence and clear thinking with awareness.,"Emotional needs press against thinking and speech. This frictional pattern asks you to use emotional intelligence and clear thinking with awareness. Gut instinct argues with logic. Either feelings go unspoken or they get said unfiltered, without being thought through. The friction makes the pattern noticeable, especially when pressure forces an adjustment. In practice, this can show up through emotional needs, thinking and speech, and the choices you make when mood-driven reaction or mental noise starts running the room.","The gift is emotional intelligence, clear thinking, and a more conscious way to work with emotional needs and thinking and speech.","The shadow is mood-driven reaction, mental noise, and repeating the same pattern without noticing what it is trying to teach.",Let emotional needs and thinking and speech cooperate without making either one carry the whole story. Communication colored by mood; powerful when feeling and reasoning are integrated.,Name how emotional needs and thinking and speech are both involved | Pause before choosing the most familiar reaction | Turn emotional intelligence and clear thinking into one concrete choice,Let mood-driven reaction make the decision | Treat tension as proof that something is wrong | Ignore the needs of emotional needs or thinking and speech,emotions | home | communication,emotional-needs | career-patterns | shadow-work,moon | mercury | square | emotional-intelligence | clear-thinking,4,moon,square,mercury,true,data/insights/natal-aspects/moon-square-mercury.json
moon-square-neptune,DRAFT,,,Sensitive Or Saturated,"Your emotional field is porous. You may absorb moods, images, and expectations before you know what belongs to you.","Moon square Neptune describes deep sensitivity, imagination, and emotional permeability. You may feel what is unspoken and respond to atmospheres faster than facts. This can make you compassionate and creatively receptive, but it can also blur boundaries, idealize people, or pull you toward escape when feelings become too much. The gift is emotional intuition. The growth is learning to protect your softness with clear reality checks and simple routines.","Compassion, imagination, subtle perception, and the ability to meet emotion with tenderness.","Confusion, projection, porous boundaries, avoidance, and mistaking fantasy for emotional safety.","Keep the sensitivity, but give it containers. Sleep, food, solitude, honest naming, and grounded people help your intuition stay clean.",Check facts before acting on a mood | Create quiet recovery time | Name what is yours and what you may be absorbing,Make excuses for people who keep blurring your boundaries | Use fantasy to avoid a direct need | Treat compassion as a reason to ignore your own limits,emotions | spirituality | creativity,emotional-needs | shadow-work | personal-growth,sensitivity | intuition | boundaries | imagination | escape,4,moon,square,neptune,true,data/insights/natal-aspects/moon-square-neptune.json
moon-square-pluto,DRAFT,,,Sensitive Or Intense,Emotional needs press against power and transformation. This frictional pattern asks you to use emotional intelligence and depth with awareness.,"Emotional needs press against power and transformation. This frictional pattern asks you to use emotional intelligence and depth with awareness. Emotional power struggles, jealousy, and compulsion. The friction makes the pattern noticeable, especially when pressure forces an adjustment. In practice, this can show up through emotional needs, power and transformation, and the choices you make when mood-driven reaction or control starts running the room.","The gift is emotional intelligence, depth, and a more conscious way to work with emotional needs and power and transformation.","The shadow is mood-driven reaction, control, and repeating the same pattern without noticing what it is trying to teach.","Let emotional needs and power and transformation cooperate without making either one carry the whole story. Emotional intensity: depth is an asset, volatility a liability.",Name how emotional needs and power and transformation are both involved | Pause before choosing the most familiar reaction | Turn emotional intelligence and depth into one concrete choice,Let mood-driven reaction make the decision | Treat tension as proof that something is wrong | Ignore the needs of emotional needs or power and transformation,emotions | home | power,emotional-needs | shadow-work,moon | pluto | square | emotional-intelligence | depth,5,moon,square,pluto,true,data/insights/natal-aspects/moon-square-pluto.json
moon-square-saturn,DRAFT,,,Self-Sufficient Or Underfed,"You may have learned early to manage your feelings privately. Strength is real here, but so is the need for care.","Moon square Saturn describes emotional restraint, endurance, and a habit of becoming responsible before you feel ready. You may carry the sense that needs are inconvenient, that comfort has to be earned, or that asking for support will expose too much. This can create steadiness and maturity, but it can also make tenderness feel unfamiliar. The growth is not to abandon discipline; it is to build an inner life where your needs are allowed to exist before they become emergencies.","Emotional discipline, loyalty, patience, and the ability to stay present when life asks for maturity.","Isolation, emotional scarcity, fear of needing too much, and mistaking self-denial for strength.","Let care become part of your structure. Consistency matters, but it should include rest, softness, and people who do not require you to perform being fine.",Ask for one specific kind of support | Build routines that include comfort | Notice when responsibility is covering sadness,Treat every need as a weakness | Withdraw until no one can reach you | Make endurance your whole identity,emotions | home | family,emotional-needs | shadow-work | core-traits,needs | boundaries | responsibility | care | loneliness,4,moon,square,saturn,true,data/insights/natal-aspects/moon-square-saturn.json
moon-square-uranus,DRAFT,,,Sensitive Or Original,Emotional needs press against freedom and disruption. This frictional pattern asks you to use emotional intelligence and originality with awareness.,"Emotional needs press against freedom and disruption. This frictional pattern asks you to use emotional intelligence and originality with awareness. Emotional volatility, sudden moods, and a recoil from anything that feels confining. The friction makes the pattern noticeable, especially when pressure forces an adjustment. In practice, this can show up through emotional needs, freedom and disruption, and the choices you make when mood-driven reaction or instability starts running the room.","The gift is emotional intelligence, originality, and a more conscious way to work with emotional needs and freedom and disruption.","The shadow is mood-driven reaction, instability, and repeating the same pattern without noticing what it is trying to teach.","Let emotional needs and freedom and disruption cooperate without making either one carry the whole story. Good for inventive moves and breaking stale routines; poor for steady, predictable handling.",Name how emotional needs and freedom and disruption are both involved | Pause before choosing the most familiar reaction | Turn emotional intelligence and originality into one concrete choice,Let mood-driven reaction make the decision | Treat tension as proof that something is wrong | Ignore the needs of emotional needs or freedom and disruption,emotions | home | friends,emotional-needs | personal-growth | shadow-work,moon | uranus | square | emotional-intelligence | originality,4,moon,square,uranus,true,data/insights/natal-aspects/moon-square-uranus.json
moon-square-venus,DRAFT,,,Sensitive Or Magnetic,Emotional needs press against love and values. This frictional pattern asks you to use emotional intelligence and relational grace with awareness.,"Emotional needs press against love and values. This frictional pattern asks you to use emotional intelligence and relational grace with awareness. Feelings expressed erratically, a tendency to overspend or overindulge, and feeling unliked without cause. The friction makes the pattern noticeable, especially when pressure forces an adjustment. In practice, this can show up through emotional needs, love and values, and the choices you make when mood-driven reaction or approval seeking starts running the room.","The gift is emotional intelligence, relational grace, and a more conscious way to work with emotional needs and love and values.","The shadow is mood-driven reaction, approval seeking, and repeating the same pattern without noticing what it is trying to teach.",Let emotional needs and love and values cooperate without making either one carry the whole story. Likable and warm; watch indulgence and shaky money instincts.,Name how emotional needs and love and values are both involved | Pause before choosing the most familiar reaction | Turn emotional intelligence and relational grace into one concrete choice,Let mood-driven reaction make the decision | Treat tension as proof that something is wrong | Ignore the needs of emotional needs or love and values,emotions | home | love,emotional-needs | love-patterns | shadow-work,moon | venus | square | emotional-intelligence | relational-grace,4,moon,square,venus,true,data/insights/natal-aspects/moon-square-venus.json
moon-trine-jupiter,DRAFT,,,Generous Or Overextended,"Your emotional nature may seek warmth, humor, and room to breathe. You can comfort others by making life feel larger.","Moon trine Jupiter describes emotional generosity and a natural instinct for hope. You may recover through perspective, story, laughter, faith, or people who remind you that life is bigger than the current mood. This aspect can make care abundant and welcoming, but it can also lean toward excess, avoidance, or promising more support than you can sustainably give. The gift is a heart that can widen. The growth is letting generosity include proportion.","Warmth, optimism, hospitality, emotional perspective, and the ability to help people feel supported.","Overgiving, emotional excess, avoidance through positivity, and assuming everything will stretch to fit.",Let hope stay connected to capacity. Real care knows when to offer more and when to stay honest about limits.,"Share warmth without taking over | Use humor to soften, not bypass | Let support have boundaries",Promise care you cannot maintain | Use positivity to skip grief | Assume bigger is always kinder,emotions | family | growth,emotional-needs | core-traits | personal-growth,generosity | hope | care | abundance | belonging,3,moon,trine,jupiter,true,data/insights/natal-aspects/moon-trine-jupiter.json
moon-trine-mars,DRAFT,,,Sensitive Through Driven,Emotional needs flow with drive and anger. This fluid pattern asks you to use emotional intelligence and courage with awareness.,"Emotional needs flow with drive and anger. This fluid pattern asks you to use emotional intelligence and courage with awareness. Emotional energy fuels getting things done; lively, active imagination. The pattern can flow easily, which is useful when it is conscious and easy to take for granted when it is not. In practice, this can show up through emotional needs, drive and anger, and the choices you make when mood-driven reaction or reactivity starts running the room.","The gift is emotional intelligence, courage, and a more conscious way to work with emotional needs and drive and anger.","The shadow is mood-driven reaction, reactivity, and repeating the same pattern without noticing what it is trying to teach.",Let emotional needs and drive and anger cooperate without making either one carry the whole story. Drive powered by feeling; the work is managing reactivity.,Name how emotional needs and drive and anger are both involved | Use the easy opening deliberately | Turn emotional intelligence and courage into one concrete choice,Let mood-driven reaction make the decision | Take the talent for granted | Ignore the needs of emotional needs or drive and anger,emotions | home | work,emotional-needs | career-patterns | personal-growth,moon | mars | trine | emotional-intelligence | courage,3,moon,trine,mars,true,data/insights/natal-aspects/moon-trine-mars.json
moon-trine-mercury,DRAFT,,,Sensitive Through Perceptive,Emotional needs flow with thinking and speech. This fluid pattern asks you to use emotional intelligence and clear thinking with awareness.,"Emotional needs flow with thinking and speech. This fluid pattern asks you to use emotional intelligence and clear thinking with awareness. Thought and communication flow; expression is instinctive and fluent. The pattern can flow easily, which is useful when it is conscious and easy to take for granted when it is not. In practice, this can show up through emotional needs, thinking and speech, and the choices you make when mood-driven reaction or mental noise starts running the room.","The gift is emotional intelligence, clear thinking, and a more conscious way to work with emotional needs and thinking and speech.","The shadow is mood-driven reaction, mental noise, and repeating the same pattern without noticing what it is trying to teach.",Let emotional needs and thinking and speech cooperate without making either one carry the whole story. Communication colored by mood; powerful when feeling and reasoning are integrated.,Name how emotional needs and thinking and speech are both involved | Use the easy opening deliberately | Turn emotional intelligence and clear thinking into one concrete choice,Let mood-driven reaction make the decision | Take the talent for granted | Ignore the needs of emotional needs or thinking and speech,emotions | home | communication,emotional-needs | career-patterns | personal-growth,moon | mercury | trine | emotional-intelligence | clear-thinking,3,moon,trine,mercury,true,data/insights/natal-aspects/moon-trine-mercury.json
moon-trine-neptune,DRAFT,,,Sensitive Through Inspired,Emotional needs flow with imagination and longing. This fluid pattern asks you to use emotional intelligence and compassion with awareness.,"Emotional needs flow with imagination and longing. This fluid pattern asks you to use emotional intelligence and compassion with awareness. Imaginative and receptive; help seems to arrive from others. The pattern can flow easily, which is useful when it is conscious and easy to take for granted when it is not. In practice, this can show up through emotional needs, imagination and longing, and the choices you make when mood-driven reaction or confusion starts running the room.","The gift is emotional intelligence, compassion, and a more conscious way to work with emotional needs and imagination and longing.","The shadow is mood-driven reaction, confusion, and repeating the same pattern without noticing what it is trying to teach.",Let emotional needs and imagination and longing cooperate without making either one carry the whole story. Strong for imaginative work; protect boundaries and energy.,Name how emotional needs and imagination and longing are both involved | Use the easy opening deliberately | Turn emotional intelligence and compassion into one concrete choice,Let mood-driven reaction make the decision | Take the talent for granted | Ignore the needs of emotional needs or imagination and longing,emotions | home | spirituality,emotional-needs | personal-growth,moon | neptune | trine | emotional-intelligence | compassion,3,moon,trine,neptune,true,data/insights/natal-aspects/moon-trine-neptune.json
moon-trine-pluto,DRAFT,,,Sensitive Through Intense,Emotional needs flow with power and transformation. This fluid pattern asks you to use emotional intelligence and depth with awareness.,"Emotional needs flow with power and transformation. This fluid pattern asks you to use emotional intelligence and depth with awareness. Emotional depth and resilience that can be drawn on deliberately. The pattern can flow easily, which is useful when it is conscious and easy to take for granted when it is not. In practice, this can show up through emotional needs, power and transformation, and the choices you make when mood-driven reaction or control starts running the room.","The gift is emotional intelligence, depth, and a more conscious way to work with emotional needs and power and transformation.","The shadow is mood-driven reaction, control, and repeating the same pattern without noticing what it is trying to teach.","Let emotional needs and power and transformation cooperate without making either one carry the whole story. Emotional intensity: depth is an asset, volatility a liability.",Name how emotional needs and power and transformation are both involved | Use the easy opening deliberately | Turn emotional intelligence and depth into one concrete choice,Let mood-driven reaction make the decision | Take the talent for granted | Ignore the needs of emotional needs or power and transformation,emotions | home | power,emotional-needs | shadow-work | personal-growth,moon | pluto | trine | emotional-intelligence | depth,3,moon,trine,pluto,true,data/insights/natal-aspects/moon-trine-pluto.json
moon-trine-saturn,DRAFT,,,Sensitive Through Steady,Emotional needs flow with discipline and limits. This fluid pattern asks you to use emotional intelligence and maturity with awareness.,"Emotional needs flow with discipline and limits. This fluid pattern asks you to use emotional intelligence and maturity with awareness. Emotional steadiness and staying power. The pattern can flow easily, which is useful when it is conscious and easy to take for granted when it is not. In practice, this can show up through emotional needs, discipline and limits, and the choices you make when mood-driven reaction or fear starts running the room.","The gift is emotional intelligence, maturity, and a more conscious way to work with emotional needs and discipline and limits.","The shadow is mood-driven reaction, fear, and repeating the same pattern without noticing what it is trying to teach.",Let emotional needs and discipline and limits cooperate without making either one carry the whole story. Dependable under pressure; the risk is grinding joylessly.,Name how emotional needs and discipline and limits are both involved | Use the easy opening deliberately | Turn emotional intelligence and maturity into one concrete choice,Let mood-driven reaction make the decision | Take the talent for granted | Ignore the needs of emotional needs or discipline and limits,emotions | home | work,emotional-needs | career-patterns | personal-growth,moon | saturn | trine | emotional-intelligence | maturity,3,moon,trine,saturn,true,data/insights/natal-aspects/moon-trine-saturn.json
moon-trine-uranus,DRAFT,,,Sensitive Through Original,Emotional needs flow with freedom and disruption. This fluid pattern asks you to use emotional intelligence and originality with awareness.,"Emotional needs flow with freedom and disruption. This fluid pattern asks you to use emotional intelligence and originality with awareness. Emotional independence and a quick, inventive instinct; at ease with change. The pattern can flow easily, which is useful when it is conscious and easy to take for granted when it is not. In practice, this can show up through emotional needs, freedom and disruption, and the choices you make when mood-driven reaction or instability starts running the room.","The gift is emotional intelligence, originality, and a more conscious way to work with emotional needs and freedom and disruption.","The shadow is mood-driven reaction, instability, and repeating the same pattern without noticing what it is trying to teach.","Let emotional needs and freedom and disruption cooperate without making either one carry the whole story. Good for inventive moves and breaking stale routines; poor for steady, predictable handling.",Name how emotional needs and freedom and disruption are both involved | Use the easy opening deliberately | Turn emotional intelligence and originality into one concrete choice,Let mood-driven reaction make the decision | Take the talent for granted | Ignore the needs of emotional needs or freedom and disruption,emotions | home | friends,emotional-needs | personal-growth,moon | uranus | trine | emotional-intelligence | originality,3,moon,trine,uranus,true,data/insights/natal-aspects/moon-trine-uranus.json
moon-trine-venus,DRAFT,,,Sensitive Through Magnetic,Emotional needs flow with love and values. This fluid pattern asks you to use emotional intelligence and relational grace with awareness.,"Emotional needs flow with love and values. This fluid pattern asks you to use emotional intelligence and relational grace with awareness. Naturally charming and emotionally generous. The pattern can flow easily, which is useful when it is conscious and easy to take for granted when it is not. In practice, this can show up through emotional needs, love and values, and the choices you make when mood-driven reaction or approval seeking starts running the room.","The gift is emotional intelligence, relational grace, and a more conscious way to work with emotional needs and love and values.","The shadow is mood-driven reaction, approval seeking, and repeating the same pattern without noticing what it is trying to teach.",Let emotional needs and love and values cooperate without making either one carry the whole story. Likable and warm; watch indulgence and shaky money instincts.,Name how emotional needs and love and values are both involved | Use the easy opening deliberately | Turn emotional intelligence and relational grace into one concrete choice,Let mood-driven reaction make the decision | Take the talent for granted | Ignore the needs of emotional needs or love and values,emotions | home | love,emotional-needs | love-patterns | personal-growth,moon | venus | trine | emotional-intelligence | relational-grace,3,moon,trine,venus,true,data/insights/natal-aspects/moon-trine-venus.json
neptune-conjunction-pluto,DRAFT,,,Inspired And Intense,Imagination and longing merge power and transformation. This concentrated pattern asks you to use compassion and depth with awareness.,"Imagination and longing merge power and transformation. This concentrated pattern asks you to use compassion and depth with awareness. Imagination meets power. A deep generational signature: intensified collective imagination and transformation. These drives sit close together, so the pattern may feel natural, immediate, and hard to separate. In practice, this can show up through imagination and longing, power and transformation, and the choices you make when confusion or control starts running the room.","The gift is compassion, depth, and a more conscious way to work with imagination and longing and power and transformation.","The shadow is confusion, control, and repeating the same pattern without noticing what it is trying to teach.",Let imagination and longing and power and transformation cooperate without making either one carry the whole story. Generational and collective; minimal personal day-to-day meaning.,Name how imagination and longing and power and transformation are both involved | Use the easy opening deliberately | Turn compassion and depth into one concrete choice,Let confusion make the decision | Assume what feels natural is automatically balanced | Ignore the needs of imagination and longing or power and transformation,spirituality | creativity | power,personal-growth | shadow-work,neptune | pluto | conjunction | compassion | depth,5,neptune,conjunction,pluto,true,data/insights/natal-aspects/neptune-conjunction-pluto.json
neptune-opposition-pluto,DRAFT,,,Inspired Across Intense,Imagination and longing mirror power and transformation. This polarized pattern asks you to use compassion and depth with awareness.,"Imagination and longing mirror power and transformation. This polarized pattern asks you to use compassion and depth with awareness. Collective illusion fused with destructive power. The two sides may appear through contrast, projection, or relationships until you learn to hold both directly. In practice, this can show up through imagination and longing, power and transformation, and the choices you make when confusion or control starts running the room.","The gift is compassion, depth, and a more conscious way to work with imagination and longing and power and transformation.","The shadow is confusion, control, and repeating the same pattern without noticing what it is trying to teach.",Let imagination and longing and power and transformation cooperate without making either one carry the whole story. Generational and collective; minimal personal day-to-day meaning.,Name how imagination and longing and power and transformation are both involved | Pause before choosing the most familiar reaction | Turn compassion and depth into one concrete choice,Let confusion make the decision | Treat tension as proof that something is wrong | Ignore the needs of imagination and longing or power and transformation,spirituality | creativity | power,personal-growth | shadow-work,neptune | pluto | opposition | compassion | depth,5,neptune,opposition,pluto,true,data/insights/natal-aspects/neptune-opposition-pluto.json
neptune-sextile-pluto,DRAFT,,,Subtle Or Transformative,This generational pattern links spiritual imagination with deep transformation. Its personal meaning depends on how strongly it touches the chart.,"Neptune sextile Pluto describes a long collective current: ideals, myths, spirituality, and imagination interacting with power, psychology, endings, and renewal. Personally, it can show sensitivity to deep cultural change, interest in healing systems, or a quiet instinct for what is dissolving and what is ready to be transformed. The gift is subtle depth. The growth is making sure compassion and power remain accountable to real life.","Spiritual depth, psychological imagination, collective sensitivity, and the ability to sense long transformations.","Vague intensity, passive surrender to collective moods, and confusing dissolution with healing.","Treat this as background weather unless it is angular or tightly tied to personal planets. When it is personal, ground the depth through service, art, study, or repair.",Ground spiritual insight in practical care | Study the systems you want to transform | Notice collective moods without becoming them,Make vagueness sound deep | Use spirituality to avoid power questions | Assume every ending is automatically healing,spirituality | power | growth,personal-growth | shadow-work | core-traits,generation | transformation | spirituality | healing | depth,2,neptune,sextile,pluto,true,data/insights/natal-aspects/neptune-sextile-pluto.json
neptune-square-pluto,DRAFT,,,Inspired Or Intense,Imagination and longing press against power and transformation. This frictional pattern asks you to use compassion and depth with awareness.,"Imagination and longing press against power and transformation. This frictional pattern asks you to use compassion and depth with awareness. Collective illusion fused with destructive power. The friction makes the pattern noticeable, especially when pressure forces an adjustment. In practice, this can show up through imagination and longing, power and transformation, and the choices you make when confusion or control starts running the room.","The gift is compassion, depth, and a more conscious way to work with imagination and longing and power and transformation.","The shadow is confusion, control, and repeating the same pattern without noticing what it is trying to teach.",Let imagination and longing and power and transformation cooperate without making either one carry the whole story. Generational and collective; minimal personal day-to-day meaning.,Name how imagination and longing and power and transformation are both involved | Pause before choosing the most familiar reaction | Turn compassion and depth into one concrete choice,Let confusion make the decision | Treat tension as proof that something is wrong | Ignore the needs of imagination and longing or power and transformation,spirituality | creativity | power,personal-growth | shadow-work,neptune | pluto | square | compassion | depth,5,neptune,square,pluto,true,data/insights/natal-aspects/neptune-square-pluto.json
neptune-trine-pluto,DRAFT,,,Inspired Through Intense,Imagination and longing flow with power and transformation. This fluid pattern asks you to use compassion and depth with awareness.,"Imagination and longing flow with power and transformation. This fluid pattern asks you to use compassion and depth with awareness. Heightened collective vision. The pattern can flow easily, which is useful when it is conscious and easy to take for granted when it is not. In practice, this can show up through imagination and longing, power and transformation, and the choices you make when confusion or control starts running the room.","The gift is compassion, depth, and a more conscious way to work with imagination and longing and power and transformation.","The shadow is confusion, control, and repeating the same pattern without noticing what it is trying to teach.",Let imagination and longing and power and transformation cooperate without making either one carry the whole story. Generational and collective; minimal personal day-to-day meaning.,Name how imagination and longing and power and transformation are both involved | Use the easy opening deliberately | Turn compassion and depth into one concrete choice,Let confusion make the decision | Take the talent for granted | Ignore the needs of imagination and longing or power and transformation,spirituality | creativity | power,personal-growth | shadow-work,neptune | pluto | trine | compassion | depth,3,neptune,trine,pluto,true,data/insights/natal-aspects/neptune-trine-pluto.json
saturn-conjunction-neptune,DRAFT,,,Steady And Inspired,Discipline and limits merge imagination and longing. This concentrated pattern asks you to use maturity and compassion with awareness.,"Discipline and limits merge imagination and longing. This concentrated pattern asks you to use maturity and compassion with awareness. Structure meets dream. Grounding imagination into reality, or pessimism colliding with illusion. These drives sit close together, so the pattern may feel natural, immediate, and hard to separate. In practice, this can show up through discipline and limits, imagination and longing, and the choices you make when fear or confusion starts running the room.","The gift is maturity, compassion, and a more conscious way to work with discipline and limits and imagination and longing.","The shadow is fear, confusion, and repeating the same pattern without noticing what it is trying to teach.",Let discipline and limits and imagination and longing cooperate without making either one carry the whole story. Disciplined vision realized over time; the task is managing fear.,Name how discipline and limits and imagination and longing are both involved | Use the easy opening deliberately | Turn maturity and compassion into one concrete choice,Let fear make the decision | Assume what feels natural is automatically balanced | Ignore the needs of discipline and limits or imagination and longing,work | spirituality | creativity,career-patterns | personal-growth,saturn | neptune | conjunction | maturity | compassion,4,saturn,conjunction,neptune,true,data/insights/natal-aspects/saturn-conjunction-neptune.json
saturn-conjunction-pluto,DRAFT,,,Steady And Intense,Discipline and limits merge power and transformation. This concentrated pattern asks you to use maturity and depth with awareness.,"Discipline and limits merge power and transformation. This concentrated pattern asks you to use maturity and depth with awareness. Limit meets power. Hard discipline, endurance under heavy pressure, real consequences, and control. These drives sit close together, so the pattern may feel natural, immediate, and hard to separate. In practice, this can show up through discipline and limits, power and transformation, and the choices you make when fear or control starts running the room.","The gift is maturity, depth, and a more conscious way to work with discipline and limits and power and transformation.","The shadow is fear, control, and repeating the same pattern without noticing what it is trying to teach.","Let discipline and limits and power and transformation cooperate without making either one carry the whole story. Able to carry punishing, transformative work; the risk is harshness.",Name how discipline and limits and power and transformation are both involved | Use the easy opening deliberately | Turn maturity and depth into one concrete choice,Let fear make the decision | Assume what feels natural is automatically balanced | Ignore the needs of discipline and limits or power and transformation,work | power | growth,career-patterns | shadow-work | personal-growth,saturn | pluto | conjunction | maturity | depth,5,saturn,conjunction,pluto,true,data/insights/natal-aspects/saturn-conjunction-pluto.json
saturn-conjunction-uranus,DRAFT,,,Steady And Original,Discipline and limits merge freedom and disruption. This concentrated pattern asks you to use maturity and originality with awareness.,"Discipline and limits merge freedom and disruption. This concentrated pattern asks you to use maturity and originality with awareness. Order meets disruption. The clash of the established and the radical, the structured and the new. These drives sit close together, so the pattern may feel natural, immediate, and hard to separate. In practice, this can show up through discipline and limits, freedom and disruption, and the choices you make when fear or instability starts running the room.","The gift is maturity, originality, and a more conscious way to work with discipline and limits and freedom and disruption.","The shadow is fear, instability, and repeating the same pattern without noticing what it is trying to teach.",Let discipline and limits and freedom and disruption cooperate without making either one carry the whole story. Innovation inside structure works; an either-or stance stalls.,Name how discipline and limits and freedom and disruption are both involved | Use the easy opening deliberately | Turn maturity and originality into one concrete choice,Let fear make the decision | Assume what feels natural is automatically balanced | Ignore the needs of discipline and limits or freedom and disruption,work | friends | growth,career-patterns | personal-growth,saturn | uranus | conjunction | maturity | originality,4,saturn,conjunction,uranus,true,data/insights/natal-aspects/saturn-conjunction-uranus.json
saturn-opposition-neptune,DRAFT,,,Steady Across Inspired,Discipline and limits mirror imagination and longing. This polarized pattern asks you to use maturity and compassion with awareness.,"Discipline and limits mirror imagination and longing. This polarized pattern asks you to use maturity and compassion with awareness. Expecting the worst, anxiety, and worry that mostly never materializes. The two sides may appear through contrast, projection, or relationships until you learn to hold both directly. In practice, this can show up through discipline and limits, imagination and longing, and the choices you make when fear or confusion starts running the room.","The gift is maturity, compassion, and a more conscious way to work with discipline and limits and imagination and longing.","The shadow is fear, confusion, and repeating the same pattern without noticing what it is trying to teach.",Let discipline and limits and imagination and longing cooperate without making either one carry the whole story. Disciplined vision realized over time; the task is managing fear.,Name how discipline and limits and imagination and longing are both involved | Pause before choosing the most familiar reaction | Turn maturity and compassion into one concrete choice,Let fear make the decision | Treat tension as proof that something is wrong | Ignore the needs of discipline and limits or imagination and longing,work | spirituality | creativity,career-patterns | personal-growth | shadow-work,saturn | neptune | opposition | maturity | compassion,4,saturn,opposition,neptune,true,data/insights/natal-aspects/saturn-opposition-neptune.json
saturn-opposition-pluto,DRAFT,,,Steady Across Intense,Discipline and limits mirror power and transformation. This polarized pattern asks you to use maturity and depth with awareness.,"Discipline and limits mirror power and transformation. This polarized pattern asks you to use maturity and depth with awareness. Strict accountability and early, immediate retribution; severity and rigidity. The two sides may appear through contrast, projection, or relationships until you learn to hold both directly. In practice, this can show up through discipline and limits, power and transformation, and the choices you make when fear or control starts running the room.","The gift is maturity, depth, and a more conscious way to work with discipline and limits and power and transformation.","The shadow is fear, control, and repeating the same pattern without noticing what it is trying to teach.","Let discipline and limits and power and transformation cooperate without making either one carry the whole story. Able to carry punishing, transformative work; the risk is harshness.",Name how discipline and limits and power and transformation are both involved | Pause before choosing the most familiar reaction | Turn maturity and depth into one concrete choice,Let fear make the decision | Treat tension as proof that something is wrong | Ignore the needs of discipline and limits or power and transformation,work | power | growth,career-patterns | shadow-work,saturn | pluto | opposition | maturity | depth,5,saturn,opposition,pluto,true,data/insights/natal-aspects/saturn-opposition-pluto.json
saturn-opposition-uranus,DRAFT,,,Steady Across Original,Discipline and limits mirror freedom and disruption. This polarized pattern asks you to use maturity and originality with awareness.,"Discipline and limits mirror freedom and disruption. This polarized pattern asks you to use maturity and originality with awareness. Restlessness fights control; each demands attention and sabotages the other until both are satisfied at once. The two sides may appear through contrast, projection, or relationships until you learn to hold both directly. In practice, this can show up through discipline and limits, freedom and disruption, and the choices you make when fear or instability starts running the room.","The gift is maturity, originality, and a more conscious way to work with discipline and limits and freedom and disruption.","The shadow is fear, instability, and repeating the same pattern without noticing what it is trying to teach.",Let discipline and limits and freedom and disruption cooperate without making either one carry the whole story. Innovation inside structure works; an either-or stance stalls.,Name how discipline and limits and freedom and disruption are both involved | Pause before choosing the most familiar reaction | Turn maturity and originality into one concrete choice,Let fear make the decision | Treat tension as proof that something is wrong | Ignore the needs of discipline and limits or freedom and disruption,work | friends | growth,career-patterns | personal-growth | shadow-work,saturn | uranus | opposition | maturity | originality,4,saturn,opposition,uranus,true,data/insights/natal-aspects/saturn-opposition-uranus.json
saturn-sextile-neptune,DRAFT,,,Steady With Inspired,Discipline and limits support imagination and longing. This cooperative pattern asks you to use maturity and compassion with awareness.,"Discipline and limits support imagination and longing. This cooperative pattern asks you to use maturity and compassion with awareness. Dreams worked patiently into something real. The connection is available when you choose to use it; it works best through deliberate practice. In practice, this can show up through discipline and limits, imagination and longing, and the choices you make when fear or confusion starts running the room.","The gift is maturity, compassion, and a more conscious way to work with discipline and limits and imagination and longing.","The shadow is fear, confusion, and repeating the same pattern without noticing what it is trying to teach.",Let discipline and limits and imagination and longing cooperate without making either one carry the whole story. Disciplined vision realized over time; the task is managing fear.,Name how discipline and limits and imagination and longing are both involved | Use the easy opening deliberately | Turn maturity and compassion into one concrete choice,Let fear make the decision | Take the talent for granted | Ignore the needs of discipline and limits or imagination and longing,work | spirituality | creativity,career-patterns | personal-growth,saturn | neptune | sextile | maturity | compassion,3,saturn,sextile,neptune,true,data/insights/natal-aspects/saturn-sextile-neptune.json
saturn-sextile-pluto,DRAFT,,,Steady With Intense,Discipline and limits support power and transformation. This cooperative pattern asks you to use maturity and depth with awareness.,"Discipline and limits support power and transformation. This cooperative pattern asks you to use maturity and depth with awareness. Capacity for grueling, sustained, transformative effort. The connection is available when you choose to use it; it works best through deliberate practice. In practice, this can show up through discipline and limits, power and transformation, and the choices you make when fear or control starts running the room.","The gift is maturity, depth, and a more conscious way to work with discipline and limits and power and transformation.","The shadow is fear, control, and repeating the same pattern without noticing what it is trying to teach.","Let discipline and limits and power and transformation cooperate without making either one carry the whole story. Able to carry punishing, transformative work; the risk is harshness.",Name how discipline and limits and power and transformation are both involved | Use the easy opening deliberately | Turn maturity and depth into one concrete choice,Let fear make the decision | Take the talent for granted | Ignore the needs of discipline and limits or power and transformation,work | power | growth,career-patterns | shadow-work | personal-growth,saturn | pluto | sextile | maturity | depth,3,saturn,sextile,pluto,true,data/insights/natal-aspects/saturn-sextile-pluto.json
saturn-sextile-uranus,DRAFT,,,Steady With Original,Discipline and limits support freedom and disruption. This cooperative pattern asks you to use maturity and originality with awareness.,"Discipline and limits support freedom and disruption. This cooperative pattern asks you to use maturity and originality with awareness. You naturally do the new thing in a disciplined way, and the old thing with a fresh twist. The connection is available when you choose to use it; it works best through deliberate practice. In practice, this can show up through discipline and limits, freedom and disruption, and the choices you make when fear or instability starts running the room.","The gift is maturity, originality, and a more conscious way to work with discipline and limits and freedom and disruption.","The shadow is fear, instability, and repeating the same pattern without noticing what it is trying to teach.",Let discipline and limits and freedom and disruption cooperate without making either one carry the whole story. Innovation inside structure works; an either-or stance stalls.,Name how discipline and limits and freedom and disruption are both involved | Use the easy opening deliberately | Turn maturity and originality into one concrete choice,Let fear make the decision | Take the talent for granted | Ignore the needs of discipline and limits or freedom and disruption,work | friends | growth,career-patterns | personal-growth,saturn | uranus | sextile | maturity | originality,3,saturn,sextile,uranus,true,data/insights/natal-aspects/saturn-sextile-uranus.json
saturn-square-neptune,DRAFT,,,Steady Or Inspired,Discipline and limits press against imagination and longing. This frictional pattern asks you to use maturity and compassion with awareness.,"Discipline and limits press against imagination and longing. This frictional pattern asks you to use maturity and compassion with awareness. Expecting the worst, anxiety, and worry that mostly never materializes. The friction makes the pattern noticeable, especially when pressure forces an adjustment. In practice, this can show up through discipline and limits, imagination and longing, and the choices you make when fear or confusion starts running the room.","The gift is maturity, compassion, and a more conscious way to work with discipline and limits and imagination and longing.","The shadow is fear, confusion, and repeating the same pattern without noticing what it is trying to teach.",Let discipline and limits and imagination and longing cooperate without making either one carry the whole story. Disciplined vision realized over time; the task is managing fear.,Name how discipline and limits and imagination and longing are both involved | Pause before choosing the most familiar reaction | Turn maturity and compassion into one concrete choice,Let fear make the decision | Treat tension as proof that something is wrong | Ignore the needs of discipline and limits or imagination and longing,work | spirituality | creativity,career-patterns | personal-growth | shadow-work,saturn | neptune | square | maturity | compassion,4,saturn,square,neptune,true,data/insights/natal-aspects/saturn-square-neptune.json
saturn-square-pluto,DRAFT,,,Steady Or Intense,Discipline and limits press against power and transformation. This frictional pattern asks you to use maturity and depth with awareness.,"Discipline and limits press against power and transformation. This frictional pattern asks you to use maturity and depth with awareness. Strict accountability and early, immediate retribution; severity and rigidity. The friction makes the pattern noticeable, especially when pressure forces an adjustment. In practice, this can show up through discipline and limits, power and transformation, and the choices you make when fear or control starts running the room.","The gift is maturity, depth, and a more conscious way to work with discipline and limits and power and transformation.","The shadow is fear, control, and repeating the same pattern without noticing what it is trying to teach.","Let discipline and limits and power and transformation cooperate without making either one carry the whole story. Able to carry punishing, transformative work; the risk is harshness.",Name how discipline and limits and power and transformation are both involved | Pause before choosing the most familiar reaction | Turn maturity and depth into one concrete choice,Let fear make the decision | Treat tension as proof that something is wrong | Ignore the needs of discipline and limits or power and transformation,work | power | growth,career-patterns | shadow-work,saturn | pluto | square | maturity | depth,5,saturn,square,pluto,true,data/insights/natal-aspects/saturn-square-pluto.json
saturn-square-uranus,DRAFT,,,Structured Or Uncontainable,You may feel pulled between stability and disruption. Part of you builds the wall; part of you needs a door.,"Saturn square Uranus describes tension between order and freedom, continuity and change. You may resist being trapped by systems while also needing structure to feel competent and secure. This can create periodic breakpoints: holding too tightly until something snaps, or changing too abruptly because the old form became unbearable. The gift is reform. The growth is learning how to update structures before they have to be broken.","Reform, innovation, resilience, and the ability to build structures that can adapt.","Rigidity followed by rupture, fear of change, rebellion without a plan, and distrust of both authority and instability.",Design freedom into the system. The best structure is not a cage; it is a form that can flex without collapsing.,Make one practical update before pressure peaks | Question rules without discarding every container | Build routines with intentional flexibility,Wait until you have to explode | Call every structure oppression | Use control to avoid uncertainty,work | growth | power,career-patterns | shadow-work | personal-growth,freedom | structure | change | reform | pressure,4,saturn,square,uranus,true,data/insights/natal-aspects/saturn-square-uranus.json
saturn-trine-neptune,DRAFT,,,Steady Through Inspired,Discipline and limits flow with imagination and longing. This fluid pattern asks you to use maturity and compassion with awareness.,"Discipline and limits flow with imagination and longing. This fluid pattern asks you to use maturity and compassion with awareness. Dreams worked patiently into something real. The pattern can flow easily, which is useful when it is conscious and easy to take for granted when it is not. In practice, this can show up through discipline and limits, imagination and longing, and the choices you make when fear or confusion starts running the room.","The gift is maturity, compassion, and a more conscious way to work with discipline and limits and imagination and longing.","The shadow is fear, confusion, and repeating the same pattern without noticing what it is trying to teach.",Let discipline and limits and imagination and longing cooperate without making either one carry the whole story. Disciplined vision realized over time; the task is managing fear.,Name how discipline and limits and imagination and longing are both involved | Use the easy opening deliberately | Turn maturity and compassion into one concrete choice,Let fear make the decision | Take the talent for granted | Ignore the needs of discipline and limits or imagination and longing,work | spirituality | creativity,career-patterns | personal-growth,saturn | neptune | trine | maturity | compassion,3,saturn,trine,neptune,true,data/insights/natal-aspects/saturn-trine-neptune.json
saturn-trine-pluto,DRAFT,,,Enduring Or Unyielding,"You can handle pressure with unusual composure. When you commit, you may become difficult to move.","Saturn trine Pluto describes structural power: discipline, persistence, and the ability to work with difficult realities over time. You may understand that real change requires patience, strategy, and contact with what most people avoid. This aspect can support leadership, repair, research, crisis work, and long-term building. The shadow is rigidity: becoming so committed to control, efficiency, or survival that softness feels irrelevant. The gift is lasting transformation. The growth is letting power include flexibility.","Endurance, strategy, crisis competence, and the ability to rebuild from the foundation up.","Rigidity, emotional austerity, control habits, and trusting pressure more than ease.","Use discipline to create freedom, not only containment. Strong structures should protect life, not replace it.",Commit to the long repair | Use strategy before force | Let trusted people help carry weight,Make survival your only measure of success | Hold control after the crisis has passed | Dismiss softness as inefficiency,work | power | growth,career-patterns | core-traits | personal-growth,endurance | strategy | control | rebuilding | authority,3,saturn,trine,pluto,true,data/insights/natal-aspects/saturn-trine-pluto.json
saturn-trine-uranus,DRAFT,,,Steady Through Original,Discipline and limits flow with freedom and disruption. This fluid pattern asks you to use maturity and originality with awareness.,"Discipline and limits flow with freedom and disruption. This fluid pattern asks you to use maturity and originality with awareness. You naturally do the new thing in a disciplined way, and the old thing with a fresh twist. The pattern can flow easily, which is useful when it is conscious and easy to take for granted when it is not. In practice, this can show up through discipline and limits, freedom and disruption, and the choices you make when fear or instability starts running the room.","The gift is maturity, originality, and a more conscious way to work with discipline and limits and freedom and disruption.","The shadow is fear, instability, and repeating the same pattern without noticing what it is trying to teach.",Let discipline and limits and freedom and disruption cooperate without making either one carry the whole story. Innovation inside structure works; an either-or stance stalls.,Name how discipline and limits and freedom and disruption are both involved | Use the easy opening deliberately | Turn maturity and originality into one concrete choice,Let fear make the decision | Take the talent for granted | Ignore the needs of discipline and limits or freedom and disruption,work | friends | growth,career-patterns | personal-growth,saturn | uranus | trine | maturity | originality,3,saturn,trine,uranus,true,data/insights/natal-aspects/saturn-trine-uranus.json
sun-conjunction-jupiter,DRAFT,,,Expansive Or Excessive,"Your identity wants room. Growth, belief, appetite, and confidence are part of how you meet life.","Sun conjunction Jupiter describes a generous, future-facing sense of self. You may be drawn toward big meaning, wide experience, learning, travel, teaching, or leadership. Confidence can come naturally when you believe in the direction, and people may experience you as encouraging or larger than the immediate situation. The shadow is overpromising, assuming things will work out, or mistaking size for truth. The gift is growth with heart. The work is giving your optimism enough discipline to become real.","Confidence, generosity, vision, faith, and the ability to help people see a wider possibility.","Excess, entitlement, overreach, and skipping details because the larger story feels exciting.",Let hope become practice. Your best opportunities grow when enthusiasm is paired with follow-through.,Choose the bigger path and define the next step | Share encouragement responsibly | Check details before expanding,Promise from excitement alone | Confuse confidence with accuracy | Use optimism to avoid repair,identity | growth | work,core-traits | career-patterns | personal-growth,confidence | optimism | belief | leadership | expansion,3,sun,conjunction,jupiter,true,data/insights/natal-aspects/sun-conjunction-jupiter.json
sun-conjunction-mars,DRAFT,,,Visible And Driven,Identity merge drive and anger. This concentrated pattern asks you to use confidence and courage with awareness.,"Identity merge drive and anger. This concentrated pattern asks you to use confidence and courage with awareness. Identity meets drive and aggression. Energy, assertion, and the will to act become central to the sense of self. These drives sit close together, so the pattern may feel natural, immediate, and hard to separate. In practice, this can show up through identity, drive and anger, and the choices you make when ego defense or reactivity starts running the room.","The gift is confidence, courage, and a more conscious way to work with identity and drive and anger.","The shadow is ego defense, reactivity, and repeating the same pattern without noticing what it is trying to teach.",Let identity and drive and anger cooperate without making either one carry the whole story. Initiative and drive; the cost is friction with authority and a tendency to force things.,Name how identity and drive and anger are both involved | Use the easy opening deliberately | Turn confidence and courage into one concrete choice,Let ego defense make the decision | Assume what feels natural is automatically balanced | Ignore the needs of identity or drive and anger,identity | work | power,core-traits | career-patterns | personal-growth,sun | mars | conjunction | confidence | courage,4,sun,conjunction,mars,true,data/insights/natal-aspects/sun-conjunction-mars.json
sun-conjunction-mercury,DRAFT,,,Visible And Perceptive,Identity merge thinking and speech. This concentrated pattern asks you to use confidence and clear thinking with awareness.,"Identity merge thinking and speech. This concentrated pattern asks you to use confidence and clear thinking with awareness. Identity fused with mind and communication. Self-expression runs through ideas and speech. Only the conjunction is possible, since Mercury never travels far from the Sun. These drives sit close together, so the pattern may feel natural, immediate, and hard to separate. In practice, this can show up through identity, thinking and speech, and the choices you make when ego defense or mental noise starts running the room.","The gift is confidence, clear thinking, and a more conscious way to work with identity and thinking and speech.","The shadow is ego defense, mental noise, and repeating the same pattern without noticing what it is trying to teach.","Let identity and thinking and speech cooperate without making either one carry the whole story. Strong for pitching, writing, and putting your own thinking forward in your own voice.",Name how identity and thinking and speech are both involved | Use the easy opening deliberately | Turn confidence and clear thinking into one concrete choice,Let ego defense make the decision | Assume what feels natural is automatically balanced | Ignore the needs of identity or thinking and speech,identity | communication | work,core-traits | career-patterns | personal-growth,sun | mercury | conjunction | confidence | clear-thinking,4,sun,conjunction,mercury,true,data/insights/natal-aspects/sun-conjunction-mercury.json
sun-conjunction-moon,DRAFT,,,Visible And Sensitive,Identity merge emotional needs. This concentrated pattern asks you to use confidence and emotional intelligence with awareness.,"Identity merge emotional needs. This concentrated pattern asks you to use confidence and emotional intelligence with awareness. Identity and emotion, the outer self and the inner life. How who you present yourself to be lines up (or doesn't) with what you actually feel and need. These drives sit close together, so the pattern may feel natural, immediate, and hard to separate. In practice, this can show up through identity, emotional needs, and the choices you make when ego defense or mood-driven reaction starts running the room.","The gift is confidence, emotional intelligence, and a more conscious way to work with identity and emotional needs.","The shadow is ego defense, mood-driven reaction, and repeating the same pattern without noticing what it is trying to teach.","Let identity and emotional needs cooperate without making either one carry the whole story. Self-direction reads as either steady and integrated, or as internal conflict that undercuts decisiveness.",Name how identity and emotional needs are both involved | Use the easy opening deliberately | Turn confidence and emotional intelligence into one concrete choice,Let ego defense make the decision | Assume what feels natural is automatically balanced | Ignore the needs of identity or emotional needs,identity | emotions | home,core-traits | emotional-needs | personal-growth,sun | moon | conjunction | confidence | emotional-intelligence,4,sun,conjunction,moon,true,data/insights/natal-aspects/sun-conjunction-moon.json
sun-conjunction-neptune,DRAFT,,,Visible And Inspired,Identity merge imagination and longing. This concentrated pattern asks you to use confidence and compassion with awareness.,"Identity merge imagination and longing. This concentrated pattern asks you to use confidence and compassion with awareness. Identity meets imagination and idealism. Heightened sensitivity, imagination, and a pull toward the ideal. These drives sit close together, so the pattern may feel natural, immediate, and hard to separate. In practice, this can show up through identity, imagination and longing, and the choices you make when ego defense or confusion starts running the room.","The gift is confidence, compassion, and a more conscious way to work with identity and imagination and longing.","The shadow is ego defense, confusion, and repeating the same pattern without noticing what it is trying to teach.",Let identity and imagination and longing cooperate without making either one carry the whole story. Creative or service-oriented directions; guard against self-deception and being played.,Name how identity and imagination and longing are both involved | Use the easy opening deliberately | Turn confidence and compassion into one concrete choice,Let ego defense make the decision | Assume what feels natural is automatically balanced | Ignore the needs of identity or imagination and longing,identity | spirituality | creativity,core-traits | personal-growth,sun | neptune | conjunction | confidence | compassion,4,sun,conjunction,neptune,true,data/insights/natal-aspects/sun-conjunction-neptune.json
sun-conjunction-pluto,DRAFT,,,Visible And Intense,Identity merge power and transformation. This concentrated pattern asks you to use confidence and depth with awareness.,"Identity merge power and transformation. This concentrated pattern asks you to use confidence and depth with awareness. Identity meets power and intensity. A magnetic, high-voltage presence that others react to immediately. These drives sit close together, so the pattern may feel natural, immediate, and hard to separate. In practice, this can show up through identity, power and transformation, and the choices you make when ego defense or control starts running the room.","The gift is confidence, depth, and a more conscious way to work with identity and power and transformation.","The shadow is ego defense, control, and repeating the same pattern without noticing what it is trying to teach.",Let identity and power and transformation cooperate without making either one carry the whole story. Real influence; the intensity tends to polarize people.,Name how identity and power and transformation are both involved | Use the easy opening deliberately | Turn confidence and depth into one concrete choice,Let ego defense make the decision | Assume what feels natural is automatically balanced | Ignore the needs of identity or power and transformation,identity | power | growth,core-traits | shadow-work | personal-growth,sun | pluto | conjunction | confidence | depth,5,sun,conjunction,pluto,true,data/insights/natal-aspects/sun-conjunction-pluto.json
sun-conjunction-saturn,DRAFT,,,Visible And Steady,Identity merge discipline and limits. This concentrated pattern asks you to use confidence and maturity with awareness.,"Identity merge discipline and limits. This concentrated pattern asks you to use confidence and maturity with awareness. Identity meets limit and discipline. The self is built slowly, under weight, and tested against duty and consequence. These drives sit close together, so the pattern may feel natural, immediate, and hard to separate. In practice, this can show up through identity, discipline and limits, and the choices you make when ego defense or fear starts running the room.","The gift is confidence, maturity, and a more conscious way to work with identity and discipline and limits.","The shadow is ego defense, fear, and repeating the same pattern without noticing what it is trying to teach.",Let identity and discipline and limits cooperate without making either one carry the whole story. Disciplined and reliable; the risk is self-limiting caution and joyless striving.,Name how identity and discipline and limits are both involved | Use the easy opening deliberately | Turn confidence and maturity into one concrete choice,Let ego defense make the decision | Assume what feels natural is automatically balanced | Ignore the needs of identity or discipline and limits,identity | work,core-traits | career-patterns | personal-growth,sun | saturn | conjunction | confidence | maturity,4,sun,conjunction,saturn,true,data/insights/natal-aspects/sun-conjunction-saturn.json
sun-conjunction-uranus,DRAFT,,,Visible And Original,Identity merge freedom and disruption. This concentrated pattern asks you to use confidence and originality with awareness.,"Identity merge freedom and disruption. This concentrated pattern asks you to use confidence and originality with awareness. Identity meets independence and disruption. The urge to be different and to do things your own way. These drives sit close together, so the pattern may feel natural, immediate, and hard to separate. In practice, this can show up through identity, freedom and disruption, and the choices you make when ego defense or instability starts running the room.","The gift is confidence, originality, and a more conscious way to work with identity and freedom and disruption.","The shadow is ego defense, instability, and repeating the same pattern without noticing what it is trying to teach.",Let identity and freedom and disruption cooperate without making either one carry the whole story. Suited to independent or innovative work where you aren't boxed in.,Name how identity and freedom and disruption are both involved | Use the easy opening deliberately | Turn confidence and originality into one concrete choice,Let ego defense make the decision | Assume what feels natural is automatically balanced | Ignore the needs of identity or freedom and disruption,identity | friends | growth,core-traits | personal-growth,sun | uranus | conjunction | confidence | originality,4,sun,conjunction,uranus,true,data/insights/natal-aspects/sun-conjunction-uranus.json
sun-conjunction-venus,DRAFT,,,Charming Or Approval-Seeking,"Identity and attraction sit close together. Being liked, valued, and aesthetically aligned may matter more than you admit.","Sun conjunction Venus describes a person whose self-expression is tied to beauty, affection, taste, and connection. You may naturally look for harmony, style, pleasure, and social warmth, and others may experience you as attractive, graceful, or easy to enjoy. The gift is radiance through relationship and creative presence. The shadow is over-identifying with being liked or softening your truth to preserve approval. The growth is letting charm serve authenticity instead of replacing it.","Warmth, grace, creative presence, social ease, and the ability to make identity feel inviting.","Approval-seeking, conflict avoidance, vanity, and confusing being desired with being known.","Let beauty express who you are, not cover what you are afraid to say. Real harmony can include a clear preference.",State what you want before smoothing the room | Use taste as self-expression | Let affection be sincere instead of strategic,Trade truth for likability | Assume rejection means you have lost value | Make peace at the cost of self-respect,identity | love | creativity,core-traits | love-patterns | personal-growth,charm | beauty | approval | values | self-expression,3,sun,conjunction,venus,true,data/insights/natal-aspects/sun-conjunction-venus.json
sun-opposition-jupiter,DRAFT,,,Visible Across Expansive,Identity mirror growth and belief. This polarized pattern asks you to use confidence and optimism with awareness.,"Identity mirror growth and belief. This polarized pattern asks you to use confidence and optimism with awareness. The same confidence overreaches. Sooner or later the luck gets pushed too far. The two sides may appear through contrast, projection, or relationships until you learn to hold both directly. In practice, this can show up through identity, growth and belief, and the choices you make when ego defense or overreach starts running the room.","The gift is confidence, optimism, and a more conscious way to work with identity and growth and belief.","The shadow is ego defense, overreach, and repeating the same pattern without noticing what it is trying to teach.","Let identity and growth and belief cooperate without making either one carry the whole story. Confidence and opportunity, with overextension as the standing risk.",Name how identity and growth and belief are both involved | Pause before choosing the most familiar reaction | Turn confidence and optimism into one concrete choice,Let ego defense make the decision | Treat tension as proof that something is wrong | Ignore the needs of identity or growth and belief,identity | growth,core-traits | personal-growth | shadow-work,sun | jupiter | opposition | confidence | optimism,4,sun,opposition,jupiter,true,data/insights/natal-aspects/sun-opposition-jupiter.json
sun-opposition-mars,DRAFT,,,Visible Across Driven,Identity mirror drive and anger. This polarized pattern asks you to use confidence and courage with awareness.,"Identity mirror drive and anger. This polarized pattern asks you to use confidence and courage with awareness. Rejected aggression gets projected outward or erupts as a short fuse, often with defiance of authority. The energy has to be learned and channeled rather than cut off. The two sides may appear through contrast, projection, or relationships until you learn to hold both directly. In practice, this can show up through identity, drive and anger, and the choices you make when ego defense or reactivity starts running the room.","The gift is confidence, courage, and a more conscious way to work with identity and drive and anger.","The shadow is ego defense, reactivity, and repeating the same pattern without noticing what it is trying to teach.",Let identity and drive and anger cooperate without making either one carry the whole story. Initiative and drive; the cost is friction with authority and a tendency to force things.,Name how identity and drive and anger are both involved | Pause before choosing the most familiar reaction | Turn confidence and courage into one concrete choice,Let ego defense make the decision | Treat tension as proof that something is wrong | Ignore the needs of identity or drive and anger,identity | work | power,core-traits | career-patterns | shadow-work,sun | mars | opposition | confidence | courage,4,sun,opposition,mars,true,data/insights/natal-aspects/sun-opposition-mars.json
sun-opposition-moon,DRAFT,,,Pulled Between Selves,What you want to become and what helps you feel safe may not always point in the same direction.,"Sun opposition Moon describes a life organized around contrast: public identity on one side, private needs on the other. You may feel split between confidence and sensitivity, visibility and retreat, ambition and belonging. Other people can become mirrors for this tension, showing you the part of yourself you are not yet holding directly. The gift is awareness. You can learn to see both sides clearly and make choices that do not require one part of you to exile the other.","Strong self-awareness, relational insight, and the ability to understand opposing needs without collapsing them into one answer.","Projection, inner push-pull, relying on others to carry the side of yourself you avoid.",Let identity and need negotiate. You do not have to choose between becoming visible and staying emotionally honest.,Name both needs before choosing | Watch what other people seem to trigger in you | Build a life with room for public purpose and private repair,Let relationships decide who you are | Treat emotional needs as obstacles to purpose | Perform certainty when you are divided,identity | emotions | family,core-traits | emotional-needs | personal-growth,selfhood | needs | relationships | projection | integration,4,sun,opposition,moon,true,data/insights/natal-aspects/sun-opposition-moon.json
sun-opposition-neptune,DRAFT,,,Visible Across Inspired,Identity mirror imagination and longing. This polarized pattern asks you to use confidence and compassion with awareness.,"Identity mirror imagination and longing. This polarized pattern asks you to use confidence and compassion with awareness. Susceptibility to illusion and escapism, and to the rescuer/rescued dynamic. The self can get foggy. The two sides may appear through contrast, projection, or relationships until you learn to hold both directly. In practice, this can show up through identity, imagination and longing, and the choices you make when ego defense or confusion starts running the room.","The gift is confidence, compassion, and a more conscious way to work with identity and imagination and longing.","The shadow is ego defense, confusion, and repeating the same pattern without noticing what it is trying to teach.",Let identity and imagination and longing cooperate without making either one carry the whole story. Creative or service-oriented directions; guard against self-deception and being played.,Name how identity and imagination and longing are both involved | Pause before choosing the most familiar reaction | Turn confidence and compassion into one concrete choice,Let ego defense make the decision | Treat tension as proof that something is wrong | Ignore the needs of identity or imagination and longing,identity | spirituality | creativity,core-traits | personal-growth | shadow-work,sun | neptune | opposition | confidence | compassion,4,sun,opposition,neptune,true,data/insights/natal-aspects/sun-opposition-neptune.json
sun-opposition-pluto,DRAFT,,,Visible Across Intense,Identity mirror power and transformation. This polarized pattern asks you to use confidence and depth with awareness.,"Identity mirror power and transformation. This polarized pattern asks you to use confidence and depth with awareness. Power runs to extremes and relationships tip into control struggles. The two sides may appear through contrast, projection, or relationships until you learn to hold both directly. In practice, this can show up through identity, power and transformation, and the choices you make when ego defense or control starts running the room.","The gift is confidence, depth, and a more conscious way to work with identity and power and transformation.","The shadow is ego defense, control, and repeating the same pattern without noticing what it is trying to teach.",Let identity and power and transformation cooperate without making either one carry the whole story. Real influence; the intensity tends to polarize people.,Name how identity and power and transformation are both involved | Pause before choosing the most familiar reaction | Turn confidence and depth into one concrete choice,Let ego defense make the decision | Treat tension as proof that something is wrong | Ignore the needs of identity or power and transformation,identity | power | growth,core-traits | shadow-work,sun | pluto | opposition | confidence | depth,5,sun,opposition,pluto,true,data/insights/natal-aspects/sun-opposition-pluto.json
sun-opposition-saturn,DRAFT,,,Visible Across Steady,Identity mirror discipline and limits. This polarized pattern asks you to use confidence and maturity with awareness.,"Identity mirror discipline and limits. This polarized pattern asks you to use confidence and maturity with awareness. A heavy self-concept: difficulty with authority figures, self-doubt, and a chronic sense of falling short. The remedy is steady, useful work. The two sides may appear through contrast, projection, or relationships until you learn to hold both directly. In practice, this can show up through identity, discipline and limits, and the choices you make when ego defense or fear starts running the room.","The gift is confidence, maturity, and a more conscious way to work with identity and discipline and limits.","The shadow is ego defense, fear, and repeating the same pattern without noticing what it is trying to teach.",Let identity and discipline and limits cooperate without making either one carry the whole story. Disciplined and reliable; the risk is self-limiting caution and joyless striving.,Name how identity and discipline and limits are both involved | Pause before choosing the most familiar reaction | Turn confidence and maturity into one concrete choice,Let ego defense make the decision | Treat tension as proof that something is wrong | Ignore the needs of identity or discipline and limits,identity | work,core-traits | career-patterns | shadow-work,sun | saturn | opposition | confidence | maturity,4,sun,opposition,saturn,true,data/insights/natal-aspects/sun-opposition-saturn.json
sun-opposition-uranus,DRAFT,,,Visible Across Original,Identity mirror freedom and disruption. This polarized pattern asks you to use confidence and originality with awareness.,"Identity mirror freedom and disruption. This polarized pattern asks you to use confidence and originality with awareness. Difference for its own sake: eccentricity, instability, shocking people to no purpose. The two sides may appear through contrast, projection, or relationships until you learn to hold both directly. In practice, this can show up through identity, freedom and disruption, and the choices you make when ego defense or instability starts running the room.","The gift is confidence, originality, and a more conscious way to work with identity and freedom and disruption.","The shadow is ego defense, instability, and repeating the same pattern without noticing what it is trying to teach.",Let identity and freedom and disruption cooperate without making either one carry the whole story. Suited to independent or innovative work where you aren't boxed in.,Name how identity and freedom and disruption are both involved | Pause before choosing the most familiar reaction | Turn confidence and originality into one concrete choice,Let ego defense make the decision | Treat tension as proof that something is wrong | Ignore the needs of identity or freedom and disruption,identity | friends | growth,core-traits | personal-growth | shadow-work,sun | uranus | opposition | confidence | originality,4,sun,opposition,uranus,true,data/insights/natal-aspects/sun-opposition-uranus.json
sun-sextile-jupiter,DRAFT,,,Visible With Expansive,Identity support growth and belief. This cooperative pattern asks you to use confidence and optimism with awareness.,"Identity support growth and belief. This cooperative pattern asks you to use confidence and optimism with awareness. Genuine confidence and opportunity; doors open more readily. The connection is available when you choose to use it; it works best through deliberate practice. In practice, this can show up through identity, growth and belief, and the choices you make when ego defense or overreach starts running the room.","The gift is confidence, optimism, and a more conscious way to work with identity and growth and belief.","The shadow is ego defense, overreach, and repeating the same pattern without noticing what it is trying to teach.","Let identity and growth and belief cooperate without making either one carry the whole story. Confidence and opportunity, with overextension as the standing risk.",Name how identity and growth and belief are both involved | Use the easy opening deliberately | Turn confidence and optimism into one concrete choice,Let ego defense make the decision | Take the talent for granted | Ignore the needs of identity or growth and belief,identity | growth,core-traits | personal-growth,sun | jupiter | sextile | confidence | optimism,3,sun,sextile,jupiter,true,data/insights/natal-aspects/sun-sextile-jupiter.json
sun-sextile-mars,DRAFT,,,Visible With Driven,Identity support drive and anger. This cooperative pattern asks you to use confidence and courage with awareness.,"Identity support drive and anger. This cooperative pattern asks you to use confidence and courage with awareness. Action with little temper behind it. Things get done and the drive feels available rather than volatile. The connection is available when you choose to use it; it works best through deliberate practice. In practice, this can show up through identity, drive and anger, and the choices you make when ego defense or reactivity starts running the room.","The gift is confidence, courage, and a more conscious way to work with identity and drive and anger.","The shadow is ego defense, reactivity, and repeating the same pattern without noticing what it is trying to teach.",Let identity and drive and anger cooperate without making either one carry the whole story. Initiative and drive; the cost is friction with authority and a tendency to force things.,Name how identity and drive and anger are both involved | Use the easy opening deliberately | Turn confidence and courage into one concrete choice,Let ego defense make the decision | Take the talent for granted | Ignore the needs of identity or drive and anger,identity | work | power,core-traits | career-patterns | personal-growth,sun | mars | sextile | confidence | courage,3,sun,sextile,mars,true,data/insights/natal-aspects/sun-sextile-mars.json
sun-sextile-moon,DRAFT,,,Visible With Sensitive,Identity support emotional needs. This cooperative pattern asks you to use confidence and emotional intelligence with awareness.,"Identity support emotional needs. This cooperative pattern asks you to use confidence and emotional intelligence with awareness. Outer and inner self move easily together. Steady, consistent, at ease with oneself, though it can lack a charge of its own. The connection is available when you choose to use it; it works best through deliberate practice. In practice, this can show up through identity, emotional needs, and the choices you make when ego defense or mood-driven reaction starts running the room.","The gift is confidence, emotional intelligence, and a more conscious way to work with identity and emotional needs.","The shadow is ego defense, mood-driven reaction, and repeating the same pattern without noticing what it is trying to teach.","Let identity and emotional needs cooperate without making either one carry the whole story. Self-direction reads as either steady and integrated, or as internal conflict that undercuts decisiveness.",Name how identity and emotional needs are both involved | Use the easy opening deliberately | Turn confidence and emotional intelligence into one concrete choice,Let ego defense make the decision | Take the talent for granted | Ignore the needs of identity or emotional needs,identity | emotions | home,core-traits | emotional-needs | personal-growth,sun | moon | sextile | confidence | emotional-intelligence,3,sun,sextile,moon,true,data/insights/natal-aspects/sun-sextile-moon.json
sun-sextile-neptune,DRAFT,,,Visible With Inspired,Identity support imagination and longing. This cooperative pattern asks you to use confidence and compassion with awareness.,"Identity support imagination and longing. This cooperative pattern asks you to use confidence and compassion with awareness. Imaginative and compassionate; creative and charitable directions come naturally. The connection is available when you choose to use it; it works best through deliberate practice. In practice, this can show up through identity, imagination and longing, and the choices you make when ego defense or confusion starts running the room.","The gift is confidence, compassion, and a more conscious way to work with identity and imagination and longing.","The shadow is ego defense, confusion, and repeating the same pattern without noticing what it is trying to teach.",Let identity and imagination and longing cooperate without making either one carry the whole story. Creative or service-oriented directions; guard against self-deception and being played.,Name how identity and imagination and longing are both involved | Use the easy opening deliberately | Turn confidence and compassion into one concrete choice,Let ego defense make the decision | Take the talent for granted | Ignore the needs of identity or imagination and longing,identity | spirituality | creativity,core-traits | personal-growth,sun | neptune | sextile | confidence | compassion,3,sun,sextile,neptune,true,data/insights/natal-aspects/sun-sextile-neptune.json
sun-sextile-pluto,DRAFT,,,Visible With Intense,Identity support power and transformation. This cooperative pattern asks you to use confidence and depth with awareness.,"Identity support power and transformation. This cooperative pattern asks you to use confidence and depth with awareness. Strength and depth, well-controlled. A natural aptitude for investigation, healing, and transformation. The connection is available when you choose to use it; it works best through deliberate practice. In practice, this can show up through identity, power and transformation, and the choices you make when ego defense or control starts running the room.","The gift is confidence, depth, and a more conscious way to work with identity and power and transformation.","The shadow is ego defense, control, and repeating the same pattern without noticing what it is trying to teach.",Let identity and power and transformation cooperate without making either one carry the whole story. Real influence; the intensity tends to polarize people.,Name how identity and power and transformation are both involved | Use the easy opening deliberately | Turn confidence and depth into one concrete choice,Let ego defense make the decision | Take the talent for granted | Ignore the needs of identity or power and transformation,identity | power | growth,core-traits | shadow-work | personal-growth,sun | pluto | sextile | confidence | depth,3,sun,sextile,pluto,true,data/insights/natal-aspects/sun-sextile-pluto.json
sun-sextile-saturn,DRAFT,,,Visible With Steady,Identity support discipline and limits. This cooperative pattern asks you to use confidence and maturity with awareness.,"Identity support discipline and limits. This cooperative pattern asks you to use confidence and maturity with awareness. Practical, conservative, orderly. Benefits come grudgingly and mostly as stability rather than ease. The connection is available when you choose to use it; it works best through deliberate practice. In practice, this can show up through identity, discipline and limits, and the choices you make when ego defense or fear starts running the room.","The gift is confidence, maturity, and a more conscious way to work with identity and discipline and limits.","The shadow is ego defense, fear, and repeating the same pattern without noticing what it is trying to teach.",Let identity and discipline and limits cooperate without making either one carry the whole story. Disciplined and reliable; the risk is self-limiting caution and joyless striving.,Name how identity and discipline and limits are both involved | Use the easy opening deliberately | Turn confidence and maturity into one concrete choice,Let ego defense make the decision | Take the talent for granted | Ignore the needs of identity or discipline and limits,identity | work,core-traits | career-patterns | personal-growth,sun | saturn | sextile | confidence | maturity,3,sun,sextile,saturn,true,data/insights/natal-aspects/sun-sextile-saturn.json
sun-sextile-uranus,DRAFT,,,Visible With Original,Identity support freedom and disruption. This cooperative pattern asks you to use confidence and originality with awareness.,"Identity support freedom and disruption. This cooperative pattern asks you to use confidence and originality with awareness. Originality that reads as brilliance or healthy independence. The connection is available when you choose to use it; it works best through deliberate practice. In practice, this can show up through identity, freedom and disruption, and the choices you make when ego defense or instability starts running the room.","The gift is confidence, originality, and a more conscious way to work with identity and freedom and disruption.","The shadow is ego defense, instability, and repeating the same pattern without noticing what it is trying to teach.",Let identity and freedom and disruption cooperate without making either one carry the whole story. Suited to independent or innovative work where you aren't boxed in.,Name how identity and freedom and disruption are both involved | Use the easy opening deliberately | Turn confidence and originality into one concrete choice,Let ego defense make the decision | Take the talent for granted | Ignore the needs of identity or freedom and disruption,identity | friends | growth,core-traits | personal-growth,sun | uranus | sextile | confidence | originality,3,sun,sextile,uranus,true,data/insights/natal-aspects/sun-sextile-uranus.json
sun-square-jupiter,DRAFT,,,Visible Or Expansive,Identity press against growth and belief. This frictional pattern asks you to use confidence and optimism with awareness.,"Identity press against growth and belief. This frictional pattern asks you to use confidence and optimism with awareness. The same confidence overreaches. Sooner or later the luck gets pushed too far. The friction makes the pattern noticeable, especially when pressure forces an adjustment. In practice, this can show up through identity, growth and belief, and the choices you make when ego defense or overreach starts running the room.","The gift is confidence, optimism, and a more conscious way to work with identity and growth and belief.","The shadow is ego defense, overreach, and repeating the same pattern without noticing what it is trying to teach.","Let identity and growth and belief cooperate without making either one carry the whole story. Confidence and opportunity, with overextension as the standing risk.",Name how identity and growth and belief are both involved | Pause before choosing the most familiar reaction | Turn confidence and optimism into one concrete choice,Let ego defense make the decision | Treat tension as proof that something is wrong | Ignore the needs of identity or growth and belief,identity | growth,core-traits | personal-growth | shadow-work,sun | jupiter | square | confidence | optimism,4,sun,square,jupiter,true,data/insights/natal-aspects/sun-square-jupiter.json
sun-square-mars,DRAFT,,,Driven Or Combative,"Your life force comes with heat. You may need challenge, movement, and honest outlets for anger.","Sun square Mars describes strong will, competitiveness, and a body that wants to act. You may feel most alive when there is something to push against, build, defend, or win. This aspect can give courage and initiative, but it can also make ordinary friction feel personal. The gift is direct life force. The growth is learning to use heat without turning every difference into a fight for identity.","Courage, vitality, initiative, and the ability to act decisively when something matters.","Irritability, defensiveness, impatience, and making conflict the proof that you are alive.","Give your drive a worthy target. Movement, competition, and honest assertion help the fire become useful instead of reactive.",Move before you argue | Name what you are defending | Choose a challenge that builds strength,Turn feedback into combat | Mistake irritation for clarity | Use force when directness would be enough,identity | work | health,core-traits | shadow-work | career-patterns,drive | anger | conflict | courage | assertion,4,sun,square,mars,true,data/insights/natal-aspects/sun-square-mars.json
sun-square-moon,DRAFT,,,Visible Or Sensitive,Identity press against emotional needs. This frictional pattern asks you to use confidence and emotional intelligence with awareness.,"Identity press against emotional needs. This frictional pattern asks you to use confidence and emotional intelligence with awareness. Ego needs and emotional needs pull from conflicting sources, so the public self and the private self work at cross purposes and have to be reconciled. The friction makes the pattern noticeable, especially when pressure forces an adjustment. In practice, this can show up through identity, emotional needs, and the choices you make when ego defense or mood-driven reaction starts running the room.","The gift is confidence, emotional intelligence, and a more conscious way to work with identity and emotional needs.","The shadow is ego defense, mood-driven reaction, and repeating the same pattern without noticing what it is trying to teach.","Let identity and emotional needs cooperate without making either one carry the whole story. Self-direction reads as either steady and integrated, or as internal conflict that undercuts decisiveness.",Name how identity and emotional needs are both involved | Pause before choosing the most familiar reaction | Turn confidence and emotional intelligence into one concrete choice,Let ego defense make the decision | Treat tension as proof that something is wrong | Ignore the needs of identity or emotional needs,identity | emotions | home,core-traits | emotional-needs | shadow-work,sun | moon | square | confidence | emotional-intelligence,4,sun,square,moon,true,data/insights/natal-aspects/sun-square-moon.json
sun-square-neptune,DRAFT,,,Inspired Or Unclear,"Your identity may be porous, imaginative, and hard to define in simple terms. You need meaning, but also edges.","Sun square Neptune describes a selfhood shaped by imagination, sensitivity, and longing. You may sense possibilities beyond ordinary roles, but you may also struggle with projection, unclear direction, or trying to become what others need you to be. This aspect can support art, service, spirituality, and compassion, especially when identity has a grounded container. The gift is inspiration. The growth is choosing a life that can hold mystery without dissolving your agency.","Imagination, compassion, spiritual sensitivity, creative vision, and the ability to soften rigid identities.","Confusion, avoidance, idealization, weak boundaries, and losing direction in someone else's expectation.",Let meaning guide you without making you disappear. A clear no can protect the very sensitivity that makes your yes powerful.,Define the next concrete step | Use creativity to clarify identity | Practice boundaries before resentment builds,Let uncertainty become drift | Confuse sacrifice with purpose | Let someone else name who you are,identity | spirituality | creativity,core-traits | personal-growth | shadow-work,imagination | identity | boundaries | purpose | sensitivity,4,sun,square,neptune,true,data/insights/natal-aspects/sun-square-neptune.json
sun-square-pluto,DRAFT,,,Powerful Or Controlling,You may feel life intensely and resist being shaped by anyone else's will. Power is a central lesson.,"Sun square Pluto describes a strong survival current inside identity. You may notice control, threat, secrecy, or hidden motives faster than other people do. This can make you perceptive and hard to intimidate, but it can also make ordinary vulnerability feel dangerous. You may push yourself to transform, prove strength, or stay in command when softness would be more honest. The gift is depth and resilience. The growth is using power to become more truthful, not more defended.","Resilience, focus, psychological insight, and the courage to face what others avoid.","Control, suspicion, power struggles, and the belief that vulnerability means losing authority.",Let strength include honesty. You do not have to dominate the room to be safe inside it.,Name what you are trying to control | Use intensity for repair and focus | Let trusted people see the unfinished part,Treat every challenge as a threat | Hold power by withholding truth | Confuse privacy with isolation,identity | power | growth,core-traits | shadow-work | personal-growth,control | resilience | transformation | will | truth,5,sun,square,pluto,true,data/insights/natal-aspects/sun-square-pluto.json
sun-square-saturn,DRAFT,,,Proven Or Pressured,"You may feel that confidence has to be earned. The result can be discipline, but also a private fear of not measuring up.","Sun square Saturn describes a person who learns identity through pressure, standards, and time. You may grow up feeling watched, corrected, or compared against a bar that keeps moving. This can make you serious about your work and careful with your authority, but it can also turn self-expression into a test you are always preparing for. The gift is earned confidence. The growth is letting effort support your life instead of making worth depend on constant proof.","Discipline, accountability, long-range focus, and the ability to build something durable from patient effort.","Fear of failure, harsh self-judgment, delayed confidence, and treating rest as something you have to deserve.","Let responsibility become a path to self-respect, not a verdict on your value. You are allowed to grow into authority without carrying every old standard forward.",Set standards that are clear and humane | Track evidence of growth | Let small wins count,Make perfection the price of visibility | Confuse caution with wisdom every time | Treat joy as a distraction from becoming serious,identity | work | growth,core-traits | career-patterns | personal-growth,discipline | authority | confidence | pressure | self-respect,4,sun,square,saturn,true,data/insights/natal-aspects/sun-square-saturn.json
sun-square-uranus,DRAFT,,,Visible Or Original,Identity press against freedom and disruption. This frictional pattern asks you to use confidence and originality with awareness.,"Identity press against freedom and disruption. This frictional pattern asks you to use confidence and originality with awareness. Difference for its own sake: eccentricity, instability, shocking people to no purpose. The friction makes the pattern noticeable, especially when pressure forces an adjustment. In practice, this can show up through identity, freedom and disruption, and the choices you make when ego defense or instability starts running the room.","The gift is confidence, originality, and a more conscious way to work with identity and freedom and disruption.","The shadow is ego defense, instability, and repeating the same pattern without noticing what it is trying to teach.",Let identity and freedom and disruption cooperate without making either one carry the whole story. Suited to independent or innovative work where you aren't boxed in.,Name how identity and freedom and disruption are both involved | Pause before choosing the most familiar reaction | Turn confidence and originality into one concrete choice,Let ego defense make the decision | Treat tension as proof that something is wrong | Ignore the needs of identity or freedom and disruption,identity | friends | growth,core-traits | personal-growth | shadow-work,sun | uranus | square | confidence | originality,4,sun,square,uranus,true,data/insights/natal-aspects/sun-square-uranus.json
sun-trine-jupiter,DRAFT,,,Visible Through Expansive,Identity flow with growth and belief. This fluid pattern asks you to use confidence and optimism with awareness.,"Identity flow with growth and belief. This fluid pattern asks you to use confidence and optimism with awareness. Genuine confidence and opportunity; doors open more readily. The pattern can flow easily, which is useful when it is conscious and easy to take for granted when it is not. In practice, this can show up through identity, growth and belief, and the choices you make when ego defense or overreach starts running the room.","The gift is confidence, optimism, and a more conscious way to work with identity and growth and belief.","The shadow is ego defense, overreach, and repeating the same pattern without noticing what it is trying to teach.","Let identity and growth and belief cooperate without making either one carry the whole story. Confidence and opportunity, with overextension as the standing risk.",Name how identity and growth and belief are both involved | Use the easy opening deliberately | Turn confidence and optimism into one concrete choice,Let ego defense make the decision | Take the talent for granted | Ignore the needs of identity or growth and belief,identity | growth,core-traits | personal-growth,sun | jupiter | trine | confidence | optimism,3,sun,trine,jupiter,true,data/insights/natal-aspects/sun-trine-jupiter.json
sun-trine-mars,DRAFT,,,Visible Through Driven,Identity flow with drive and anger. This fluid pattern asks you to use confidence and courage with awareness.,"Identity flow with drive and anger. This fluid pattern asks you to use confidence and courage with awareness. Action with little temper behind it. Things get done and the drive feels available rather than volatile. The pattern can flow easily, which is useful when it is conscious and easy to take for granted when it is not. In practice, this can show up through identity, drive and anger, and the choices you make when ego defense or reactivity starts running the room.","The gift is confidence, courage, and a more conscious way to work with identity and drive and anger.","The shadow is ego defense, reactivity, and repeating the same pattern without noticing what it is trying to teach.",Let identity and drive and anger cooperate without making either one carry the whole story. Initiative and drive; the cost is friction with authority and a tendency to force things.,Name how identity and drive and anger are both involved | Use the easy opening deliberately | Turn confidence and courage into one concrete choice,Let ego defense make the decision | Take the talent for granted | Ignore the needs of identity or drive and anger,identity | work | power,core-traits | career-patterns | personal-growth,sun | mars | trine | confidence | courage,3,sun,trine,mars,true,data/insights/natal-aspects/sun-trine-mars.json
sun-trine-moon,DRAFT,,,Visible Through Sensitive,Identity flow with emotional needs. This fluid pattern asks you to use confidence and emotional intelligence with awareness.,"Identity flow with emotional needs. This fluid pattern asks you to use confidence and emotional intelligence with awareness. Outer and inner self move easily together. Steady, consistent, at ease with oneself, though it can lack a charge of its own. The pattern can flow easily, which is useful when it is conscious and easy to take for granted when it is not. In practice, this can show up through identity, emotional needs, and the choices you make when ego defense or mood-driven reaction starts running the room.","The gift is confidence, emotional intelligence, and a more conscious way to work with identity and emotional needs.","The shadow is ego defense, mood-driven reaction, and repeating the same pattern without noticing what it is trying to teach.","Let identity and emotional needs cooperate without making either one carry the whole story. Self-direction reads as either steady and integrated, or as internal conflict that undercuts decisiveness.",Name how identity and emotional needs are both involved | Use the easy opening deliberately | Turn confidence and emotional intelligence into one concrete choice,Let ego defense make the decision | Take the talent for granted | Ignore the needs of identity or emotional needs,identity | emotions | home,core-traits | emotional-needs | personal-growth,sun | moon | trine | confidence | emotional-intelligence,3,sun,trine,moon,true,data/insights/natal-aspects/sun-trine-moon.json
sun-trine-neptune,DRAFT,,,Visible Through Inspired,Identity flow with imagination and longing. This fluid pattern asks you to use confidence and compassion with awareness.,"Identity flow with imagination and longing. This fluid pattern asks you to use confidence and compassion with awareness. Imaginative and compassionate; creative and charitable directions come naturally. The pattern can flow easily, which is useful when it is conscious and easy to take for granted when it is not. In practice, this can show up through identity, imagination and longing, and the choices you make when ego defense or confusion starts running the room.","The gift is confidence, compassion, and a more conscious way to work with identity and imagination and longing.","The shadow is ego defense, confusion, and repeating the same pattern without noticing what it is trying to teach.",Let identity and imagination and longing cooperate without making either one carry the whole story. Creative or service-oriented directions; guard against self-deception and being played.,Name how identity and imagination and longing are both involved | Use the easy opening deliberately | Turn confidence and compassion into one concrete choice,Let ego defense make the decision | Take the talent for granted | Ignore the needs of identity or imagination and longing,identity | spirituality | creativity,core-traits | personal-growth,sun | neptune | trine | confidence | compassion,3,sun,trine,neptune,true,data/insights/natal-aspects/sun-trine-neptune.json
sun-trine-pluto,DRAFT,,,Visible Through Intense,Identity flow with power and transformation. This fluid pattern asks you to use confidence and depth with awareness.,"Identity flow with power and transformation. This fluid pattern asks you to use confidence and depth with awareness. Strength and depth, well-controlled. A natural aptitude for investigation, healing, and transformation. The pattern can flow easily, which is useful when it is conscious and easy to take for granted when it is not. In practice, this can show up through identity, power and transformation, and the choices you make when ego defense or control starts running the room.","The gift is confidence, depth, and a more conscious way to work with identity and power and transformation.","The shadow is ego defense, control, and repeating the same pattern without noticing what it is trying to teach.",Let identity and power and transformation cooperate without making either one carry the whole story. Real influence; the intensity tends to polarize people.,Name how identity and power and transformation are both involved | Use the easy opening deliberately | Turn confidence and depth into one concrete choice,Let ego defense make the decision | Take the talent for granted | Ignore the needs of identity or power and transformation,identity | power | growth,core-traits | shadow-work | personal-growth,sun | pluto | trine | confidence | depth,3,sun,trine,pluto,true,data/insights/natal-aspects/sun-trine-pluto.json
sun-trine-saturn,DRAFT,,,Visible Through Steady,Identity flow with discipline and limits. This fluid pattern asks you to use confidence and maturity with awareness.,"Identity flow with discipline and limits. This fluid pattern asks you to use confidence and maturity with awareness. Practical, conservative, orderly. Benefits come grudgingly and mostly as stability rather than ease. The pattern can flow easily, which is useful when it is conscious and easy to take for granted when it is not. In practice, this can show up through identity, discipline and limits, and the choices you make when ego defense or fear starts running the room.","The gift is confidence, maturity, and a more conscious way to work with identity and discipline and limits.","The shadow is ego defense, fear, and repeating the same pattern without noticing what it is trying to teach.",Let identity and discipline and limits cooperate without making either one carry the whole story. Disciplined and reliable; the risk is self-limiting caution and joyless striving.,Name how identity and discipline and limits are both involved | Use the easy opening deliberately | Turn confidence and maturity into one concrete choice,Let ego defense make the decision | Take the talent for granted | Ignore the needs of identity or discipline and limits,identity | work,core-traits | career-patterns | personal-growth,sun | saturn | trine | confidence | maturity,3,sun,trine,saturn,true,data/insights/natal-aspects/sun-trine-saturn.json
sun-trine-uranus,DRAFT,,,Original Or Unpredictable,Your identity grows through difference. You may feel most alive when you are allowed to move in your own pattern.,"Sun trine Uranus describes a natural link between self-expression and originality. You may adapt quickly, think independently, and feel comfortable taking paths that do not need broad approval. Others may experience you as refreshing, inventive, or hard to categorize. The gift is freedom with confidence. The shadow is assuming that independence means you never need continuity, commitment, or feedback. The growth is letting your uniqueness become reliable enough to build with.","Originality, independence, adaptability, and the courage to express a future-facing self.","Restlessness, detachment, inconsistency, and dismissing ordinary commitments as limitations.","Let freedom become a practice, not only a reaction. Your difference has more impact when it can be trusted over time.",Follow the unusual idea and give it structure | Choose communities that respect independence | Let feedback sharpen the invention,Leave just because something becomes familiar | Treat consistency as proof of boredom | Use uniqueness to avoid intimacy,identity | friends | growth,core-traits | personal-growth | career-patterns,originality | freedom | innovation | community | self-expression,3,sun,trine,uranus,true,data/insights/natal-aspects/sun-trine-uranus.json
uranus-conjunction-neptune,DRAFT,,,Visionary Or Untethered,"Change and imagination merge here. You may carry a generational instinct for new ideals, new systems, and new myths.","Uranus conjunction Neptune describes a collective signature that can become personal when strongly placed. It links disruption with vision, technology with spirituality, and rebellion with longing for a different world. You may be sensitive to cultural shifts, digital possibility, alternative communities, or ideals that do not fit inherited categories. The gift is imaginative innovation. The shadow is drifting into vague rebellion or mistaking a dream of the future for the work of building one.","Vision, intuition for change, imaginative innovation, and sensitivity to emerging collective patterns.","Vague rebellion, escapist ideals, disorientation, and chasing the future without grounding it.","Give the vision a practice. The future becomes real through specific choices, skills, and communities.",Test the vision in a real system | Find communities that build what they imagine | Let intuition and technical skill work together,Confuse disruption with liberation | Float above practical consequences | Follow every signal as if it is a calling,spirituality | friends | growth,personal-growth | core-traits | career-patterns,vision | innovation | collective | future | ideals,3,uranus,conjunction,neptune,true,data/insights/natal-aspects/uranus-conjunction-neptune.json
uranus-conjunction-pluto,DRAFT,,,Original And Intense,Freedom and disruption merge power and transformation. This concentrated pattern asks you to use originality and depth with awareness.,"Freedom and disruption merge power and transformation. This concentrated pattern asks you to use originality and depth with awareness. Disruption meets power. Upheaval and radical transformation, often tied to social change; quick adaptation to new technology. These drives sit close together, so the pattern may feel natural, immediate, and hard to separate. In practice, this can show up through freedom and disruption, power and transformation, and the choices you make when instability or control starts running the room.","The gift is originality, depth, and a more conscious way to work with freedom and disruption and power and transformation.","The shadow is instability, control, and repeating the same pattern without noticing what it is trying to teach.","Let freedom and disruption and power and transformation cooperate without making either one carry the whole story. Transformative, disruptive, generational themes.",Name how freedom and disruption and power and transformation are both involved | Use the easy opening deliberately | Turn originality and depth into one concrete choice,Let instability make the decision | Assume what feels natural is automatically balanced | Ignore the needs of freedom and disruption or power and transformation,friends | growth | power,personal-growth | shadow-work,uranus | pluto | conjunction | originality | depth,5,uranus,conjunction,pluto,true,data/insights/natal-aspects/uranus-conjunction-pluto.json
uranus-opposition-neptune,DRAFT,,,Original Across Inspired,Freedom and disruption mirror imagination and longing. This polarized pattern asks you to use originality and compassion with awareness.,"Freedom and disruption mirror imagination and longing. This polarized pattern asks you to use originality and compassion with awareness. Idealism that destabilizes more than it builds. The two sides may appear through contrast, projection, or relationships until you learn to hold both directly. In practice, this can show up through freedom and disruption, imagination and longing, and the choices you make when instability or confusion starts running the room.","The gift is originality, compassion, and a more conscious way to work with freedom and disruption and imagination and longing.","The shadow is instability, confusion, and repeating the same pattern without noticing what it is trying to teach.",Let freedom and disruption and imagination and longing cooperate without making either one carry the whole story. Generational and visionary themes rather than a personal day-to-day read.,Name how freedom and disruption and imagination and longing are both involved | Pause before choosing the most familiar reaction | Turn originality and compassion into one concrete choice,Let instability make the decision | Treat tension as proof that something is wrong | Ignore the needs of freedom and disruption or imagination and longing,friends | growth | spirituality,personal-growth | shadow-work,uranus | neptune | opposition | originality | compassion,4,uranus,opposition,neptune,true,data/insights/natal-aspects/uranus-opposition-neptune.json
uranus-opposition-pluto,DRAFT,,,Original Across Intense,Freedom and disruption mirror power and transformation. This polarized pattern asks you to use originality and depth with awareness.,"Freedom and disruption mirror power and transformation. This polarized pattern asks you to use originality and depth with awareness. Destructive upheaval and the urge to overturn at speed. The two sides may appear through contrast, projection, or relationships until you learn to hold both directly. In practice, this can show up through freedom and disruption, power and transformation, and the choices you make when instability or control starts running the room.","The gift is originality, depth, and a more conscious way to work with freedom and disruption and power and transformation.","The shadow is instability, control, and repeating the same pattern without noticing what it is trying to teach.","Let freedom and disruption and power and transformation cooperate without making either one carry the whole story. Transformative, disruptive, generational themes.",Name how freedom and disruption and power and transformation are both involved | Pause before choosing the most familiar reaction | Turn originality and depth into one concrete choice,Let instability make the decision | Treat tension as proof that something is wrong | Ignore the needs of freedom and disruption or power and transformation,friends | growth | power,personal-growth | shadow-work,uranus | pluto | opposition | originality | depth,5,uranus,opposition,pluto,true,data/insights/natal-aspects/uranus-opposition-pluto.json
uranus-sextile-neptune,DRAFT,,,Original With Inspired,Freedom and disruption support imagination and longing. This cooperative pattern asks you to use originality and compassion with awareness.,"Freedom and disruption support imagination and longing. This cooperative pattern asks you to use originality and compassion with awareness. Visionary ideals expressed in livable ways. The connection is available when you choose to use it; it works best through deliberate practice. In practice, this can show up through freedom and disruption, imagination and longing, and the choices you make when instability or confusion starts running the room.","The gift is originality, compassion, and a more conscious way to work with freedom and disruption and imagination and longing.","The shadow is instability, confusion, and repeating the same pattern without noticing what it is trying to teach.",Let freedom and disruption and imagination and longing cooperate without making either one carry the whole story. Generational and visionary themes rather than a personal day-to-day read.,Name how freedom and disruption and imagination and longing are both involved | Use the easy opening deliberately | Turn originality and compassion into one concrete choice,Let instability make the decision | Take the talent for granted | Ignore the needs of freedom and disruption or imagination and longing,friends | growth | spirituality,personal-growth,uranus | neptune | sextile | originality | compassion,3,uranus,sextile,neptune,true,data/insights/natal-aspects/uranus-sextile-neptune.json
uranus-sextile-pluto,DRAFT,,,Original With Intense,Freedom and disruption support power and transformation. This cooperative pattern asks you to use originality and depth with awareness.,"Freedom and disruption support power and transformation. This cooperative pattern asks you to use originality and depth with awareness. Fast, effective adaptation to change. The connection is available when you choose to use it; it works best through deliberate practice. In practice, this can show up through freedom and disruption, power and transformation, and the choices you make when instability or control starts running the room.","The gift is originality, depth, and a more conscious way to work with freedom and disruption and power and transformation.","The shadow is instability, control, and repeating the same pattern without noticing what it is trying to teach.","Let freedom and disruption and power and transformation cooperate without making either one carry the whole story. Transformative, disruptive, generational themes.",Name how freedom and disruption and power and transformation are both involved | Use the easy opening deliberately | Turn originality and depth into one concrete choice,Let instability make the decision | Take the talent for granted | Ignore the needs of freedom and disruption or power and transformation,friends | growth | power,personal-growth | shadow-work,uranus | pluto | sextile | originality | depth,3,uranus,sextile,pluto,true,data/insights/natal-aspects/uranus-sextile-pluto.json
uranus-square-neptune,DRAFT,,,Original Or Inspired,Freedom and disruption press against imagination and longing. This frictional pattern asks you to use originality and compassion with awareness.,"Freedom and disruption press against imagination and longing. This frictional pattern asks you to use originality and compassion with awareness. Idealism that destabilizes more than it builds. The friction makes the pattern noticeable, especially when pressure forces an adjustment. In practice, this can show up through freedom and disruption, imagination and longing, and the choices you make when instability or confusion starts running the room.","The gift is originality, compassion, and a more conscious way to work with freedom and disruption and imagination and longing.","The shadow is instability, confusion, and repeating the same pattern without noticing what it is trying to teach.",Let freedom and disruption and imagination and longing cooperate without making either one carry the whole story. Generational and visionary themes rather than a personal day-to-day read.,Name how freedom and disruption and imagination and longing are both involved | Pause before choosing the most familiar reaction | Turn originality and compassion into one concrete choice,Let instability make the decision | Treat tension as proof that something is wrong | Ignore the needs of freedom and disruption or imagination and longing,friends | growth | spirituality,personal-growth | shadow-work,uranus | neptune | square | originality | compassion,4,uranus,square,neptune,true,data/insights/natal-aspects/uranus-square-neptune.json
uranus-square-pluto,DRAFT,,,Original Or Intense,Freedom and disruption press against power and transformation. This frictional pattern asks you to use originality and depth with awareness.,"Freedom and disruption press against power and transformation. This frictional pattern asks you to use originality and depth with awareness. Destructive upheaval and the urge to overturn at speed. The friction makes the pattern noticeable, especially when pressure forces an adjustment. In practice, this can show up through freedom and disruption, power and transformation, and the choices you make when instability or control starts running the room.","The gift is originality, depth, and a more conscious way to work with freedom and disruption and power and transformation.","The shadow is instability, control, and repeating the same pattern without noticing what it is trying to teach.","Let freedom and disruption and power and transformation cooperate without making either one carry the whole story. Transformative, disruptive, generational themes.",Name how freedom and disruption and power and transformation are both involved | Pause before choosing the most familiar reaction | Turn originality and depth into one concrete choice,Let instability make the decision | Treat tension as proof that something is wrong | Ignore the needs of freedom and disruption or power and transformation,friends | growth | power,personal-growth | shadow-work,uranus | pluto | square | originality | depth,5,uranus,square,pluto,true,data/insights/natal-aspects/uranus-square-pluto.json
uranus-trine-neptune,DRAFT,,,Original Through Inspired,Freedom and disruption flow with imagination and longing. This fluid pattern asks you to use originality and compassion with awareness.,"Freedom and disruption flow with imagination and longing. This fluid pattern asks you to use originality and compassion with awareness. Visionary ideals expressed in livable ways. The pattern can flow easily, which is useful when it is conscious and easy to take for granted when it is not. In practice, this can show up through freedom and disruption, imagination and longing, and the choices you make when instability or confusion starts running the room.","The gift is originality, compassion, and a more conscious way to work with freedom and disruption and imagination and longing.","The shadow is instability, confusion, and repeating the same pattern without noticing what it is trying to teach.",Let freedom and disruption and imagination and longing cooperate without making either one carry the whole story. Generational and visionary themes rather than a personal day-to-day read.,Name how freedom and disruption and imagination and longing are both involved | Use the easy opening deliberately | Turn originality and compassion into one concrete choice,Let instability make the decision | Take the talent for granted | Ignore the needs of freedom and disruption or imagination and longing,friends | growth | spirituality,personal-growth,uranus | neptune | trine | originality | compassion,3,uranus,trine,neptune,true,data/insights/natal-aspects/uranus-trine-neptune.json
uranus-trine-pluto,DRAFT,,,Original Through Intense,Freedom and disruption flow with power and transformation. This fluid pattern asks you to use originality and depth with awareness.,"Freedom and disruption flow with power and transformation. This fluid pattern asks you to use originality and depth with awareness. Fast, effective adaptation to change. The pattern can flow easily, which is useful when it is conscious and easy to take for granted when it is not. In practice, this can show up through freedom and disruption, power and transformation, and the choices you make when instability or control starts running the room.","The gift is originality, depth, and a more conscious way to work with freedom and disruption and power and transformation.","The shadow is instability, control, and repeating the same pattern without noticing what it is trying to teach.","Let freedom and disruption and power and transformation cooperate without making either one carry the whole story. Transformative, disruptive, generational themes.",Name how freedom and disruption and power and transformation are both involved | Use the easy opening deliberately | Turn originality and depth into one concrete choice,Let instability make the decision | Take the talent for granted | Ignore the needs of freedom and disruption or power and transformation,friends | growth | power,personal-growth | shadow-work,uranus | pluto | trine | originality | depth,3,uranus,trine,pluto,true,data/insights/natal-aspects/uranus-trine-pluto.json
venus-conjunction-jupiter,DRAFT,,,Magnetic And Expansive,Love and values merge growth and belief. This concentrated pattern asks you to use relational grace and optimism with awareness.,"Love and values merge growth and belief. This concentrated pattern asks you to use relational grace and optimism with awareness. Pleasure meets expansion. Gentleness, generosity, sensitivity, and a great deal of ease. These drives sit close together, so the pattern may feel natural, immediate, and hard to separate. In practice, this can show up through love and values, growth and belief, and the choices you make when approval seeking or overreach starts running the room.","The gift is relational grace, optimism, and a more conscious way to work with love and values and growth and belief.","The shadow is approval seeking, overreach, and repeating the same pattern without noticing what it is trying to teach.",Let love and values and growth and belief cooperate without making either one carry the whole story. Likable and fortunate; the missing ingredient is discipline.,Name how love and values and growth and belief are both involved | Use the easy opening deliberately | Turn relational grace and optimism into one concrete choice,Let approval seeking make the decision | Assume what feels natural is automatically balanced | Ignore the needs of love and values or growth and belief,love | money | creativity,love-patterns | personal-growth,venus | jupiter | conjunction | relational-grace | optimism,4,venus,conjunction,jupiter,true,data/insights/natal-aspects/venus-conjunction-jupiter.json
venus-conjunction-mars,DRAFT,,,Desiring Or Direct,"Attraction and pursuit live close together. When you want something, your body may know before your politeness catches up.","Venus conjunction Mars describes a strong link between pleasure, desire, style, and action. You may come across as magnetic, warm, creative, or openly interested in what excites you. Relationships can move quickly because wanting and acting are not far apart. The gift is aliveness: the ability to make affection active and desire honest. The growth is making sure chemistry has enough patience, consent, and discernment to become something worth keeping.","Charisma, creative heat, direct affection, and the courage to pursue what feels alive.","Impatience, mixed signals, competitiveness in love, or chasing intensity before checking compatibility.",Let desire be clear without letting it rush the whole story. Attraction becomes stronger when choice stays awake.,"Say what you want plainly | Give chemistry time to reveal character | Channel heat into art, movement, or honest affection",Confuse pursuit with proof of care | Use attraction to skip discernment | Turn every disagreement into a contest,love | sex | creativity,love-patterns | relationship-bonds | core-traits,desire | chemistry | charisma | pursuit | creativity,4,venus,conjunction,mars,true,data/insights/natal-aspects/venus-conjunction-mars.json
venus-conjunction-neptune,DRAFT,,,Magnetic And Inspired,Love and values merge imagination and longing. This concentrated pattern asks you to use relational grace and compassion with awareness.,"Love and values merge imagination and longing. This concentrated pattern asks you to use relational grace and compassion with awareness. Love and value meet imagination. Heightened artistic sensibility and romantic idealism. These drives sit close together, so the pattern may feel natural, immediate, and hard to separate. In practice, this can show up through love and values, imagination and longing, and the choices you make when approval seeking or confusion starts running the room.","The gift is relational grace, compassion, and a more conscious way to work with love and values and imagination and longing.","The shadow is approval seeking, confusion, and repeating the same pattern without noticing what it is trying to teach.",Let love and values and imagination and longing cooperate without making either one carry the whole story. Real artistic gifts; guard against unrealistic expectations of people and outcomes.,Name how love and values and imagination and longing are both involved | Use the easy opening deliberately | Turn relational grace and compassion into one concrete choice,Let approval seeking make the decision | Assume what feels natural is automatically balanced | Ignore the needs of love and values or imagination and longing,love | money | creativity,love-patterns | personal-growth,venus | neptune | conjunction | relational-grace | compassion,4,venus,conjunction,neptune,true,data/insights/natal-aspects/venus-conjunction-neptune.json
venus-conjunction-pluto,DRAFT,,,Magnetic And Intense,Love and values merge power and transformation. This concentrated pattern asks you to use relational grace and depth with awareness.,"Love and values merge power and transformation. This concentrated pattern asks you to use relational grace and depth with awareness. Love and value meet intensity. All-or-nothing attraction, deep desire, and a strong pull toward control in relationships. These drives sit close together, so the pattern may feel natural, immediate, and hard to separate. In practice, this can show up through love and values, power and transformation, and the choices you make when approval seeking or control starts running the room.","The gift is relational grace, depth, and a more conscious way to work with love and values and power and transformation.","The shadow is approval seeking, control, and repeating the same pattern without noticing what it is trying to teach.",Let love and values and power and transformation cooperate without making either one carry the whole story. Magnetic and persuasive; the intensity has to be moderated.,Name how love and values and power and transformation are both involved | Use the easy opening deliberately | Turn relational grace and depth into one concrete choice,Let approval seeking make the decision | Assume what feels natural is automatically balanced | Ignore the needs of love and values or power and transformation,love | money | creativity,love-patterns | shadow-work | personal-growth,venus | pluto | conjunction | relational-grace | depth,5,venus,conjunction,pluto,true,data/insights/natal-aspects/venus-conjunction-pluto.json
venus-conjunction-saturn,DRAFT,,,Magnetic And Steady,Love and values merge discipline and limits. This concentrated pattern asks you to use relational grace and maturity with awareness.,"Love and values merge discipline and limits. This concentrated pattern asks you to use relational grace and maturity with awareness. Affection and value meet limit. Loyalty, restraint in pleasure and love, and a strong sense of obligation. These drives sit close together, so the pattern may feel natural, immediate, and hard to separate. In practice, this can show up through love and values, discipline and limits, and the choices you make when approval seeking or fear starts running the room.","The gift is relational grace, maturity, and a more conscious way to work with love and values and discipline and limits.","The shadow is approval seeking, fear, and repeating the same pattern without noticing what it is trying to teach.",Let love and values and discipline and limits cooperate without making either one carry the whole story. Loyal and hardworking; the risk is joyless striving and a belief that reward must be suffered for.,Name how love and values and discipline and limits are both involved | Use the easy opening deliberately | Turn relational grace and maturity into one concrete choice,Let approval seeking make the decision | Assume what feels natural is automatically balanced | Ignore the needs of love and values or discipline and limits,love | money | creativity,love-patterns | career-patterns | personal-growth,venus | saturn | conjunction | relational-grace | maturity,4,venus,conjunction,saturn,true,data/insights/natal-aspects/venus-conjunction-saturn.json
venus-conjunction-uranus,DRAFT,,,Magnetic And Original,Love and values merge freedom and disruption. This concentrated pattern asks you to use relational grace and originality with awareness.,"Love and values merge freedom and disruption. This concentrated pattern asks you to use relational grace and originality with awareness. Connection and value meet disruption and freedom. Attraction runs electric, sudden, and unattached to convention. These drives sit close together, so the pattern may feel natural, immediate, and hard to separate. In practice, this can show up through love and values, freedom and disruption, and the choices you make when approval seeking or instability starts running the room.","The gift is relational grace, originality, and a more conscious way to work with love and values and freedom and disruption.","The shadow is approval seeking, instability, and repeating the same pattern without noticing what it is trying to teach.","Let love and values and freedom and disruption cooperate without making either one carry the whole story. Good for fresh, original creative and social moves; unreliable for steady commitments.",Name how love and values and freedom and disruption are both involved | Use the easy opening deliberately | Turn relational grace and originality into one concrete choice,Let approval seeking make the decision | Assume what feels natural is automatically balanced | Ignore the needs of love and values or freedom and disruption,love | money | creativity,love-patterns | personal-growth,venus | uranus | conjunction | relational-grace | originality,4,venus,conjunction,uranus,true,data/insights/natal-aspects/venus-conjunction-uranus.json
venus-opposition-jupiter,DRAFT,,,Magnetic Across Expansive,Love and values mirror growth and belief. This polarized pattern asks you to use relational grace and optimism with awareness.,"Love and values mirror growth and belief. This polarized pattern asks you to use relational grace and optimism with awareness. Play-before-work and indulgence undercut accomplishment. The two sides may appear through contrast, projection, or relationships until you learn to hold both directly. In practice, this can show up through love and values, growth and belief, and the choices you make when approval seeking or overreach starts running the room.","The gift is relational grace, optimism, and a more conscious way to work with love and values and growth and belief.","The shadow is approval seeking, overreach, and repeating the same pattern without noticing what it is trying to teach.",Let love and values and growth and belief cooperate without making either one carry the whole story. Likable and fortunate; the missing ingredient is discipline.,Name how love and values and growth and belief are both involved | Pause before choosing the most familiar reaction | Turn relational grace and optimism into one concrete choice,Let approval seeking make the decision | Treat tension as proof that something is wrong | Ignore the needs of love and values or growth and belief,love | money | creativity,love-patterns | personal-growth | shadow-work,venus | jupiter | opposition | relational-grace | optimism,4,venus,opposition,jupiter,true,data/insights/natal-aspects/venus-opposition-jupiter.json
venus-opposition-mars,DRAFT,,,Magnetic Across Driven,Love and values mirror drive and anger. This polarized pattern asks you to use relational grace and courage with awareness.,"Love and values mirror drive and anger. This polarized pattern asks you to use relational grace and courage with awareness. Bad timing in romance, indecision, and friction between wanting and acting. The two sides may appear through contrast, projection, or relationships until you learn to hold both directly. In practice, this can show up through love and values, drive and anger, and the choices you make when approval seeking or reactivity starts running the room.","The gift is relational grace, courage, and a more conscious way to work with love and values and drive and anger.","The shadow is approval seeking, reactivity, and repeating the same pattern without noticing what it is trying to teach.",Let love and values and drive and anger cooperate without making either one carry the whole story. Charm plus initiative; manage the push-pull between attraction and aggression.,Name how love and values and drive and anger are both involved | Pause before choosing the most familiar reaction | Turn relational grace and courage into one concrete choice,Let approval seeking make the decision | Treat tension as proof that something is wrong | Ignore the needs of love and values or drive and anger,love | money | creativity,love-patterns | career-patterns | shadow-work,venus | mars | opposition | relational-grace | courage,4,venus,opposition,mars,true,data/insights/natal-aspects/venus-opposition-mars.json
venus-opposition-neptune,DRAFT,,,Magnetic Across Inspired,Love and values mirror imagination and longing. This polarized pattern asks you to use relational grace and compassion with awareness.,"Love and values mirror imagination and longing. This polarized pattern asks you to use relational grace and compassion with awareness. Seeing what you want to see in love, idealizing people, and the disillusionment that follows. The two sides may appear through contrast, projection, or relationships until you learn to hold both directly. In practice, this can show up through love and values, imagination and longing, and the choices you make when approval seeking or confusion starts running the room.","The gift is relational grace, compassion, and a more conscious way to work with love and values and imagination and longing.","The shadow is approval seeking, confusion, and repeating the same pattern without noticing what it is trying to teach.",Let love and values and imagination and longing cooperate without making either one carry the whole story. Real artistic gifts; guard against unrealistic expectations of people and outcomes.,Name how love and values and imagination and longing are both involved | Pause before choosing the most familiar reaction | Turn relational grace and compassion into one concrete choice,Let approval seeking make the decision | Treat tension as proof that something is wrong | Ignore the needs of love and values or imagination and longing,love | money | creativity,love-patterns | personal-growth | shadow-work,venus | neptune | opposition | relational-grace | compassion,4,venus,opposition,neptune,true,data/insights/natal-aspects/venus-opposition-neptune.json
venus-opposition-pluto,DRAFT,,,Magnetic Across Intense,Love and values mirror power and transformation. This polarized pattern asks you to use relational grace and depth with awareness.,"Love and values mirror power and transformation. This polarized pattern asks you to use relational grace and depth with awareness. Power struggles, jealousy, and treating happiness as a kind of vulnerability to be guarded against. The two sides may appear through contrast, projection, or relationships until you learn to hold both directly. In practice, this can show up through love and values, power and transformation, and the choices you make when approval seeking or control starts running the room.","The gift is relational grace, depth, and a more conscious way to work with love and values and power and transformation.","The shadow is approval seeking, control, and repeating the same pattern without noticing what it is trying to teach.",Let love and values and power and transformation cooperate without making either one carry the whole story. Magnetic and persuasive; the intensity has to be moderated.,Name how love and values and power and transformation are both involved | Pause before choosing the most familiar reaction | Turn relational grace and depth into one concrete choice,Let approval seeking make the decision | Treat tension as proof that something is wrong | Ignore the needs of love and values or power and transformation,love | money | creativity,love-patterns | shadow-work,venus | pluto | opposition | relational-grace | depth,5,venus,opposition,pluto,true,data/insights/natal-aspects/venus-opposition-pluto.json
venus-opposition-saturn,DRAFT,,,Loyal Or Guarded,"Love may feel serious before it feels easy. You may protect your heart by expecting distance, delay, or proof.","Venus opposition Saturn describes restraint around love, pleasure, and receiving. You may be drawn to commitment, maturity, and loyalty, but also fear rejection or feel that affection must be earned through usefulness, patience, or self-control. This can create devotion and staying power, yet it can also make warmth feel conditional. The gift is love that honors time. The growth is allowing care to be present before a test has been passed.","Loyalty, commitment, discernment, and the ability to build love slowly and responsibly.","Emotional withholding, fear of rejection, choosing unavailable people, and treating pleasure as unsafe.","Let standards protect your heart without closing it. Reliability matters, but so does letting tenderness arrive in ordinary moments.",Receive small gestures without deflecting | Choose people whose consistency is warm | Name the fear underneath distance,Call loneliness maturity | Make someone earn basic kindness | Assume delay means devotion,love | money | power,love-patterns | shadow-work | relationship-bonds,commitment | rejection | loyalty | worth | boundaries,4,venus,opposition,saturn,true,data/insights/natal-aspects/venus-opposition-saturn.json
venus-opposition-uranus,DRAFT,,,Magnetic Across Original,Love and values mirror freedom and disruption. This polarized pattern asks you to use relational grace and originality with awareness.,"Love and values mirror freedom and disruption. This polarized pattern asks you to use relational grace and originality with awareness. Erratic affections, sudden attractions and ruptures, and a refusal to be tied down. The two sides may appear through contrast, projection, or relationships until you learn to hold both directly. In practice, this can show up through love and values, freedom and disruption, and the choices you make when approval seeking or instability starts running the room.","The gift is relational grace, originality, and a more conscious way to work with love and values and freedom and disruption.","The shadow is approval seeking, instability, and repeating the same pattern without noticing what it is trying to teach.","Let love and values and freedom and disruption cooperate without making either one carry the whole story. Good for fresh, original creative and social moves; unreliable for steady commitments.",Name how love and values and freedom and disruption are both involved | Pause before choosing the most familiar reaction | Turn relational grace and originality into one concrete choice,Let approval seeking make the decision | Treat tension as proof that something is wrong | Ignore the needs of love and values or freedom and disruption,love | money | creativity,love-patterns | personal-growth | shadow-work,venus | uranus | opposition | relational-grace | originality,4,venus,opposition,uranus,true,data/insights/natal-aspects/venus-opposition-uranus.json
venus-sextile-jupiter,DRAFT,,,Magnetic With Expansive,Love and values support growth and belief. This cooperative pattern asks you to use relational grace and optimism with awareness.,"Love and values support growth and belief. This cooperative pattern asks you to use relational grace and optimism with awareness. Warmth, goodwill, and good fortune in what you value. The connection is available when you choose to use it; it works best through deliberate practice. In practice, this can show up through love and values, growth and belief, and the choices you make when approval seeking or overreach starts running the room.","The gift is relational grace, optimism, and a more conscious way to work with love and values and growth and belief.","The shadow is approval seeking, overreach, and repeating the same pattern without noticing what it is trying to teach.",Let love and values and growth and belief cooperate without making either one carry the whole story. Likable and fortunate; the missing ingredient is discipline.,Name how love and values and growth and belief are both involved | Use the easy opening deliberately | Turn relational grace and optimism into one concrete choice,Let approval seeking make the decision | Take the talent for granted | Ignore the needs of love and values or growth and belief,love | money | creativity,love-patterns | personal-growth,venus | jupiter | sextile | relational-grace | optimism,3,venus,sextile,jupiter,true,data/insights/natal-aspects/venus-sextile-jupiter.json
venus-sextile-mars,DRAFT,,,Magnetic With Driven,Love and values support drive and anger. This cooperative pattern asks you to use relational grace and courage with awareness.,"Love and values support drive and anger. This cooperative pattern asks you to use relational grace and courage with awareness. Popularity and energy that flows easily into creative or romantic pursuits. The connection is available when you choose to use it; it works best through deliberate practice. In practice, this can show up through love and values, drive and anger, and the choices you make when approval seeking or reactivity starts running the room.","The gift is relational grace, courage, and a more conscious way to work with love and values and drive and anger.","The shadow is approval seeking, reactivity, and repeating the same pattern without noticing what it is trying to teach.",Let love and values and drive and anger cooperate without making either one carry the whole story. Charm plus initiative; manage the push-pull between attraction and aggression.,Name how love and values and drive and anger are both involved | Use the easy opening deliberately | Turn relational grace and courage into one concrete choice,Let approval seeking make the decision | Take the talent for granted | Ignore the needs of love and values or drive and anger,love | money | creativity,love-patterns | career-patterns | personal-growth,venus | mars | sextile | relational-grace | courage,3,venus,sextile,mars,true,data/insights/natal-aspects/venus-sextile-mars.json
venus-sextile-neptune,DRAFT,,,Magnetic With Inspired,Love and values support imagination and longing. This cooperative pattern asks you to use relational grace and compassion with awareness.,"Love and values support imagination and longing. This cooperative pattern asks you to use relational grace and compassion with awareness. Refined aesthetic and tender, imaginative affection. The connection is available when you choose to use it; it works best through deliberate practice. In practice, this can show up through love and values, imagination and longing, and the choices you make when approval seeking or confusion starts running the room.","The gift is relational grace, compassion, and a more conscious way to work with love and values and imagination and longing.","The shadow is approval seeking, confusion, and repeating the same pattern without noticing what it is trying to teach.",Let love and values and imagination and longing cooperate without making either one carry the whole story. Real artistic gifts; guard against unrealistic expectations of people and outcomes.,Name how love and values and imagination and longing are both involved | Use the easy opening deliberately | Turn relational grace and compassion into one concrete choice,Let approval seeking make the decision | Take the talent for granted | Ignore the needs of love and values or imagination and longing,love | money | creativity,love-patterns | personal-growth,venus | neptune | sextile | relational-grace | compassion,3,venus,sextile,neptune,true,data/insights/natal-aspects/venus-sextile-neptune.json
venus-sextile-pluto,DRAFT,,,Magnetic With Intense,Love and values support power and transformation. This cooperative pattern asks you to use relational grace and depth with awareness.,"Love and values support power and transformation. This cooperative pattern asks you to use relational grace and depth with awareness. Depth and devotion in love, used deliberately. The connection is available when you choose to use it; it works best through deliberate practice. In practice, this can show up through love and values, power and transformation, and the choices you make when approval seeking or control starts running the room.","The gift is relational grace, depth, and a more conscious way to work with love and values and power and transformation.","The shadow is approval seeking, control, and repeating the same pattern without noticing what it is trying to teach.",Let love and values and power and transformation cooperate without making either one carry the whole story. Magnetic and persuasive; the intensity has to be moderated.,Name how love and values and power and transformation are both involved | Use the easy opening deliberately | Turn relational grace and depth into one concrete choice,Let approval seeking make the decision | Take the talent for granted | Ignore the needs of love and values or power and transformation,love | money | creativity,love-patterns | shadow-work | personal-growth,venus | pluto | sextile | relational-grace | depth,3,venus,sextile,pluto,true,data/insights/natal-aspects/venus-sextile-pluto.json
venus-sextile-saturn,DRAFT,,,Magnetic With Steady,Love and values support discipline and limits. This cooperative pattern asks you to use relational grace and maturity with awareness.,"Love and values support discipline and limits. This cooperative pattern asks you to use relational grace and maturity with awareness. Committed, steady, and loyal in relationships and finances. The connection is available when you choose to use it; it works best through deliberate practice. In practice, this can show up through love and values, discipline and limits, and the choices you make when approval seeking or fear starts running the room.","The gift is relational grace, maturity, and a more conscious way to work with love and values and discipline and limits.","The shadow is approval seeking, fear, and repeating the same pattern without noticing what it is trying to teach.",Let love and values and discipline and limits cooperate without making either one carry the whole story. Loyal and hardworking; the risk is joyless striving and a belief that reward must be suffered for.,Name how love and values and discipline and limits are both involved | Use the easy opening deliberately | Turn relational grace and maturity into one concrete choice,Let approval seeking make the decision | Take the talent for granted | Ignore the needs of love and values or discipline and limits,love | money | creativity,love-patterns | career-patterns | personal-growth,venus | saturn | sextile | relational-grace | maturity,3,venus,sextile,saturn,true,data/insights/natal-aspects/venus-sextile-saturn.json
venus-sextile-uranus,DRAFT,,,Magnetic With Original,Love and values support freedom and disruption. This cooperative pattern asks you to use relational grace and originality with awareness.,"Love and values support freedom and disruption. This cooperative pattern asks you to use relational grace and originality with awareness. Exciting, unconventional bonds and an original aesthetic; freedom inside closeness. The connection is available when you choose to use it; it works best through deliberate practice. In practice, this can show up through love and values, freedom and disruption, and the choices you make when approval seeking or instability starts running the room.","The gift is relational grace, originality, and a more conscious way to work with love and values and freedom and disruption.","The shadow is approval seeking, instability, and repeating the same pattern without noticing what it is trying to teach.","Let love and values and freedom and disruption cooperate without making either one carry the whole story. Good for fresh, original creative and social moves; unreliable for steady commitments.",Name how love and values and freedom and disruption are both involved | Use the easy opening deliberately | Turn relational grace and originality into one concrete choice,Let approval seeking make the decision | Take the talent for granted | Ignore the needs of love and values or freedom and disruption,love | money | creativity,love-patterns | personal-growth,venus | uranus | sextile | relational-grace | originality,3,venus,sextile,uranus,true,data/insights/natal-aspects/venus-sextile-uranus.json
venus-square-jupiter,DRAFT,,,Magnetic Or Expansive,Love and values press against growth and belief. This frictional pattern asks you to use relational grace and optimism with awareness.,"Love and values press against growth and belief. This frictional pattern asks you to use relational grace and optimism with awareness. Play-before-work and indulgence undercut accomplishment. The friction makes the pattern noticeable, especially when pressure forces an adjustment. In practice, this can show up through love and values, growth and belief, and the choices you make when approval seeking or overreach starts running the room.","The gift is relational grace, optimism, and a more conscious way to work with love and values and growth and belief.","The shadow is approval seeking, overreach, and repeating the same pattern without noticing what it is trying to teach.",Let love and values and growth and belief cooperate without making either one carry the whole story. Likable and fortunate; the missing ingredient is discipline.,Name how love and values and growth and belief are both involved | Pause before choosing the most familiar reaction | Turn relational grace and optimism into one concrete choice,Let approval seeking make the decision | Treat tension as proof that something is wrong | Ignore the needs of love and values or growth and belief,love | money | creativity,love-patterns | personal-growth | shadow-work,venus | jupiter | square | relational-grace | optimism,4,venus,square,jupiter,true,data/insights/natal-aspects/venus-square-jupiter.json
venus-square-mars,DRAFT,,,Magnetic Or Driven,Love and values press against drive and anger. This frictional pattern asks you to use relational grace and courage with awareness.,"Love and values press against drive and anger. This frictional pattern asks you to use relational grace and courage with awareness. Bad timing in romance, indecision, and friction between wanting and acting. The friction makes the pattern noticeable, especially when pressure forces an adjustment. In practice, this can show up through love and values, drive and anger, and the choices you make when approval seeking or reactivity starts running the room.","The gift is relational grace, courage, and a more conscious way to work with love and values and drive and anger.","The shadow is approval seeking, reactivity, and repeating the same pattern without noticing what it is trying to teach.",Let love and values and drive and anger cooperate without making either one carry the whole story. Charm plus initiative; manage the push-pull between attraction and aggression.,Name how love and values and drive and anger are both involved | Pause before choosing the most familiar reaction | Turn relational grace and courage into one concrete choice,Let approval seeking make the decision | Treat tension as proof that something is wrong | Ignore the needs of love and values or drive and anger,love | money | creativity,love-patterns | career-patterns | shadow-work,venus | mars | square | relational-grace | courage,4,venus,square,mars,true,data/insights/natal-aspects/venus-square-mars.json
venus-square-neptune,DRAFT,,,Magnetic Or Inspired,Love and values press against imagination and longing. This frictional pattern asks you to use relational grace and compassion with awareness.,"Love and values press against imagination and longing. This frictional pattern asks you to use relational grace and compassion with awareness. Seeing what you want to see in love, idealizing people, and the disillusionment that follows. The friction makes the pattern noticeable, especially when pressure forces an adjustment. In practice, this can show up through love and values, imagination and longing, and the choices you make when approval seeking or confusion starts running the room.","The gift is relational grace, compassion, and a more conscious way to work with love and values and imagination and longing.","The shadow is approval seeking, confusion, and repeating the same pattern without noticing what it is trying to teach.",Let love and values and imagination and longing cooperate without making either one carry the whole story. Real artistic gifts; guard against unrealistic expectations of people and outcomes.,Name how love and values and imagination and longing are both involved | Pause before choosing the most familiar reaction | Turn relational grace and compassion into one concrete choice,Let approval seeking make the decision | Treat tension as proof that something is wrong | Ignore the needs of love and values or imagination and longing,love | money | creativity,love-patterns | personal-growth | shadow-work,venus | neptune | square | relational-grace | compassion,4,venus,square,neptune,true,data/insights/natal-aspects/venus-square-neptune.json
venus-square-pluto,DRAFT,,,Magnetic Or Guarded,"Love does not stay casual for long. Desire, loyalty, fear, and control can gather in the same room.","Venus square Pluto describes a relationship nature that feels deeply and protects itself intensely. You may crave bonds that are honest, consuming, and transformative, but you may also watch for betrayal before trust has had a chance to form. Attraction can pull up old survival patterns: testing, withholding, jealousy, secrecy, or the urge to make sure you are not the one with less power. The gift is devotion with real emotional range. The work is letting intimacy become mutual instead of turning love into a contest of leverage.","Deep devotion, emotional honesty, strong erotic presence, and the capacity to love through complexity.","Jealousy, power struggles, testing loyalty, and confusing intensity with safety.","Let desire tell the truth without letting fear run the relationship. Choose bonds where vulnerability is shared, not extracted.","Name what feels threatening before you test the other person | Practice receiving steadiness | Let attraction be information, not a command",Confuse obsession with intimacy | Use silence to regain control | Stay where love requires constant proof,love | sex | power,love-patterns | shadow-work | relationship-bonds,desire | attachment | trust | jealousy | devotion,5,venus,square,pluto,true,data/insights/natal-aspects/venus-square-pluto.json
venus-square-saturn,DRAFT,,,Magnetic Or Steady,Love and values press against discipline and limits. This frictional pattern asks you to use relational grace and maturity with awareness.,"Love and values press against discipline and limits. This frictional pattern asks you to use relational grace and maturity with awareness. Difficulty enjoying success, fear of loss, blocked rewards, and free-floating guilt. The friction makes the pattern noticeable, especially when pressure forces an adjustment. In practice, this can show up through love and values, discipline and limits, and the choices you make when approval seeking or fear starts running the room.","The gift is relational grace, maturity, and a more conscious way to work with love and values and discipline and limits.","The shadow is approval seeking, fear, and repeating the same pattern without noticing what it is trying to teach.",Let love and values and discipline and limits cooperate without making either one carry the whole story. Loyal and hardworking; the risk is joyless striving and a belief that reward must be suffered for.,Name how love and values and discipline and limits are both involved | Pause before choosing the most familiar reaction | Turn relational grace and maturity into one concrete choice,Let approval seeking make the decision | Treat tension as proof that something is wrong | Ignore the needs of love and values or discipline and limits,love | money | creativity,love-patterns | career-patterns | shadow-work,venus | saturn | square | relational-grace | maturity,4,venus,square,saturn,true,data/insights/natal-aspects/venus-square-saturn.json
venus-square-uranus,DRAFT,,,Electric Or Unavailable,"Love needs freedom, surprise, and room to stay alive. Too much predictability can feel like a locked door.","Venus square Uranus describes attraction that wakes up around difference, distance, novelty, or surprise. You may be drawn to people who feel unusual, unavailable, exciting, or impossible to fully script. This can make love creative and honest, but it can also create sudden starts, sudden stops, or fear when closeness becomes routine. The gift is relational originality. The growth is learning how to keep freedom inside commitment instead of using disruption to escape it.","Originality in love, creative taste, honesty about desire, and the courage to choose unconventional bonds.","Hot-cold patterns, fear of being trapped, chasing unavailable people, and mistaking instability for chemistry.",Let love breathe without making it unreliable. The right connection does not require you to disappear to stay yourself.,Name your need for space early | Choose people who respect difference | Keep novelty alive through honesty and shared choice,Create distance just to feel desire again | Confuse anxiety with attraction | Punish steadiness for not feeling dramatic,love | creativity | friends,love-patterns | relationship-bonds | personal-growth,freedom | attraction | novelty | independence | chemistry,4,venus,square,uranus,true,data/insights/natal-aspects/venus-square-uranus.json
venus-trine-jupiter,DRAFT,,,Abundant Or Indulgent,"Pleasure, affection, generosity, and ease can open naturally for you. The heart wants to say yes.","Venus trine Jupiter describes warmth in love, money, style, and social connection. You may attract support through charm, generosity, humor, or a sincere belief that life can be better than it is. This aspect can bring ease in relationships and a talent for creating comfort, beauty, or celebration. The shadow is excess: spending, indulging, smoothing over conflict, or assuming goodwill will solve what requires attention. The gift is joyful connection. The growth is giving abundance a thoughtful shape.","Generosity, charm, social grace, creative taste, and the ability to make love feel spacious.","Overindulgence, avoidance of conflict, taking ease for granted, and saying yes past capacity.",Let pleasure stay connected to values. Abundance becomes more sustainable when delight has discernment.,"Share generously with clear limits | Let beauty support your values | Use charm to connect, not to avoid truth",Spend from mood alone | Smooth over a problem that needs a conversation | Assume ease means compatibility,love | money | growth,love-patterns | core-traits | personal-growth,pleasure | abundance | generosity | charm | values,3,venus,trine,jupiter,true,data/insights/natal-aspects/venus-trine-jupiter.json
venus-trine-mars,DRAFT,,,Magnetic Through Driven,Love and values flow with drive and anger. This fluid pattern asks you to use relational grace and courage with awareness.,"Love and values flow with drive and anger. This fluid pattern asks you to use relational grace and courage with awareness. Popularity and energy that flows easily into creative or romantic pursuits. The pattern can flow easily, which is useful when it is conscious and easy to take for granted when it is not. In practice, this can show up through love and values, drive and anger, and the choices you make when approval seeking or reactivity starts running the room.","The gift is relational grace, courage, and a more conscious way to work with love and values and drive and anger.","The shadow is approval seeking, reactivity, and repeating the same pattern without noticing what it is trying to teach.",Let love and values and drive and anger cooperate without making either one carry the whole story. Charm plus initiative; manage the push-pull between attraction and aggression.,Name how love and values and drive and anger are both involved | Use the easy opening deliberately | Turn relational grace and courage into one concrete choice,Let approval seeking make the decision | Take the talent for granted | Ignore the needs of love and values or drive and anger,love | money | creativity,love-patterns | career-patterns | personal-growth,venus | mars | trine | relational-grace | courage,3,venus,trine,mars,true,data/insights/natal-aspects/venus-trine-mars.json
venus-trine-neptune,DRAFT,,,Romantic Or Idealizing,"Beauty, tenderness, fantasy, and devotion can open easily for you. The heart wants something enchanted.","Venus trine Neptune describes a receptive, imaginative love nature. You may be moved by art, music, spiritual connection, compassion, and relationships that feel softened by meaning. This can make you deeply romantic and creatively inspired, but it can also blur discernment when you want someone to match the dream. The gift is grace and sensitivity. The growth is letting beauty stay connected to truth, reciprocity, and the ordinary behaviors that make love trustworthy.","Romance, compassion, creative taste, devotion, and the ability to sense beauty in subtle places.","Idealization, blurred standards, rescuing, and falling for potential instead of presence.","Let enchantment be welcome, then ask what is actually happening. Real love can hold beauty and clarity at the same time.",Notice whether care is mutual | Make art from longing | Let fantasy inspire without replacing reality,Ignore inconsistency because the feeling is beautiful | Turn compassion into rescue | Mistake mystery for intimacy,love | creativity | spirituality,love-patterns | relationship-bonds | personal-growth,romance | beauty | idealization | compassion | art,3,venus,trine,neptune,true,data/insights/natal-aspects/venus-trine-neptune.json
venus-trine-pluto,DRAFT,,,Magnetic Through Intense,Love and values flow with power and transformation. This fluid pattern asks you to use relational grace and depth with awareness.,"Love and values flow with power and transformation. This fluid pattern asks you to use relational grace and depth with awareness. Depth and devotion in love, used deliberately. The pattern can flow easily, which is useful when it is conscious and easy to take for granted when it is not. In practice, this can show up through love and values, power and transformation, and the choices you make when approval seeking or control starts running the room.","The gift is relational grace, depth, and a more conscious way to work with love and values and power and transformation.","The shadow is approval seeking, control, and repeating the same pattern without noticing what it is trying to teach.",Let love and values and power and transformation cooperate without making either one carry the whole story. Magnetic and persuasive; the intensity has to be moderated.,Name how love and values and power and transformation are both involved | Use the easy opening deliberately | Turn relational grace and depth into one concrete choice,Let approval seeking make the decision | Take the talent for granted | Ignore the needs of love and values or power and transformation,love | money | creativity,love-patterns | shadow-work | personal-growth,venus | pluto | trine | relational-grace | depth,3,venus,trine,pluto,true,data/insights/natal-aspects/venus-trine-pluto.json
venus-trine-saturn,DRAFT,,,Magnetic Through Steady,Love and values flow with discipline and limits. This fluid pattern asks you to use relational grace and maturity with awareness.,"Love and values flow with discipline and limits. This fluid pattern asks you to use relational grace and maturity with awareness. Committed, steady, and loyal in relationships and finances. The pattern can flow easily, which is useful when it is conscious and easy to take for granted when it is not. In practice, this can show up through love and values, discipline and limits, and the choices you make when approval seeking or fear starts running the room.","The gift is relational grace, maturity, and a more conscious way to work with love and values and discipline and limits.","The shadow is approval seeking, fear, and repeating the same pattern without noticing what it is trying to teach.",Let love and values and discipline and limits cooperate without making either one carry the whole story. Loyal and hardworking; the risk is joyless striving and a belief that reward must be suffered for.,Name how love and values and discipline and limits are both involved | Use the easy opening deliberately | Turn relational grace and maturity into one concrete choice,Let approval seeking make the decision | Take the talent for granted | Ignore the needs of love and values or discipline and limits,love | money | creativity,love-patterns | career-patterns | personal-growth,venus | saturn | trine | relational-grace | maturity,3,venus,trine,saturn,true,data/insights/natal-aspects/venus-trine-saturn.json
venus-trine-uranus,DRAFT,,,Magnetic Through Original,Love and values flow with freedom and disruption. This fluid pattern asks you to use relational grace and originality with awareness.,"Love and values flow with freedom and disruption. This fluid pattern asks you to use relational grace and originality with awareness. Exciting, unconventional bonds and an original aesthetic; freedom inside closeness. The pattern can flow easily, which is useful when it is conscious and easy to take for granted when it is not. In practice, this can show up through love and values, freedom and disruption, and the choices you make when approval seeking or instability starts running the room.","The gift is relational grace, originality, and a more conscious way to work with love and values and freedom and disruption.","The shadow is approval seeking, instability, and repeating the same pattern without noticing what it is trying to teach.","Let love and values and freedom and disruption cooperate without making either one carry the whole story. Good for fresh, original creative and social moves; unreliable for steady commitments.",Name how love and values and freedom and disruption are both involved | Use the easy opening deliberately | Turn relational grace and originality into one concrete choice,Let approval seeking make the decision | Take the talent for granted | Ignore the needs of love and values or freedom and disruption,love | money | creativity,love-patterns | personal-growth,venus | uranus | trine | relational-grace | originality,3,venus,trine,uranus,true,data/insights/natal-aspects/venus-trine-uranus.json
